protocol,shot,rep,PLS,MAE_ridge,ANIL_s0,ANIL_s1,ANIL_s2,PI_s0,PI_s1,PI_s2,ANIL_mean,PI_mean
A_vial,3,0,-65.30691129831084,-18.369849546481465,-5.793911715441616,-6.813868835422138,-3.7683474117034814,-30.49904252825723,-2.5611915040380597,-38.04527539874342,-5.458709320855745,-23.701836477012904
A_vial,3,1,-0.112215769013007,-0.31936806194200984,-0.09819701477661646,0.3531620085361732,-0.6464519018836212,0.19605239508569772,0.414294169214963,-0.46077200768638904,-0.13049563604135483,0.04985818553809055
A_vial,3,2,-4.420287570362788,-0.1013600040923166,-4.718594668104531,-2.8142029797810317,-3.1788925916583706,-3.5846288010253504,-4.915700959030906,-5.238573502870996,-3.5705634131813113,-4.579634420975751
A_vial,3,3,-2.699194040211797,-0.05090842972894416,-1.1841042670740762,0.14544120006773875,-1.0743888296097452,-0.21800623302200473,-0.2284488952182373,0.019449707940972227,-0.7043506322053609,-0.1423351400997566
A_vial,3,4,-132.4683152793218,-11.54781373593606,-5.484098412780036,-7.905292215056399,-4.297796657493246,-6.0042356852328185,-6.2777776194113075,-10.525798875136367,-5.895729095109893,-7.60260405992683
A_vial,3,5,-2.3027853519521932,0.005535600416080255,0.2990383508349024,0.11511724291800374,-0.2739380721402018,0.04140913500872523,-0.03515301146868932,0.18948184843282467,0.04673917387090143,0.0652459906576202
A_vial,3,6,-2.93710978398161,-2.0586722530921326,0.23495120219435084,0.1394928831494937,-0.933382740145841,0.15715034220342727,-0.7850709949251016,0.1393146187173262,-0.1863128849339988,-0.16286867800144936
A_vial,3,7,-3.101086057343652,-0.12388149287011041,0.01139929680525087,0.23861589860449162,-1.4966483066511458,0.20961622727529894,0.36772112357894715,-0.6897262958860226,-0.4155443704138011,-0.037462981677258846
A_vial,3,8,-17.441475302635595,-6.6136514715431804,-5.728757772104529,-5.0827943593336355,-4.6687788610786685,-4.048489098828858,-4.797067696641014,-6.533054740156368,-5.160110330838944,-5.126203845208747
A_vial,3,9,-62.9792628229576,-448.8869196872479,-86.31183384224427,-25.726750033071447,-1.9111723044804756,-21.662765326821194,-1.9596595747995171,-27.542460843254027,-37.98325205993206,-17.054961914958245
A_vial,3,10,-2.030457105560429,0.2557334643506681,0.3985314759121511,0.367367242613143,0.38415466183430724,0.5230583307219605,0.19580410327811348,0.3610341735210807,0.38335112678653377,0.3599655358403849
A_vial,3,11,-2.2437871170658577,0.5505837907229902,0.1838490501436727,0.5883273888761049,0.5113304060748889,0.2641396990311973,0.4218656557953995,0.5325426732511852,0.4278356150315555,0.40618267602592734
A_vial,3,12,-16.66505625218142,-0.37435355529609304,-0.7555609868502606,-0.7833569876787336,-1.1501488608844577,-2.6508214265706167,-0.14115330988831087,-0.17430790029925958,-0.8963556118044839,-0.9887608789193957
A_vial,3,13,-0.006078361983113512,-0.007314649380931515,-0.32631800592509985,-0.5490137141109255,-0.5789977763536718,-0.2849728887790568,-0.29768711752198085,-0.27322614861789085,-0.4847764987965657,-0.2852953849729762
A_vial,3,14,-10.180882029596132,-5.4617054092320645,-6.224117310881937,-2.733422106479842,-0.8338659055950635,-1.1745752442099406,-0.9944579128990714,-6.014424730593525,-3.2638017743189476,-2.727819295900846
A_vial,3,15,0.49170020970592554,0.44361374156329236,0.12060444652638425,0.41480551344590133,-0.025446955208629385,0.2844063497049537,-0.18480366557815397,0.5632550382604233,0.16998766825455205,0.22095257412907435
A_vial,3,16,-37.28636818015094,-3.3266030832537403,-0.2107866421150255,-11.736490804880884,-9.593499731762138,-2.7585552776241213,-11.245138107957859,-9.058474003190273,-7.1802590595860165,-7.687389129590751
A_vial,3,17,0.0631077305597657,0.00299830710516491,-4.489207168756952,-2.9889739126034773,-5.400611701249776,-0.8918988339693785,-2.0854679648970946,-1.399592350540492,-4.292930927536735,-1.458986383135655
A_vial,3,18,-4.732670148504125,0.31679883344945425,-0.1671446669045209,-0.01575965965128434,-0.9844709521521138,0.1260058172703412,0.2797817392696499,0.4943972145182335,-0.3891250929026397,0.30006159035274155
A_vial,3,19,-0.9538137220386276,-0.9711928534173251,0.32802671815885787,0.44484472445436607,0.020287764376013318,0.3251181345189029,-0.1731982493653461,0.29171728314901657,0.26438640232974575,0.1478790561008578
A_vial,3,20,0.0721268968721056,0.19629563525109617,0.23089909863565738,0.25406850761729216,0.28597331958879013,0.30056042531019234,0.3424165969316211,0.16703038703361128,0.25698030861391324,0.2700024697584749
A_vial,3,21,-2.9167967988440693,-3.570051912544299,-3.836078515102333,-2.332945943181366,-0.6655533431881273,-1.8770138400545555,-2.0225202278093044,-3.248784054322102,-2.278192600490609,-2.3827727073953207
A_vial,3,22,-43.01914071953203,-88.72418112711246,-125.80253058101711,-62.272185450718986,-16.843541107048406,-24.41748737242017,-21.542110340407852,-21.81653791552794,-68.30608571292817,-22.592045209451985
A_vial,3,23,-1.9724969618454105,0.5024160581476724,0.25683459788689633,0.5564398189060868,-0.6721838481900708,-0.001268612481754694,-0.4624641352242167,0.7046276562102394,0.04703018953430412,0.08029830283475599
A_vial,3,24,-2.6660061654452787,0.011629151156108186,-2.9416440753837523,-1.5415062474308345,-2.243865432642629,-3.632745111883273,-1.4416800747265621,-2.9550407936481977,-2.2423385851524054,-2.676488660086011
A_vial,3,25,-44.90855632344904,-5.543371386392141,-1.2585372307006724,-6.140481535621129,-6.917141905859197,-3.8480386722286903,-4.340304982677239,-7.2840581249662755,-4.772053557393666,-5.157467259957401
A_vial,3,26,-38.363537428691515,-9.917302841143304,-15.85819024902425,-4.1103829770637885,-5.10097428864944,-11.690589078647125,-4.863405894546767,-9.650684659568537,-8.356515838245826,-8.73489321092081
A_vial,3,27,-0.027070881867499397,0.49442313432096396,0.42425566688796823,0.47158889175128393,0.38905549329987255,0.5391004950330304,0.41503124626210786,0.4467391318564313,0.42830001731304157,0.46695695771718987
A_vial,3,28,-5.172057765808213,-0.14043955584232015,-2.3357295489220347,0.4965463818898316,-0.56152524843655,-1.2210861008766876,-0.05023395993281632,0.41740817941782593,-0.8002361384895843,-0.28463729379722597
A_vial,3,29,-3.54101832653075,0.035198106462441925,-2.0244088590911056,0.45055016332976094,-1.0078682543534687,-1.1236418375890436,-0.14960050344111409,0.3714358040066682,-0.8605756500382711,-0.3006021790078298
A_vial,3,30,-12.09607907882092,-3.846554465546072,-2.2646844297238458,-1.4310278909735188,-0.9234025640076535,-1.2320219926480513,-1.2408963151350978,-3.0681980009050447,-1.5397049615683394,-1.8470387695627313
A_vial,3,31,-21.79886149291718,0.023571803304371364,-1.7236788828847591,0.3669237968040737,0.2015426485651428,-0.2710286246347091,0.5962578357378037,-1.2179374928626951,-0.3850708125051809,-0.2975694272532002
A_vial,3,32,-7.667360972150179,-0.33105256566015173,0.6985059252901815,0.5242715323866072,-1.0479656996055788,0.10301083141299194,0.10493008947298199,0.5811976953112971,0.058270586023736616,0.26304620539909035
A_vial,3,33,-30.721219265033344,-0.0983484667441219,-1.879391938736871,-1.7320259091152113,-0.3088446912178795,-0.7815456854499765,-1.53674941506531,-0.4073489476635115,-1.3067541796899873,-0.9085480160595995
A_vial,3,34,-48.42590964993277,-9.120618540914585,-13.58078935042002,-3.6392510940472658,-3.0443867764376913,-21.510226786579906,-3.6380299072090514,-18.336256824066595,-6.754809073634992,-14.494837839285184
A_vial,3,35,-0.28252535412906266,-0.44274974307719916,0.23454744629434054,0.30990742628016665,0.223012433973798,0.25809600503972574,0.1330597368271419,0.20237208026865228,0.25582243551610173,0.19784260737850665
A_vial,3,36,-2.722231990452275,-0.9810409820851731,-0.8686622694099897,-0.017475373593886845,-0.14526604594281678,-1.0344491198110877,0.14968345520153803,-0.14486993748720645,-0.34380122964889775,-0.34321186736558534
A_vial,3,37,-2.626607185353426,-0.06963010001110614,0.4295457613406245,0.5190953153410156,0.4561652599044661,0.159693496263148,0.5004857788747981,0.26493871764736576,0.46826877886203544,0.3083726642617706
A_vial,3,38,-0.11151345090925524,-0.2662924388546797,-0.3986180566957238,-0.36622219768475683,-0.6547632911939674,-0.2858047958919965,-0.36460421663339226,-0.37079561201863687,-0.47320118185814936,-0.3404015415146752
A_vial,3,39,0.08707899596247526,0.17891367639054512,0.14909458304820566,0.11769949552270154,0.14402005619690494,0.17181595745597855,0.19005307618053835,0.09913169323584758,0.13693804492260406,0.15366690895745483
A_vial,3,40,-0.27996634078945326,-0.44001088498799135,-0.005331190802625452,0.07940074616032933,-1.4667965027839296,0.34903549520090216,0.04748677135461998,0.5228135993204466,-0.46424231580874187,0.3064452886253229
A_vial,3,41,-126.88827472529539,-39.66240601208122,-6.513916274707996,-12.030216932458101,-5.533996565061587,-6.318644157806224,-8.873009389692239,-11.772817447270038,-8.026043257409228,-8.988156998256168
A_vial,3,42,-2.02054061356643,-0.11595998974300392,-3.3181922294036585,-0.9053287359713051,-0.7788250972721957,-5.528705923598269,-1.9856615819085395,-0.7554638388870514,-1.6674486875490533,-2.756610448131287
A_vial,3,43,-87.95645734709741,-6.132350649077371,-6.229518140778653,-5.41281798739435,-3.861904347857493,-12.970779690952773,-3.0966617618837713,-19.710578746305515,-5.168080158676832,-11.926006733047354
A_vial,3,44,-68.40309650555378,-12.37912634366864,-5.1524132991926015,-9.41406051139044,-6.422427323276328,-11.077958732886714,-6.752027406784458,-19.75282398768192,-6.996300377953123,-12.527603375784365
A_vial,3,45,-8.310850951080914,0.42116560804581193,-0.02896951041292417,-0.12224851383624724,-1.1703687733138053,-0.6346404678216067,-1.8644268182241652,-0.3124364880931245,-0.44052893252099223,-0.9371679247129655
A_vial,3,46,-68.65274206012357,-60.855721537519095,-110.44086635206767,-0.845601214375993,-13.150169918702865,-23.66820817460846,-2.6315188752009075,-25.76058848006731,-41.478879161715504,-17.35343850995889
A_vial,3,47,-8.446304620320214,0.001708801674177307,-0.8614363543719521,-0.09303259609237013,0.23562931097408635,-0.2143941603680557,0.4623423665887647,-0.06958456562439896,-0.23961321316341197,0.059454546865436685
A_vial,3,48,-10.229502584058379,-5.4348541184754104,-9.481243541937937,-4.662037611536763,-10.960337894994051,0.09984223029372363,-1.5998536880803207,-4.058144609086552,-8.367873016156251,-1.8527186889577163
A_vial,3,49,-195.16285364955863,-2.9721372651471345,-102.08339733530337,-4.66034291664329,-8.96960516045274,-37.642288925744545,-1.1835831935380239,-42.78749634642148,-38.57111513746647,-27.20445615523468
A_vial,3,50,-0.6411538861103612,0.6784219798568216,0.7142349398607943,0.5221116580374943,-0.039680259153842545,0.7213743422104621,0.35901057553587323,0.7130655301745412,0.398888779581482,0.5978168159736256
A_vial,3,51,0.011076488941497598,-0.7950822548045051,-0.10700817788916273,-0.2534865079182609,-0.8354127700022203,0.06224760849057209,0.06539686968689351,0.25413613501201215,-0.3986358186032146,0.12726020439649258
A_vial,3,52,-49.34411666187204,-7.211236261706933,-3.278787090992868,-4.105609453773505,-2.3765260572823745,-17.850021309421138,-2.579267853977709,-28.141683990422333,-3.2536408673495827,-16.19032438460706
A_vial,3,53,-6.249122522568799,0.3491319399424462,-0.09001802828972405,0.47541213815618644,0.3487662138389951,0.3997955217693031,-0.06081772631271365,0.6340746809603,0.24472010790181917,0.3243508254722965
A_vial,3,54,-0.042812918070832984,-0.1740694747221494,0.3793069609307599,-0.21551639346808638,-0.31359976342866847,-0.21200150320278977,-0.33502680920063144,0.21166218175340157,-0.04993639865533165,-0.1117887102166732
A_vial,3,55,-1.6597339314582862,0.335777500285546,0.2385758038693968,-0.6573665423181936,-0.340067556790169,0.28082576962561534,-0.4132003284435737,0.47776033873443213,-0.25295276507965525,0.11512859330549126
A_vial,3,56,-57.60553574964629,-6.140072969798323,-73.23864120309022,-0.005678620378741339,-15.053887070647917,-13.488783620543417,-1.4284044584652693,-14.677259581933583,-29.432735631372296,-9.864815886980757
A_vial,3,57,-1.719855250410097,-1.5706087176805323,-2.575145897730193,-0.6279297495509204,-9.35483824111075,-1.020386217960994,-1.6680339804198168,-0.1481248380426503,-4.185971296130621,-0.9455150121411536
A_vial,3,58,-11.180404793479612,-5.250513573442024,-5.201298414525164,-2.151492493430155,-2.3262363598166607,-0.7117831768212441,-1.8467854581919538,-4.768085379329418,-3.2263424225906596,-2.4422180047808717
A_vial,3,59,-9.104206129773962,0.5065269308512208,-0.06386742256692957,-0.15717261147901174,-1.1494216323034263,0.3967993581131969,-0.34875491942665127,0.5807328261475303,-0.4568205554497892,0.20959242161135863
A_vial,3,60,-2.0458246907322053,-1.067824680368334,-1.412469149969941,0.3701703650251513,-0.49060623203952325,-1.198369035759252,-0.48406285696814844,-0.4717549023559917,-0.510968338994771,-0.7180622650277974
A_vial,3,61,-0.33484221821780635,-0.4426976531361686,-0.018476983949981873,0.2643879997089994,0.12883377298363285,0.14424129859742363,0.23167458029176846,0.13648137946675543,0.12491492958088346,0.17079908611864916
A_vial,3,62,-9.67930385259489,-0.9204919834964465,0.002607933461765244,0.22742694635855643,-0.6497293335998389,-0.24542772914794253,0.20695112538338467,-0.31484087111428893,-0.13989815125983907,-0.11777249162628227
A_vial,3,63,-49.76290071606269,-8.527560874046204,-5.641827624904222,-4.211283794282261,-2.387000734306603,-20.003933249026694,-3.5082967354768995,-25.371089334653036,-4.080037384497696,-16.294439773052208
A_vial,3,64,-40.506563572263886,-3.494130674366982,-23.18781957460295,-5.652818899359394,-3.186556823657373,-15.82403192500739,-5.265513419604216,-9.24118661948774,-10.675731765873238,-10.110243988033114
A_vial,3,65,-50.32130788138277,-6.658150290802198,-5.135238287470415,-3.2906000205205235,-2.205552371115955,-8.470148575839916,-1.687882422100985,-12.44898027934026,-3.543796893035631,-7.535670425760387
A_vial,3,66,-0.5326385527085129,-0.348315111591063,-1.0351719740425604,-0.44520498944076037,-0.8502984449799245,-0.26363630175767017,-0.546128009698118,-0.6277154593429586,-0.7768918028210817,-0.47915992359958226
A_vial,3,67,-0.0477096145491791,0.48661824663108766,0.4197359921802727,0.46974607910352995,0.34041020230305385,0.5163282702226304,0.2764798350777937,0.41755926999409354,0.40996409119561883,0.4034557917648392
A_vial,3,68,0.3744893327999447,0.01470960893801132,0.16265985067225952,-0.5959816521173422,-1.323726506538594,-0.22674544275613107,-0.8376283646529654,0.3159436524880178,-0.5856827693278922,-0.24947671830702622
A_vial,3,69,-1.4195102691287538,-1.01334843581623,-0.5536279781418785,0.5127725451096049,0.38571090349098625,-2.005113156323152,0.34844615039439153,-0.3390010357654816,0.11495182348623756,-0.6652226805647473
A_vial,3,70,0.378448643282451,-0.2449486070406901,-0.31485152733777766,0.02730453196146332,-2.1826391093318227,-0.31609524114329646,-0.9530101882718389,0.3423542370306363,-0.8233953682360458,-0.3089170641281664
A_vial,3,71,0.030073120285025068,-0.02461418114609848,-0.3092070823186932,-0.31140071725466734,-0.33785180249867364,-0.3434909338844987,-0.2558746304940238,-0.3610050547191792,-0.3194865340240114,-0.3201235396992339
A_vial,3,72,-5.753832340948338,0.5958388415200648,0.2709452454803142,0.5285927743447659,0.215849120671464,-0.5065529205071915,0.489394302786357,0.5357413554498429,0.3384623801655147,0.17286091257633615
A_vial,3,73,-6.729447139283702,-0.08285648611983931,-0.7958440519048575,-0.21522262475018494,-1.1894106272866392,-0.5004458220020176,-0.5481818072044335,-0.029487177853154023,-0.7334924346472272,-0.3593716023532017
A_vial,3,74,-2.3069898256739676,0.0013776624394152837,-0.8147633630225748,0.27194181681839913,0.5777391586493607,-0.46911909047797096,0.2557796387776369,0.3781305350351438,0.011639204148394996,0.054930361111603244
A_vial,3,75,-49.09054519097675,-7.508953487462755,-20.44348782611912,-4.236091347759864,-4.931532953855507,-22.839628769250535,-5.681994543907935,-17.76922989317751,-9.870370709244831,-15.430284402111994
A_vial,3,76,-0.4079890458635804,-0.011068849853806073,-0.0665703999213536,-0.7670829924430029,-1.5541802045679352,-2.332792921585218,-0.855497504586584,-1.1451634618584206,-0.7959445323107639,-1.4444846293434075
A_vial,3,77,-155.60997890502935,-73.89334443399476,-7.7914338152319065,-37.272270431282735,-20.96230504903721,-11.310721286314259,-24.745413338264758,-18.526885416040976,-22.00866976518395,-18.194340013539996
A_vial,3,78,-6.556837900765528,-2.417989091773058,-0.9746612363107088,-0.8538576571669965,-0.9615550181615855,-1.2268973180247889,-1.7180417428738326,-0.9594014899198755,-0.9300246372130969,-1.3014468502728322
A_vial,3,79,-2.4115117357053855,-9.429180187531577,-4.288404668992106,-1.8517654213611694,-0.5275436547314307,-0.8990037545482594,-0.5049347082180136,-4.460078551061455,-2.2225712483615685,-1.9546723379425763
A_vial,3,80,-2.5124038119106826,0.4426085146336106,-0.7319440102994417,0.2876410061703456,-1.3415341214622507,0.11983995362244493,0.3936378695702436,0.6042538337251571,-0.5952790418637822,0.37257721897261514
A_vial,3,81,0.524196195524129,0.5356259650254582,0.4076350057269451,0.45367167649306916,0.6553933961252378,0.7264764662645271,0.5582288982866137,0.552524830742799,0.5055666927817507,0.6124100650979799
A_vial,3,82,-0.009456567016463469,0.36200167436314945,0.2199676943983252,0.23897465794986883,0.1935800956706013,0.2538745876218047,0.1840805111765127,0.17566999043389453,0.21750748267293177,0.2045416964107373
A_vial,3,83,-393.3191576817753,-12.637997503422955,-105.39660869649317,-14.534620124855127,-18.242115733775826,-42.279534767737545,-2.5284717424470857,-49.30533915695111,-46.0577815183747,-31.37111522237858
A_vial,3,84,-8.567489719446504,-15.499855603002683,-68.84603948442813,-57.289688292448645,-24.034043801791537,-7.458943190079678,-15.179731950334688,-2.3606485524075738,-50.05659052622277,-8.333107897607313
A_vial,3,85,-0.0773073794009349,0.411739079815603,0.2383900200060537,0.24725476126085832,0.18157965618321015,0.2669178026828095,0.19451957371584117,0.21062371008623948,0.2224081458167074,0.22402036216163004
A_vial,3,86,-71.87860022443856,-14.070560625610787,-5.427527800502527,-10.9723258984883,-5.223943026255754,-9.418347037112193,-6.090756258619042,-14.752349176794821,-7.2079322417488605,-10.087150824175351
A_vial,3,87,-4.2320527103333045,-0.5909181943349762,0.41879184164922,0.1175193885694582,-0.40131895667842343,-0.8061730784158423,0.16488506908792178,-0.7720833580923205,0.04499742451341826,-0.47112378914008035
A_vial,3,88,-44.56518926429313,-79.88744295053368,-119.91873111055104,-54.2778071246284,-13.18014044502828,-23.325553814103777,-16.72323931491465,-23.570254832455408,-62.45889289340258,-21.20634932049128
A_vial,3,89,0.08180144779531351,-0.12423876690557578,0.5253550719656229,0.6171001554881196,0.5750791300399072,0.5806024672711485,0.5231723413539553,0.5113221205093604,0.5725114524978833,0.5383656430448215
A_vial,3,90,-23.693360486027427,0.007620684144269418,-24.8415079582035,-17.00779941489644,-13.977620580867688,-20.053521519061775,-36.561914029342645,-10.772187414057735,-18.608975984655874,-22.462540987487387
A_vial,3,91,-13.349411632137144,-4.924904643888987,-6.677991451633883,-4.842916064626279,-7.193708968719633,-0.24066152144353214,-0.8599345699802527,-7.433860787627573,-6.238205494993266,-2.8448189596837863
A_vial,3,92,-2.794559247408257,-0.08212169095797073,-1.0782006638554447,-1.1547911952977792,-1.7149983682529357,-1.7189703738432072,-1.4997135735714098,-1.3497503859814048,-1.3159967424687198,-1.5228114444653407
A_vial,3,93,-4.324202940055115,-0.35788634768314553,-0.7060899758764638,-1.0934573783217156,-0.059045338691213756,-0.014895088378368948,0.18238550604509118,0.2667442779199809,-0.6195308976297977,0.14474489852890104
A_vial,3,94,-3.1803349991374734,0.48907949478875146,0.5541857580263154,0.44422759448865556,0.31215623848670293,-0.24348018837055818,0.3705351796827778,0.23893881465258837,0.4368565303338913,0.12199793532160268
A_vial,3,95,-1.307436459644653,-4.114055330006314,-4.465294317161064,-1.46820707727864,-0.29985783556840695,-0.38128818691596056,-0.708906306646029,-3.857270744318744,-2.0777864100027035,-1.649155079293578
A_vial,3,96,-43.215201844098395,-86.61133648449274,-125.64894459110153,-61.43807148090364,-16.521566654564477,-24.3292278753596,-21.150892474010973,-22.277454777460914,-67.86952757552321,-22.585858375610496
A_vial,3,97,-3.122122430885722,0.027788524689364547,-10.607014730481428,-3.107174530992542,-3.6162318770128605,-5.5550107304336285,-2.6399071520244113,-3.1212569240060795,-5.7768070461622765,-3.772058268821373
A_vial,3,98,-2.677945774014323,-0.03272246504130072,0.22701685922605208,0.32437454245400443,0.3473655397244324,0.40438386760220313,0.4535833339607722,0.4385680090453752,0.29958564713482966,0.43217840353611686
A_vial,3,99,-3.279575378191649,-1.0723892932624373,0.1057150821487498,0.4355641437029699,-2.1290880316389846,0.540816656285767,-0.4184587448897552,0.5515182844182029,-0.5292696019290882,0.22462539860473826
A_vial,5,0,-5.76532134243005,-1.567328439895257,-1.3629574145125019,0.09558218520296335,0.20029743406093858,-0.47229227258288,0.016360331354614788,0.40852147637236325,-0.3556925984161999,-0.01580348828530065
A_vial,5,1,-10.652216217730139,-15.178061090365329,-14.977291874871867,-8.082917918014772,0.03574697288985296,-2.615333284205664,-17.76098135169645,-7.38715187800654,-7.674820939998928,-9.254488837969552
A_vial,5,2,-4.134819278356702,-0.8074412554383834,-1.297877598598232,-0.056908993745542036,-0.5351192032353138,-1.2416284739806493,0.2257989949566862,-0.07902012021430616,-0.6299685985263627,-0.36494986641275645
A_vial,5,3,-2.6976540310285224,-0.5908376017876389,-1.4568288608586388,-0.4554813909725164,-0.6255560117471475,-0.5503737863582874,-1.1853204434014897,-0.37965056365784533,-0.8459554211927675,-0.7051149311392075
A_vial,5,4,-2.4139537291303337,0.45469203974009553,0.44583583088176615,0.3956726485436882,0.3923362002105264,0.4198356663074132,0.4671771395285996,0.471888631743023,0.4112815598786603,0.4529671458596786
A_vial,5,5,-0.46732637546243483,0.5509118528200041,0.5669053286790255,0.5913794140429451,0.4757520655314518,0.5231582646303193,0.5526320301191334,0.5589253453093825,0.5446789360844742,0.5449052133529452
A_vial,5,6,-0.1626357179858937,-1.717266938295487,-4.444701703481398,-2.1702623281899442,-2.621601839417975,-1.954836478290543,-4.167945623292366,-3.999526906023526,-3.0788552903631055,-3.374103002535478
A_vial,5,7,-2.752458663441813,-19.898774334606394,0.44376193394319796,0.39031765478661007,-0.09264293425557524,0.3607869873042615,0.24728748158895097,0.5193458198727663,0.24714555149141093,0.37580676292199294
A_vial,5,8,0.2770930605812726,0.1908199153430944,-0.2014346793874795,-0.6822473508211433,0.4432587975649609,-1.2719643692546048,-1.6935977470227246,-0.008898779003668311,-0.14680774421455398,-0.9914869650936659
A_vial,5,9,0.09393155430540057,0.026189713691414318,0.24672599762360958,-0.13244456406559713,0.456171433518051,0.4935868999305896,0.4067835573953157,0.30438571305136475,0.19015095569202115,0.40158539012575667
A_vial,5,10,-8.961379522065064,-9.914823289749332,-9.934947899412744,-4.860808272605942,0.044856195074633454,-1.1574523252257287,-10.54592449504581,-5.048312803031824,-4.916966658981351,-5.583896541101121
A_vial,5,11,-32.662187120249875,-84.31666066478772,-2.1975671292102783,-8.230290221741276,-14.229357397979001,-7.166169358097838,-8.137172021920502,-13.771938182282748,-8.219071582976852,-9.691759854100363
A_vial,5,12,-0.14159356409499924,-0.08053852457495347,-1.5195765540658224,-0.08120009971914377,-1.2184699395123824,-0.007739284088222664,-1.2377907171581821,-1.4478230798057905,-0.9397488644324495,-0.8977843603507317
A_vial,5,13,-0.17863176244286594,0.039246848542422774,0.4141026988949822,0.32429443404926817,-0.35826188138406345,0.46349652705781286,-0.25004826916635214,0.43333147178528153,0.1267117505200623,0.21559324322558074
A_vial,5,14,-0.5521474929269323,0.3964325861111244,0.12409416324665301,0.44904752594558817,0.576892727293195,0.3795218229223676,0.4845580195943958,0.5430534851096225,0.3833448054951454,0.4690444425421287
A_vial,5,15,-51.897751333053236,-42.88572912715667,-80.10041508290885,-0.012592684034859358,0.5092554447080779,-52.40914204050264,-14.404492106599042,-16.247273052562853,-26.534584107411877,-27.68696906655485
A_vial,5,16,-1.8190554678471966,0.02004019350479913,-4.3877985379896876,-0.11072185701773707,0.046975282190334644,0.2460101571190636,-0.1806585735252899,-1.972603587552924,-1.48384837093903,-0.6357506679863835
A_vial,5,17,-1.6056606377326506,-1.1031611131898034,-0.7497635519545207,-0.049000143275398145,-1.2115102382627958,-0.5254737931504059,-1.6964373262481383,0.4344842877285796,-0.6700913111642383,-0.5958089438899882
A_vial,5,18,-5.95099564687726,-29.549620152772572,-5.3020181435796205,-30.414913721633866,-26.699273545890925,-6.447803702629259,-35.96855754664526,-7.359381593041078,-20.80540180370147,-16.591914280771864
A_vial,5,19,-5.408056420499105,-3.7196936026201763,-8.28266954488151,-2.2206084119652143,-2.129731746537536,-1.0040846922512436,-3.085461920825848,-4.184043297836823,-4.21100323446142,-2.7578633036379716
A_vial,5,20,0.8924669662531958,0.48580149491692026,0.47097761095884927,0.20113307759600307,0.2298692943620756,0.7076671296320771,0.4078107449469597,0.5393269313382791,0.30065999430564266,0.5516016019724387
A_vial,5,21,-1.290431881666386,0.17479903105278738,-0.15812831301767494,0.27178620298601197,-0.7927603603245013,0.0672154622942055,-0.4329609908366414,0.3063549833181157,-0.2263674901187214,-0.01979684840810673
A_vial,5,22,-83.40711959634444,-7.325337225889976,-6.609446675115879,-5.694571135830339,-4.013268123153726,-30.698818769929368,-2.6323055442216736,-40.264499876225706,-5.439095311366647,-24.531874730125583
A_vial,5,23,-3.184214246392526,-0.5322539685439567,-0.3158370666715047,-2.112619533552944,-0.02128645427644349,-0.5505946252292533,-7.804316483384035,-1.5567520767772778,-0.816581018166964,-3.303887728463522
A_vial,5,24,-90.54434496074857,-42.90948792136882,-6.25051286024452,-6.749476118019055,-6.619002212938006,-1.7002723173895475,-4.7108503753925,-5.704547545241271,-6.539663730400527,-4.038556746007773
A_vial,5,25,-3.1805486661025375,0.22154948877639724,-0.24639933704412464,0.026371196729169988,-0.0710972172973976,-0.5868741445344849,-0.5831616799701984,-0.17105482263283256,-0.09704178587078409,-0.4470302157125053
A_vial,5,26,0.358816296837698,-1.5691099168188583,0.4367422741613496,0.4669754997285489,-1.589082598771561,0.16498849207764688,-0.14201434431508453,0.7257007119205059,-0.22845494162722088,0.24955828656102275
A_vial,5,27,-7.788301843016118,-6.309139679590019,-5.226201288783098,-2.9217480957056896,-0.7035044539461153,-0.19314037701388198,-2.0671601005885902,-5.073837474953211,-2.950484612811634,-2.4447126508518946
A_vial,5,28,-9.692247539344578,-11.60982740228234,-7.400101655840356,-18.347803255716013,-5.637723824313768,-2.2003141348753212,-18.822169778285417,-8.229569160311804,-10.461876245290044,-9.75068435782418
A_vial,5,29,-0.915376559231901,-0.1676772963258577,0.055432574038147164,0.24426137085853805,-1.0006249044277058,0.14932167646291084,0.11271720770502558,0.525867731056455,-0.23364365317700686,0.2626355384081305
A_vial,5,30,-80.22540734259083,-9.81100324322131,-12.15768454611479,-1.5873134402789244,-2.998913626695618,-47.97297384705794,-7.658088112565309,-27.695231460381727,-5.581303871029777,-27.77543114000166
A_vial,5,31,-0.8228072149540544,0.4574760042852908,0.3645854506609737,0.4341843838170457,0.2746514677993984,0.33797400639480724,-0.27884705589065817,0.43838739315467123,0.3578071007591393,0.1658381145529401
A_vial,5,32,-6.229168436549586,-2.505994708274946,-1.189147557020969,-0.4977958632319499,-0.26329290897302204,-0.04314944144784305,-0.36003706815435543,-2.04907882989606,-0.650078776408647,-0.8174217798327529
A_vial,5,33,0.44630642449741276,0.5318679681939906,0.4676876928697967,0.5164547927468501,0.4491767196461498,0.6811015474824144,0.4456016500752322,0.6143245653526512,0.4777730684209322,0.5803425876367659
A_vial,5,34,-1.8387933811996788,-4.502160915081398,-3.751096204517035,-1.485680690034091,-0.9327201190135315,-0.6326994952511478,-0.8063572012226332,-3.826834028449441,-2.056499004521552,-1.7552969083077405
A_vial,5,35,-5.029374766881102,-15.202174030643278,-7.84138416198793,-5.722641716923455,-2.9990541911346638,-2.635237776902245,-6.35502660552425,-7.994913274115191,-5.52102669001535,-5.661725885513896
A_vial,5,36,-3.8318997809757285,-0.033231985796151386,-0.7070436542208574,0.016314656649394688,0.09706456978801381,-1.2673224173983355,0.2692191538404194,0.14989054536312463,-0.19788814259448295,-0.28273757273159716
A_vial,5,37,-62.27062689996936,-9.78783725752987,-24.814420942392232,-0.22661597820981894,-1.6649266365621642,-47.71227069281802,-9.009804350530384,-27.325349683671977,-8.901987852388071,-28.015808242340125
A_vial,5,38,-4.953550748738826,0.0942990271081876,-0.7001707169608098,0.09374481876070084,-2.300803486181411,0.3123326018730114,-0.49600522011155057,0.5124591749496608,-0.9690764614605065,0.10959551890370718
A_vial,5,39,-2.0409448607874143,-1.563518000025061,-1.3836326813245652,-0.2665566806914408,-0.6825335299818232,-6.40442571027155,-1.0011065914021304,-24.978380236457618,-0.7775742973326096,-10.794637512710432
A_vial,5,40,-0.5867358874955395,0.1552610785898354,-5.094417432953711,0.27404372367112784,-1.0167404400244227,-0.015077724079402222,-0.26648261702533205,-2.369407899253829,-1.9457047164356684,-0.883656080119521
A_vial,5,41,-0.8595407961963466,-0.029945794243280366,-0.2840104304512667,-1.146216690956566,-2.409878015113208,0.4674798561879949,-3.267824161008341,0.5811818721646635,-1.2800350455070137,-0.7397208108852275
A_vial,5,42,-5.689502219088218,-20.615284989109607,-6.65290687725955,-6.961443831559542,-2.74446033156462,-19.932849152112702,-4.406691032120878,-26.31470855436317,-5.452937013461238,-16.88474957953225
A_vial,5,43,0.13513413454226042,-0.0034111930284703718,0.018410671815328628,-0.1905609589368804,-0.5154742480933814,0.24864900143825053,-0.11260619574502817,-0.04131834298821713,-0.22920817840497773,0.03157482090166841
A_vial,5,44,0.43129559070552637,0.1495692833313329,0.3248966516344578,0.5862436542556004,0.2531327199486878,-0.854338396372951,0.09213115780348569,0.5888244187351133,0.3880910086129153,-0.057794273278117335
A_vial,5,45,-0.5571497098393614,-3.902999218534064,-0.013180184123929628,0.2552716514804214,-0.6873851457412175,-0.030569405431557506,0.06198629912975728,0.523838909847465,-0.1484312261282419,0.18508526784855492
A_vial,5,46,-0.1913006357463798,0.09105230943369857,-2.6722228036353455,-1.127158291389323,-0.7914939094480251,-0.25666413669720356,-4.655376814502508,0.04493436293063802,-1.5302916681575647,-1.6223688627563577
A_vial,5,47,0.05232782341295983,-0.008762727892256628,-0.364696976387481,-0.5197448800341207,-0.14664551905933676,-0.18394908675902188,-0.4569484874701122,-0.657541939449938,-0.34369579182697946,-0.4328131712263574
A_vial,5,48,-5.271018706701377,-14.982619351145837,-4.326290050660111,-6.049690739626674,-3.971337682381405,-2.1983225514334994,-7.2769810311232845,-8.731518271408738,-4.782439490889397,-6.068940617988507
A_vial,5,49,-0.18391062033754335,-2.299197383787852,-0.48407639827200644,0.048071988863348736,-0.06473306842252602,-0.20346405844443027,-0.09767704538707722,0.1517196338752017,-0.16691249261039456,-0.049807156652101926
A_vial,5,50,-0.05841356831482236,-6.353084001988043,-13.338171856337715,-0.16219143836422867,-26.882002623590488,-11.485799727464743,-11.675743777622193,-19.945714408754306,-13.46078863943081,-14.369085971280413
A_vial,5,51,-74.67723110281366,-3.9349845504385774,-2.327651053464433,-1.2598481910988926,-7.58191761747257,-43.71679701926898,-2.598622379553247,-40.92280227753787,-3.723138954011965,-29.079407225453366
A_vial,5,52,0.018858979868493164,-0.5219738368486215,-0.3976511645105252,-0.6120933596565095,0.1789380419453379,-0.6127212978452592,-0.5125707181651848,-0.05409200780180434,-0.2769354940738989,-0.39312800793741615
A_vial,5,53,0.5042932160061007,0.14192187627641883,0.14622369116618827,0.16737206137907168,-1.9360676484321582,0.25474436075948637,-0.7013768550197639,0.33502516925160875,-0.5408239652956327,-0.037202441669556253
A_vial,5,54,-18.678524493642126,-18.47994173426017,-5.460767318425828,-3.481153682705429,-5.802506598282892,-3.2277685692190063,-4.7742157811868635,-8.689808273372078,-4.914809199804716,-5.56393087459265
A_vial,5,55,0.19421553458399177,-2.461663458332845,-0.669615504288452,-4.883371947457903,-3.8184863927689188,-0.038186049857478865,-4.790917669900976,-1.8118484483606903,-3.1238246148384246,-2.2136507227063817
A_vial,5,56,-100.74944889796299,-9.52943546921758,-5.214927858998006,-8.741551732496935,-4.542899186992374,-14.488310562029353,-7.175193834702926,-13.379447176517285,-6.1664595928291055,-11.680983857749856
A_vial,5,57,-7.849663438940508,-3.765371287052141,-0.044208064647835776,0.3041787822168609,0.1092751165607192,-1.4870148310116615,-0.14860455341647572,-1.7070983323339122,0.12308194470991478,-1.114239238920683
A_vial,5,58,-0.018769478984316024,0.3020206217586685,0.2018858831661,0.16190747922591842,0.11013332016439326,0.4599300346071382,0.3589808494964639,0.3020392805546003,0.15797556085213724,0.37365005488606745
A_vial,5,59,-1.9203277381575674,0.4640913374452059,0.39793137041558446,0.490192113815916,0.29027796064853895,0.4841044518652854,0.28526718653680094,0.3866131199620805,0.39280048162667985,0.38532825278805555
A_vial,5,60,-0.701226082306271,-0.43849573370300154,-0.5413179108668169,0.21605459484838208,-0.45134409273971676,0.15486361791809988,-0.4048962342556135,0.3024321633638385,-0.2588691362527172,0.017466515675441625
A_vial,5,61,0.8582385624781804,0.6849280958043263,0.575024303666072,0.6847463676933594,0.645230897511176,0.7076053413037957,0.6355004665265789,0.639688469933733,0.6350005229568692,0.6609314259213691
A_vial,5,62,0.06322142196962055,0.32881595228270344,0.3358781933238296,0.20229869114075472,0.3223735126322348,0.3283377309162768,0.4391741319433835,0.33607738398000453,0.28685013236560636,0.3678630822798883
A_vial,5,63,-3.8272338594857507,-0.14466186996125607,-0.9435968234170418,-0.1138394104552265,-0.17863731067911437,-1.095202684884756,0.16137969761310766,0.33768779734501786,-0.4120245148504609,-0.1987117299755435
A_vial,5,64,-64.06013344020913,-7.895970318301547,-26.146796303718315,-0.528843578511395,-2.7395255055195626,-7.924522559835323,-0.7410966464212168,-6.453259006079894,-9.805055129249757,-5.039626070778811
A_vial,5,65,-9.655092726933054,-15.783554228450168,-8.1034526866199,-8.271710247477069,-2.5720589485331704,-9.690866397868982,-11.167722459355094,-16.674071001386682,-6.31574062754338,-12.510886619536919
A_vial,5,66,-38.46486220221261,-3.750873370820096,-0.7990674334728465,-0.4997041558751021,0.3124812769454034,-4.892956641963038,-0.14558936696461533,-3.680346900308889,-0.3287634374675151,-2.9062976364121806
A_vial,5,67,-2.605986449289739,-5.36735934138825,-8.894409707318173,-1.6427882713849198,-2.8423200734509617,-16.190785329963234,-2.8878435171340584,-5.1903447065143515,-4.459839350718018,-8.089657851203881
A_vial,5,68,-6.870584971662119,0.31523537590464024,0.3045327301489399,0.27761374716425935,0.04882894094527068,0.28517336611221833,-0.7879378888713293,0.3260445424141162,0.21032513941948996,-0.05890666011499827
A_vial,5,69,-15.820475731813207,-0.038833107733218686,0.4175275553016612,0.5198054211928118,0.43613136065348734,0.35604283196560416,0.6810075496116997,0.5881719127604088,0.4578214457159868,0.5417407647792375
A_vial,5,70,-2.7715622697550444,-0.12855636777539714,-0.7089944053304738,0.5662518754987649,0.47736919823488133,-1.3393196036366182,0.15438069587192305,-1.290345530494291,0.11154222280105748,-0.8250948127529955
A_vial,5,71,-10.024760695098674,0.28174206429911075,0.4419591695566609,0.1445885614741651,0.004614551937149436,0.26354617521368084,0.15018473243310604,0.39630651886290436,0.1970540943226585,0.27001247550323043
A_vial,5,72,-203.31226962008466,-19.394305710119603,-15.353820302070208,-2.257251152937993,-5.541986843874986,-6.514851645638928,-3.1409124320975286,-46.17546930573012,-7.71768609962773,-18.610411127822193
A_vial,5,73,-2.610977738128814,-1.8415016082069116,-0.46520206488893234,-2.183945629131581,0.5354852883099372,0.22309398386085866,-11.495026934942427,-0.015385353027167703,-0.7045541352368586,-3.7624394347029124
A_vial,5,74,-3.6397250582020044,-14.12617606259567,-12.830349121754978,-12.01109804964943,-8.13261043621094,-5.1216988106712025,-8.462798343349823,-13.722090374571733,-10.991352535871783,-9.102195842864253
A_vial,5,75,-0.2034964047108978,-0.06418612806105473,0.1759112784616511,0.13187428602305107,-0.09842383882915762,-0.06620906792426617,0.26693725608666385,-0.22992924720230934,0.06978724188518153,-0.009733686346637219
A_vial,5,76,0.09553442703784465,0.34945860579550625,0.44533605831247924,0.5299357938966961,0.5275722874553088,0.5207343192410434,0.5543743663252654,0.4211588078956725,0.500948046554828,0.49875583115399375
A_vial,5,77,-1.270230617167806,-7.261873921951699,-1.3874295254685292,-9.16966254034443,-0.5567142958654299,-10.875533994843064,-37.37069992289111,-8.644674367492092,-3.704602120559463,-18.963636095075422
A_vial,5,78,-8.383713901790292,-9.957618853758449,-9.356619174131556,-4.1978912702695865,-0.8805167649346894,-1.5458194006363049,-6.670261362454001,-5.491672915057848,-4.811675736445277,-4.569251226049384
A_vial,5,79,-39.125993068045716,-14.436950957470371,-11.989518421942796,-8.830117291642885,-3.622098513065258,-41.63809587564885,-3.8936585650786295,-36.40552839002442,-8.14724474221698,-27.312427610250637
A_vial,5,80,-0.605750628767368,-0.029805279336202473,-0.7072310691193937,0.46290911183062555,0.10373393005104092,-0.11796136348460506,0.0471238017739517,0.07411685092294529,-0.04686267574590908,0.0010930964040973083
A_vial,5,81,-3.129609176676073,0.022603867699622304,-0.04392132337963295,0.2985431954332948,-0.1436954371604584,-0.5974794184747454,-0.015519787984822786,-0.1472740257684222,0.036975478297734475,-0.2534244107426635
A_vial,5,82,-3.6986811284496426,-0.5945731821090565,0.00901191337109164,0.35065063540021846,0.37604056119175955,0.16044716061962871,0.05301278813007826,-0.21389382399700163,0.24523436998768988,-0.0001446250824315524
A_vial,5,83,-2.719921500915301,-0.5578263840486444,-2.7572467792674664,-0.33410183007025474,-0.8371248191500533,-1.6410721902056449,0.08542510248596802,-0.319270870677292,-1.3094911428292582,-0.6249726527989896
A_vial,5,84,-14.246619769705626,-8.713730355413803,-8.120179490745032,-8.78366881874541,-3.1899963464902585,-22.295581456548533,-4.780979373457084,-32.90924681355668,-6.697948218660233,-19.995269214520764
A_vial,5,85,-4.1357979397287465,-8.264940741551005,-17.226098083256208,-1.4547095218515405,0.23242976838285767,-3.970182699230489,-6.722843436911801,-10.142755774798973,-6.149459278908297,-6.9452606369804215
A_vial,5,86,-9.743966574932127,-0.031147061678371335,0.4148138011867575,0.26383712313095753,0.012161693025722453,0.21695448885158275,0.010744023367838862,0.413589764006434,0.2302708724478125,0.21376275874195186
A_vial,5,87,-9.317715125923085,-17.970821973578467,-12.376825456544521,-13.199631767432761,-8.730558247866286,-22.450014929279526,-4.5501037166068246,-23.136203067262574,-11.435671823947857,-16.712107237716307
A_vial,5,88,0.7705515891295921,0.4630501486830655,0.6289207287512064,0.30631499648704597,-1.846797842704921,0.23074057649227564,-0.2090518072835128,0.5475170317688471,-0.3038540391555562,0.18973526699253665
A_vial,5,89,-3.7178300149199863,-2.8236669888488732,-2.810399008957456,-0.24372115844821418,-1.1801725906595362,-1.256123128229052,-0.2984256451732248,-0.7527587345405171,-1.4114309193550687,-0.7691025026475979
A_vial,5,90,-7.258779480507563,-2.4044000987839156,-3.179108910359874,-1.755923734965124,-1.1299198893138849,-0.9893064211934832,-1.4384513329700623,-3.3821496586983786,-2.0216508448796278,-1.936635804287308
A_vial,5,91,-30.369305131897512,-51.504039726457734,-33.71340318408814,-15.939011223761927,-7.007066367050095,-17.65965196549197,-6.214503899462425,-14.066427926828139,-18.88649359163339,-12.646861263927512
A_vial,5,92,-81.20934720295,-8.229233993741952,-8.981671093094734,-4.935006548130525,-4.151787241307411,-13.55687812093466,-1.2376102121724029,-19.936958783175776,-6.02282162751089,-11.577149038760945
A_vial,5,93,-5.9178922098880165,-19.575613074848587,-4.901464908853974,-9.710540540458505,-3.1072482671813866,-0.6692513258108106,-9.576925996990502,-10.03489664471678,-5.906417905497956,-6.760357989172697
A_vial,5,94,0.5753674777942133,0.5351135820861966,-1.5010304220571156,0.2394025020487457,0.07582215421386529,-0.5343229825568396,0.07578693719305263,-0.8349324545431733,-0.39526858859816816,-0.4311561666356534
A_vial,5,95,-7.4523246472344375,-2.0714110272480886,-2.7911763065583184,-0.887152745498593,0.27881281651760526,-63.7937406522466,-1.839271014023658,-33.83078146621845,-1.133172078513102,-33.15459771082956
A_vial,5,96,-0.10105317056475527,0.06892176022854624,0.2461888306272828,0.1549333509755978,0.17263220189831607,-0.015961578744344784,0.24308008409721082,0.21535076844166468,0.19125146116706557,0.14748975793151023
A_vial,5,97,-2.4607227157190286,-10.259358538473213,-5.989598166263565,-6.393771416955777,-2.559102820222192,-1.7538227057288998,-6.193928765662192,-11.456879973963689,-4.980824134480511,-6.468210481784927
A_vial,5,98,-2.6813783240238203,-0.14816191856951955,-0.39737635495489476,0.10386238606840603,-0.5685917412370505,-0.2686928368842383,-0.15473044254523116,0.23517832858476928,-0.2873685700411797,-0.06274831694823339
A_vial,5,99,-205.00008278568347,-58.89968919078331,-15.524567167095235,-8.37738835256305,-1.434983895060172,-32.460774690411824,-11.406363001874874,-37.877034482016555,-8.44564647157282,-27.24805739143442
B_spec,5,0,-1.8823477629687329,0.1246144563466779,0.21855573842413012,-0.8450381992116511,-0.7909221999235576,-0.5644706622733193,-2.5133223354320484,0.047544593038343685,-0.4724682202370262,-1.0100828015556746
B_spec,5,1,0.182857417697057,0.2586236947897993,0.27712644661566066,0.2895679382153332,0.3130624649982656,0.32908408180861015,0.3223443926850472,0.26270466587298946,0.29325228327641983,0.3047110467888823
B_spec,5,2,0.837732744448616,-0.15010742298840896,0.3211940042817403,0.6435045638670128,0.6436012139201202,0.3357187572773588,0.47949634901819227,0.5064396213929983,0.5360999273562911,0.4405515758961831
B_spec,5,3,0.17710371249824397,0.31293808280925706,0.4995822574759652,0.2862894295707866,-0.07314621075810024,0.35713789709164223,-0.4790885036608834,0.5089748672498844,0.23757515876288385,0.12900808689354773
B_spec,5,4,0.04741510244242697,0.5745602099520914,0.498220601203352,-0.08229848097689985,0.312927233031173,0.40460654291258624,0.35943105404956244,0.5083931312425514,0.24294978441920836,0.42414357606823333
B_spec,5,5,-0.16481515872186336,-0.1740158221553263,-0.5096195005415998,0.39984224763791787,-0.18067285903179076,-6.830158184301022,-0.20371096657596688,-2.808942042972235,-0.09681670397849089,-3.280937064616408
B_spec,5,6,-1.5939656584337762,0.4899391000902201,0.47639016423893754,0.13475784914366684,0.49940787107766416,0.4824406700909746,0.1622412164878887,0.16565464907189364,0.3701852948200895,0.2701121785502523
B_spec,5,7,-11.821722983291421,-1.0609346283934245,-1.1914978841930308,-1.2550065060036908,-0.7879586261429394,-1.3280808294024924,-0.5918846955089698,-3.6139750823719714,-1.078154338779887,-1.844646869094478
B_spec,5,8,-0.5130792792901226,0.020690055000606722,-0.8316873398726652,0.09799020873284503,0.1098259399895013,0.11774495499536408,0.15001494460227438,-0.2916854566878766,-0.20795706371677294,-0.007975185696746045
B_spec,5,9,-0.10332750627374865,0.3417123247853757,0.3714642714706705,0.4626691455782048,0.395069261583167,0.35394997873706613,0.011878510354269123,0.36529817906361495,0.40973422621068084,0.2437088893849834
B_spec,5,10,0.6650581893846177,0.5146466313773383,-0.6577282498784276,-0.3286278115873045,-0.7331736157148463,-0.11490477686139267,-0.18869787337995025,-0.2673900942707501,-0.5731765590601928,-0.19033091483736433
B_spec,5,11,-4.173466005062812,-1.7286166381683072,-0.6954388735361821,-1.0982963583997774,-0.9018292234282186,-2.0710042860096007,-1.1143398815559857,-3.0616705871428476,-0.8985214851213926,-2.082338251569478
B_spec,5,12,0.07756722101308089,0.02771072045494183,-0.2482505473943608,-0.37536192350142383,-0.561165874606522,-0.2882250110679565,-0.5358692591894085,-0.19268058594138826,-0.39492611516743553,-0.3389249520662511
B_spec,5,13,0.01538209643931232,0.2649456816715622,0.26451575926000337,0.25893172534223174,0.28242540324718435,0.3416456823509969,0.2550423193194076,0.2610473365526954,0.26862429594980647,0.28591177940769996
B_spec,5,14,0.07146591046456041,-0.05143421075497301,0.08563410991613296,-0.29307658595365615,-0.8624783023619662,-1.3303941782546684,-0.46211051815544746,-1.490013846623219,-0.3566402594664965,-1.0941728476777783
B_spec,5,15,-1.0878886030764465,0.11193883001428373,0.004559455006358015,0.2269246978591587,0.14033459690408523,-0.13564059914343485,0.3181460845578341,-0.10172839878542894,0.12393958325653398,0.026925695542990107
B_spec,5,16,-2.4677507984747624,-0.2781124323952353,-0.07380179785992458,-0.12821583600061204,-0.9779910680235544,0.27315648737044607,-0.5312202684640477,0.22675305883624064,-0.3933362339613637,-0.010436907419120326
B_spec,5,17,0.03293976943470778,0.31447906747293186,0.4329908445249726,0.3873558328602352,0.26121969263446854,0.29823670901936095,0.2939360221764501,0.4643785921136836,0.3605221233398921,0.3521837744364982
B_spec,5,18,-0.21371187085015508,0.3641522567555414,0.47692226810444216,0.551101319823675,0.5159928207810595,0.5524126003719995,0.49643816886287495,0.46941155972415316,0.5146721362363923,0.5060874429863426
B_spec,5,19,-20.575613923495457,-0.38094037598432795,0.47821223452754436,0.4079410466887501,0.09335908488417555,0.1575904396276563,0.0984296280590422,0.5030821820764488,0.32650412203349,0.2530340832543824
B_spec,5,20,-2.277717734287332,-0.009247899849566421,-1.9482094232145153,-0.12685467945082807,-0.6197206286367896,-0.3906524670202991,0.013649620400202567,0.2803114348523551,-0.898261577100711,-0.03223047058924714
B_spec,5,21,-4.692230362563303,-7.314107464297887,-0.7308952309230767,0.29904563602424494,0.21065374453682628,-4.6939854617002466,-0.6459906095682604,-3.3333833548800538,-0.07373195012066851,-2.891119808716187
B_spec,5,22,0.06524093153958777,0.14498777614096403,0.514704045192851,0.4397037392113534,0.07792041868375599,0.2602958610227337,0.43480209447812257,0.4826114245259987,0.34410940102932014,0.392569793342285
B_spec,5,23,0.009928941727989526,-0.08747149140380994,0.026388324989898182,-0.10386124885599068,-0.010802045806351579,-0.10833829503190318,-0.10016779476528148,-0.17977688840353712,-0.029424989890814695,-0.1294276594002406
B_spec,5,24,-1.7017166401337436,-0.39842328300835805,0.053336281271895825,0.4428696786041274,0.19520733102437593,0.37907101738061455,0.2479446392029213,-0.07165719291280936,0.2304710969667997,0.18511948789024216
B_spec,5,25,-1.6248363807128579,0.05997357336222631,-0.66366138831275,0.3690291542228731,0.4134300104313853,0.018294656349369887,0.42089909851519514,-0.5201067673700563,0.03959925878050278,-0.02697100416849711
B_spec,5,26,-1.6834557773898222,-0.10301430174501691,-0.2579453752927663,-1.4583917490701288,-0.39348190771944314,-0.9024900800653901,-0.667456244820628,-1.8424725813207932,-0.7032730106941129,-1.1374729687356038
B_spec,5,27,-0.616960105040705,0.4121751655135545,-0.8567884115394357,-0.06153634063505087,-0.3928258310439108,-0.15343099304323382,-0.03073626207559399,0.30798006305329906,-0.43705019440613246,0.041270935978157085
B_spec,5,28,-4.6127049914095135,0.5121937492440469,0.30703310859356836,0.20889165318155478,0.2450117855416376,0.07399357662731443,0.18459279209445534,0.34129300291263764,0.2536455157722536,0.19995979054480248
B_spec,5,29,-0.7090402198469687,0.303284302081018,0.2033925536638258,0.11111272709546594,0.24621655690353972,-0.06947531750995273,-0.013952670141864187,0.22257869593652724,0.18690727922094383,0.04638356942823677
B_spec,5,30,0.12319623280657033,0.3452341819073449,0.44332740177724783,0.23177852369204832,0.23927986661847178,-0.030697188932411246,0.15780473589211308,0.4243999206347864,0.304795264029256,0.18383582253149608
B_spec,5,31,-10.778753877279545,0.05373076128297938,-0.6188234382759676,-3.9763833509635917,-2.1914711816861177,-4.358965122311786,-7.251853235365809,-2.1394118090400487,-2.262225990308559,-4.583410055572547
B_spec,5,32,-0.19444930775997982,-0.15643131079648165,-0.6036534157680695,-0.016123275782790047,-0.5945100109143531,0.42139102778616055,0.07154894001305345,-0.0865727766067017,-0.4047622341550709,0.1354557303975041
B_spec,5,33,0.32356529294593517,0.17856936326482398,0.2105765727470712,0.27037831815696267,0.41086470880344605,0.2667742290523767,-0.15593465010975716,0.44223262311234635,0.2972731999024933,0.18435740068498863
B_spec,5,34,-0.557721834689582,0.5023597177598009,-0.022387427830600437,0.0907788693309941,-0.3226865253425846,0.4275259055641478,0.09453271445654898,0.5432627567739906,-0.08476502794739697,0.35510712559822916
B_spec,5,35,-7.286363149541229,-0.1282307448020914,-0.47488487068898033,0.6129298806073935,0.7063063906296267,0.5659673091029547,0.37408898327298856,-0.02105229331102021,0.28145046684934666,0.30633466635497436
B_spec,5,36,-0.19049476093007311,0.3092621747629296,0.3095586016259321,0.39741730353859084,0.44095859738326726,0.5341565694367383,0.2065292365520376,0.2789151975402987,0.38264483418259676,0.3398670011763582
B_spec,5,37,0.1234550536090655,0.229077825884494,0.27396002469923786,0.06507717644691313,-0.13908952343197822,-0.09230578223629582,-0.015461465336088276,0.22933548168598206,0.06664922590472426,0.040522744704532654
B_spec,5,38,0.10801219414025642,0.010286876946172696,-0.5587620620316587,-0.043341238655152825,-0.4728059378519762,0.0915048154504926,0.00751062106120326,-0.1341898641217385,-0.3583030795129292,-0.011724809203347545
B_spec,5,39,0.48887405767481773,-0.42300185171034355,-0.24268242138289997,0.3595648187386272,0.3949035642248624,-1.1359536106962076,0.04628392331174758,-0.2504826740140147,0.17059532052686321,-0.44671745379949157
B_spec,5,40,-1.9058640326227914,0.23530274000204565,-3.163097868791069,-0.3777038482369077,-0.8374171465203593,-1.5382785502163934,-1.285943151778489,0.13859792675790872,-1.4594062878494451,-0.8952079250789913
B_spec,5,41,-0.0007988294502723203,-1.081421910941001,0.056064884435809814,0.3908199559463249,-0.15019637501592964,-0.2962732591085131,0.14405370309779553,0.26393378506457654,0.09889615512206835,0.03723807635128632
B_spec,5,42,-14.752516489181447,0.02162473607273252,-0.2549459518694954,-0.6461219851152107,-0.9820164478473927,-0.8158937694653932,-0.07540149188025724,-0.9129053890686245,-0.6276947949440329,-0.6014002168047583
B_spec,5,43,0.6970818613991242,0.4158981744092265,0.058846544513347476,0.2404497486474112,0.19020906992705233,0.4745058934262728,0.2774614760408851,0.13974415973002619,0.16316845436260366,0.2972371763990614
B_spec,5,44,-0.11167631397514,0.5474857967754805,0.12088155694580383,0.46608331601115993,0.21325116168013813,0.5095785670413622,0.3977512575423898,0.47638005922122795,0.2667386782123673,0.4612366279349933
B_spec,5,45,-3.6428795493129424,-0.3859833250332141,-0.38026084226927637,0.33866773874187406,-0.27163036675701724,-0.001597109341814118,-1.54133754137216,-0.13049937049226257,-0.10440782342813985,-0.5578113404020789
B_spec,5,46,-2.0743138287366807,0.4746523314788932,0.24396394974787539,0.3626425266656338,0.21362638105541198,-0.010085327146028833,0.06481397580816162,0.2026883425419841,0.27341095248964037,0.08580566373470562
B_spec,5,47,-11.19837045258276,-0.12048468214696828,-20.208906742946937,-0.7546062521198584,-4.664680746281619,-2.709365041179169,-0.7470956305046776,-5.574861854501783,-8.542731247116139,-3.0104408420618767
B_spec,5,48,-0.6352185632156273,-0.28414848011865934,-0.2385296143764506,-0.1998946458975357,-0.5665288392150241,0.19124055868863676,-0.28636940851470527,0.39221259775469375,-0.3349843664963368,0.09902791597620841
B_spec,5,49,0.3196202284742141,0.3064561776032222,0.36214588868473707,0.16769803623846968,0.2005255426930993,0.4150210143737949,0.28461507029145827,0.4358123877512434,0.24345648920543536,0.3784828241388322
B_spec,5,50,-0.06408061316346325,0.5422094538041511,-0.15071761666505656,-0.09369771837596486,-1.257856341702622,-0.014788095569452597,-0.24529179605759643,0.4240995324024778,-0.5007572255812145,0.05467321359180958
B_spec,5,51,-0.19591773114765854,0.6026742761104928,0.10201764451428119,0.4298545406944795,0.08140186084014611,0.01891193612569808,-0.529529980663012,0.3798060275752788,0.20442468201630226,-0.043604005654011714
B_spec,5,52,-4.388399328973868,-0.5539788918689548,-0.7325616230258407,-0.9080261971649617,-0.36224136007406615,-0.6562105012089543,-1.5766058568238925,-1.2839523708229943,-0.6676097267549562,-1.172256242951947
B_spec,5,53,0.14248375920922107,0.293815461987058,0.46299543394632603,0.2623800655460038,0.2684818656230489,0.3002977448538645,0.3382981286664848,0.40368422540703086,0.3312857883717929,0.34742669964246004
B_spec,5,54,-0.7223196838025192,-1.309884300905534,0.3876427828590481,0.5608899218696959,0.22936708394822858,0.5803795218019647,0.5616209453161687,0.6005722353453339,0.3926332628923242,0.5808575674878225
B_spec,5,55,0.5164237390654155,-2.0863470998054736,-1.6411007476216093,-2.1425972305778873,-1.0871267209764457,-1.882925386132042,-1.5946712713299216,-2.714905269679594,-1.6236082330586477,-2.064167309047186
B_spec,5,56,-0.05364602902818505,0.057568844907114225,0.03574234983118074,-0.29064643068835516,-0.23107528414040823,-1.0550596822294858,-2.100566834965252,-0.9739650534898119,-0.16199312166586088,-1.3765305235615166
B_spec,5,57,0.02125376355589026,-0.07949427019166166,0.2591361294851847,-0.3463114881702507,0.022995062640569497,-0.3489453812405132,-0.628504902088669,0.17469166384082846,-0.021393432014832164,-0.2675862064961179
B_spec,5,58,-12.82664874026432,-1.4656531392056542,-2.037340367361352,0.6627698109212095,0.7319873201142686,-11.24289144973733,-1.5971980157753172,-3.1800680798713064,-0.21419441210862464,-5.340052515127984
B_spec,5,59,0.05177647354725001,0.08193641612691505,0.051090900482372525,0.007923328507006056,-0.028157294673349043,0.16327352187075705,0.11166054620382393,0.009308409367672299,0.010285644772009847,0.0947474924807511
B_spec,5,60,-0.45990721164119575,0.32100342521491554,0.033219113636593134,0.41840288057768216,-1.2794494086922095,0.3356624077375068,-0.2466808540589418,0.5251615985442751,-0.2759424714926447,0.20471438407428003
B_spec,5,61,-0.7816979412499361,0.5210975853143519,-0.22652691248823653,-0.5066117769187295,-2.829191580977416,0.3112541823482,-0.0646523077562553,-0.046088509182250936,-1.1874434234614608,0.06683778846989792
B_spec,5,62,-0.10755361477965186,-0.0850741586656456,-0.30961932312558815,-0.4042873855687781,-0.1539827490171548,-0.2379146097927738,-0.06513587802293719,-0.1428296521252823,-0.28929648590384033,-0.14862671331366442
B_spec,5,63,-3.2087412822231025,-2.343997515557868,-0.10557317685156087,0.4955157394149081,0.07352780307725293,-3.0451698062431785,-0.091328003672005,-1.9870208603666923,0.15449012188020006,-1.707839556760625
B_spec,5,64,-3.6131182044644667,0.5327834476566347,0.13117366490906535,0.3341465070588675,0.22779503078071361,0.17047244268097672,-0.37347443102494027,0.12039775262814789,0.2310384009162155,-0.02753474523860522
B_spec,5,65,-3.2491398567366003,-0.8052331622644686,0.015127516930608098,0.047004417248825314,0.3178992709729517,0.1772144341681895,0.35876682228550616,0.35024841129529116,0.12667706838412837,0.29540988924966227
B_spec,5,66,-0.11315930475205116,0.2177720489933448,0.05518046357958717,0.3980209706704618,0.08173206924577703,0.15124223886047905,0.4344474753344616,-0.018565510889311687,0.178311167831942,0.1890414011018763
B_spec,5,67,-1.9182298611975015,-0.4062193276350672,-0.3439149088826583,-0.2606115720597735,0.09313727972034425,-0.6098148558164502,-0.6697417155307743,0.12137726020100759,-0.17046306707402917,-0.3860597703820723
B_spec,5,68,-2.462080055632324,-0.050916085724508786,0.46421521100002083,0.02863776733438883,0.2936814185545976,0.2495964633162071,0.21813225429637106,0.2715089526010749,0.26217813229633574,0.24641255673788434
B_spec,5,69,-2.096053908058152,-0.42110301014873275,-0.887960611963243,0.03870243956750152,0.05591957736122022,-0.15225375208170844,0.1931385162378757,0.1331473638806424,-0.26444619834484046,0.05801070934560323
B_spec,5,70,-0.2495338559799165,-0.16308173092088873,-0.4246961447282436,0.2916341880232115,-0.000671795633740313,0.24368109743722532,0.042994022155986134,0.3839732324858586,-0.04457791744625746,0.22354945069302334
B_spec,5,71,-1.0828448571786127,-4.355927806349549,0.09475160888841805,0.5077379973327765,0.42193582977720234,0.3001756493396043,0.3597068179252919,0.4262265214792875,0.34147514533279894,0.3620363295813946
B_spec,5,72,-0.09921571808680096,0.5837771555790621,0.47855726136132826,0.5897069149659109,0.5762309291840111,0.638446612068539,0.5699128004897569,0.5223686085465244,0.5481650351704167,0.5769093403682735
B_spec,5,73,0.8075643050749283,0.34768533421816405,-0.030333160997963793,0.4964172298179136,0.4891944912035944,0.6074234655401545,0.509841222957212,-0.19134577542811293,0.3184261866745147,0.30863963768975117
B_spec,5,74,-2.416410045534145,0.06026788761915858,-0.06680162639173703,-0.08862891140280893,-0.4198215099339835,-0.09800531200037632,-0.6571650368922617,-0.17696545962431132,-0.19175068257617647,-0.31071193617231646
B_spec,5,75,-0.15216736876231063,0.07085096059163998,0.12284334509008021,0.09390302216811752,0.23910147388532432,0.20074556185661285,0.19327935864794954,-0.008712408002004235,0.15194928038117403,0.1284375041675194
B_spec,5,76,-8.904052938389485,-0.7705373462052687,-0.5140384541736558,-0.2720934725962063,-0.7851903318356899,-0.8363181088588403,-0.9803361112589493,-0.7448440138853585,-0.5237740862018506,-0.853832744667716
B_spec,5,77,0.038869677992315665,0.22241492284939546,0.47520543307762086,0.05621479438869004,-0.368226638382404,-0.19045119524553722,-0.8831938139466624,0.4535387314500131,0.05439786302796897,-0.20670209258072883
B_spec,5,78,-10.615581159941824,-0.3137793742005599,-0.28959276252775723,0.7345737631821971,0.3402198344565267,-7.828592274685146,0.2785155712848636,-0.6110900872688723,0.26173361170365556,-2.7203889302230517
B_spec,5,79,-0.1522543998354733,0.03506670630942743,0.06413784650728849,0.10661868270609365,0.31333070107338756,0.16056118390119778,0.20127310078753702,-0.0354520539880292,0.1613624100955899,0.1087940769002352
B_spec,5,80,-5.181483601852467,-2.620053839654464,-1.4295907061859476,-1.9706548876606247,-0.6202419123664729,-4.161040388311809,-0.7057699036775555,-6.753134561706038,-1.340162502071015,-3.8733149512318015
B_spec,5,81,-0.5113437795528273,-0.006598636944489478,0.07790529948684877,-2.1870245400655457,-2.216745736240621,-0.7329156577184435,-1.102010950268434,0.05557732635658008,-1.441954992273106,-0.5931164272100992
B_spec,5,82,-0.38186244386366086,0.5297134247874042,-0.07319222989316221,0.3310706517352999,0.41201140598087604,0.17286837168643765,-0.37147970566684774,0.3912231459249761,0.22329660927433792,0.06420393731485534
B_spec,5,83,-46.0441918896464,-1.514179363784883,-3.919448655427697,0.5185780396145854,-3.9954829192694508,-2.215622637445087,-0.9337221253444599,-11.486936427007628,-2.4654511783608544,-4.878760396599058
B_spec,5,84,-0.3686043195958204,0.5404965788840825,0.44209031313301383,0.46738555395706904,0.4072135978145698,0.5271754088985466,0.32978174716954334,0.5283583313931203,0.4388964883015509,0.46177182915373677
B_spec,5,85,0.0614799329821899,0.014958185288398318,-0.030542365663802862,-0.1632234527756269,0.039876396964458216,0.2688636051844089,-0.07107454767085297,0.06694855820155476,-0.05129647382499051,0.0882458719050369
B_spec,5,86,-8.33933802603924,-3.9495013979950633,-0.29881739628775095,-0.9213545262996132,0.18377146314058201,-1.2896646217754344,-0.5571749374130595,-1.6409448259449726,-0.3454668198155941,-1.1625947950444888
B_spec,5,87,-2.2785775484178945,0.2862660341033134,0.3731170380758183,0.2053242476466881,0.4512651448327317,-0.5367150133660041,-1.1481440292312164,0.3792413388093926,0.34323547685174605,-0.4352059012626093
B_spec,5,88,0.12365422779671875,0.2909546900610829,0.2735969277586048,0.16449029028380846,-0.06570713552900553,0.34983855815849996,0.26879989003363003,0.396057550304066,0.1241266941711359,0.338231999498732
B_spec,5,89,0.11535549332968886,-0.001313798323322679,-0.06805553917434048,-0.6828561754430751,0.14069204940081248,0.21713684393398147,0.09849135061746939,0.09869514867919571,-0.20340655507220104,0.13810778107688218
B_spec,5,90,0.3847985645642239,0.09517246360557252,0.14381363975299843,-0.7112548875706166,-0.08364995821974253,-0.7657800411842379,-0.6443858538140808,-0.028508479714489,-0.21703040201245358,-0.47955812490426925
B_spec,5,91,-3.120097648637059,0.17544222481442373,-0.288961085932832,-0.01855112190688013,0.23990933434741524,0.2389048373379855,0.3081944615729303,-1.2507197838953994,-0.022534291164098958,-0.23454016166149452
B_spec,5,92,-1.6917062511618468,-2.5515811900828815,-0.822843181208937,-1.0329096211774784,-0.10216824106276157,-4.599574985658267,0.016495909979583723,-6.583064232137544,-0.6526403478163924,-3.7220477692720757
B_spec,5,93,-6.21194274125995,0.23363647596510573,-0.5215267710018712,-0.34356453921240515,-1.2946115145190085,-1.6350882982476262,-1.1568478434911778,-0.06593569213354789,-0.7199009415777615,-0.9526239446241173
B_spec,5,94,-0.7692768507350529,0.4116198288754488,0.24539594078577753,0.2978048925008838,0.09738710440987253,0.2535636984021684,0.05563642480552067,0.19977366147153997,0.2135293125655113,0.16965792822640968
B_spec,5,95,0.7490076142399497,0.24249082189139015,0.23884582736339388,0.6149470584151441,0.1319310567012726,-5.639195500000016,0.25090251468888825,-2.1022610923466685,0.3285746474932702,-2.4968513592192654
B_spec,5,96,-0.022739312014320667,-0.5275207663700807,0.29334333500289866,0.2395778997652277,0.14494217708311996,0.28135678924184315,0.3469993361738021,0.35754588782269126,0.2259544706170821,0.32863400441277885
B_spec,5,97,-28.41531916323445,-9.842761509281894,-1.107503718837727,-0.9451174049542048,-0.5726699893825815,-1.0632447825186402,-0.6409029604223464,-1.9057122626785388,-0.8750970377248377,-1.2032866685398418
B_spec,5,98,-0.6212097673394377,0.36482486654048574,0.14526258945191062,0.44755842513139044,-0.029717545436734882,0.17545132470207536,0.29801724447896605,0.45272026250682673,0.18770115638218873,0.3087296105626227
B_spec,5,99,-0.6636569738516851,0.22239097005148156,0.54426753403777,0.4797056065130674,0.45161484905924953,0.4927193077483437,0.40900926847203223,0.5262403927703942,0.4918626632033623,0.47598965633025675
B_spec,10,0,-1.25217903076246,-9.974455916492492,-1.053733582389238,-0.2952881172897184,0.40273404200311425,0.3868485542068778,-0.7304058020383397,-0.9773201725488714,-0.3154292192252807,-0.4402924734601111
B_spec,10,1,0.4813049614532835,0.4545134712357586,0.47507418575128557,0.5514796558441593,0.403311211315851,0.5102162124591738,0.4143989062842517,0.5027414873879482,0.4766216843037652,0.47578553537712454
B_spec,10,2,-0.8242047531388252,0.05214402957736619,-0.13163127053235346,-0.11125355586170982,0.16404707856649914,-0.7804005610123459,-1.015279314884996,-0.15278669901348763,-0.026279249275854715,-0.6494888583036098
B_spec,10,3,-0.02682229178122486,-0.16181996162142487,-0.6858461438042363,0.027766473954343285,-0.5256269338945139,0.27216503183247265,-0.5179652945081239,0.12577296571396812,-0.3945688679148023,-0.04000909898722771
B_spec,10,4,0.00010406256526618307,-21.80342919519365,-0.782498638508776,-0.10091018652417905,-0.21158493058266625,-0.18678856044843317,0.055056531720057755,0.12068917295492099,-0.3649979185385404,-0.00368095192448481
B_spec,10,5,-5.9314995022666075,0.12919909904382387,0.03626831316484902,0.04055630652698816,-2.190267843938985,-0.07953517025141088,-0.6272344163184518,0.49809796506230153,-0.7044810747490492,-0.06955720716918705
B_spec,10,6,0.3361401362885039,-0.03692890017085171,-0.09397496770495972,0.38876387178769956,0.5624271404950641,0.42897618281464467,0.35611169755427907,-0.5133103670267587,0.2857386815259347,0.09059250444738835
B_spec,10,7,-3.1156215244236005,-0.08296107838842981,-0.21545058688544327,0.3250599289637507,0.03434688825048393,0.19341105709773243,0.30506794314867647,0.43919411085800886,0.047985410109597115,0.31255770370147257
B_spec,10,8,-1.2926248229655335,-112.82618290037476,-1.9591197831596023,-0.7808840690196,0.634056124942538,0.10487140412483176,-2.227524534656366,-0.4516518658313,-0.7019825757455548,-0.8581016654542782
B_spec,10,9,-0.11537030515492286,0.3389901586596451,0.5107118958721234,0.7588349656614403,0.6278496181176334,-0.9010594165440788,0.6798006560195551,0.6478506518572843,0.6324654932170657,0.1421972971109202
B_spec,10,10,0.23487203898506392,0.38664508635204453,0.4831325712280843,0.46130637473488967,0.48500153105704047,0.44031279517156174,0.5429638432881773,0.46304557189744666,0.47648015900667146,0.4821074034523953
B_spec,10,11,-0.49710751975814715,0.41800697521061914,-0.15100725709911034,0.4021210457200983,0.48728106194693177,0.05059731219366259,-0.21586560063517823,0.5419707722255946,0.24613161685597326,0.125567494594693
B_spec,10,12,-3.4682500990318514,-3.788068044988419,-1.7643179237054274,-0.8564453943747183,0.2866570153286295,-2.4699889205712364,-1.2620985964862466,-2.906529987670431,-0.7780354342505054,-2.2128725015759714
B_spec,10,13,-1.5429313206472002,0.3669523678407036,0.433147151278219,0.412510715683315,0.34823703393425764,0.4368276516932178,0.32988910931529236,0.452738806751525,0.39796496696526384,0.40648518925334504
B_spec,10,14,0.4610345463414739,0.423015430927395,0.09154180658320132,0.6712945478269893,0.46857733617744113,-0.38497800712433383,0.5151120817583051,-1.650969155054073,0.4104712301958773,-0.5069450268067005
B_spec,10,15,-2.382489267151152,0.4264266496947611,-0.2691416626885499,0.7127556056717672,-0.22471261585141233,-0.1161275029183555,0.2970261917179263,-0.12004062878734212,0.072967109043935,0.020286020004076238
B_spec,10,16,0.8490572090774284,0.40519193319961366,0.24594982014803324,0.20052396784374937,0.3317284042386548,0.22200346569884766,0.3395744443254123,0.18570587928331117,0.25940073074347914,0.24909459643585705
B_spec,10,17,-2.425956171518769,0.14426059010729264,-0.07634084870648539,0.12692571943497544,-0.5714619788187558,-0.034472921708059934,-0.20216408395716146,0.42634516976982517,-0.17362570269675526,0.0632360547015346
B_spec,10,18,-2.190479218670093,0.15373007619135082,0.19499157045790994,-0.05752483833296629,0.14302805048234923,-0.3397036464653931,0.09278548880273274,0.2330174896625019,0.09349826086909763,-0.0046335560000528115
B_spec,10,19,-0.4688940278751834,0.16930678061650317,0.09346969180129583,0.23461733783508176,0.28204540426286306,0.2643320418583539,0.16893253899447236,0.20433008312731382,0.20337747796641356,0.2125315546600467
B_spec,10,20,-0.420531150412887,0.3346710704654149,0.3056705717409368,0.2609871798902611,-0.009422895996321401,0.39078406757959727,-0.05985285172962729,0.34367756421855344,0.18574495187829218,0.22486959335617449
B_spec,10,21,-1.299459276329043,-6.38861154101929,-1.022118373963318,-0.8240259304684241,-0.32135699576805243,0.5461047000593354,-1.9475680658966628,-0.5896094879278451,-0.7225004333999315,-0.6636909512550574
B_spec,10,22,0.5447527651306994,-2.8766896657479926,0.1326783946492306,0.6297957867864798,0.7061342894054929,0.6217506886251285,0.6155986027997836,0.01288766344005532,0.4895361569470678,0.4167456516216559
B_spec,10,23,0.8604770035407334,0.4510681054383039,0.5251501743949473,0.7513078386097574,0.6762298778390956,0.687260768982412,0.629245095781382,0.6566428372707638,0.6508959636146001,0.6577162340115192
B_spec,10,24,0.595279301881168,0.3904909715981575,0.32631692554680714,0.326397771436163,0.11006713003957802,0.23336392709073894,0.0428848137826322,0.30495593531303866,0.25426060900751607,0.1937348920621366
B_spec,10,25,0.22478615885429976,0.32591917857244046,0.15855168051887525,0.12033507935670518,0.3114469894287971,0.28692360878544887,0.29364347282331504,0.24296651569171213,0.1967779164347925,0.2745111991001587
B_spec,10,26,0.8592948394112627,0.4755206178143595,0.4465858889532398,0.24651035192553838,0.4386438581559825,0.2876736537110637,0.47598569773137245,0.4588720387227643,0.3772466996782535,0.40751046338840013
B_spec,10,27,-0.3364856853984983,0.4778939159322134,0.5818212997250782,0.4207573726410334,0.4209700449776418,0.4674810061274527,0.21079494364562956,0.6213147954505207,0.4745162391145845,0.43319691507453434
B_spec,10,28,-0.2715845985351313,0.2752850058784556,0.32354522113493855,0.5944370875861602,0.43903939420805627,-0.714869611885165,0.27239436881776147,-0.3996961458157988,0.45234056764305164,-0.28072379629440075
B_spec,10,29,0.7764617592924763,0.34546943819625797,0.3862069265896717,0.38222709456926984,0.5667276481623076,0.5762626989514564,0.4969257609513499,0.483811579593301,0.4450538897737497,0.519000013165369
B_spec,10,30,-2.5459610742135452,0.3873134422924823,0.42591515273210745,0.2844324862604999,0.5450567508801383,0.4035628688565016,0.2605135032051169,0.09526983306933723,0.41846812995758187,0.2531154017103186
B_spec,10,31,0.16138522092838248,0.2612455095302145,0.304522628678333,0.2631140405768,0.22431988717130957,0.26326851575096133,0.29506802545683797,0.29211312566871594,0.2639855188088142,0.28348322229217177
B_spec,10,32,0.21459401828020153,0.2819957080875648,0.45066327274055973,0.2544425579343177,0.25954480721795037,0.14221294005514973,0.27702468542242376,0.38769956614628753,0.3215502126309426,0.26897906387462034
B_spec,10,33,0.2337957462030139,-5.586419428427498,-0.616408830887802,0.3845023254545,-2.0901721144195515,-1.8555663701838676,0.02430980133466809,0.272024743059713,-0.7740262066176178,-0.5197439419298289
B_spec,10,34,-0.729121070565212,0.5106271894430593,0.6183983875169466,0.4386838274104856,0.46664000308931175,0.526420788646903,0.34511532506651277,0.6282029580435933,0.5079074060055814,0.49991302391900305
B_spec,10,35,0.7441005812866412,0.5010978560331115,0.4894916843364401,0.4969802411797585,0.43134826619841216,0.4786035449879027,0.4441877536457214,0.48807611091659875,0.4726067305715369,0.4702891365167409
B_spec,10,36,-2.850407637684807,-0.3193785682414372,-0.02166982296169051,0.42679890617971517,0.21533012390070816,-0.1577130571456289,0.16318527113498216,0.33401877078730446,0.20681973570624426,0.11316366159221924
B_spec,10,37,0.40544162707374365,-1.3947643180558527,-1.4279427443696777,-0.5986833767413295,-0.09442899531128979,-0.12521421760416507,-0.14298347411511214,-1.2624484272820675,-0.7070183721407656,-0.5102153730004483
B_spec,10,38,0.8418397729669802,-0.6000635880514167,0.22926105696365684,0.6628564193520732,0.6647324337516078,0.47575943115619956,0.5828303267505417,0.3682447763908461,0.5189499700224459,0.47561151143252917
B_spec,10,39,-0.2916171208632006,0.4103790712500275,0.39188006883327,0.41464939562457614,0.2867776094084752,0.18899525557464814,0.1390512261796899,0.47923757940335276,0.3644356912887738,0.2690946870525636
B_spec,10,40,-2.0654174446795808,-0.21528238286692125,-0.09721702068539928,0.009765833037001515,0.2585965116399257,-0.8360816823557187,-0.17601176954545905,-1.1110484758020043,0.05704844133050931,-0.7077139759010608
B_spec,10,41,-2.134315404734349,-0.044187278873001556,-0.24272984308595702,-0.06301957906399736,-0.053438993855010164,0.13045028179800855,0.09420355387873802,-0.008724093319366188,-0.11972947200165485,0.07197658078579346
B_spec,10,42,0.3312745619323555,-4.872867594334715,-0.002514097993358222,0.13048138228244732,0.17098167204729087,0.2757264962699568,0.21279006098219555,0.37013814646979437,0.09964965211212666,0.28621823457398227
B_spec,10,43,0.7285629477819119,0.41487583123117755,-0.06027835522671654,0.5987669871928001,0.21894400192585328,0.2313675022531776,0.5680171944117538,0.45974278316516015,0.2524775446306456,0.41970915994336383
B_spec,10,44,0.812332431706837,0.544332759841425,0.021493914121772928,0.7452413510166925,0.030257920027396912,0.154467634600018,0.35352601094045955,0.6830378302623339,0.26566439505528744,0.3970104919342705
B_spec,10,45,-0.3281209128785092,0.5218245181760046,0.4264943073315145,0.5306861700956538,0.49781171305122873,0.5175616272162935,0.4797125131867702,0.5094129285875628,0.4849973968261323,0.5022290229968754
B_spec,10,46,0.6485510810452817,0.28633998409246497,0.32603490919661704,0.29933210405440924,0.2824850791927116,0.2823742038649659,0.3167531282681252,0.3153898758364625,0.3026173641479126,0.30483906932318455
B_spec,10,47,0.11128270799068873,0.3287085617672507,0.37589035870227394,0.41129332079677017,0.40676320458195503,0.5079597227116024,0.4266233768998232,0.38611644436334736,0.39798229469366636,0.44023318132492434
B_spec,10,48,-1.9221048169093904,0.4108275404168594,0.16775388411414105,-0.07706080758931044,0.08694830837121936,0.5234910865641881,-0.07754052609465045,0.17588821764518825,0.05921379496534999,0.20727959270490862
B_spec,10,49,0.8060265295091493,0.3107536573865963,0.38883931416628914,0.1596959895019595,0.15022015836833114,0.06713663693301952,0.3044936526314772,0.32897927195545296,0.2329184873455266,0.2335365205066499
B_spec,10,50,-2.3553629528283464,-0.30349592790829205,-0.45317618961240935,0.26951307951650294,0.44305165601738994,0.42246287096742585,0.3182259887019294,-0.5356558453368623,0.08646284864049451,0.068344338110831
B_spec,10,51,-1.3176772143296067,-3.0705010617433075,-1.7289090804267242,-1.5629452705770617,-0.8107314714855873,-1.4390328828250896,-1.5895905924741687,-4.556779473215824,-1.3675286074964577,-2.5284676495050276
B_spec,10,52,-0.007487366325577449,0.06941279325616567,0.351505032532617,0.35587547696881505,0.31349084615167866,0.38255732519086627,0.08177169844853527,0.4049704452657926,0.3402904518843702,0.28976648963506474
B_spec,10,53,-0.6734518784698766,0.3363628443480584,0.13062114904843547,0.1709289350474783,0.25798832965957896,0.32125347930969117,0.2059961719664376,0.2586640142026525,0.18651280458516425,0.2619712218262604
B_spec,10,54,-0.152732968175314,0.39355195098733453,0.20576269867084973,0.10936690772283275,0.28536386329827534,-0.33804398852663775,-0.316175758344178,0.014559599187802474,0.20016448989731928,-0.2132200492276711
B_spec,10,55,-3.3691761329542818,0.005254470370147035,0.3981808296974031,0.16487586930415066,0.5228815828908553,0.3395049434007482,0.31758417987929144,0.0028545964097218546,0.3619794272974697,0.21998123989658716
B_spec,10,56,-4.619805975449324,0.5464777318179797,0.4556765669792143,0.529006387295256,0.5175954170306009,0.6162026567342642,0.4758138724593972,0.5497928295403418,0.5007594571016903,0.5472697862446677
B_spec,10,57,-0.003276969052524281,0.12631603986342232,0.3079463003888585,0.42619531625393625,0.3227128319517092,0.29856947625725583,0.30154270262601224,0.32843618667056906,0.352284816198168,0.309516121851279
B_spec,10,58,0.0016149855084934828,0.33629339236243005,0.40705200700169386,0.2484184969673734,0.2995494620846163,0.16113614021010825,0.3628974615198418,0.3845501043494939,0.3183399886845612,0.30286123535981463
B_spec,10,59,-11.441847046652091,0.4615010158856361,0.47558448316655355,0.4383340677485178,0.2656474836531846,0.35347224588859816,0.17502587934853175,0.47690374344758313,0.39318867818941866,0.33513395622823766
B_spec,10,60,0.8622830469797895,0.5268673068460346,0.2792517454221991,0.3855648763241746,0.28720873314098494,0.43517721478052607,0.28745859035163,0.3363814272746849,0.31734178496245286,0.35300574413561364
B_spec,10,61,-0.9794020017221359,0.35205742012846886,0.3120678387577699,0.6013594719474715,0.710056097997286,0.6306219596685183,0.5866487061878898,0.0815249364968822,0.5411611362341758,0.43293186745109674
B_spec,10,62,-0.0004634585676672742,0.4807522325770316,0.4784583332518352,0.4332147539414921,0.22853564228040812,0.3513782157178945,0.09266501584314846,0.5079197337897192,0.3800695764912452,0.3173209884502541
B_spec,10,63,0.5819607773679927,0.4572559632811578,-0.16889600781214487,0.6225929901432359,0.0020671924626891602,0.3289922143629107,-0.5409376024420545,-0.27843237189276615,0.15192139159792672,-0.16345925332396996
B_spec,10,64,-1.2415610555006782,-1.4748084800367214,-1.2047363730473535,-0.4988352000394978,0.6165135837687219,0.5326291713464641,-1.9176485441413353,-0.6205520368326134,-0.36235266310604314,-0.6685238032091615
B_spec,10,65,0.2950131784842177,0.41933176855106435,0.46665259159508143,0.5180329188287174,0.5196957531800035,0.5285441636670971,0.5082269803969999,0.5159042919532162,0.5014604212012674,0.5175584786724378
B_spec,10,66,-0.039117455620043984,0.5110492121037563,0.4659022317299718,0.44221568437675574,0.26084855121991224,0.37601070385355095,0.1910896880644427,0.49225444918458205,0.3896554891088799,0.35311828036752524
B_spec,10,67,-1.6029415276638717,0.04178773196742025,-0.831514708462955,0.05430757385796481,-1.0415523480538829,0.2876891926714502,-0.029851177161368314,-0.061924615032779906,-0.606253160886291,0.06530446682576733
B_spec,10,68,0.5063450218996278,0.5142194101026945,0.14466966661269853,0.31667572969225755,0.3484271169285852,0.4086365727895195,0.33718217442369036,0.41100993703338473,0.2699241710778471,0.3856095614155315
B_spec,10,69,0.04314299763891771,0.17701203062041104,0.21902060256268874,0.37996972643836135,0.2525238182873142,0.40116191615392793,0.27272500216272977,0.32060331632196426,0.2838380490961214,0.3314967448795407
B_spec,10,70,-1.6161985089151831,0.28852036034866857,0.5495013762845671,0.4807237977952227,0.5184199276871141,0.02367281779176711,0.42765790703810447,0.43247654438056304,0.5162150339223013,0.2946024230701449
B_spec,10,71,0.10653144910376944,0.15099977191560943,0.17550024263713304,0.081687337964917,0.2028248992974484,0.2338495678520789,0.24359529478977593,0.17020936219864125,0.15333749329983282,0.2158847416134987
B_spec,10,72,0.516295479539482,0.49597345034650564,0.34266271301885054,0.11847345277686094,0.35497422111858756,0.3547638433493546,0.13075214672688174,-0.04961379986503589,0.2720367956380997,0.14530073007040015
B_spec,10,73,-1.3641951371955212,0.3062710210600087,0.0180313878433781,0.19100328081085538,0.1814679596633767,0.14336586830706533,0.2241058150236579,0.3622033629422948,0.13016754277253673,0.24322501542433936
B_spec,10,74,0.09258975364147548,-0.19337289548510306,-0.2534693291266028,0.6324450034166148,0.4660614382865311,0.10533675572927226,0.26423863982465867,0.20030010654709696,0.2816790375255144,0.18995850070034262
B_spec,10,75,-1.511314368030094,0.522831413363325,0.2832611970780051,0.3786218441854371,0.09992873662927226,0.3043445335386957,-0.053989477742834246,0.2813996056180704,0.2539372592975715,0.17725155380464397
B_spec,10,76,-0.3747826958721827,0.4183288232779525,0.3146497654661239,0.43697037863889976,-0.08151461737196031,0.36097452477885683,0.26173030912008255,0.5689663625806599,0.2233685089110211,0.3972237321598664
B_spec,10,77,-1.2035728268938652,-0.288474876731196,0.05110119817957459,0.5589316964399794,0.48567260966971426,0.4762566794079992,0.43737350737915703,-0.07732403766950924,0.36523516809642276,0.278768716372549
B_spec,10,78,0.8333306657820881,-0.22633533835026842,0.49115103243063507,0.667258135456917,0.6414965883014581,0.49639112654196815,0.5529358809954666,0.6307559134341669,0.5999685853963367,0.5600276403238672
B_spec,10,79,-0.42200236415867254,0.5089217146073666,-2.2304510691248507,0.540989875925481,-1.2779565212308235,0.1576590072121451,-0.5923679108278637,0.5506484815946334,-0.9891392381433978,0.038646525992971616
B_spec,10,80,0.19017021315198457,-0.3898263733252614,-0.3585419333880573,0.09539388868811127,-0.05085601376305049,-0.034814456091257995,-0.2327328839692444,0.03801825626763555,-0.1046680194876655,-0.07650969459762229
B_spec,10,81,0.0032902994948866837,0.54465957809123,-0.21657204646338712,0.42107996822660687,0.5559338585686036,0.05409849625507279,-0.48271101121448745,0.45458373784710193,0.2534805934439411,0.008657074295895758
B_spec,10,82,0.6440245347473497,0.5540155827506228,0.4288912178188192,0.7488708995526846,0.7185647063237889,0.7010715145189792,0.621919726157854,0.5297619679054433,0.6321089412317642,0.6175844028607588
B_spec,10,83,-0.04364438209124266,0.4364031766671347,0.4123382296638469,0.33181730491895933,0.35544147365616063,0.21287537536857137,0.3185994006199172,0.43356480592359403,0.3665323360796557,0.32167986063736087
B_spec,10,84,0.06376128911002876,0.213315257157491,0.1997876091395917,0.037510515237152986,-0.2470874381970274,0.38038287391803915,0.173763846768626,0.29860903138684425,-0.003263104606760899,0.28425191735783645
B_spec,10,85,0.8737971235558624,0.4751681628471568,0.5493323188946131,0.7131853196812119,0.6666231787180361,0.21768987075706703,0.564006612978546,0.6086633474820637,0.6430469390979537,0.46345327707255896
B_spec,10,86,-18.643639247921087,0.10278256786430062,-0.2056135160336816,0.6465031369331318,-0.46639614040735533,0.3114783779934107,-0.17272970655479658,0.4223559769049686,-0.008502173169301722,0.18703488278119426
B_spec,10,87,0.6998706276260792,-0.2636858188472866,0.03205657315384247,0.5909873091713329,0.6738860953585895,0.6037559599932791,0.5540857010135067,0.013437231238716651,0.43230999256125496,0.3904262974151675
B_spec,10,88,0.6721972188433496,0.3154623927115594,0.45463806502228454,0.22305965950094264,0.23824190603824902,0.1499055064364162,0.28208246275443927,0.41385774990416924,0.30531321018715873,0.2819485730316749
B_spec,10,89,0.801634947002468,0.4712329473943173,-0.16283144262719618,0.5841421511882923,-0.09710763292850766,0.38752238911515013,0.1696817063217705,0.26185360647287315,0.10806769187752947,0.2730192339699313
B_spec,10,90,0.10151688333615616,0.36918781099121656,0.4518298771369865,0.441070068379219,0.2959888499935116,0.40821023998704864,0.34531172369048335,0.42912019557266934,0.39629626516990574,0.39421405308340046
B_spec,10,91,0.08563962483128063,0.34016577733295483,0.4941311759811523,0.06111700745470672,0.07087644055678233,-0.18944041558430902,0.08148436096123013,0.36502446134533795,0.2087082079975471,0.08568946890741969
B_spec,10,92,-0.14506228728550785,0.4412489243818427,0.5006784565738893,0.44195508489774094,0.44064946578079855,0.4314710086708755,0.383261407754361,0.4793361137312663,0.46109433575080966,0.4313561767188343
B_spec,10,93,-1.233837708966866,-3.0075156635928106,-1.102643692166652,-0.29056217747007396,0.4716632707763271,-1.793543992088646,-0.6345222248794733,-2.7442412065553596,-0.30718086628679964,-1.7241024745078264
B_spec,10,94,-0.054292894886080134,0.47846068948446563,0.15829720255214197,0.3443358131466815,0.19169496873612957,0.15837427076087707,0.2634710396107687,0.3468780164355314,0.23144266147831768,0.2562411089357257
B_spec,10,95,-0.7655871012178241,-2.929124244726002,-0.168412391801676,0.09216423887111669,0.1866925854729954,0.4526854688597225,0.25511511194526804,0.23198669085040713,0.036814810847478695,0.31326242388513253
B_spec,10,96,0.3011066349038992,0.46402065931372216,0.3063733819163057,0.22000361682984548,0.3361987149565794,0.3821137856271817,0.27668652471329325,0.35567085810325694,0.28752523790091017,0.3381570561479106
B_spec,10,97,-0.07065989181834564,0.48305651921397286,-0.31087481712723863,0.4018653951312956,0.5086723737300415,0.06658053249310147,-0.2617644453518513,0.4117617052616006,0.19988765057803282,0.07219259746761693
B_spec,10,98,0.10071266882237828,0.16896167032596177,0.1826571758292559,0.1287454420619668,-0.010603752631307195,0.023873719279371874,0.027070003089857186,0.18434522394048147,0.10026628841997183,0.0784296487699035
B_spec,10,99,0.8594876055508017,0.47184155530214644,0.3879977690926111,0.25891028334964605,0.44551234265715933,0.19546201629885185,0.37321656883206844,0.430466693737785,0.36414013169980547,0.33304842628956843
B_spec,20,0,-0.10903792276094526,0.49389506328357635,0.49106865368931096,0.41241070601219576,0.2826966819097845,0.2306071116995465,0.1854776492257212,0.5240851493362539,0.3953920138704304,0.3133899700871739
B_spec,20,1,0.792114902896657,0.7947877275294299,0.5250950914280463,0.7139165947138912,0.7312222909823731,0.6624808415560092,0.6443056162057197,0.6613444648233169,0.6567446590414369,0.6560436408616819
B_spec,20,2,0.8620149417098835,0.5532689803739348,0.4293928640003286,0.6395432657677462,0.6552324814561321,0.650798914182257,0.5760250788002498,0.4976072815527772,0.574722870408069,0.5748104248450947
B_spec,20,3,0.7482147222372724,0.05577553339934049,0.13109994686447635,0.47745181972422035,0.5835562236663638,0.43835794954623086,0.3562382412034708,0.22091502709962607,0.39736933008502023,0.33850373928310923
B_spec,20,4,0.811175708418119,0.7640864114512409,0.4574610870311687,0.7144733579164319,0.6173014380661996,0.4776312858237268,0.5557447334824406,0.5821574031566257,0.5964119610046,0.538511140820931
B_spec,20,5,0.3557426624589216,-3.3631653412347156,0.4459716633653751,0.5972390763654585,0.5790711473787891,-0.9563790254850015,0.16309205450161401,0.39393376607901986,0.5407606290365409,-0.13311773496812254
B_spec,20,6,0.5917838413608847,0.5764879430968741,0.39084371704205234,0.6531687391484071,0.7036016992756176,0.6822844863675159,0.687035279224965,0.5758448187610672,0.5825380518220257,0.648388194784516
B_spec,20,7,0.8861336233241506,0.4546227226868653,0.45487345844478744,0.19104519003543186,0.2869495923124956,-0.04473541290341565,0.19748279732063623,0.4505243863498638,0.3109560802642383,0.20109059025569478
B_spec,20,8,0.3556457972182451,0.235765727797706,0.3833613496004725,0.7536565817273941,0.44158018692173306,0.19774439206067385,0.6695387341854,0.7235236270647684,0.5261993727498665,0.5302689177702807
B_spec,20,9,0.7828587939146965,0.5617253450005834,0.5411160806950748,0.7419270306044182,0.7018000495820131,0.7030076962411298,0.6737502475134409,0.6125929683626298,0.661614386960502,0.6631169707057335
B_spec,20,10,0.5766587175156319,0.3847270225509464,0.3656519131566014,0.3831951584839275,0.3704907207678436,0.5602641456070205,0.3441013950288041,0.4421698426096682,0.3731125974694575,0.44884512774849766
B_spec,20,11,0.8223002007214437,0.43123081100358396,0.45275375533155127,0.31903794987346323,0.3857158363530333,0.24583084322393944,0.4191851595145071,0.4400454444506551,0.38583584718601593,0.36835381572970055
B_spec,20,12,-0.12555686453545123,0.33157810069801164,0.26730182429037697,0.3786970819158768,0.4299924596123951,0.15038908415852448,-0.02109711478586429,0.38607126677794146,0.3586637886062163,0.1717877453835339
B_spec,20,13,0.6839829275834655,0.5183269025869444,0.43593729014539606,0.6127140259567614,0.5970530271441877,0.3307129030317264,0.4356259577177949,0.34679995010409825,0.5485681144154483,0.37104627028453985
B_spec,20,14,0.8918349526550773,0.38399197175342625,0.48110862626577133,0.3235867014778516,0.39128995694306734,0.2393547192225267,0.3681473189943717,0.478785504354415,0.3986617615622301,0.36209584752377116
B_spec,20,15,0.8435029312836928,0.0952286569359646,0.3345587893290016,0.6268994330861817,0.7411680573869776,0.6344024603307052,0.6051902603204928,0.0625252610943734,0.567542093267387,0.43403932724852384
B_spec,20,16,0.8368419222548312,0.8299593748248524,0.559871803409845,0.6346358282559714,0.6730832706028959,0.6227399012627632,0.5520267083562496,0.6263311914740546,0.6225303007562374,0.6003659336976891
B_spec,20,17,0.797555119467424,0.455987412660421,0.3936897158893806,0.4677538109511453,0.3879257549545657,0.49346284549908936,0.393316996645928,0.4305890810869004,0.41645642726503057,0.43912297441063924
B_spec,20,18,0.8072498396336227,0.38343986734994595,0.4215794825517273,0.19734165707665285,0.33946745731738326,0.14462014081922558,0.35756059226523307,0.41749193153726794,0.3194628656485878,0.30655755487390884
B_spec,20,19,-1.2295201993120748,-0.7178718583082124,0.46084609430924994,0.6132607177185263,0.6467279440264677,0.6646567021792542,0.5962024527234815,0.18962554061734715,0.5736115853514147,0.48349489850669425
B_spec,20,20,0.8812418429009612,0.9063396583846697,0.5716972103111565,0.7893851234158691,0.7583803902212677,0.7619404934846727,0.7169439164310587,0.6248393505985026,0.7064875746494311,0.7012412535047448
B_spec,20,21,0.7276495142253745,0.4434263147657993,0.362096872288022,0.2428728177887638,0.3997668235837688,0.413418107463437,0.41741705560838915,0.39903149020867523,0.33491217122018485,0.40995555109350046
B_spec,20,22,0.8136521757783876,0.8472503656305366,0.5788017636958716,0.7974544751073779,0.7476378649053581,0.7174546725365449,0.6928561909259974,0.6500593893244454,0.7079647012362025,0.6867900842623292
B_spec,20,23,0.4413638994125948,-0.09234141328459766,0.06559768849029601,0.08731630996785955,0.23079547276825785,0.22433364481170437,-0.08502348201307153,0.0742571799792503,0.12790315707547115,0.07118911425929438
B_spec,20,24,0.36484692010497033,-2.262901789419518,-0.5822872616933938,0.0783499209073476,0.5718317643829931,0.2900443024296422,0.4143654316951033,-0.8768046073179925,0.02263147453231562,-0.057464957731082324
B_spec,20,25,0.7517373396681978,0.8330198009867611,0.5189290192356575,0.7628532537796064,0.7495561009450797,0.7298368674535751,0.670303337285463,0.6120181531667129,0.6771127913201145,0.6707194526352503
B_spec,20,26,-0.10572887857888591,0.16622103483800388,-0.45965809539908276,0.022070996506247442,-0.22077022160537196,0.28946855347943423,0.0967348134003132,0.0696733576327715,-0.2194524401660691,0.15195890817083965
B_spec,20,27,0.8587080238374942,0.5828449532229818,0.5047580728973063,0.7309418320568435,0.6969519075214283,0.5820947896946201,0.5587598510346092,0.6166647019854993,0.6442172708251926,0.5858397809049095
B_spec,20,28,0.8720478230310184,0.8694844524289048,0.5359151422578528,0.6847676681078569,0.7254266456900577,0.6743145555524772,0.5946244278214097,0.566014529729604,0.6487031520185891,0.611651171034497
B_spec,20,29,0.7737991038887237,0.5039090204561218,-0.25447969327857134,0.6053298795727307,0.21763924221586228,0.6302118439645519,0.23334477341451898,0.6320875636701686,0.1894964761700072,0.4985480603497465
B_spec,20,30,0.7821853512627543,0.47893283241984863,0.24488491214242847,0.27315367826281556,0.4061690640302821,0.4245091636378835,0.35865019210076887,0.33400680061866794,0.30806921814517535,0.37238871878577345
B_spec,20,31,-0.0806349200761709,-0.16147742266554954,-0.5299368099584394,-0.05693567410814926,-0.21846833208635896,0.08914524869552398,-0.04290121154020676,-0.06734195312704294,-0.2684469387176492,-0.0070326386572419075
B_spec,20,32,0.8143210268301356,0.4021625184816694,0.5502068279629284,0.7596101493105862,0.7097637779611179,0.6654518075957583,0.6643775437462691,0.5913363511886157,0.6731935850782108,0.6403885675102144
B_spec,20,33,-3.028611206037823,-3.1282410405941414,-1.5223841985735045,-0.2934019883916126,0.20353504260066668,-0.01934872122117426,-0.026678677558896746,-1.9906531888093966,-0.5374170481214834,-0.6788935291964892
B_spec,20,34,0.8711545960131772,0.48560657952921216,0.4484512744064304,0.4087326288252372,0.38760489726738756,0.2540274191912223,0.28341614093960277,0.5304911123362122,0.4149296001663518,0.3559782241556791
B_spec,20,35,-0.013262187371877232,0.39969752241685697,0.4991700885608774,0.24298928500981254,0.22509017402037357,0.12199907317597514,0.2776114411662328,0.42778973246867624,0.32241651586368786,0.27580008227029473
B_spec,20,36,0.7587426065516975,0.462100129137778,0.46882031563989646,0.6788416456601162,0.6925521812852824,0.6284294943261837,0.6582640120035697,0.5578851421669991,0.6134047141950983,0.6148595494989175
B_spec,20,37,0.8609542630128055,-1.2868424170556345,0.5337600867897245,0.6881423276510716,0.677987773662311,0.5768790295054422,0.5567082139163003,0.550505731066673,0.6332967293677024,0.5613643248294719
B_spec,20,38,0.8859152803960718,0.48517999811381096,0.38921826009727856,0.34687954861504033,0.45152993152160115,0.4890123120921597,0.464539882586968,0.4163469093696768,0.3958759134113066,0.4566330346829348
B_spec,20,39,0.7825414980501467,0.7226660567485088,0.37943948353530066,0.6168779851147537,0.5965792626182914,0.40142660926009155,0.46515375452714736,0.5139416896894653,0.5309655770894486,0.46017401782556805
B_spec,20,40,0.7592784398819553,0.5347272278330669,-0.4591942624858534,0.5000521884526037,-0.12955897040243602,0.7005970156521386,0.31260817176428224,0.7582778818845884,-0.029567014811895238,0.5904943564336698
B_spec,20,41,0.8145631128300395,0.6891441087900778,0.5622765673269088,0.7193755315004547,0.7077515048215253,0.7204685706876737,0.6416308027587169,0.6250763830354669,0.6631345345496296,0.6623919188272858
B_spec,20,42,-1.98459190280201,0.9046351902172052,0.4235597140774021,0.6161121887370593,0.7070049024342149,0.6486003992233893,0.6002740499340693,0.19181518490072136,0.5822256017495587,0.4802298780193934
B_spec,20,43,0.7988517020312663,0.5527464060131205,0.2316268645332069,0.4384719824075425,0.6150052162542525,0.465912993891095,0.5503074514912928,0.4721745240633922,0.42836802106500066,0.4961316564819267
B_spec,20,44,-0.4517421737749887,-0.4906896654031312,0.16078160475865666,0.5373491182046735,0.7332935595267891,0.5692679939180326,0.6476808868947223,-0.0023426001925206386,0.47714142749670635,0.4048687602067447
B_spec,20,45,0.6188851805118767,0.46450853741799625,0.38643741931086817,0.3130050570052165,0.3407164249416663,0.213024474089885,0.33979347812374905,0.3797522034075712,0.3467196337525837,0.31085671854040176
B_spec,20,46,-0.28869068132676867,0.5308423689595515,0.49528255660765996,0.5187637360109203,0.4916921041761403,0.3489387447692911,0.4068081510220878,0.5642759759233904,0.5019127989315736,0.4400076239049231
B_spec,20,47,0.4607436941740405,-47.843310582910355,0.6261979867474997,0.8118340235468171,0.8237826901125795,-0.03013274438416591,0.5868171441798383,0.767804700869143,0.7539382334689654,0.4414963668882718
B_spec,20,48,0.8181185449605907,0.18073114016650105,0.5161661626954108,0.32883455052935917,0.38216320048080854,0.20128190434733517,0.26056762168958436,0.4650596075605219,0.40905463790185953,0.3089697111991471
B_spec,20,49,0.8121902539026071,0.8704877783916781,0.2880132415696546,0.5485100883103343,0.6008793268381191,0.46086954054190143,0.43593002400514913,0.42766100535876783,0.47913421890603597,0.44148685663527276
B_spec,20,50,0.16856432187868764,0.6050528781118081,0.4460019832383223,0.5417500284608876,0.47546891212732256,0.4878323451886495,0.4316246010938264,0.5190219075392143,0.48774030794217743,0.47949295127389674
B_spec,20,51,0.7798566266713225,0.6047124907638972,0.5218189838165017,0.7476108084928419,0.7272833725730046,0.7204311332892774,0.7046676447489639,0.6540736483014342,0.6655710549607827,0.6930574754465585
B_spec,20,52,0.8671633173206267,0.5793660056719483,0.5665449539749721,0.7521741052089493,0.7244364798338756,0.7338135726639345,0.6826654521901419,0.5817283333038485,0.6810518463392657,0.666069119385975
B_spec,20,53,0.7897613472937499,-0.4051026402143745,0.5076027484988432,0.7436129066728605,0.7338150738775279,0.7003502329923225,0.6905831143220938,0.5765206387960102,0.6616769096830772,0.6558179953701422
B_spec,20,54,0.875833978003353,0.44730991821043553,0.4381739558410507,0.24986065668115043,0.29020031954905523,0.20068468758786173,0.3276027595542462,0.4117910040538426,0.32607831069041876,0.3133594837319835
B_spec,20,55,0.8718021965876032,-0.28058721353212723,0.46754456940430866,0.7271588590650637,0.7527221232903527,0.700076594775028,0.6927433299118284,0.5356921946697373,0.649141850586575,0.6428373731188646
B_spec,20,56,0.09649564536512778,0.38133659765578887,0.4429033402110484,0.3299475993962424,0.5273025314849169,0.568099785286143,0.4167130869504352,0.38045861001082637,0.4333844903640693,0.4550904940824682
B_spec,20,57,0.5254594357201584,0.5977196057466676,0.39197449939761975,0.6803239738327571,0.6922058798641646,0.5935668610443392,0.6051876836516389,0.5230082388943402,0.5881681176981804,0.5739209278634395
B_spec,20,58,0.7807235817657571,-2.1235869172771995,0.4319938116951978,0.09325471105052985,0.18773319369957342,-0.04973962939993104,0.11053924562180684,0.4181596898451492,0.2376605721484337,0.15965310202234165
B_spec,20,59,0.874557906810093,0.4141369748280206,0.3772467505438062,0.3167369587536891,0.4082184078963226,0.30263946478901915,0.4087048419933548,0.40649520606213285,0.36740070573127265,0.372613170948169
B_spec,20,60,0.366594243227085,-0.32035706557729604,0.0467766791459957,0.4487940337222529,0.5155247004280091,0.43819281070057314,0.46045621162803585,0.3970898582570227,0.3370318044320859,0.4319129601952105
B_spec,20,61,0.8318512382407278,0.45519393911893813,0.3562551403550184,0.34531970182336824,0.38687672688084374,0.38352713437161456,0.4009018958548386,0.3752534466090228,0.36281718968641014,0.38656082561182536
B_spec,20,62,0.6746847177465027,0.4200320657425116,0.4119368561509379,0.32033698325845894,0.31914663719624226,0.32073069875282123,0.36457763231673546,0.3809659611557227,0.35047349220187973,0.35542476407509316
B_spec,20,63,0.7064186144936202,0.7686068571853995,0.4047606626508772,0.6661054524873947,0.7896257921898742,0.6915720921692772,0.7311714666759843,0.5511424464295943,0.620163969109382,0.6579620017582853
B_spec,20,64,0.8478447012501494,0.3406025089093606,0.5845060847081465,0.773558211753768,0.7759187129633791,0.7404255165642033,0.7482641211796603,0.6605117807502502,0.7113276698084312,0.7164004728313712
B_spec,20,65,0.7399328942260075,0.5426640469277415,0.30733384504442585,0.6610647321664463,0.6150299330105651,0.4924229836752564,0.5016541022755365,0.45100360379023363,0.5278095034071457,0.4816935632470088
B_spec,20,66,-0.4213869983097882,-2.3200847542243452,0.23341110396538245,0.4280345614505887,0.5219558652605283,0.18556214267865556,-0.11879684682640113,0.5030910986644122,0.39446717689216654,0.18995213150555554
B_spec,20,67,0.8924582569538717,0.9012408930625819,0.4227883087094576,0.6411243175082896,0.5871903164609127,0.6606850938264208,0.5125104436862515,0.5175494136927967,0.5503676475595533,0.5635816504018231
B_spec,20,68,-1.8635842886415803,0.5368303006834317,0.35121187563065437,0.5270336209873593,0.5995851842462339,0.6227441124246117,0.5451351894680154,0.12200180691313345,0.4926102269547492,0.42996036960192013
B_spec,20,69,0.8545266040751232,0.5212891734018092,0.46675355260781326,0.2523936470299588,0.3133944098342496,0.15569258902693806,0.327230443875985,0.42359751505072385,0.34418053649067387,0.30217351598454895
B_spec,20,70,0.6851165778854101,-0.3096180359470806,0.5243186763873473,0.7622521110463821,0.7568307940691693,0.7229666950744809,0.7055378170145676,0.6378603224543502,0.6811338605009664,0.688788278181133
B_spec,20,71,0.8366590772701837,0.38100410706807186,0.47031294324492123,0.699803401504701,0.6439163200375295,0.6106059916144629,0.6179088301788176,0.6236503115202604,0.6046775549290506,0.6173883777711803
B_spec,20,72,0.8068179016514256,-0.3287206564417493,0.421819950958499,0.16390595650709083,0.34412740820421117,0.16297431811054464,0.3455278779149873,0.41483978455456294,0.309951105223267,0.307780660193365
B_spec,20,73,0.887079990392884,0.3629250245695972,0.4831982481544135,0.17965463439712237,0.35124915768678333,-0.03356237861519551,0.2788866455508452,0.46177011240549193,0.33803401341277306,0.2356981264470472
B_spec,20,74,0.7673349934870889,0.8210556855184619,0.5576207152493915,0.661669552241013,0.7043598489859588,0.609088598298468,0.5409407899737833,0.5804701743962022,0.6412167054921211,0.5768331875561511
B_spec,20,75,0.5591287160821663,-2.8579098370252556,-0.054935417755163085,0.500776513158448,0.7359364137671323,0.5217093732843994,0.6541267235119386,-0.13230483447061414,0.39392583639013906,0.3478437541085746
B_spec,20,76,0.7220054605580236,0.5550308830852865,0.5152964601478,0.7372349674190541,0.7018585414929392,0.5954300466485354,0.6013779335920233,0.5790177985032621,0.6514633230199312,0.5919419262479403
B_spec,20,77,0.8743158545530321,0.5628173201027803,0.5637921862471079,0.7550390426531866,0.7300998750135045,0.7306454548021746,0.6823203349935418,0.5833571146283627,0.682977034637933,0.6654409681413597
B_spec,20,78,0.7984965478627992,0.5410611034457675,0.5479303717984889,0.7665177763788229,0.7164659672786726,0.7106785533364901,0.6887923761989745,0.6110802994986888,0.6769713718186615,0.6701837430113845
B_spec,20,79,0.3889671538346767,0.6672083856624,-0.2837084288474643,0.34473489393097145,0.37582220289286183,0.34661201795250585,0.18867249147750287,0.01990022076377751,0.14561622265878968,0.18506157673126208
B_spec,20,80,0.8065648444296855,0.533902628024392,0.4435623936901567,0.3516627638621297,0.437097750530812,0.3373108264965313,0.4248916320847338,0.4827886374224407,0.41077430269436616,0.4149970320012353
B_spec,20,81,0.7996352208618253,0.5118747108973312,0.3804984994185858,0.41712260570348336,0.6396480468719264,0.5964691654593646,0.4904788815538431,0.09171381685271729,0.47908971733133193,0.3928872879553083
B_spec,20,82,0.43677468078778303,0.7572068725666719,0.25238475692533413,0.6253399463969137,0.629607384868988,0.6059691062971941,0.5847484985094484,0.536151490579305,0.5024440293970787,0.5756230317953158
B_spec,20,83,0.3984292110918912,0.32474111153779295,0.49124179146800984,0.1552326023254167,0.15952594745138038,-0.08972759499265082,0.15302947912660347,0.38236355889577067,0.26866678041493564,0.14855514767657443
B_spec,20,84,-0.5019034985722897,0.5412648249822074,-0.07146817594857202,0.3684819578412454,0.7138484746724074,0.4187254083252967,0.614365790825212,-0.19309064138934162,0.33695408552169354,0.28000018592038906
B_spec,20,85,-0.3776608883504269,-24.04323107250151,0.03197316062714406,0.47473261128272515,0.06115211919830643,-1.4461799734388041,0.39490451134447246,0.1421525065007192,0.1892859637027252,-0.3030409851978708
B_spec,20,86,0.37257836601132,0.3828170588510751,0.3541988423818847,0.2050162839150561,0.3728063886299894,-0.06005157901996894,-0.09977894171698187,-0.02738136934757729,0.3106738383089767,-0.062403963361509364
B_spec,20,87,0.17285336882629454,-79.24641143957676,0.19910224283884448,0.5913583408816182,0.627173753343183,0.5817870778768762,0.5403573028652691,0.7067197045754718,0.4725447790212152,0.6096213617725391
B_spec,20,88,0.5514225876064431,-1.3831061235235724,0.3682684480579794,0.3841446272286053,0.46809718571723036,0.5755669073122389,0.35578356180454174,0.4406200409040537,0.4068367536679383,0.4573235033402781
B_spec,20,89,0.7342426877300383,0.46077585731837656,0.2491748970252966,0.5410785104674132,0.43040263116535904,0.542279125515259,0.3774804939530476,0.25975781293718603,0.40688534621935624,0.39317247746849754
B_spec,20,90,0.326702827408597,0.08985903795930616,0.4550111768311945,0.5612534176703677,0.6921844878936579,-0.3705476522054092,0.43559258046961147,-0.22714692003042236,0.5694830274650734,-0.054033997255406696
B_spec,20,91,0.7679290359638624,0.6101403205416598,0.41569478360267986,0.7120528678280815,0.661549593796725,0.652034565643377,0.5999793890344454,0.629679315955573,0.5964324150758288,0.6272310902111319
B_spec,20,92,0.8213718442135083,0.8580473654825097,0.43124664911807886,0.3161347438151916,0.47662207371302756,0.28074150704274736,0.4367050525212619,0.46003471067230906,0.408001155548766,0.39249375674543946
B_spec,20,93,0.29395406163183646,0.21623741258883222,0.3452734584309375,0.07401835320744221,0.40929710662961183,0.36957937603570856,0.2612936208324278,0.26884980185245766,0.2761963060893305,0.29990759957353136
B_spec,20,94,-1.418315043315601,0.43510894082232343,0.23853927672543496,0.6375661282307595,0.6221938039090019,0.5330260642155451,0.48770054433218724,0.3336177961060345,0.4994330696217322,0.45144813488458896
B_spec,20,95,-0.4999125783962659,0.4435459935011894,0.4677680827297387,0.6028564512366803,0.7102714583630622,0.6715295263615856,0.6133925702198897,0.2519339150657418,0.5936319974431604,0.512285337215739
B_spec,20,96,0.823925918399587,0.41873981586764997,0.03218314408233469,0.5581492092277331,0.629018301508653,0.5801285569696535,0.5681923947717431,0.2896017776694425,0.406450218272907,0.4793075764702797
B_spec,20,97,0.8365388247923922,0.43412028250348844,0.4355502343972978,0.31352978029036505,0.34154631865030327,0.23248672410697413,0.34800551632983023,0.4433363351265799,0.36354211111265533,0.3412761918544614
B_spec,20,98,0.31877712740630426,0.26174705902982165,0.21608231695941882,0.4469890139091828,0.5443986657108573,0.4629625213441122,0.42702762030827135,0.24821883025016578,0.4024899988598196,0.3794029906341831
B_spec,20,99,0.10503695562430027,0.4934674512190914,0.4948757686345886,0.5015304067941413,0.47245217073173507,0.5245452012728637,0.492575460969376,0.4970101189628944,0.489619448720155,0.5047102604017114
