task,shot,rep,r2,model
diesel-BP50,5,0,-0.6721213725400743,protonet_frozen
diesel-BP50,5,1,-0.1710112583170613,protonet_frozen
diesel-BP50,5,2,0.0290764109402285,protonet_frozen
diesel-BP50,5,3,-0.5897693576939338,protonet_frozen
diesel-BP50,5,4,-0.0040656941323069,protonet_frozen
diesel-BP50,5,5,-0.2490350236586793,protonet_frozen
diesel-BP50,5,6,-0.036031992706621,protonet_frozen
diesel-BP50,5,7,0.1584107402112503,protonet_frozen
diesel-BP50,5,8,-0.2345759097049828,protonet_frozen
diesel-BP50,5,9,-0.468721929050832,protonet_frozen
diesel-BP50,5,10,-0.0052190926623496,protonet_frozen
diesel-BP50,5,11,-3.8213107835903593,protonet_frozen
diesel-BP50,5,12,-0.0380130303922332,protonet_frozen
diesel-BP50,5,13,0.0138036655272715,protonet_frozen
diesel-BP50,5,14,-0.2381972516508816,protonet_frozen
diesel-BP50,5,15,0.0396802809511011,protonet_frozen
diesel-BP50,5,16,-0.6118798647008308,protonet_frozen
diesel-BP50,5,17,-0.5382684123440222,protonet_frozen
diesel-BP50,5,18,-11.784142969463897,protonet_frozen
diesel-BP50,5,19,-0.1030840167681916,protonet_frozen
diesel-BP50,5,20,-0.0826403932833159,protonet_frozen
diesel-BP50,5,21,-0.6109876501925575,protonet_frozen
diesel-BP50,5,22,-1.459692599208592,protonet_frozen
diesel-BP50,5,23,-0.5476795341497396,protonet_frozen
diesel-BP50,5,24,-0.2342731637830482,protonet_frozen
diesel-BP50,5,25,-0.0955660644433809,protonet_frozen
diesel-BP50,5,26,-0.4787862462007832,protonet_frozen
diesel-BP50,5,27,0.0484831977656302,protonet_frozen
diesel-BP50,5,28,-0.4784422741599381,protonet_frozen
diesel-BP50,5,29,-4.296523517968047,protonet_frozen
diesel-BP50,10,0,-0.1380844295249454,protonet_frozen
diesel-BP50,10,1,0.0915323791170186,protonet_frozen
diesel-BP50,10,2,-0.059776449527684,protonet_frozen
diesel-BP50,10,3,0.0766373292746448,protonet_frozen
diesel-BP50,10,4,-0.261126184237729,protonet_frozen
diesel-BP50,10,5,0.0185933755988015,protonet_frozen
diesel-BP50,10,6,-0.0980195746279151,protonet_frozen
diesel-BP50,10,7,-0.3980495624532258,protonet_frozen
diesel-BP50,10,8,-0.0630222990298245,protonet_frozen
diesel-BP50,10,9,0.0046966574232357,protonet_frozen
diesel-BP50,10,10,0.0294275509171013,protonet_frozen
diesel-BP50,10,11,-0.217730013113905,protonet_frozen
diesel-BP50,10,12,0.2337690743766373,protonet_frozen
diesel-BP50,10,13,-0.0548385150188313,protonet_frozen
diesel-BP50,10,14,-0.1632542506799992,protonet_frozen
diesel-BP50,10,15,-0.2043059033439962,protonet_frozen
diesel-BP50,10,16,-0.1375668470703959,protonet_frozen
diesel-BP50,10,17,0.1005885910832617,protonet_frozen
diesel-BP50,10,18,-2.160830047603197,protonet_frozen
diesel-BP50,10,19,0.050545880755028,protonet_frozen
diesel-BP50,10,20,0.3205750919268511,protonet_frozen
diesel-BP50,10,21,-0.0002432840004873,protonet_frozen
diesel-BP50,10,22,0.1755751490400999,protonet_frozen
diesel-BP50,10,23,-0.2284344224978562,protonet_frozen
diesel-BP50,10,24,-0.0358262875464809,protonet_frozen
diesel-BP50,10,25,-0.0299970345073923,protonet_frozen
diesel-BP50,10,26,0.0035025810470158,protonet_frozen
diesel-BP50,10,27,0.0863744965886554,protonet_frozen
diesel-BP50,10,28,-0.003336308089417,protonet_frozen
diesel-BP50,10,29,-0.0304258293551291,protonet_frozen
diesel-BP50,20,0,-0.0013047691765739,protonet_frozen
diesel-BP50,20,1,0.2503332872652325,protonet_frozen
diesel-BP50,20,2,-0.1214038405369881,protonet_frozen
diesel-BP50,20,3,0.0619219827481962,protonet_frozen
diesel-BP50,20,4,0.0605270744230834,protonet_frozen
diesel-BP50,20,5,0.1355552183011557,protonet_frozen
diesel-BP50,20,6,0.2279741853818145,protonet_frozen
diesel-BP50,20,7,-0.0149912634086315,protonet_frozen
diesel-BP50,20,8,0.0764978035873805,protonet_frozen
diesel-BP50,20,9,-0.8034380073744098,protonet_frozen
diesel-BP50,20,10,-0.2438144025103179,protonet_frozen
diesel-BP50,20,11,0.1228892005663317,protonet_frozen
diesel-BP50,20,12,0.0227599545500156,protonet_frozen
diesel-BP50,20,13,0.2030424564253433,protonet_frozen
diesel-BP50,20,14,-0.0155335951574584,protonet_frozen
diesel-BP50,20,15,-0.1126091566702762,protonet_frozen
diesel-BP50,20,16,0.0622710114394542,protonet_frozen
diesel-BP50,20,17,0.1103263259614754,protonet_frozen
diesel-BP50,20,18,0.0348713120206126,protonet_frozen
diesel-BP50,20,19,0.189673444355878,protonet_frozen
diesel-BP50,20,20,0.0545151927580636,protonet_frozen
diesel-BP50,20,21,-0.116395668519367,protonet_frozen
diesel-BP50,20,22,0.1578871248440206,protonet_frozen
diesel-BP50,20,23,-0.1848854049089807,protonet_frozen
diesel-BP50,20,24,-0.0151608210267424,protonet_frozen
diesel-BP50,20,25,0.1794811252434887,protonet_frozen
diesel-BP50,20,26,-0.2032409816186922,protonet_frozen
diesel-BP50,20,27,0.0723665536212689,protonet_frozen
diesel-BP50,20,28,-0.0038123555794291,protonet_frozen
diesel-BP50,20,29,0.1168023275001844,protonet_frozen
diesel-CN,5,0,-0.1603936017416913,protonet_frozen
diesel-CN,5,1,-0.0050104278362748,protonet_frozen
diesel-CN,5,2,0.0042213280564986,protonet_frozen
diesel-CN,5,3,-0.2398713760608335,protonet_frozen
diesel-CN,5,4,0.1268368157209406,protonet_frozen
diesel-CN,5,5,0.1275320017474231,protonet_frozen
diesel-CN,5,6,0.0690324451320952,protonet_frozen
diesel-CN,5,7,-0.0983346251595764,protonet_frozen
diesel-CN,5,8,-0.1249733025115991,protonet_frozen
diesel-CN,5,9,0.0988133752977806,protonet_frozen
diesel-CN,5,10,-0.0033383428492868,protonet_frozen
diesel-CN,5,11,-0.3691759673957666,protonet_frozen
diesel-CN,5,12,-0.3164170534745254,protonet_frozen
diesel-CN,5,13,-28.95060129733924,protonet_frozen
diesel-CN,5,14,0.068643182457464,protonet_frozen
diesel-CN,5,15,-0.0364947698585889,protonet_frozen
diesel-CN,5,16,0.026180446789598,protonet_frozen
diesel-CN,5,17,0.1017066060554152,protonet_frozen
diesel-CN,5,18,-0.2921399273652891,protonet_frozen
diesel-CN,5,19,0.1054188321740734,protonet_frozen
diesel-CN,5,20,0.0287196622613573,protonet_frozen
diesel-CN,5,21,0.2253339472578926,protonet_frozen
diesel-CN,5,22,0.0391029131281178,protonet_frozen
diesel-CN,5,23,-0.0848821909222969,protonet_frozen
diesel-CN,5,24,-0.0760265058364297,protonet_frozen
diesel-CN,5,25,0.0856285881899115,protonet_frozen
diesel-CN,5,26,0.1658634590986977,protonet_frozen
diesel-CN,5,27,-0.0258555367526662,protonet_frozen
diesel-CN,5,28,-0.2123965031891681,protonet_frozen
diesel-CN,5,29,-0.211015207614388,protonet_frozen
diesel-CN,10,0,0.1145365357610125,protonet_frozen
diesel-CN,10,1,0.169677482104667,protonet_frozen
diesel-CN,10,2,-0.1632614614353178,protonet_frozen
diesel-CN,10,3,0.1579483195924388,protonet_frozen
diesel-CN,10,4,0.062905305651885,protonet_frozen
diesel-CN,10,5,-0.0051703803182621,protonet_frozen
diesel-CN,10,6,0.070751156773533,protonet_frozen
diesel-CN,10,7,0.1616095842313325,protonet_frozen
diesel-CN,10,8,0.215926317680313,protonet_frozen
diesel-CN,10,9,0.1450496591483268,protonet_frozen
diesel-CN,10,10,-0.53693334193713,protonet_frozen
diesel-CN,10,11,-0.1248208423741235,protonet_frozen
diesel-CN,10,12,0.1479060111877812,protonet_frozen
diesel-CN,10,13,0.0414578573065341,protonet_frozen
diesel-CN,10,14,0.1995154711507136,protonet_frozen
diesel-CN,10,15,-0.2255920039888268,protonet_frozen
diesel-CN,10,16,-0.1838632236176327,protonet_frozen
diesel-CN,10,17,-1.8902950389431956,protonet_frozen
diesel-CN,10,18,0.1990519340214223,protonet_frozen
diesel-CN,10,19,-0.0772805306446506,protonet_frozen
diesel-CN,10,20,0.1883001939502924,protonet_frozen
diesel-CN,10,21,0.0799097522129261,protonet_frozen
diesel-CN,10,22,-0.5303785036715589,protonet_frozen
diesel-CN,10,23,0.1739016010678206,protonet_frozen
diesel-CN,10,24,0.128635910760637,protonet_frozen
diesel-CN,10,25,-0.4586519111958971,protonet_frozen
diesel-CN,10,26,0.173812791063886,protonet_frozen
diesel-CN,10,27,0.2801838671739866,protonet_frozen
diesel-CN,10,28,-0.0168730839412922,protonet_frozen
diesel-CN,10,29,-0.0677992057768621,protonet_frozen
diesel-CN,20,0,0.1512091899361564,protonet_frozen
diesel-CN,20,1,-0.029219106138776,protonet_frozen
diesel-CN,20,2,0.118809847957105,protonet_frozen
diesel-CN,20,3,0.1636954382873787,protonet_frozen
diesel-CN,20,4,0.2029836673486653,protonet_frozen
diesel-CN,20,5,0.1677467575826243,protonet_frozen
diesel-CN,20,6,0.3018205517723923,protonet_frozen
diesel-CN,20,7,0.004896548822181,protonet_frozen
diesel-CN,20,8,0.1622179267994945,protonet_frozen
diesel-CN,20,9,0.1651056259857312,protonet_frozen
diesel-CN,20,10,-0.0293989603329813,protonet_frozen
diesel-CN,20,11,0.1840663633291082,protonet_frozen
diesel-CN,20,12,-0.1575154502618181,protonet_frozen
diesel-CN,20,13,0.1384918879611361,protonet_frozen
diesel-CN,20,14,0.1837638474029731,protonet_frozen
diesel-CN,20,15,0.2357107735390483,protonet_frozen
diesel-CN,20,16,0.1197669745680207,protonet_frozen
diesel-CN,20,17,0.1137148388069229,protonet_frozen
diesel-CN,20,18,0.2953905395171123,protonet_frozen
diesel-CN,20,19,0.194109312904025,protonet_frozen
diesel-CN,20,20,-0.554017830361949,protonet_frozen
diesel-CN,20,21,0.1258862746494029,protonet_frozen
diesel-CN,20,22,0.2110655597393332,protonet_frozen
diesel-CN,20,23,0.2409529090111495,protonet_frozen
diesel-CN,20,24,0.2399035836087936,protonet_frozen
diesel-CN,20,25,0.2098320470257408,protonet_frozen
diesel-CN,20,26,0.1615997874865169,protonet_frozen
diesel-CN,20,27,0.0060063167636723,protonet_frozen
diesel-CN,20,28,0.2583404926833483,protonet_frozen
diesel-CN,20,29,0.1854702235458358,protonet_frozen
diesel-D4052,5,0,-23.616185350641064,protonet_frozen
diesel-D4052,5,1,0.2622273170337118,protonet_frozen
diesel-D4052,5,2,-0.9366938523206724,protonet_frozen
diesel-D4052,5,3,0.1836319410915001,protonet_frozen
diesel-D4052,5,4,0.2620944689574407,protonet_frozen
diesel-D4052,5,5,-0.1722644563898683,protonet_frozen
diesel-D4052,5,6,-0.5738471413978916,protonet_frozen
diesel-D4052,5,7,0.0807367266639087,protonet_frozen
diesel-D4052,5,8,-0.1930232921553187,protonet_frozen
diesel-D4052,5,9,0.0016471687447352,protonet_frozen
diesel-D4052,5,10,0.2144368469383535,protonet_frozen
diesel-D4052,5,11,-0.0767705081134322,protonet_frozen
diesel-D4052,5,12,-114.44529482469888,protonet_frozen
diesel-D4052,5,13,-0.227548300543003,protonet_frozen
diesel-D4052,5,14,0.0212885352621583,protonet_frozen
diesel-D4052,5,15,-8.244860117815753,protonet_frozen
diesel-D4052,5,16,-0.1501501912923943,protonet_frozen
diesel-D4052,5,17,-0.0618177614789388,protonet_frozen
diesel-D4052,5,18,-0.047431620390886,protonet_frozen
diesel-D4052,5,19,-1.0405494559065294,protonet_frozen
diesel-D4052,5,20,-0.0496462855046035,protonet_frozen
diesel-D4052,5,21,0.3555644303678733,protonet_frozen
diesel-D4052,5,22,-8.18791733661175,protonet_frozen
diesel-D4052,5,23,0.0690652177910181,protonet_frozen
diesel-D4052,5,24,0.1459994273765362,protonet_frozen
diesel-D4052,5,25,-0.2702898087771941,protonet_frozen
diesel-D4052,5,26,-0.1638006565555623,protonet_frozen
diesel-D4052,5,27,0.0640013169885482,protonet_frozen
diesel-D4052,5,28,-0.3182249603976836,protonet_frozen
diesel-D4052,5,29,-75.56684506385378,protonet_frozen
diesel-D4052,10,0,-0.0453339417741551,protonet_frozen
diesel-D4052,10,1,0.1371056413576374,protonet_frozen
diesel-D4052,10,2,0.2954532855221256,protonet_frozen
diesel-D4052,10,3,0.3629574745182043,protonet_frozen
diesel-D4052,10,4,-0.083306256987605,protonet_frozen
diesel-D4052,10,5,0.1937067814092457,protonet_frozen
diesel-D4052,10,6,0.1040970964689825,protonet_frozen
diesel-D4052,10,7,0.213830504471196,protonet_frozen
diesel-D4052,10,8,0.3940254639740499,protonet_frozen
diesel-D4052,10,9,0.4143541874223857,protonet_frozen
diesel-D4052,10,10,0.2676433988745941,protonet_frozen
diesel-D4052,10,11,0.0775054952883389,protonet_frozen
diesel-D4052,10,12,0.3665493015788306,protonet_frozen
diesel-D4052,10,13,0.3160402796747976,protonet_frozen
diesel-D4052,10,14,0.4381297202772133,protonet_frozen
diesel-D4052,10,15,-0.0465919315711123,protonet_frozen
diesel-D4052,10,16,0.359018267229289,protonet_frozen
diesel-D4052,10,17,-0.1911555537702995,protonet_frozen
diesel-D4052,10,18,0.4219222574846978,protonet_frozen
diesel-D4052,10,19,0.3191127747799481,protonet_frozen
diesel-D4052,10,20,0.2362562610499889,protonet_frozen
diesel-D4052,10,21,0.2797253429059093,protonet_frozen
diesel-D4052,10,22,0.0792318861462666,protonet_frozen
diesel-D4052,10,23,0.0801183952066751,protonet_frozen
diesel-D4052,10,24,0.430172032391618,protonet_frozen
diesel-D4052,10,25,0.3384502277754252,protonet_frozen
diesel-D4052,10,26,0.2395976913016352,protonet_frozen
diesel-D4052,10,27,-0.0434501132184133,protonet_frozen
diesel-D4052,10,28,0.2722927735686107,protonet_frozen
diesel-D4052,10,29,0.1181197767144143,protonet_frozen
diesel-D4052,20,0,0.4268455602135356,protonet_frozen
diesel-D4052,20,1,0.5138123094800253,protonet_frozen
diesel-D4052,20,2,0.3218610178317334,protonet_frozen
diesel-D4052,20,3,0.2052885188029745,protonet_frozen
diesel-D4052,20,4,0.5867308063367522,protonet_frozen
diesel-D4052,20,5,0.3798124389590177,protonet_frozen
diesel-D4052,20,6,0.2994375356873048,protonet_frozen
diesel-D4052,20,7,0.1976593324729959,protonet_frozen
diesel-D4052,20,8,0.2857038287968986,protonet_frozen
diesel-D4052,20,9,0.349105615852414,protonet_frozen
diesel-D4052,20,10,0.3378222396509036,protonet_frozen
diesel-D4052,20,11,0.2673977258457367,protonet_frozen
diesel-D4052,20,12,0.1991844874702344,protonet_frozen
diesel-D4052,20,13,0.2019459209587777,protonet_frozen
diesel-D4052,20,14,0.4477133942759873,protonet_frozen
diesel-D4052,20,15,0.4621551790386023,protonet_frozen
diesel-D4052,20,16,0.3468497521225422,protonet_frozen
diesel-D4052,20,17,0.3788533763395664,protonet_frozen
diesel-D4052,20,18,0.5077145703714918,protonet_frozen
diesel-D4052,20,19,0.2920426332787756,protonet_frozen
diesel-D4052,20,20,0.1688818652946588,protonet_frozen
diesel-D4052,20,21,0.259424061322147,protonet_frozen
diesel-D4052,20,22,0.3914198823738396,protonet_frozen
diesel-D4052,20,23,0.295152835838453,protonet_frozen
diesel-D4052,20,24,0.3934572507430668,protonet_frozen
diesel-D4052,20,25,0.3246396725453152,protonet_frozen
diesel-D4052,20,26,0.375200711359111,protonet_frozen
diesel-D4052,20,27,0.3439603471024903,protonet_frozen
diesel-D4052,20,28,0.4685949163932714,protonet_frozen
diesel-D4052,20,29,0.3824627606036488,protonet_frozen
diesel-FLASH,5,0,-0.4959607708645421,protonet_frozen
diesel-FLASH,5,1,-0.9781642144571268,protonet_frozen
diesel-FLASH,5,2,-0.5082505209558084,protonet_frozen
diesel-FLASH,5,3,-0.5612891475855253,protonet_frozen
diesel-FLASH,5,4,-0.5733365195241087,protonet_frozen
diesel-FLASH,5,5,-0.8553322005957125,protonet_frozen
diesel-FLASH,5,6,-0.328825032376387,protonet_frozen
diesel-FLASH,5,7,-1.1608756079768088,protonet_frozen
diesel-FLASH,5,8,-0.078777453755952,protonet_frozen
diesel-FLASH,5,9,-0.1961537755169766,protonet_frozen
diesel-FLASH,5,10,-0.0352736222775289,protonet_frozen
diesel-FLASH,5,11,-0.065594993520448,protonet_frozen
diesel-FLASH,5,12,0.0001653013417932,protonet_frozen
diesel-FLASH,5,13,-0.2765335058767058,protonet_frozen
diesel-FLASH,5,14,-0.0512610530366064,protonet_frozen
diesel-FLASH,5,15,-0.3388093471093949,protonet_frozen
diesel-FLASH,5,16,-1.3413720412236874,protonet_frozen
diesel-FLASH,5,17,-0.0444920891887221,protonet_frozen
diesel-FLASH,5,18,-0.4084628620297419,protonet_frozen
diesel-FLASH,5,19,-0.2050546309314707,protonet_frozen
diesel-FLASH,5,20,-0.134171469287025,protonet_frozen
diesel-FLASH,5,21,-0.3272223907080227,protonet_frozen
diesel-FLASH,5,22,-0.13086761452416,protonet_frozen
diesel-FLASH,5,23,-0.1576824961506573,protonet_frozen
diesel-FLASH,5,24,-0.1115303629569208,protonet_frozen
diesel-FLASH,5,25,-0.2021393621755991,protonet_frozen
diesel-FLASH,5,26,-0.5626887755226357,protonet_frozen
diesel-FLASH,5,27,-0.1415935377663604,protonet_frozen
diesel-FLASH,5,28,-0.0419928908336686,protonet_frozen
diesel-FLASH,5,29,-0.0164590520135343,protonet_frozen
diesel-FLASH,10,0,-0.0255638001859661,protonet_frozen
diesel-FLASH,10,1,-0.0324207965016256,protonet_frozen
diesel-FLASH,10,2,0.0275893206867808,protonet_frozen
diesel-FLASH,10,3,-7.246122058157667e-06,protonet_frozen
diesel-FLASH,10,4,-0.0850793899252964,protonet_frozen
diesel-FLASH,10,5,-0.7595278899400415,protonet_frozen
diesel-FLASH,10,6,-0.1243356560873887,protonet_frozen
diesel-FLASH,10,7,-0.020989105177702,protonet_frozen
diesel-FLASH,10,8,-0.0528298213675744,protonet_frozen
diesel-FLASH,10,9,-0.313302062488848,protonet_frozen
diesel-FLASH,10,10,0.0661080264716822,protonet_frozen
diesel-FLASH,10,11,-0.0990837202228767,protonet_frozen
diesel-FLASH,10,12,0.0116027701126684,protonet_frozen
diesel-FLASH,10,13,0.0316156719506038,protonet_frozen
diesel-FLASH,10,14,0.0504623925129421,protonet_frozen
diesel-FLASH,10,15,-0.1807142250364664,protonet_frozen
diesel-FLASH,10,16,-0.0239139652886126,protonet_frozen
diesel-FLASH,10,17,-0.0806408532414377,protonet_frozen
diesel-FLASH,10,18,-0.0673541739071523,protonet_frozen
diesel-FLASH,10,19,-0.1234954680780735,protonet_frozen
diesel-FLASH,10,20,-2.0002289735781527,protonet_frozen
diesel-FLASH,10,21,-0.574497975025883,protonet_frozen
diesel-FLASH,10,22,-0.0059829117281315,protonet_frozen
diesel-FLASH,10,23,-0.0025699145468145,protonet_frozen
diesel-FLASH,10,24,-0.0394156241043959,protonet_frozen
diesel-FLASH,10,25,-0.2681760150271433,protonet_frozen
diesel-FLASH,10,26,0.0081638536001196,protonet_frozen
diesel-FLASH,10,27,-0.0858922643745301,protonet_frozen
diesel-FLASH,10,28,-0.0727784739320434,protonet_frozen
diesel-FLASH,10,29,-0.6747807366160183,protonet_frozen
diesel-FLASH,20,0,-0.0618193156050939,protonet_frozen
diesel-FLASH,20,1,0.0257240775827931,protonet_frozen
diesel-FLASH,20,2,-0.031570282737706,protonet_frozen
diesel-FLASH,20,3,-0.1173829415555318,protonet_frozen
diesel-FLASH,20,4,0.0263772758494693,protonet_frozen
diesel-FLASH,20,5,-0.0614288555269124,protonet_frozen
diesel-FLASH,20,6,-0.5624736201695322,protonet_frozen
diesel-FLASH,20,7,-0.488843098357373,protonet_frozen
diesel-FLASH,20,8,-0.0840236218873011,protonet_frozen
diesel-FLASH,20,9,-0.0313334321761964,protonet_frozen
diesel-FLASH,20,10,-0.090276344417848,protonet_frozen
diesel-FLASH,20,11,-0.0811385947527105,protonet_frozen
diesel-FLASH,20,12,-0.0444836891765108,protonet_frozen
diesel-FLASH,20,13,-0.0008535190765128,protonet_frozen
diesel-FLASH,20,14,-0.0077114177431512,protonet_frozen
diesel-FLASH,20,15,0.0536214545346188,protonet_frozen
diesel-FLASH,20,16,-0.0105688837915407,protonet_frozen
diesel-FLASH,20,17,0.0114032281862991,protonet_frozen
diesel-FLASH,20,18,-0.0027114545401032,protonet_frozen
diesel-FLASH,20,19,0.0001159739029598,protonet_frozen
diesel-FLASH,20,20,-0.0819163245045038,protonet_frozen
diesel-FLASH,20,21,0.0144592263087447,protonet_frozen
diesel-FLASH,20,22,0.0575356763891675,protonet_frozen
diesel-FLASH,20,23,-0.0680047872604938,protonet_frozen
diesel-FLASH,20,24,-0.1098435244445206,protonet_frozen
diesel-FLASH,20,25,-0.1735005946717283,protonet_frozen
diesel-FLASH,20,26,0.0557472854043459,protonet_frozen
diesel-FLASH,20,27,-0.0016327843032768,protonet_frozen
diesel-FLASH,20,28,-0.1309989081844882,protonet_frozen
diesel-FLASH,20,29,-0.1710928418482582,protonet_frozen
diesel-FREEZE,5,0,-0.0474860310076119,protonet_frozen
diesel-FREEZE,5,1,-0.0716006488933798,protonet_frozen
diesel-FREEZE,5,2,-0.1624729218093472,protonet_frozen
diesel-FREEZE,5,3,-0.0480333985043468,protonet_frozen
diesel-FREEZE,5,4,0.0199490964441039,protonet_frozen
diesel-FREEZE,5,5,-3.486527534063216,protonet_frozen
diesel-FREEZE,5,6,-0.060934476794509,protonet_frozen
diesel-FREEZE,5,7,-0.2499180479567979,protonet_frozen
diesel-FREEZE,5,8,-0.2733166306771499,protonet_frozen
diesel-FREEZE,5,9,-0.1403148793493511,protonet_frozen
diesel-FREEZE,5,10,-0.0010110623363335,protonet_frozen
diesel-FREEZE,5,11,-0.3223526226866144,protonet_frozen
diesel-FREEZE,5,12,0.0117176337879935,protonet_frozen
diesel-FREEZE,5,13,-0.6318799808889419,protonet_frozen
diesel-FREEZE,5,14,-0.001105006388786,protonet_frozen
diesel-FREEZE,5,15,-0.1153997416044176,protonet_frozen
diesel-FREEZE,5,16,-0.0403928241813664,protonet_frozen
diesel-FREEZE,5,17,-0.0654749682792761,protonet_frozen
diesel-FREEZE,5,18,0.005637012021777,protonet_frozen
diesel-FREEZE,5,19,-2.4422048616811063,protonet_frozen
diesel-FREEZE,5,20,0.2088508639166604,protonet_frozen
diesel-FREEZE,5,21,-0.1649430290335558,protonet_frozen
diesel-FREEZE,5,22,-0.0873774013669772,protonet_frozen
diesel-FREEZE,5,23,-0.1763479061517003,protonet_frozen
diesel-FREEZE,5,24,0.0305922202995301,protonet_frozen
diesel-FREEZE,5,25,-0.2702756367643544,protonet_frozen
diesel-FREEZE,5,26,-0.2992902903521923,protonet_frozen
diesel-FREEZE,5,27,-0.1002990253997579,protonet_frozen
diesel-FREEZE,5,28,-0.2366260233854198,protonet_frozen
diesel-FREEZE,5,29,-0.1920942042217199,protonet_frozen
diesel-FREEZE,10,0,0.1884775774946063,protonet_frozen
diesel-FREEZE,10,1,-0.0038370486928902,protonet_frozen
diesel-FREEZE,10,2,0.1054954759811932,protonet_frozen
diesel-FREEZE,10,3,-1.6842802029118404,protonet_frozen
diesel-FREEZE,10,4,-0.2462535857495502,protonet_frozen
diesel-FREEZE,10,5,-0.163751773444704,protonet_frozen
diesel-FREEZE,10,6,-0.0962052546265426,protonet_frozen
diesel-FREEZE,10,7,0.0183229055847671,protonet_frozen
diesel-FREEZE,10,8,-0.0026443492390686,protonet_frozen
diesel-FREEZE,10,9,0.0921836532833856,protonet_frozen
diesel-FREEZE,10,10,-0.0260842682656097,protonet_frozen
diesel-FREEZE,10,11,0.1314066756348194,protonet_frozen
diesel-FREEZE,10,12,-0.240102537532201,protonet_frozen
diesel-FREEZE,10,13,0.1598074286864397,protonet_frozen
diesel-FREEZE,10,14,-0.1633199306388308,protonet_frozen
diesel-FREEZE,10,15,0.0917751146932494,protonet_frozen
diesel-FREEZE,10,16,-0.0812317851191581,protonet_frozen
diesel-FREEZE,10,17,-0.2664736509013095,protonet_frozen
diesel-FREEZE,10,18,-0.0216213870742625,protonet_frozen
diesel-FREEZE,10,19,-0.0689612607515761,protonet_frozen
diesel-FREEZE,10,20,-0.8042686823905576,protonet_frozen
diesel-FREEZE,10,21,-0.0040314033114403,protonet_frozen
diesel-FREEZE,10,22,0.000844849667099,protonet_frozen
diesel-FREEZE,10,23,0.2235432315191078,protonet_frozen
diesel-FREEZE,10,24,-0.0020282120598076,protonet_frozen
diesel-FREEZE,10,25,-0.3235418131457745,protonet_frozen
diesel-FREEZE,10,26,-0.4523114821082858,protonet_frozen
diesel-FREEZE,10,27,-0.007891325555738,protonet_frozen
diesel-FREEZE,10,28,-0.0858588009398702,protonet_frozen
diesel-FREEZE,10,29,-0.3872096411892636,protonet_frozen
diesel-FREEZE,20,0,-0.0891603311760595,protonet_frozen
diesel-FREEZE,20,1,-0.1395707937442587,protonet_frozen
diesel-FREEZE,20,2,-0.0985003890666711,protonet_frozen
diesel-FREEZE,20,3,0.0121716636675912,protonet_frozen
diesel-FREEZE,20,4,0.0750981330793304,protonet_frozen
diesel-FREEZE,20,5,-0.1712561133927914,protonet_frozen
diesel-FREEZE,20,6,0.3697005392495787,protonet_frozen
diesel-FREEZE,20,7,-0.0047795839292128,protonet_frozen
diesel-FREEZE,20,8,0.4173076581004427,protonet_frozen
diesel-FREEZE,20,9,-0.0052207799922834,protonet_frozen
diesel-FREEZE,20,10,0.2548914479645879,protonet_frozen
diesel-FREEZE,20,11,-0.0444020103495028,protonet_frozen
diesel-FREEZE,20,12,0.1283657895031275,protonet_frozen
diesel-FREEZE,20,13,0.1855103337634536,protonet_frozen
diesel-FREEZE,20,14,0.0011555954261061,protonet_frozen
diesel-FREEZE,20,15,0.1650655386768489,protonet_frozen
diesel-FREEZE,20,16,-0.0608774725688636,protonet_frozen
diesel-FREEZE,20,17,0.0914229152615292,protonet_frozen
diesel-FREEZE,20,18,0.3178757616790177,protonet_frozen
diesel-FREEZE,20,19,0.1777570972224299,protonet_frozen
diesel-FREEZE,20,20,0.0840186947211161,protonet_frozen
diesel-FREEZE,20,21,0.0934528129084558,protonet_frozen
diesel-FREEZE,20,22,0.115310678911953,protonet_frozen
diesel-FREEZE,20,23,0.0134203489791565,protonet_frozen
diesel-FREEZE,20,24,-0.1138123623006552,protonet_frozen
diesel-FREEZE,20,25,-0.5690773957493043,protonet_frozen
diesel-FREEZE,20,26,-0.0121832751810089,protonet_frozen
diesel-FREEZE,20,27,0.1042201522457483,protonet_frozen
diesel-FREEZE,20,28,-0.021882739116154,protonet_frozen
diesel-FREEZE,20,29,0.2240688028610998,protonet_frozen
diesel-TOTAL,5,0,0.5092116483413858,protonet_frozen
diesel-TOTAL,5,1,0.5490964430620116,protonet_frozen
diesel-TOTAL,5,2,0.0218172842433773,protonet_frozen
diesel-TOTAL,5,3,0.424809524554786,protonet_frozen
diesel-TOTAL,5,4,0.6553906878317857,protonet_frozen
diesel-TOTAL,5,5,0.6551921897379005,protonet_frozen
diesel-TOTAL,5,6,-7.899182963511306,protonet_frozen
diesel-TOTAL,5,7,0.7071369553182475,protonet_frozen
diesel-TOTAL,5,8,0.4497386527375422,protonet_frozen
diesel-TOTAL,5,9,0.544077728895572,protonet_frozen
diesel-TOTAL,5,10,0.543917024360334,protonet_frozen
diesel-TOTAL,5,11,0.5937701088803438,protonet_frozen
diesel-TOTAL,5,12,0.356210295165756,protonet_frozen
diesel-TOTAL,5,13,0.4464821211123643,protonet_frozen
diesel-TOTAL,5,14,0.696578791872247,protonet_frozen
diesel-TOTAL,5,15,0.5732672388955569,protonet_frozen
diesel-TOTAL,5,16,0.4313664308711877,protonet_frozen
diesel-TOTAL,5,17,0.3647245980441442,protonet_frozen
diesel-TOTAL,5,18,0.6428094910493278,protonet_frozen
diesel-TOTAL,5,19,0.7978768364516737,protonet_frozen
diesel-TOTAL,5,20,0.615236827668981,protonet_frozen
diesel-TOTAL,5,21,0.4229212835209133,protonet_frozen
diesel-TOTAL,5,22,0.3364344340704259,protonet_frozen
diesel-TOTAL,5,23,0.66493830486664,protonet_frozen
diesel-TOTAL,5,24,0.6358666525627548,protonet_frozen
diesel-TOTAL,5,25,0.7020913067817058,protonet_frozen
diesel-TOTAL,5,26,0.7427485426482752,protonet_frozen
diesel-TOTAL,5,27,-0.0035724148064966,protonet_frozen
diesel-TOTAL,5,28,0.4427924425209264,protonet_frozen
diesel-TOTAL,5,29,0.2918352221019091,protonet_frozen
diesel-TOTAL,10,0,0.5407517507703434,protonet_frozen
diesel-TOTAL,10,1,0.4879249754000206,protonet_frozen
diesel-TOTAL,10,2,0.3471678691935856,protonet_frozen
diesel-TOTAL,10,3,0.2283909293271327,protonet_frozen
diesel-TOTAL,10,4,0.5739273054830951,protonet_frozen
diesel-TOTAL,10,5,0.4258463449426822,protonet_frozen
diesel-TOTAL,10,6,0.3776178564770244,protonet_frozen
diesel-TOTAL,10,7,0.0659102177069506,protonet_frozen
diesel-TOTAL,10,8,0.7819018217787932,protonet_frozen
diesel-TOTAL,10,9,0.6873459855880772,protonet_frozen
diesel-TOTAL,10,10,0.6561249867657479,protonet_frozen
diesel-TOTAL,10,11,0.3819315034296601,protonet_frozen
diesel-TOTAL,10,12,0.7227033502746859,protonet_frozen
diesel-TOTAL,10,13,0.1359302551685477,protonet_frozen
diesel-TOTAL,10,14,0.782566897795075,protonet_frozen
diesel-TOTAL,10,15,0.6011236249356655,protonet_frozen
diesel-TOTAL,10,16,0.7395989946402629,protonet_frozen
diesel-TOTAL,10,17,0.6606447695097356,protonet_frozen
diesel-TOTAL,10,18,0.4165658788649852,protonet_frozen
diesel-TOTAL,10,19,0.6279853323730458,protonet_frozen
diesel-TOTAL,10,20,0.4924873160137819,protonet_frozen
diesel-TOTAL,10,21,0.7493038367682503,protonet_frozen
diesel-TOTAL,10,22,0.788654419006264,protonet_frozen
diesel-TOTAL,10,23,0.6430385361339268,protonet_frozen
diesel-TOTAL,10,24,0.4681182803282265,protonet_frozen
diesel-TOTAL,10,25,0.605982041837364,protonet_frozen
diesel-TOTAL,10,26,0.5298388841018127,protonet_frozen
diesel-TOTAL,10,27,0.6208354845320061,protonet_frozen
diesel-TOTAL,10,28,0.5917307305241848,protonet_frozen
diesel-TOTAL,10,29,0.7862397447808961,protonet_frozen
diesel-TOTAL,20,0,0.7372764976197211,protonet_frozen
diesel-TOTAL,20,1,0.7360172218038253,protonet_frozen
diesel-TOTAL,20,2,0.7307065464324858,protonet_frozen
diesel-TOTAL,20,3,0.6574978815807422,protonet_frozen
diesel-TOTAL,20,4,0.7572084083297895,protonet_frozen
diesel-TOTAL,20,5,0.7210117140742602,protonet_frozen
diesel-TOTAL,20,6,0.7062980266433222,protonet_frozen
diesel-TOTAL,20,7,0.6967881803204741,protonet_frozen
diesel-TOTAL,20,8,0.7538085745443978,protonet_frozen
diesel-TOTAL,20,9,0.7856263066408495,protonet_frozen
diesel-TOTAL,20,10,0.7015925267354325,protonet_frozen
diesel-TOTAL,20,11,0.6733585196784662,protonet_frozen
diesel-TOTAL,20,12,0.7960353772134559,protonet_frozen
diesel-TOTAL,20,13,0.7328306487101693,protonet_frozen
diesel-TOTAL,20,14,0.768112488779498,protonet_frozen
diesel-TOTAL,20,15,0.6578462253130555,protonet_frozen
diesel-TOTAL,20,16,0.7066463432346108,protonet_frozen
diesel-TOTAL,20,17,0.6952363750268182,protonet_frozen
diesel-TOTAL,20,18,0.6505517005218396,protonet_frozen
diesel-TOTAL,20,19,0.7092056242066026,protonet_frozen
diesel-TOTAL,20,20,0.6526531001020761,protonet_frozen
diesel-TOTAL,20,21,0.5697557644610927,protonet_frozen
diesel-TOTAL,20,22,0.6957179808198886,protonet_frozen
diesel-TOTAL,20,23,0.6458685447384167,protonet_frozen
diesel-TOTAL,20,24,0.7759960574617893,protonet_frozen
diesel-TOTAL,20,25,0.7230760973902928,protonet_frozen
diesel-TOTAL,20,26,0.5985388639506006,protonet_frozen
diesel-TOTAL,20,27,0.6488846572870803,protonet_frozen
diesel-TOTAL,20,28,0.6847654178187264,protonet_frozen
diesel-TOTAL,20,29,0.6771093053225035,protonet_frozen
diesel-VISC,5,0,-0.7093435225020537,protonet_frozen
diesel-VISC,5,1,-0.8881220532125462,protonet_frozen
diesel-VISC,5,2,0.0001570197255404,protonet_frozen
diesel-VISC,5,3,-0.0988600710328426,protonet_frozen
diesel-VISC,5,4,-0.6838755459384391,protonet_frozen
diesel-VISC,5,5,-0.0204147450752842,protonet_frozen
diesel-VISC,5,6,-0.0400142509364898,protonet_frozen
diesel-VISC,5,7,-1.3222101209623118,protonet_frozen
diesel-VISC,5,8,-0.2759620759241499,protonet_frozen
diesel-VISC,5,9,-1.3571565333389128,protonet_frozen
diesel-VISC,5,10,-0.8792536517211045,protonet_frozen
diesel-VISC,5,11,-0.0770165373667715,protonet_frozen
diesel-VISC,5,12,-0.123218367539172,protonet_frozen
diesel-VISC,5,13,-1.2421387004756053,protonet_frozen
diesel-VISC,5,14,-0.1857960137611791,protonet_frozen
diesel-VISC,5,15,-0.118800781921077,protonet_frozen
diesel-VISC,5,16,-0.5348826558966828,protonet_frozen
diesel-VISC,5,17,-0.4643255249935083,protonet_frozen
diesel-VISC,5,18,-0.8891815050739547,protonet_frozen
diesel-VISC,5,19,-0.7535140432459466,protonet_frozen
diesel-VISC,5,20,-0.0967434505602142,protonet_frozen
diesel-VISC,5,21,-0.9896767528281668,protonet_frozen
diesel-VISC,5,22,-0.0284385225029872,protonet_frozen
diesel-VISC,5,23,-0.9214393437217564,protonet_frozen
diesel-VISC,5,24,-0.1545084612264737,protonet_frozen
diesel-VISC,5,25,0.0551909984972874,protonet_frozen
diesel-VISC,5,26,-0.2460252142169541,protonet_frozen
diesel-VISC,5,27,-0.8048544125519759,protonet_frozen
diesel-VISC,5,28,-1.539163727211633,protonet_frozen
diesel-VISC,5,29,0.0313480088230012,protonet_frozen
diesel-VISC,10,0,-0.123300022218008,protonet_frozen
diesel-VISC,10,1,0.0002416692212161,protonet_frozen
diesel-VISC,10,2,-0.0067621370846731,protonet_frozen
diesel-VISC,10,3,-0.0480540441763848,protonet_frozen
diesel-VISC,10,4,-0.2586616106497257,protonet_frozen
diesel-VISC,10,5,-0.0750071530334133,protonet_frozen
diesel-VISC,10,6,-0.201643130321929,protonet_frozen
diesel-VISC,10,7,-0.1522495199041944,protonet_frozen
diesel-VISC,10,8,-0.2582560168668086,protonet_frozen
diesel-VISC,10,9,-0.2663660850052431,protonet_frozen
diesel-VISC,10,10,-0.1129741424946892,protonet_frozen
diesel-VISC,10,11,0.0561110074133286,protonet_frozen
diesel-VISC,10,12,0.0470737749787535,protonet_frozen
diesel-VISC,10,13,-0.0010762138376609,protonet_frozen
diesel-VISC,10,14,0.0154591387096888,protonet_frozen
diesel-VISC,10,15,-0.0453934110572455,protonet_frozen
diesel-VISC,10,16,-0.2296020900401296,protonet_frozen
diesel-VISC,10,17,-0.4138688763206133,protonet_frozen
diesel-VISC,10,18,-0.0006542568150851,protonet_frozen
diesel-VISC,10,19,-0.0029607243714637,protonet_frozen
diesel-VISC,10,20,-0.0688682771294788,protonet_frozen
diesel-VISC,10,21,-0.4691465838867787,protonet_frozen
diesel-VISC,10,22,-0.1227499117898072,protonet_frozen
diesel-VISC,10,23,-0.1452095015037708,protonet_frozen
diesel-VISC,10,24,0.0278541212150937,protonet_frozen
diesel-VISC,10,25,0.1173631181768606,protonet_frozen
diesel-VISC,10,26,0.2223273322575347,protonet_frozen
diesel-VISC,10,27,-1.3984223010246577,protonet_frozen
diesel-VISC,10,28,-0.1293070451868021,protonet_frozen
diesel-VISC,10,29,0.0243839752048115,protonet_frozen
diesel-VISC,20,0,0.0642718961564494,protonet_frozen
diesel-VISC,20,1,0.1271278208427919,protonet_frozen
diesel-VISC,20,2,-0.0002049375805035,protonet_frozen
diesel-VISC,20,3,-0.015455518352339,protonet_frozen
diesel-VISC,20,4,0.2847775789084799,protonet_frozen
diesel-VISC,20,5,0.1085691993015091,protonet_frozen
diesel-VISC,20,6,0.1013018180142236,protonet_frozen
diesel-VISC,20,7,-0.0032381534901411,protonet_frozen
diesel-VISC,20,8,-0.1154808846679955,protonet_frozen
diesel-VISC,20,9,0.086581342989369,protonet_frozen
diesel-VISC,20,10,0.1657515446239904,protonet_frozen
diesel-VISC,20,11,-0.0536729104254698,protonet_frozen
diesel-VISC,20,12,0.0229019392987976,protonet_frozen
diesel-VISC,20,13,0.1918945986495304,protonet_frozen
diesel-VISC,20,14,0.1594241036008513,protonet_frozen
diesel-VISC,20,15,0.1687876789976186,protonet_frozen
diesel-VISC,20,16,0.3009194725454479,protonet_frozen
diesel-VISC,20,17,0.0078076695988127,protonet_frozen
diesel-VISC,20,18,0.0648747728592163,protonet_frozen
diesel-VISC,20,19,-0.0535719030301216,protonet_frozen
diesel-VISC,20,20,0.1101763261538308,protonet_frozen
diesel-VISC,20,21,0.0098618981952609,protonet_frozen
diesel-VISC,20,22,0.1190173685264679,protonet_frozen
diesel-VISC,20,23,-0.4625928147073006,protonet_frozen
diesel-VISC,20,24,-0.3490344499935423,protonet_frozen
diesel-VISC,20,25,0.1771269489633881,protonet_frozen
diesel-VISC,20,26,-0.6446078709339975,protonet_frozen
diesel-VISC,20,27,0.0810765512538561,protonet_frozen
diesel-VISC,20,28,-0.4416796547912305,protonet_frozen
diesel-VISC,20,29,-0.2909563859802144,protonet_frozen
evoo-adulteration,5,0,-0.1981959120453091,protonet_frozen
evoo-adulteration,5,1,-0.0938411786836677,protonet_frozen
evoo-adulteration,5,2,-0.3272569938786538,protonet_frozen
evoo-adulteration,5,3,-0.1558026970583816,protonet_frozen
evoo-adulteration,5,4,-0.0443891897023598,protonet_frozen
evoo-adulteration,5,5,-1.0233584311353248,protonet_frozen
evoo-adulteration,5,6,0.18106066387899,protonet_frozen
evoo-adulteration,5,7,-1.2701160296331366,protonet_frozen
evoo-adulteration,5,8,-0.000849864429504,protonet_frozen
evoo-adulteration,5,9,-0.0566510848239341,protonet_frozen
evoo-adulteration,5,10,-0.7857500704262212,protonet_frozen
evoo-adulteration,5,11,-0.2236555382938378,protonet_frozen
evoo-adulteration,5,12,-0.0761007503424926,protonet_frozen
evoo-adulteration,5,13,-0.5528581921147737,protonet_frozen
evoo-adulteration,5,14,-0.1124937542121988,protonet_frozen
evoo-adulteration,5,15,-0.3498657364909889,protonet_frozen
evoo-adulteration,5,16,-0.0704408265413523,protonet_frozen
evoo-adulteration,5,17,-0.0244442497628292,protonet_frozen
evoo-adulteration,5,18,-0.2500998296591306,protonet_frozen
evoo-adulteration,5,19,-0.1669876644713965,protonet_frozen
evoo-adulteration,5,20,-0.5327229095868364,protonet_frozen
evoo-adulteration,5,21,-0.2501672816219902,protonet_frozen
evoo-adulteration,5,22,-0.0669521453050312,protonet_frozen
evoo-adulteration,5,23,-0.1314547420250302,protonet_frozen
evoo-adulteration,5,24,-0.0991048592509786,protonet_frozen
evoo-adulteration,5,25,-0.5601453983517604,protonet_frozen
evoo-adulteration,5,26,0.0551303493266938,protonet_frozen
evoo-adulteration,5,27,-0.1750073387321411,protonet_frozen
evoo-adulteration,5,28,-0.171050999173385,protonet_frozen
evoo-adulteration,5,29,-0.0533993870993152,protonet_frozen
evoo-adulteration,10,0,-0.0654632791932541,protonet_frozen
evoo-adulteration,10,1,0.0169353251276414,protonet_frozen
evoo-adulteration,10,2,-0.3747228421893727,protonet_frozen
evoo-adulteration,10,3,-0.1992030584013611,protonet_frozen
evoo-adulteration,10,4,-0.1753400540626426,protonet_frozen
evoo-adulteration,10,5,-0.6807895746007244,protonet_frozen
evoo-adulteration,10,6,-0.2634678516345419,protonet_frozen
evoo-adulteration,10,7,0.1871844049390942,protonet_frozen
evoo-adulteration,10,8,-0.0911189848635218,protonet_frozen
evoo-adulteration,10,9,-0.0394544074562963,protonet_frozen
evoo-adulteration,10,10,-0.2219215564370602,protonet_frozen
evoo-adulteration,10,11,-0.033017823857999,protonet_frozen
evoo-adulteration,10,12,-0.1800086509440064,protonet_frozen
evoo-adulteration,10,13,0.14320783241519,protonet_frozen
evoo-adulteration,10,14,0.2237076511534641,protonet_frozen
evoo-adulteration,10,15,-0.0764172128684279,protonet_frozen
evoo-adulteration,10,16,-0.5641895861491748,protonet_frozen
evoo-adulteration,10,17,0.0720469733058599,protonet_frozen
evoo-adulteration,10,18,-0.2020843105060088,protonet_frozen
evoo-adulteration,10,19,0.0503325997386409,protonet_frozen
evoo-adulteration,10,20,0.3777597345156425,protonet_frozen
evoo-adulteration,10,21,-0.3788520496650855,protonet_frozen
evoo-adulteration,10,22,-0.0284134323126508,protonet_frozen
evoo-adulteration,10,23,-0.2223269857817944,protonet_frozen
evoo-adulteration,10,24,0.2021745264597685,protonet_frozen
evoo-adulteration,10,25,0.0784917367902915,protonet_frozen
evoo-adulteration,10,26,-0.2319661538206545,protonet_frozen
evoo-adulteration,10,27,0.1501649381955736,protonet_frozen
evoo-adulteration,10,28,0.0376087653781107,protonet_frozen
evoo-adulteration,10,29,0.0524690823153005,protonet_frozen
evoo-adulteration,20,0,-0.0035863070320909,protonet_frozen
evoo-adulteration,20,1,-0.0088534108793572,protonet_frozen
evoo-adulteration,20,2,0.0581805981622907,protonet_frozen
evoo-adulteration,20,3,-0.1693983632403999,protonet_frozen
evoo-adulteration,20,4,0.2824934596958055,protonet_frozen
evoo-adulteration,20,5,-0.1320835479626416,protonet_frozen
evoo-adulteration,20,6,-0.0719836051966906,protonet_frozen
evoo-adulteration,20,7,-0.0016813867495637,protonet_frozen
evoo-adulteration,20,8,0.1584846597241103,protonet_frozen
evoo-adulteration,20,9,0.2218841378766546,protonet_frozen
evoo-adulteration,20,10,0.0071568685675874,protonet_frozen
evoo-adulteration,20,11,0.1715930654481169,protonet_frozen
evoo-adulteration,20,12,-0.0038495016454833,protonet_frozen
evoo-adulteration,20,13,0.2313026251761855,protonet_frozen
evoo-adulteration,20,14,-0.0070514860131423,protonet_frozen
evoo-adulteration,20,15,-0.4651090202395747,protonet_frozen
evoo-adulteration,20,16,0.0014122583959007,protonet_frozen
evoo-adulteration,20,17,0.0064543810183593,protonet_frozen
evoo-adulteration,20,18,0.0027458521197319,protonet_frozen
evoo-adulteration,20,19,0.0179130056844142,protonet_frozen
evoo-adulteration,20,20,0.3773496611946316,protonet_frozen
evoo-adulteration,20,21,0.113355083457883,protonet_frozen
evoo-adulteration,20,22,0.0609545515831602,protonet_frozen
evoo-adulteration,20,23,0.0971826190193176,protonet_frozen
evoo-adulteration,20,24,-0.143882089115789,protonet_frozen
evoo-adulteration,20,25,0.4096899745503358,protonet_frozen
evoo-adulteration,20,26,-0.4402258969954487,protonet_frozen
evoo-adulteration,20,27,-0.4429369639514908,protonet_frozen
evoo-adulteration,20,28,0.2024692946033781,protonet_frozen
evoo-adulteration,20,29,0.0317314655557089,protonet_frozen
gasoline-octane,5,0,0.6095622462319874,protonet_frozen
gasoline-octane,5,1,0.3009778397059509,protonet_frozen
gasoline-octane,5,2,-0.3094860755950841,protonet_frozen
gasoline-octane,5,3,-0.0284975599856134,protonet_frozen
gasoline-octane,5,4,0.2375723260592184,protonet_frozen
gasoline-octane,5,5,-0.3798334216774082,protonet_frozen
gasoline-octane,5,6,-0.5136284413860968,protonet_frozen
gasoline-octane,5,7,-0.1833073522647499,protonet_frozen
gasoline-octane,5,8,0.0752140323190249,protonet_frozen
gasoline-octane,5,9,0.3303274783175238,protonet_frozen
gasoline-octane,5,10,-0.0703411318792885,protonet_frozen
gasoline-octane,5,11,-0.0417354505622098,protonet_frozen
gasoline-octane,5,12,-0.2596183985845681,protonet_frozen
gasoline-octane,5,13,0.1529894544201636,protonet_frozen
gasoline-octane,5,14,-0.0511823616468376,protonet_frozen
gasoline-octane,5,15,0.1509043788379314,protonet_frozen
gasoline-octane,5,16,-0.0610450019036146,protonet_frozen
gasoline-octane,5,17,-0.001256450382471,protonet_frozen
gasoline-octane,5,18,-0.5003773174850596,protonet_frozen
gasoline-octane,5,19,-0.762933750032637,protonet_frozen
gasoline-octane,5,20,-0.0182107141219212,protonet_frozen
gasoline-octane,5,21,0.2277129922100306,protonet_frozen
gasoline-octane,5,22,-0.2097450062355166,protonet_frozen
gasoline-octane,5,23,0.1536195464981167,protonet_frozen
gasoline-octane,5,24,-0.0224149754291982,protonet_frozen
gasoline-octane,5,25,-61.89701570215959,protonet_frozen
gasoline-octane,5,26,0.0847634551545304,protonet_frozen
gasoline-octane,5,27,0.4023413174143477,protonet_frozen
gasoline-octane,5,28,-0.2745667318119711,protonet_frozen
gasoline-octane,5,29,-0.0131006099864756,protonet_frozen
gasoline-octane,10,0,0.263470561346769,protonet_frozen
gasoline-octane,10,1,0.5399874324398357,protonet_frozen
gasoline-octane,10,2,0.1176029663421499,protonet_frozen
gasoline-octane,10,3,0.8387295515576412,protonet_frozen
gasoline-octane,10,4,0.5656399460172525,protonet_frozen
gasoline-octane,10,5,0.4840850306297999,protonet_frozen
gasoline-octane,10,6,0.674581122078624,protonet_frozen
gasoline-octane,10,7,0.5539409729557491,protonet_frozen
gasoline-octane,10,8,0.3240911890197961,protonet_frozen
gasoline-octane,10,9,0.4596329330718355,protonet_frozen
gasoline-octane,10,10,0.4759449116776519,protonet_frozen
gasoline-octane,10,11,0.3152570256712838,protonet_frozen
gasoline-octane,10,12,0.2985495186513749,protonet_frozen
gasoline-octane,10,13,0.5939117591014595,protonet_frozen
gasoline-octane,10,14,0.6803021286374493,protonet_frozen
gasoline-octane,10,15,0.5906101387282128,protonet_frozen
gasoline-octane,10,16,0.1814097993722643,protonet_frozen
gasoline-octane,10,17,0.4288712599678087,protonet_frozen
gasoline-octane,10,18,-0.0104748560942316,protonet_frozen
gasoline-octane,10,19,0.779939492196263,protonet_frozen
gasoline-octane,10,20,0.5812545547972656,protonet_frozen
gasoline-octane,10,21,0.2006164157955855,protonet_frozen
gasoline-octane,10,22,0.0775474993987843,protonet_frozen
gasoline-octane,10,23,0.3384240123474895,protonet_frozen
gasoline-octane,10,24,0.3283567178597421,protonet_frozen
gasoline-octane,10,25,0.6289901682070451,protonet_frozen
gasoline-octane,10,26,0.5712737792784037,protonet_frozen
gasoline-octane,10,27,0.625295126686808,protonet_frozen
gasoline-octane,10,28,-71.6037216906607,protonet_frozen
gasoline-octane,10,29,0.2985151847480581,protonet_frozen
gasoline-octane,20,0,0.6999994425588243,protonet_frozen
gasoline-octane,20,1,0.6294593994151712,protonet_frozen
gasoline-octane,20,2,0.765524198910065,protonet_frozen
gasoline-octane,20,3,0.6773476707819064,protonet_frozen
gasoline-octane,20,4,0.7675381986018646,protonet_frozen
gasoline-octane,20,5,0.8139615576521492,protonet_frozen
gasoline-octane,20,6,0.6300164241436381,protonet_frozen
gasoline-octane,20,7,0.6448331274084147,protonet_frozen
gasoline-octane,20,8,0.5094361651104055,protonet_frozen
gasoline-octane,20,9,0.1630287886528806,protonet_frozen
gasoline-octane,20,10,0.7072201905871398,protonet_frozen
gasoline-octane,20,11,0.6141893340692578,protonet_frozen
gasoline-octane,20,12,0.6074596281175855,protonet_frozen
gasoline-octane,20,13,0.6832477827081422,protonet_frozen
gasoline-octane,20,14,0.7998026007399025,protonet_frozen
gasoline-octane,20,15,0.7549695916514194,protonet_frozen
gasoline-octane,20,16,-0.0494255909499947,protonet_frozen
gasoline-octane,20,17,0.7816540449568063,protonet_frozen
gasoline-octane,20,18,0.6270366385955035,protonet_frozen
gasoline-octane,20,19,0.7414102894891024,protonet_frozen
gasoline-octane,20,20,0.4506146711796975,protonet_frozen
gasoline-octane,20,21,0.6000551711421591,protonet_frozen
gasoline-octane,20,22,0.637802010274881,protonet_frozen
gasoline-octane,20,23,0.8431133823240139,protonet_frozen
gasoline-octane,20,24,0.6671078921724606,protonet_frozen
gasoline-octane,20,25,0.6024288627003591,protonet_frozen
gasoline-octane,20,26,0.6915587054249315,protonet_frozen
gasoline-octane,20,27,0.6897262228683807,protonet_frozen
gasoline-octane,20,28,0.807516462949619,protonet_frozen
gasoline-octane,20,29,0.6074532789402747,protonet_frozen
diesel-BP50,5,0,-0.8385787373008293,protonet_meta
diesel-BP50,5,1,-0.2125837166479778,protonet_meta
diesel-BP50,5,2,0.0280230121362846,protonet_meta
diesel-BP50,5,3,-0.5896806106820094,protonet_meta
diesel-BP50,5,4,-0.0031409166266707,protonet_meta
diesel-BP50,5,5,-0.0564823027001173,protonet_meta
diesel-BP50,5,6,-0.008407629723492,protonet_meta
diesel-BP50,5,7,0.1581511280459051,protonet_meta
diesel-BP50,5,8,-0.2370951971526975,protonet_meta
diesel-BP50,5,9,-0.4689681949751134,protonet_meta
diesel-BP50,5,10,-0.2619808925968263,protonet_meta
diesel-BP50,5,11,-0.3398146496461047,protonet_meta
diesel-BP50,5,12,-0.0375597703844605,protonet_meta
diesel-BP50,5,13,-0.017341416421778,protonet_meta
diesel-BP50,5,14,-0.2388479073000786,protonet_meta
diesel-BP50,5,15,-3.6029692804179145,protonet_meta
diesel-BP50,5,16,-0.2332300276190395,protonet_meta
diesel-BP50,5,17,-0.5698094622237042,protonet_meta
diesel-BP50,5,18,-12.970699791052388,protonet_meta
diesel-BP50,5,19,-0.1013149649274194,protonet_meta
diesel-BP50,5,20,0.0408424048105288,protonet_meta
diesel-BP50,5,21,-0.1616560908242361,protonet_meta
diesel-BP50,5,22,-1.2290608131622998,protonet_meta
diesel-BP50,5,23,-0.6281139438536796,protonet_meta
diesel-BP50,5,24,-0.521705517923307,protonet_meta
diesel-BP50,5,25,-0.0972494355010922,protonet_meta
diesel-BP50,5,26,0.0062875046417101,protonet_meta
diesel-BP50,5,27,-0.3101873519157303,protonet_meta
diesel-BP50,5,28,-0.2496722119731858,protonet_meta
diesel-BP50,5,29,-0.2615183173041548,protonet_meta
diesel-BP50,10,0,-0.5570469160099845,protonet_meta
diesel-BP50,10,1,-0.1318040997003089,protonet_meta
diesel-BP50,10,2,-0.0595843249184324,protonet_meta
diesel-BP50,10,3,-0.4814517344426763,protonet_meta
diesel-BP50,10,4,-0.3131374844015862,protonet_meta
diesel-BP50,10,5,-0.004491283966695,protonet_meta
diesel-BP50,10,6,-0.0980854563953246,protonet_meta
diesel-BP50,10,7,-0.22649360699198,protonet_meta
diesel-BP50,10,8,-0.4779501241798811,protonet_meta
diesel-BP50,10,9,-0.2198473495076831,protonet_meta
diesel-BP50,10,10,0.0353238366433246,protonet_meta
diesel-BP50,10,11,-0.2571086523964681,protonet_meta
diesel-BP50,10,12,-0.0564984093936977,protonet_meta
diesel-BP50,10,13,-0.1424747089991376,protonet_meta
diesel-BP50,10,14,-0.1624233925865381,protonet_meta
diesel-BP50,10,15,-2.67429346683244,protonet_meta
diesel-BP50,10,16,0.0264624557107241,protonet_meta
diesel-BP50,10,17,0.0366380354250202,protonet_meta
diesel-BP50,10,18,-0.2021962997781532,protonet_meta
diesel-BP50,10,19,0.1291726768335244,protonet_meta
diesel-BP50,10,20,0.0282982366512043,protonet_meta
diesel-BP50,10,21,-0.0006836828860525,protonet_meta
diesel-BP50,10,22,0.0296641734218583,protonet_meta
diesel-BP50,10,23,-0.2281189518671911,protonet_meta
diesel-BP50,10,24,-0.3182023809080174,protonet_meta
diesel-BP50,10,25,-0.0292513531358757,protonet_meta
diesel-BP50,10,26,-0.0776944047526311,protonet_meta
diesel-BP50,10,27,-0.0115149568161807,protonet_meta
diesel-BP50,10,28,0.0129724699650562,protonet_meta
diesel-BP50,10,29,0.1145835984977878,protonet_meta
diesel-BP50,20,0,-0.1189582627952592,protonet_meta
diesel-BP50,20,1,0.096046389421854,protonet_meta
diesel-BP50,20,2,-0.0556628141722197,protonet_meta
diesel-BP50,20,3,0.0520232387203303,protonet_meta
diesel-BP50,20,4,-2.950133320966941e-06,protonet_meta
diesel-BP50,20,5,0.0867747839909314,protonet_meta
diesel-BP50,20,6,0.2630561581242384,protonet_meta
diesel-BP50,20,7,-0.0121254527819902,protonet_meta
diesel-BP50,20,8,0.1394719640133326,protonet_meta
diesel-BP50,20,9,-0.1889967835938804,protonet_meta
diesel-BP50,20,10,0.3742230082331389,protonet_meta
diesel-BP50,20,11,0.1019983076843255,protonet_meta
diesel-BP50,20,12,0.1544072261795213,protonet_meta
diesel-BP50,20,13,0.3214214686321167,protonet_meta
diesel-BP50,20,14,-0.0065436146441475,protonet_meta
diesel-BP50,20,15,0.1668637916081666,protonet_meta
diesel-BP50,20,16,0.1410993837910952,protonet_meta
diesel-BP50,20,17,0.0318741198060175,protonet_meta
diesel-BP50,20,18,0.0822136211967847,protonet_meta
diesel-BP50,20,19,0.1591266119639873,protonet_meta
diesel-BP50,20,20,0.0425449769312277,protonet_meta
diesel-BP50,20,21,-0.1164247896639749,protonet_meta
diesel-BP50,20,22,0.1237388048246317,protonet_meta
diesel-BP50,20,23,-0.0198498259225712,protonet_meta
diesel-BP50,20,24,-0.015197589772141,protonet_meta
diesel-BP50,20,25,0.1701300433922087,protonet_meta
diesel-BP50,20,26,-0.1215158345693614,protonet_meta
diesel-BP50,20,27,0.037609878814085,protonet_meta
diesel-BP50,20,28,-0.0035580346009018,protonet_meta
diesel-BP50,20,29,0.0923193593493555,protonet_meta
diesel-CN,5,0,-0.1611308185370941,protonet_meta
diesel-CN,5,1,-0.0044497084174977,protonet_meta
diesel-CN,5,2,0.140179657638249,protonet_meta
diesel-CN,5,3,-0.6601341886324548,protonet_meta
diesel-CN,5,4,0.1053083005469631,protonet_meta
diesel-CN,5,5,-0.0224514835757454,protonet_meta
diesel-CN,5,6,-0.0183761659795751,protonet_meta
diesel-CN,5,7,-16.122957147338074,protonet_meta
diesel-CN,5,8,-0.1261129728654049,protonet_meta
diesel-CN,5,9,0.0017159906931901,protonet_meta
diesel-CN,5,10,-0.0258600367504484,protonet_meta
diesel-CN,5,11,-0.0232214536159718,protonet_meta
diesel-CN,5,12,-0.5163858251593281,protonet_meta
diesel-CN,5,13,0.0350779881549652,protonet_meta
diesel-CN,5,14,0.048152993827897,protonet_meta
diesel-CN,5,15,-0.0364838501065167,protonet_meta
diesel-CN,5,16,-0.0084910917712743,protonet_meta
diesel-CN,5,17,-1.5600001163229194,protonet_meta
diesel-CN,5,18,-0.2918161427563737,protonet_meta
diesel-CN,5,19,-0.0351277312877487,protonet_meta
diesel-CN,5,20,-0.0704860970799181,protonet_meta
diesel-CN,5,21,0.1270169220909945,protonet_meta
diesel-CN,5,22,-0.0092348998064528,protonet_meta
diesel-CN,5,23,-0.1508503201647157,protonet_meta
diesel-CN,5,24,-0.063715791947891,protonet_meta
diesel-CN,5,25,0.0458304383415301,protonet_meta
diesel-CN,5,26,0.119612569182401,protonet_meta
diesel-CN,5,27,-0.0262114020689052,protonet_meta
diesel-CN,5,28,-0.2557508472082739,protonet_meta
diesel-CN,5,29,-0.3651195571416381,protonet_meta
diesel-CN,10,0,-0.2538632959714877,protonet_meta
diesel-CN,10,1,-0.2639579344355254,protonet_meta
diesel-CN,10,2,-0.16466487330363,protonet_meta
diesel-CN,10,3,0.1288837064952255,protonet_meta
diesel-CN,10,4,0.1397838371122074,protonet_meta
diesel-CN,10,5,-0.0055198645826579,protonet_meta
diesel-CN,10,6,0.0349019315004907,protonet_meta
diesel-CN,10,7,0.1073311746175218,protonet_meta
diesel-CN,10,8,0.1667139691525022,protonet_meta
diesel-CN,10,9,-0.2556526698343082,protonet_meta
diesel-CN,10,10,-0.0856376681519657,protonet_meta
diesel-CN,10,11,-0.1261606732544067,protonet_meta
diesel-CN,10,12,0.0661791305746604,protonet_meta
diesel-CN,10,13,-0.1077919010404748,protonet_meta
diesel-CN,10,14,0.1285465993519482,protonet_meta
diesel-CN,10,15,0.126794583828198,protonet_meta
diesel-CN,10,16,-0.4602754077277708,protonet_meta
diesel-CN,10,17,-1.6183277623102,protonet_meta
diesel-CN,10,18,0.1343973540928545,protonet_meta
diesel-CN,10,19,-0.0784849594821135,protonet_meta
diesel-CN,10,20,0.117002956091364,protonet_meta
diesel-CN,10,21,-0.031082774878985,protonet_meta
diesel-CN,10,22,-0.3464697482082921,protonet_meta
diesel-CN,10,23,0.1109942650021083,protonet_meta
diesel-CN,10,24,0.0608935883210954,protonet_meta
diesel-CN,10,25,-0.1990388276727084,protonet_meta
diesel-CN,10,26,0.0678881440765855,protonet_meta
diesel-CN,10,27,0.0422574165895602,protonet_meta
diesel-CN,10,28,-0.0172122561435199,protonet_meta
diesel-CN,10,29,-0.0685345355099733,protonet_meta
diesel-CN,20,0,0.1392723288319666,protonet_meta
diesel-CN,20,1,-0.0883929475392182,protonet_meta
diesel-CN,20,2,0.0017094239029228,protonet_meta
diesel-CN,20,3,0.1142905202476036,protonet_meta
diesel-CN,20,4,0.1062321962638422,protonet_meta
diesel-CN,20,5,0.116661895367209,protonet_meta
diesel-CN,20,6,0.1868868788737929,protonet_meta
diesel-CN,20,7,-0.0255565806664175,protonet_meta
diesel-CN,20,8,0.0135421914367402,protonet_meta
diesel-CN,20,9,0.156954112617384,protonet_meta
diesel-CN,20,10,-0.030124067688702,protonet_meta
diesel-CN,20,11,0.1449401786445158,protonet_meta
diesel-CN,20,12,-0.169091924048905,protonet_meta
diesel-CN,20,13,0.0405661331757848,protonet_meta
diesel-CN,20,14,0.1239510651812766,protonet_meta
diesel-CN,20,15,0.0920383078688064,protonet_meta
diesel-CN,20,16,-0.205132420218286,protonet_meta
diesel-CN,20,17,0.0846104310278937,protonet_meta
diesel-CN,20,18,0.1219799866207326,protonet_meta
diesel-CN,20,19,0.1100615148034853,protonet_meta
diesel-CN,20,20,-0.1430917034430561,protonet_meta
diesel-CN,20,21,0.0153402825467461,protonet_meta
diesel-CN,20,22,0.0040781032642639,protonet_meta
diesel-CN,20,23,0.1927063939956954,protonet_meta
diesel-CN,20,24,0.1949017356963801,protonet_meta
diesel-CN,20,25,0.0642040981687039,protonet_meta
diesel-CN,20,26,0.0820220100501781,protonet_meta
diesel-CN,20,27,0.0292092664574711,protonet_meta
diesel-CN,20,28,0.1209184728379842,protonet_meta
diesel-CN,20,29,0.1677438124093359,protonet_meta
diesel-D4052,5,0,-0.2705673834159423,protonet_meta
diesel-D4052,5,1,-0.0046094128592337,protonet_meta
diesel-D4052,5,2,-0.9138627421366448,protonet_meta
diesel-D4052,5,3,-0.3516704704431037,protonet_meta
diesel-D4052,5,4,0.1342359678067035,protonet_meta
diesel-D4052,5,5,-0.6016507953147465,protonet_meta
diesel-D4052,5,6,-0.4553193194006557,protonet_meta
diesel-D4052,5,7,-0.0227674953612015,protonet_meta
diesel-D4052,5,8,-0.5700277260255988,protonet_meta
diesel-D4052,5,9,0.0005591956569457,protonet_meta
diesel-D4052,5,10,0.0798362611485355,protonet_meta
diesel-D4052,5,11,-0.0720828566909697,protonet_meta
diesel-D4052,5,12,-1.3778158288414333,protonet_meta
diesel-D4052,5,13,0.1938366049475689,protonet_meta
diesel-D4052,5,14,-15.755891201664696,protonet_meta
diesel-D4052,5,15,0.2920818927068686,protonet_meta
diesel-D4052,5,16,-0.2441388660695505,protonet_meta
diesel-D4052,5,17,-0.026011134633763,protonet_meta
diesel-D4052,5,18,-0.0367022800838117,protonet_meta
diesel-D4052,5,19,-0.4342898422703924,protonet_meta
diesel-D4052,5,20,-0.3500066709170353,protonet_meta
diesel-D4052,5,21,0.3203519573032947,protonet_meta
diesel-D4052,5,22,-0.2060709553136763,protonet_meta
diesel-D4052,5,23,-8.315404312616497,protonet_meta
diesel-D4052,5,24,0.367304303372951,protonet_meta
diesel-D4052,5,25,-0.2704733488077282,protonet_meta
diesel-D4052,5,26,0.2870702978781789,protonet_meta
diesel-D4052,5,27,0.0149053785271122,protonet_meta
diesel-D4052,5,28,-0.2513753831758183,protonet_meta
diesel-D4052,5,29,-59.157243926253685,protonet_meta
diesel-D4052,10,0,0.0365040439397267,protonet_meta
diesel-D4052,10,1,0.1706021233761965,protonet_meta
diesel-D4052,10,2,0.2232502570728751,protonet_meta
diesel-D4052,10,3,0.2273200760772348,protonet_meta
diesel-D4052,10,4,-0.2015813508614043,protonet_meta
diesel-D4052,10,5,0.2568209189465619,protonet_meta
diesel-D4052,10,6,-0.0922749615552729,protonet_meta
diesel-D4052,10,7,0.2108389531000649,protonet_meta
diesel-D4052,10,8,0.3055365698794396,protonet_meta
diesel-D4052,10,9,0.1334209147478173,protonet_meta
diesel-D4052,10,10,0.3765471055764184,protonet_meta
diesel-D4052,10,11,0.2974987922370111,protonet_meta
diesel-D4052,10,12,0.3552179172171078,protonet_meta
diesel-D4052,10,13,0.2729076734303139,protonet_meta
diesel-D4052,10,14,0.143091515060037,protonet_meta
diesel-D4052,10,15,-0.053159986676655,protonet_meta
diesel-D4052,10,16,0.225777485048273,protonet_meta
diesel-D4052,10,17,-0.04710684676245,protonet_meta
diesel-D4052,10,18,0.3856600453152877,protonet_meta
diesel-D4052,10,19,0.2807504261305442,protonet_meta
diesel-D4052,10,20,0.19680298943197,protonet_meta
diesel-D4052,10,21,0.0108853151127075,protonet_meta
diesel-D4052,10,22,0.0088390913987363,protonet_meta
diesel-D4052,10,23,-0.0359825273412648,protonet_meta
diesel-D4052,10,24,-0.0848166705585116,protonet_meta
diesel-D4052,10,25,0.309766930940741,protonet_meta
diesel-D4052,10,26,0.2311141203575081,protonet_meta
diesel-D4052,10,27,0.2021715071656352,protonet_meta
diesel-D4052,10,28,-7.865467614465249,protonet_meta
diesel-D4052,10,29,0.1670557965966698,protonet_meta
diesel-D4052,20,0,0.395174521360236,protonet_meta
diesel-D4052,20,1,0.4881421597900017,protonet_meta
diesel-D4052,20,2,0.348537009677481,protonet_meta
diesel-D4052,20,3,0.3785396891945826,protonet_meta
diesel-D4052,20,4,0.4984622808257496,protonet_meta
diesel-D4052,20,5,0.3191144726325671,protonet_meta
diesel-D4052,20,6,-0.3048464712384795,protonet_meta
diesel-D4052,20,7,0.135713812547174,protonet_meta
diesel-D4052,20,8,0.3159078978343504,protonet_meta
diesel-D4052,20,9,0.349022947645806,protonet_meta
diesel-D4052,20,10,0.2514081961760331,protonet_meta
diesel-D4052,20,11,0.1600977900474586,protonet_meta
diesel-D4052,20,12,0.1734740845959543,protonet_meta
diesel-D4052,20,13,0.207310966574108,protonet_meta
diesel-D4052,20,14,0.5144044533681209,protonet_meta
diesel-D4052,20,15,-0.0148689242718449,protonet_meta
diesel-D4052,20,16,-8.104121931388852,protonet_meta
diesel-D4052,20,17,0.3358785555156298,protonet_meta
diesel-D4052,20,18,0.4526913242071373,protonet_meta
diesel-D4052,20,19,-0.0182022370836925,protonet_meta
diesel-D4052,20,20,0.2309169216295413,protonet_meta
diesel-D4052,20,21,0.2784770741897379,protonet_meta
diesel-D4052,20,22,0.290354136919022,protonet_meta
diesel-D4052,20,23,0.3834517570836486,protonet_meta
diesel-D4052,20,24,0.3101987848333016,protonet_meta
diesel-D4052,20,25,0.3356510178492791,protonet_meta
diesel-D4052,20,26,0.4234631525141356,protonet_meta
diesel-D4052,20,27,-0.1254710375146668,protonet_meta
diesel-D4052,20,28,0.3450039453822568,protonet_meta
diesel-D4052,20,29,0.3702835183226797,protonet_meta
diesel-FLASH,5,0,-0.4947891992761506,protonet_meta
diesel-FLASH,5,1,-0.9783770171364354,protonet_meta
diesel-FLASH,5,2,-0.57742243270213,protonet_meta
diesel-FLASH,5,3,-0.4451717515081195,protonet_meta
diesel-FLASH,5,4,-0.656453966504928,protonet_meta
diesel-FLASH,5,5,-1.365839663988658,protonet_meta
diesel-FLASH,5,6,-0.2732276895609948,protonet_meta
diesel-FLASH,5,7,-0.4840002074213569,protonet_meta
diesel-FLASH,5,8,-0.0800278407990904,protonet_meta
diesel-FLASH,5,9,-0.195261289614685,protonet_meta
diesel-FLASH,5,10,-0.0342711605858576,protonet_meta
diesel-FLASH,5,11,-0.0659267727728538,protonet_meta
diesel-FLASH,5,12,-0.2068712804395041,protonet_meta
diesel-FLASH,5,13,-0.7809150793989588,protonet_meta
diesel-FLASH,5,14,-0.0206801121022666,protonet_meta
diesel-FLASH,5,15,-0.3394611124926501,protonet_meta
diesel-FLASH,5,16,-1.0883176473460945,protonet_meta
diesel-FLASH,5,17,-0.0455504244520656,protonet_meta
diesel-FLASH,5,18,-0.2846048988557956,protonet_meta
diesel-FLASH,5,19,-1.2008514933259478,protonet_meta
diesel-FLASH,5,20,-0.0008050995027304,protonet_meta
diesel-FLASH,5,21,-0.4039217824619043,protonet_meta
diesel-FLASH,5,22,-0.0013395306761498,protonet_meta
diesel-FLASH,5,23,-0.1576568973580594,protonet_meta
diesel-FLASH,5,24,-0.1110021689992362,protonet_meta
diesel-FLASH,5,25,-0.2812909405471488,protonet_meta
diesel-FLASH,5,26,-0.5590475842063456,protonet_meta
diesel-FLASH,5,27,-0.141487833692268,protonet_meta
diesel-FLASH,5,28,-0.2147916790237181,protonet_meta
diesel-FLASH,5,29,0.0256478751424725,protonet_meta
diesel-FLASH,10,0,-0.0252118143596216,protonet_meta
diesel-FLASH,10,1,0.0080356736845238,protonet_meta
diesel-FLASH,10,2,0.0349002624972069,protonet_meta
diesel-FLASH,10,3,0.0004413954176304,protonet_meta
diesel-FLASH,10,4,-0.0852657034032944,protonet_meta
diesel-FLASH,10,5,-0.4595124472900946,protonet_meta
diesel-FLASH,10,6,-0.0696792945901505,protonet_meta
diesel-FLASH,10,7,-0.0155626679656311,protonet_meta
diesel-FLASH,10,8,-0.0388600805497525,protonet_meta
diesel-FLASH,10,9,-0.6590092334909996,protonet_meta
diesel-FLASH,10,10,-0.3700364754007113,protonet_meta
diesel-FLASH,10,11,-0.0999262901575233,protonet_meta
diesel-FLASH,10,12,0.00373636472566,protonet_meta
diesel-FLASH,10,13,-0.0257101850799681,protonet_meta
diesel-FLASH,10,14,-0.0717518141288282,protonet_meta
diesel-FLASH,10,15,-0.2389076214194694,protonet_meta
diesel-FLASH,10,16,-0.0505831441270794,protonet_meta
diesel-FLASH,10,17,-0.1417590817511966,protonet_meta
diesel-FLASH,10,18,0.0269000387376001,protonet_meta
diesel-FLASH,10,19,-0.143169278444498,protonet_meta
diesel-FLASH,10,20,-2.8191106873699576,protonet_meta
diesel-FLASH,10,21,-0.5727504301304989,protonet_meta
diesel-FLASH,10,22,-0.0122789588829572,protonet_meta
diesel-FLASH,10,23,-0.0026477099880002,protonet_meta
diesel-FLASH,10,24,-0.0399219348035091,protonet_meta
diesel-FLASH,10,25,-0.0221419292930875,protonet_meta
diesel-FLASH,10,26,0.0023749884513888,protonet_meta
diesel-FLASH,10,27,-0.2301732220469428,protonet_meta
diesel-FLASH,10,28,-0.0573208387204517,protonet_meta
diesel-FLASH,10,29,0.0150423852245542,protonet_meta
diesel-FLASH,20,0,-0.0617958435560537,protonet_meta
diesel-FLASH,20,1,0.0677472496020772,protonet_meta
diesel-FLASH,20,2,-0.0221931700615347,protonet_meta
diesel-FLASH,20,3,0.0320557643077115,protonet_meta
diesel-FLASH,20,4,0.0341336576038082,protonet_meta
diesel-FLASH,20,5,-0.0620873321612425,protonet_meta
diesel-FLASH,20,6,-0.272288557575334,protonet_meta
diesel-FLASH,20,7,-0.2186340474253096,protonet_meta
diesel-FLASH,20,8,-0.0844284946772329,protonet_meta
diesel-FLASH,20,9,-0.0476397259003289,protonet_meta
diesel-FLASH,20,10,0.1242054351880355,protonet_meta
diesel-FLASH,20,11,-0.1477832663304181,protonet_meta
diesel-FLASH,20,12,-0.0093102812824932,protonet_meta
diesel-FLASH,20,13,-0.0006613777405177,protonet_meta
diesel-FLASH,20,14,-0.0077852064122587,protonet_meta
diesel-FLASH,20,15,0.0670667273996049,protonet_meta
diesel-FLASH,20,16,-0.008258934724485,protonet_meta
diesel-FLASH,20,17,-0.292530971823173,protonet_meta
diesel-FLASH,20,18,-0.2013169692652312,protonet_meta
diesel-FLASH,20,19,0.107907787414308,protonet_meta
diesel-FLASH,20,20,-0.0825082310902576,protonet_meta
diesel-FLASH,20,21,0.0171564693684148,protonet_meta
diesel-FLASH,20,22,0.0420595264673716,protonet_meta
diesel-FLASH,20,23,-0.1062154856763593,protonet_meta
diesel-FLASH,20,24,-0.1135355244805291,protonet_meta
diesel-FLASH,20,25,-0.1217587649477758,protonet_meta
diesel-FLASH,20,26,-0.023229529191475,protonet_meta
diesel-FLASH,20,27,-0.0016851851311607,protonet_meta
diesel-FLASH,20,28,-0.2952575179733796,protonet_meta
diesel-FLASH,20,29,-0.1716654842678366,protonet_meta
diesel-FREEZE,5,0,-0.4559761311149819,protonet_meta
diesel-FREEZE,5,1,0.1403695968290979,protonet_meta
diesel-FREEZE,5,2,-0.1707520504773878,protonet_meta
diesel-FREEZE,5,3,-0.0333243058569694,protonet_meta
diesel-FREEZE,5,4,0.0593444663386421,protonet_meta
diesel-FREEZE,5,5,-3.4782907008438,protonet_meta
diesel-FREEZE,5,6,-0.0400441131399931,protonet_meta
diesel-FREEZE,5,7,-0.2180782035728075,protonet_meta
diesel-FREEZE,5,8,-0.1233627599114952,protonet_meta
diesel-FREEZE,5,9,-0.1403080555797142,protonet_meta
diesel-FREEZE,5,10,-0.0015492399435765,protonet_meta
diesel-FREEZE,5,11,-0.5526561711568996,protonet_meta
diesel-FREEZE,5,12,0.0272296830351558,protonet_meta
diesel-FREEZE,5,13,0.0683524163205774,protonet_meta
diesel-FREEZE,5,14,-0.0007202925607212,protonet_meta
diesel-FREEZE,5,15,-0.1143860020881746,protonet_meta
diesel-FREEZE,5,16,-0.0405751442948665,protonet_meta
diesel-FREEZE,5,17,-0.0446409079736347,protonet_meta
diesel-FREEZE,5,18,0.059838337405945,protonet_meta
diesel-FREEZE,5,19,-0.1951715077163576,protonet_meta
diesel-FREEZE,5,20,-0.9668426912645957,protonet_meta
diesel-FREEZE,5,21,-0.1649539041380507,protonet_meta
diesel-FREEZE,5,22,-0.1482789740445331,protonet_meta
diesel-FREEZE,5,23,-0.1837456461829512,protonet_meta
diesel-FREEZE,5,24,-0.0041087292842871,protonet_meta
diesel-FREEZE,5,25,-0.3480720121678526,protonet_meta
diesel-FREEZE,5,26,-0.3231870756076891,protonet_meta
diesel-FREEZE,5,27,-0.1149025277013702,protonet_meta
diesel-FREEZE,5,28,-0.2366972317251825,protonet_meta
diesel-FREEZE,5,29,-0.0390613919215019,protonet_meta
diesel-FREEZE,10,0,0.062975381539458,protonet_meta
diesel-FREEZE,10,1,-0.0043337622698158,protonet_meta
diesel-FREEZE,10,2,0.0607692809920531,protonet_meta
diesel-FREEZE,10,3,-1.0562140392410004,protonet_meta
diesel-FREEZE,10,4,-0.2454739340279124,protonet_meta
diesel-FREEZE,10,5,-0.1836198281644681,protonet_meta
diesel-FREEZE,10,6,-0.1269395398939103,protonet_meta
diesel-FREEZE,10,7,0.0399779702229021,protonet_meta
diesel-FREEZE,10,8,0.2601629681177335,protonet_meta
diesel-FREEZE,10,9,-0.1391298574015975,protonet_meta
diesel-FREEZE,10,10,-0.0260269868294571,protonet_meta
diesel-FREEZE,10,11,-0.3350314130397498,protonet_meta
diesel-FREEZE,10,12,0.0250564999634376,protonet_meta
diesel-FREEZE,10,13,-0.0194938962678565,protonet_meta
diesel-FREEZE,10,14,-0.163384980132839,protonet_meta
diesel-FREEZE,10,15,-0.2276399732577558,protonet_meta
diesel-FREEZE,10,16,-0.0808633560087319,protonet_meta
diesel-FREEZE,10,17,0.1357122765954401,protonet_meta
diesel-FREEZE,10,18,-0.1448733058533713,protonet_meta
diesel-FREEZE,10,19,-0.0435646567065874,protonet_meta
diesel-FREEZE,10,20,-2.429012006962094,protonet_meta
diesel-FREEZE,10,21,-0.0039522245341969,protonet_meta
diesel-FREEZE,10,22,0.0012207829668994,protonet_meta
diesel-FREEZE,10,23,0.2971179017547275,protonet_meta
diesel-FREEZE,10,24,-0.6107213635488593,protonet_meta
diesel-FREEZE,10,25,-0.3402189750768567,protonet_meta
diesel-FREEZE,10,26,0.3686763662374049,protonet_meta
diesel-FREEZE,10,27,-0.0071427671276884,protonet_meta
diesel-FREEZE,10,28,-0.2351734629837807,protonet_meta
diesel-FREEZE,10,29,-0.3864744100097947,protonet_meta
diesel-FREEZE,20,0,-0.0890896792214619,protonet_meta
diesel-FREEZE,20,1,0.0813226557028243,protonet_meta
diesel-FREEZE,20,2,-0.098081033690262,protonet_meta
diesel-FREEZE,20,3,0.0333310933637515,protonet_meta
diesel-FREEZE,20,4,-0.000951342175375,protonet_meta
diesel-FREEZE,20,5,-0.1663411086785047,protonet_meta
diesel-FREEZE,20,6,0.431794189724573,protonet_meta
diesel-FREEZE,20,7,-0.0045873468301955,protonet_meta
diesel-FREEZE,20,8,0.5679140668954449,protonet_meta
diesel-FREEZE,20,9,0.2226735121217445,protonet_meta
diesel-FREEZE,20,10,0.3186019652115509,protonet_meta
diesel-FREEZE,20,11,-0.0970456566707171,protonet_meta
diesel-FREEZE,20,12,0.400154262851384,protonet_meta
diesel-FREEZE,20,13,-0.0161743203724298,protonet_meta
diesel-FREEZE,20,14,0.2115160482484603,protonet_meta
diesel-FREEZE,20,15,-0.2540528340038757,protonet_meta
diesel-FREEZE,20,16,-0.2599618124936442,protonet_meta
diesel-FREEZE,20,17,-0.0182451790595725,protonet_meta
diesel-FREEZE,20,18,0.1331147947669499,protonet_meta
diesel-FREEZE,20,19,0.3633990709064766,protonet_meta
diesel-FREEZE,20,20,0.0371731637594815,protonet_meta
diesel-FREEZE,20,21,0.0683938754798089,protonet_meta
diesel-FREEZE,20,22,0.293486391655343,protonet_meta
diesel-FREEZE,20,23,0.0801334280017479,protonet_meta
diesel-FREEZE,20,24,-0.1429783114251208,protonet_meta
diesel-FREEZE,20,25,-0.607693433406501,protonet_meta
diesel-FREEZE,20,26,-0.0212258524717348,protonet_meta
diesel-FREEZE,20,27,-0.0013858157643777,protonet_meta
diesel-FREEZE,20,28,-0.0219216957566934,protonet_meta
diesel-FREEZE,20,29,0.0001643616816849,protonet_meta
diesel-TOTAL,5,0,0.388260796041835,protonet_meta
diesel-TOTAL,5,1,-0.5891365865058174,protonet_meta
diesel-TOTAL,5,2,0.4353521900654209,protonet_meta
diesel-TOTAL,5,3,0.3422926152799479,protonet_meta
diesel-TOTAL,5,4,0.378359838217881,protonet_meta
diesel-TOTAL,5,5,0.6703583132161164,protonet_meta
diesel-TOTAL,5,6,0.4671838161686434,protonet_meta
diesel-TOTAL,5,7,0.5448320370324303,protonet_meta
diesel-TOTAL,5,8,0.541622831820184,protonet_meta
diesel-TOTAL,5,9,0.3001284188094267,protonet_meta
diesel-TOTAL,5,10,0.5086361952746239,protonet_meta
diesel-TOTAL,5,11,0.5114746008874275,protonet_meta
diesel-TOTAL,5,12,0.4850384732598598,protonet_meta
diesel-TOTAL,5,13,0.5312927900664585,protonet_meta
diesel-TOTAL,5,14,0.6244088178068012,protonet_meta
diesel-TOTAL,5,15,0.2478291829279227,protonet_meta
diesel-TOTAL,5,16,0.5765160457707204,protonet_meta
diesel-TOTAL,5,17,0.3259701637251888,protonet_meta
diesel-TOTAL,5,18,0.3544043424635813,protonet_meta
diesel-TOTAL,5,19,0.5643291360683514,protonet_meta
diesel-TOTAL,5,20,0.2655265230881292,protonet_meta
diesel-TOTAL,5,21,0.5275539942876095,protonet_meta
diesel-TOTAL,5,22,0.5283682799129186,protonet_meta
diesel-TOTAL,5,23,0.5368455419447755,protonet_meta
diesel-TOTAL,5,24,0.2487157796328083,protonet_meta
diesel-TOTAL,5,25,0.3244685066875977,protonet_meta
diesel-TOTAL,5,26,0.763998651213645,protonet_meta
diesel-TOTAL,5,27,-0.0030328602227065,protonet_meta
diesel-TOTAL,5,28,0.4074275275265985,protonet_meta
diesel-TOTAL,5,29,0.2947532195299088,protonet_meta
diesel-TOTAL,10,0,0.5611918618855338,protonet_meta
diesel-TOTAL,10,1,0.5059179747177118,protonet_meta
diesel-TOTAL,10,2,0.5205230473294056,protonet_meta
diesel-TOTAL,10,3,0.4128563801438432,protonet_meta
diesel-TOTAL,10,4,0.5568947494865175,protonet_meta
diesel-TOTAL,10,5,0.5019731695941945,protonet_meta
diesel-TOTAL,10,6,0.4705801972809598,protonet_meta
diesel-TOTAL,10,7,0.1774453928259194,protonet_meta
diesel-TOTAL,10,8,0.6878476379921951,protonet_meta
diesel-TOTAL,10,9,0.4792277595409913,protonet_meta
diesel-TOTAL,10,10,0.6914549851686007,protonet_meta
diesel-TOTAL,10,11,0.3042972988723568,protonet_meta
diesel-TOTAL,10,12,0.656465062402297,protonet_meta
diesel-TOTAL,10,13,0.5609719487036002,protonet_meta
diesel-TOTAL,10,14,0.7722115009004118,protonet_meta
diesel-TOTAL,10,15,0.202307139884849,protonet_meta
diesel-TOTAL,10,16,0.689247842902106,protonet_meta
diesel-TOTAL,10,17,0.6638057986320767,protonet_meta
diesel-TOTAL,10,18,0.2959178541702154,protonet_meta
diesel-TOTAL,10,19,0.6380083565959368,protonet_meta
diesel-TOTAL,10,20,0.2520868724590692,protonet_meta
diesel-TOTAL,10,21,0.7430409716432345,protonet_meta
diesel-TOTAL,10,22,0.7681146117645594,protonet_meta
diesel-TOTAL,10,23,0.6835335442564741,protonet_meta
diesel-TOTAL,10,24,0.3113973136818144,protonet_meta
diesel-TOTAL,10,25,0.7543499214941117,protonet_meta
diesel-TOTAL,10,26,0.5429005758939847,protonet_meta
diesel-TOTAL,10,27,0.5951563132018681,protonet_meta
diesel-TOTAL,10,28,0.5591370552074104,protonet_meta
diesel-TOTAL,10,29,0.7749202694127376,protonet_meta
diesel-TOTAL,20,0,0.7107745642289034,protonet_meta
diesel-TOTAL,20,1,0.7393604939267779,protonet_meta
diesel-TOTAL,20,2,0.6847871151363574,protonet_meta
diesel-TOTAL,20,3,0.7435299447706505,protonet_meta
diesel-TOTAL,20,4,0.7577965134096324,protonet_meta
diesel-TOTAL,20,5,0.790888359645384,protonet_meta
diesel-TOTAL,20,6,0.774273342565408,protonet_meta
diesel-TOTAL,20,7,0.7276518305249211,protonet_meta
diesel-TOTAL,20,8,0.7419808249005313,protonet_meta
diesel-TOTAL,20,9,0.7870560466952266,protonet_meta
diesel-TOTAL,20,10,0.7104997382798544,protonet_meta
diesel-TOTAL,20,11,0.7104705893665775,protonet_meta
diesel-TOTAL,20,12,0.7879770991013633,protonet_meta
diesel-TOTAL,20,13,0.7276765141009095,protonet_meta
diesel-TOTAL,20,14,0.8071879851189482,protonet_meta
diesel-TOTAL,20,15,0.7136734682946682,protonet_meta
diesel-TOTAL,20,16,0.7284882527967773,protonet_meta
diesel-TOTAL,20,17,0.718262875343068,protonet_meta
diesel-TOTAL,20,18,0.6665541518820632,protonet_meta
diesel-TOTAL,20,19,0.7040866792866295,protonet_meta
diesel-TOTAL,20,20,0.7068424409732859,protonet_meta
diesel-TOTAL,20,21,0.6698009023459074,protonet_meta
diesel-TOTAL,20,22,0.8029003183458024,protonet_meta
diesel-TOTAL,20,23,0.6765749963100921,protonet_meta
diesel-TOTAL,20,24,0.7694793422582705,protonet_meta
diesel-TOTAL,20,25,0.7564961397099454,protonet_meta
diesel-TOTAL,20,26,0.6929636545373008,protonet_meta
diesel-TOTAL,20,27,0.8120774118254521,protonet_meta
diesel-TOTAL,20,28,0.6954456105491258,protonet_meta
diesel-TOTAL,20,29,0.7305586531369478,protonet_meta
diesel-VISC,5,0,-1.7215635429862055,protonet_meta
diesel-VISC,5,1,-1.7595399722589191,protonet_meta
diesel-VISC,5,2,-1.1649661105252953,protonet_meta
diesel-VISC,5,3,-0.0983310418813927,protonet_meta
diesel-VISC,5,4,-1.6430677993814102,protonet_meta
diesel-VISC,5,5,-0.021739476700219,protonet_meta
diesel-VISC,5,6,-0.0399668179937611,protonet_meta
diesel-VISC,5,7,-0.3809718967693496,protonet_meta
diesel-VISC,5,8,-0.1385750992786203,protonet_meta
diesel-VISC,5,9,-1.3578357476552458,protonet_meta
diesel-VISC,5,10,-0.8807091687499922,protonet_meta
diesel-VISC,5,11,-0.0772975526948471,protonet_meta
diesel-VISC,5,12,-0.1215274079133077,protonet_meta
diesel-VISC,5,13,-0.2414307246205331,protonet_meta
diesel-VISC,5,14,-0.1865887647027109,protonet_meta
diesel-VISC,5,15,-0.1185243401834541,protonet_meta
diesel-VISC,5,16,-0.9028896997274328,protonet_meta
diesel-VISC,5,17,0.0016053130428002,protonet_meta
diesel-VISC,5,18,-0.9874532659508692,protonet_meta
diesel-VISC,5,19,-0.8450004994769615,protonet_meta
diesel-VISC,5,20,-0.7441389073889741,protonet_meta
diesel-VISC,5,21,-0.4091898037735315,protonet_meta
diesel-VISC,5,22,-0.0289118880654681,protonet_meta
diesel-VISC,5,23,-0.9199688723773248,protonet_meta
diesel-VISC,5,24,-0.0460090774669583,protonet_meta
diesel-VISC,5,25,0.0019547188758457,protonet_meta
diesel-VISC,5,26,-0.1638268837381131,protonet_meta
diesel-VISC,5,27,-0.8659884286949819,protonet_meta
diesel-VISC,5,28,-0.0360166141257867,protonet_meta
diesel-VISC,5,29,0.0252975544711888,protonet_meta
diesel-VISC,10,0,-0.0964397649809107,protonet_meta
diesel-VISC,10,1,5.324280032481532e-05,protonet_meta
diesel-VISC,10,2,-0.0067683780158989,protonet_meta
diesel-VISC,10,3,-0.0137721579377365,protonet_meta
diesel-VISC,10,4,-0.258638986014873,protonet_meta
diesel-VISC,10,5,-0.0753554306316288,protonet_meta
diesel-VISC,10,6,-0.3605710481293331,protonet_meta
diesel-VISC,10,7,-0.1896705428766123,protonet_meta
diesel-VISC,10,8,-0.1251942144202729,protonet_meta
diesel-VISC,10,9,-0.2615897941151697,protonet_meta
diesel-VISC,10,10,0.0008625318484133,protonet_meta
diesel-VISC,10,11,-0.3706418937192688,protonet_meta
diesel-VISC,10,12,-0.4086611733323078,protonet_meta
diesel-VISC,10,13,-0.0113321477318619,protonet_meta
diesel-VISC,10,14,-0.0091238474435855,protonet_meta
diesel-VISC,10,15,0.0373982021008413,protonet_meta
diesel-VISC,10,16,-0.2295505094072001,protonet_meta
diesel-VISC,10,17,-0.0015831174349434,protonet_meta
diesel-VISC,10,18,-1.0378544589936376,protonet_meta
diesel-VISC,10,19,-0.0181017109233425,protonet_meta
diesel-VISC,10,20,-0.0673239493994362,protonet_meta
diesel-VISC,10,21,-0.1194445389869283,protonet_meta
diesel-VISC,10,22,-0.068573869480538,protonet_meta
diesel-VISC,10,23,-0.1461580710840033,protonet_meta
diesel-VISC,10,24,-0.196069050247057,protonet_meta
diesel-VISC,10,25,-0.2790422358682927,protonet_meta
diesel-VISC,10,26,-0.0136767400188557,protonet_meta
diesel-VISC,10,27,-0.619690822266981,protonet_meta
diesel-VISC,10,28,0.0427102369924369,protonet_meta
diesel-VISC,10,29,-0.2123116859613305,protonet_meta
diesel-VISC,20,0,-0.3456063416909272,protonet_meta
diesel-VISC,20,1,0.0916444672580727,protonet_meta
diesel-VISC,20,2,-0.0417365601502497,protonet_meta
diesel-VISC,20,3,0.0157244369176736,protonet_meta
diesel-VISC,20,4,0.1176137874723312,protonet_meta
diesel-VISC,20,5,-0.0125998629314529,protonet_meta
diesel-VISC,20,6,0.1160413642466386,protonet_meta
diesel-VISC,20,7,-0.1285917686218016,protonet_meta
diesel-VISC,20,8,-0.139595527581938,protonet_meta
diesel-VISC,20,9,-0.0008524969527021,protonet_meta
diesel-VISC,20,10,0.1349051445924977,protonet_meta
diesel-VISC,20,11,-0.1195589777729326,protonet_meta
diesel-VISC,20,12,-0.0691040558405993,protonet_meta
diesel-VISC,20,13,0.0480174340951536,protonet_meta
diesel-VISC,20,14,0.1198810832917185,protonet_meta
diesel-VISC,20,15,0.0886108423633653,protonet_meta
diesel-VISC,20,16,0.0009553413061578,protonet_meta
diesel-VISC,20,17,-0.1109066141157208,protonet_meta
diesel-VISC,20,18,-0.3881855818798687,protonet_meta
diesel-VISC,20,19,-0.054054486396742,protonet_meta
diesel-VISC,20,20,0.0315779993864513,protonet_meta
diesel-VISC,20,21,-0.9513838935429016,protonet_meta
diesel-VISC,20,22,-0.0610579624630485,protonet_meta
diesel-VISC,20,23,-0.1071239393694696,protonet_meta
diesel-VISC,20,24,-0.1528902486433714,protonet_meta
diesel-VISC,20,25,-0.0026051155037702,protonet_meta
diesel-VISC,20,26,-0.5051380448560296,protonet_meta
diesel-VISC,20,27,0.0159555666368192,protonet_meta
diesel-VISC,20,28,-0.4268361444996129,protonet_meta
diesel-VISC,20,29,0.1759922720169169,protonet_meta
evoo-adulteration,5,0,-0.2512623271694987,protonet_meta
evoo-adulteration,5,1,-0.0946357666617616,protonet_meta
evoo-adulteration,5,2,-0.0307318441279818,protonet_meta
evoo-adulteration,5,3,-0.2213068464826062,protonet_meta
evoo-adulteration,5,4,-0.3506951620835596,protonet_meta
evoo-adulteration,5,5,-1.3670952407710368,protonet_meta
evoo-adulteration,5,6,0.0562955849561713,protonet_meta
evoo-adulteration,5,7,-0.1143635900023218,protonet_meta
evoo-adulteration,5,8,-0.1716652153911502,protonet_meta
evoo-adulteration,5,9,-0.0771449077228871,protonet_meta
evoo-adulteration,5,10,-0.1311933526452251,protonet_meta
evoo-adulteration,5,11,-0.5995744149666797,protonet_meta
evoo-adulteration,5,12,-0.2558419102805611,protonet_meta
evoo-adulteration,5,13,-0.6326507134672528,protonet_meta
evoo-adulteration,5,14,-0.1345105446746519,protonet_meta
evoo-adulteration,5,15,-0.2917659946650159,protonet_meta
evoo-adulteration,5,16,-0.1211887518612111,protonet_meta
evoo-adulteration,5,17,0.0159249727505632,protonet_meta
evoo-adulteration,5,18,-0.1486648140190578,protonet_meta
evoo-adulteration,5,19,-0.2008830862312585,protonet_meta
evoo-adulteration,5,20,-0.0705476410793986,protonet_meta
evoo-adulteration,5,21,-0.250641028137222,protonet_meta
evoo-adulteration,5,22,-0.0997007270618426,protonet_meta
evoo-adulteration,5,23,-0.0537456309884685,protonet_meta
evoo-adulteration,5,24,-0.342428269848736,protonet_meta
evoo-adulteration,5,25,-0.5897230677593055,protonet_meta
evoo-adulteration,5,26,-0.1749247955960087,protonet_meta
evoo-adulteration,5,27,-0.144696574736054,protonet_meta
evoo-adulteration,5,28,-0.1989034895268377,protonet_meta
evoo-adulteration,5,29,-0.1059249073710042,protonet_meta
evoo-adulteration,10,0,-0.1624496357101925,protonet_meta
evoo-adulteration,10,1,0.0364606092214919,protonet_meta
evoo-adulteration,10,2,-0.302086252448577,protonet_meta
evoo-adulteration,10,3,-0.4371405615737989,protonet_meta
evoo-adulteration,10,4,-0.1291269456086976,protonet_meta
evoo-adulteration,10,5,-1.0482187759186874,protonet_meta
evoo-adulteration,10,6,-0.3117214914589978,protonet_meta
evoo-adulteration,10,7,0.1204534194499707,protonet_meta
evoo-adulteration,10,8,-0.2045773233839765,protonet_meta
evoo-adulteration,10,9,-0.3995679248952299,protonet_meta
evoo-adulteration,10,10,-0.2143316697268189,protonet_meta
evoo-adulteration,10,11,-0.4681544528400545,protonet_meta
evoo-adulteration,10,12,-0.252528134385253,protonet_meta
evoo-adulteration,10,13,0.0993390708836731,protonet_meta
evoo-adulteration,10,14,0.1515310243261808,protonet_meta
evoo-adulteration,10,15,-0.1654420254510618,protonet_meta
evoo-adulteration,10,16,-0.5122817601117435,protonet_meta
evoo-adulteration,10,17,-0.1291971377762009,protonet_meta
evoo-adulteration,10,18,-0.1659827934618689,protonet_meta
evoo-adulteration,10,19,-0.1295450679792216,protonet_meta
evoo-adulteration,10,20,0.03728897026131,protonet_meta
evoo-adulteration,10,21,-0.1699134676592684,protonet_meta
evoo-adulteration,10,22,-0.0289054841398499,protonet_meta
evoo-adulteration,10,23,-0.1939815728980309,protonet_meta
evoo-adulteration,10,24,0.1918087233713413,protonet_meta
evoo-adulteration,10,25,-0.008309995392389,protonet_meta
evoo-adulteration,10,26,-0.463832838486335,protonet_meta
evoo-adulteration,10,27,-0.0373987850560793,protonet_meta
evoo-adulteration,10,28,0.0554671441778895,protonet_meta
evoo-adulteration,10,29,0.0200618601628259,protonet_meta
evoo-adulteration,20,0,-0.004347998564919,protonet_meta
evoo-adulteration,20,1,-0.1004454106309924,protonet_meta
evoo-adulteration,20,2,-0.0439617984636531,protonet_meta
evoo-adulteration,20,3,-0.1115594973195577,protonet_meta
evoo-adulteration,20,4,-0.0142272690276543,protonet_meta
evoo-adulteration,20,5,-0.1818639626817673,protonet_meta
evoo-adulteration,20,6,-0.1195656346482982,protonet_meta
evoo-adulteration,20,7,-0.0736455756261555,protonet_meta
evoo-adulteration,20,8,0.1035233853544822,protonet_meta
evoo-adulteration,20,9,0.0295008733887596,protonet_meta
evoo-adulteration,20,10,-0.0365041850762237,protonet_meta
evoo-adulteration,20,11,0.2632957203808397,protonet_meta
evoo-adulteration,20,12,-0.1289865627453652,protonet_meta
evoo-adulteration,20,13,0.1011502098413281,protonet_meta
evoo-adulteration,20,14,-0.0077762946747139,protonet_meta
evoo-adulteration,20,15,-0.620686171920666,protonet_meta
evoo-adulteration,20,16,-0.0299864648920935,protonet_meta
evoo-adulteration,20,17,0.0181890921621242,protonet_meta
evoo-adulteration,20,18,0.0021786045500542,protonet_meta
evoo-adulteration,20,19,-0.0739694122799365,protonet_meta
evoo-adulteration,20,20,0.202342230593772,protonet_meta
evoo-adulteration,20,21,0.0293897701268593,protonet_meta
evoo-adulteration,20,22,-0.0104304440091653,protonet_meta
evoo-adulteration,20,23,-0.0024799366490493,protonet_meta
evoo-adulteration,20,24,-0.1698206919526059,protonet_meta
evoo-adulteration,20,25,0.195005211769768,protonet_meta
evoo-adulteration,20,26,-0.6282522052214965,protonet_meta
evoo-adulteration,20,27,-0.6193549755686574,protonet_meta
evoo-adulteration,20,28,0.1933415914441081,protonet_meta
evoo-adulteration,20,29,-0.0756117448696713,protonet_meta
gasoline-octane,5,0,-0.1090285332872669,protonet_meta
gasoline-octane,5,1,0.6526978644824645,protonet_meta
gasoline-octane,5,2,0.3456530855795061,protonet_meta
gasoline-octane,5,3,-0.0274793672117001,protonet_meta
gasoline-octane,5,4,0.6705844163981555,protonet_meta
gasoline-octane,5,5,-0.2934859697787138,protonet_meta
gasoline-octane,5,6,-0.0509629714106352,protonet_meta
gasoline-octane,5,7,-0.3165632619276928,protonet_meta
gasoline-octane,5,8,0.6713978609832632,protonet_meta
gasoline-octane,5,9,0.2714919953815652,protonet_meta
gasoline-octane,5,10,0.5256970589708403,protonet_meta
gasoline-octane,5,11,0.573598947334587,protonet_meta
gasoline-octane,5,12,0.0388549604121757,protonet_meta
gasoline-octane,5,13,0.4759351012524372,protonet_meta
gasoline-octane,5,14,0.6431262090582088,protonet_meta
gasoline-octane,5,15,0.4330139937229246,protonet_meta
gasoline-octane,5,16,0.2037331206412529,protonet_meta
gasoline-octane,5,17,0.3039516664384964,protonet_meta
gasoline-octane,5,18,-0.4928372386521731,protonet_meta
gasoline-octane,5,19,0.1478006642950583,protonet_meta
gasoline-octane,5,20,0.6661625386275218,protonet_meta
gasoline-octane,5,21,0.6272895746715281,protonet_meta
gasoline-octane,5,22,0.0816700722314132,protonet_meta
gasoline-octane,5,23,0.4829155130453452,protonet_meta
gasoline-octane,5,24,-0.0182183847013188,protonet_meta
gasoline-octane,5,25,0.7950425068305256,protonet_meta
gasoline-octane,5,26,0.768716256261617,protonet_meta
gasoline-octane,5,27,-0.022208102578942,protonet_meta
gasoline-octane,5,28,-0.1525926599508476,protonet_meta
gasoline-octane,5,29,-0.0120240066200709,protonet_meta
gasoline-octane,10,0,0.4678446157699822,protonet_meta
gasoline-octane,10,1,0.6573240464078164,protonet_meta
gasoline-octane,10,2,0.6806848287421388,protonet_meta
gasoline-octane,10,3,0.4455192516408383,protonet_meta
gasoline-octane,10,4,0.8065961079394822,protonet_meta
gasoline-octane,10,5,0.7403560997374048,protonet_meta
gasoline-octane,10,6,0.7922667727546473,protonet_meta
gasoline-octane,10,7,0.6331044394005274,protonet_meta
gasoline-octane,10,8,0.5424500375997094,protonet_meta
gasoline-octane,10,9,0.3042869029501113,protonet_meta
gasoline-octane,10,10,0.6537094273850227,protonet_meta
gasoline-octane,10,11,0.4698249627511277,protonet_meta
gasoline-octane,10,12,0.6963868765637353,protonet_meta
gasoline-octane,10,13,-65.39661190460707,protonet_meta
gasoline-octane,10,14,0.6202502164713827,protonet_meta
gasoline-octane,10,15,0.7667473188241937,protonet_meta
gasoline-octane,10,16,0.1227267082069352,protonet_meta
gasoline-octane,10,17,0.5882321716065184,protonet_meta
gasoline-octane,10,18,-0.0033709333342337,protonet_meta
gasoline-octane,10,19,0.7248120400225686,protonet_meta
gasoline-octane,10,20,0.71608050738426,protonet_meta
gasoline-octane,10,21,0.4010983317070645,protonet_meta
gasoline-octane,10,22,0.7181762549170108,protonet_meta
gasoline-octane,10,23,0.7294980205869872,protonet_meta
gasoline-octane,10,24,0.5846006433527051,protonet_meta
gasoline-octane,10,25,0.8178762073956802,protonet_meta
gasoline-octane,10,26,0.7514062760658626,protonet_meta
gasoline-octane,10,27,0.7290872552914491,protonet_meta
gasoline-octane,10,28,0.5768477539934511,protonet_meta
gasoline-octane,10,29,0.5841186491265018,protonet_meta
gasoline-octane,20,0,0.6999526043613858,protonet_meta
gasoline-octane,20,1,0.6928839398853637,protonet_meta
gasoline-octane,20,2,0.8300636409840423,protonet_meta
gasoline-octane,20,3,0.8069588323331781,protonet_meta
gasoline-octane,20,4,0.6770495902970362,protonet_meta
gasoline-octane,20,5,0.8162390468735223,protonet_meta
gasoline-octane,20,6,0.7478248863266672,protonet_meta
gasoline-octane,20,7,0.8084052550439114,protonet_meta
gasoline-octane,20,8,0.7124125634077128,protonet_meta
gasoline-octane,20,9,0.5684381952625861,protonet_meta
gasoline-octane,20,10,0.6972234343492152,protonet_meta
gasoline-octane,20,11,0.7151855241305313,protonet_meta
gasoline-octane,20,12,0.7457359296345145,protonet_meta
gasoline-octane,20,13,0.773339898725951,protonet_meta
gasoline-octane,20,14,0.7539604070276085,protonet_meta
gasoline-octane,20,15,0.8154610248806554,protonet_meta
gasoline-octane,20,16,0.6585350231785946,protonet_meta
gasoline-octane,20,17,0.7828326614323524,protonet_meta
gasoline-octane,20,18,0.6620414655663589,protonet_meta
gasoline-octane,20,19,0.7338392167843568,protonet_meta
gasoline-octane,20,20,0.6569305045432705,protonet_meta
gasoline-octane,20,21,0.7488005013986627,protonet_meta
gasoline-octane,20,22,0.6938617978098859,protonet_meta
gasoline-octane,20,23,0.7802915100983361,protonet_meta
gasoline-octane,20,24,0.7956707181686867,protonet_meta
gasoline-octane,20,25,0.7323217136193001,protonet_meta
gasoline-octane,20,26,0.7905722594301265,protonet_meta
gasoline-octane,20,27,0.7243115281723789,protonet_meta
gasoline-octane,20,28,0.8350979709371725,protonet_meta
gasoline-octane,20,29,0.7303528640443095,protonet_meta
diesel-BP50,5,0,-0.1063761734114809,PI-ANIL
diesel-BP50,5,1,-0.1690054825134166,PI-ANIL
diesel-BP50,5,2,-1.147578263910431,PI-ANIL
diesel-BP50,5,3,-0.9370570174803514,PI-ANIL
diesel-BP50,5,4,-0.4428490458394696,PI-ANIL
diesel-BP50,5,5,0.2346819698236495,PI-ANIL
diesel-BP50,5,6,0.2749781031857308,PI-ANIL
diesel-BP50,5,7,0.6364049713216204,PI-ANIL
diesel-BP50,5,8,-0.5449935122422931,PI-ANIL
diesel-BP50,5,9,-0.4885042517418347,PI-ANIL
diesel-BP50,10,0,0.2858574692814725,PI-ANIL
diesel-BP50,10,1,0.1626196982254087,PI-ANIL
diesel-BP50,10,2,0.3134630229822068,PI-ANIL
diesel-BP50,10,3,0.2264322418799391,PI-ANIL
diesel-BP50,10,4,-0.2030668609658794,PI-ANIL
diesel-BP50,10,5,-0.3310623567513444,PI-ANIL
diesel-BP50,10,6,0.364765511350815,PI-ANIL
diesel-BP50,10,7,0.5346189965200328,PI-ANIL
diesel-BP50,10,8,0.3214798494739463,PI-ANIL
diesel-BP50,10,9,0.1718585027434591,PI-ANIL
diesel-BP50,20,0,0.0899383034947983,PI-ANIL
diesel-BP50,20,1,0.6264769917829024,PI-ANIL
diesel-BP50,20,2,0.6387660575874853,PI-ANIL
diesel-BP50,20,3,0.4325010872665022,PI-ANIL
diesel-BP50,20,4,0.6361265391902606,PI-ANIL
diesel-BP50,20,5,0.3160537104603703,PI-ANIL
diesel-BP50,20,6,0.7417994691214385,PI-ANIL
diesel-BP50,20,7,0.6885307137611287,PI-ANIL
diesel-BP50,20,8,0.402775654149507,PI-ANIL
diesel-BP50,20,9,0.3032271908979029,PI-ANIL
diesel-CN,5,0,-0.1801409545736516,PI-ANIL
diesel-CN,5,1,-0.0629416047519402,PI-ANIL
diesel-CN,5,2,-0.0625064135129873,PI-ANIL
diesel-CN,5,3,-0.1192917983091055,PI-ANIL
diesel-CN,5,4,0.312041320201773,PI-ANIL
diesel-CN,5,5,-0.2790214996798654,PI-ANIL
diesel-CN,5,6,-0.7617270019769526,PI-ANIL
diesel-CN,5,7,0.1550155982139222,PI-ANIL
diesel-CN,5,8,-3.3229080683124472,PI-ANIL
diesel-CN,5,9,-0.8795407152867054,PI-ANIL
diesel-CN,10,0,-0.2502561996765415,PI-ANIL
diesel-CN,10,1,-1.0854950123549898,PI-ANIL
diesel-CN,10,2,-0.3762388864460708,PI-ANIL
diesel-CN,10,3,0.060924761532367,PI-ANIL
diesel-CN,10,4,0.0356780805262969,PI-ANIL
diesel-CN,10,5,0.2181194501674238,PI-ANIL
diesel-CN,10,6,-0.5430295503945171,PI-ANIL
diesel-CN,10,7,0.1711000672963104,PI-ANIL
diesel-CN,10,8,0.1534282585670333,PI-ANIL
diesel-CN,10,9,0.2156009903415747,PI-ANIL
diesel-CN,20,0,-1.4136855833336923,PI-ANIL
diesel-CN,20,1,0.0498112242839268,PI-ANIL
diesel-CN,20,2,0.3866898277524708,PI-ANIL
diesel-CN,20,3,-0.0205444795909208,PI-ANIL
diesel-CN,20,4,0.0749747849220398,PI-ANIL
diesel-CN,20,5,0.3147566460178584,PI-ANIL
diesel-CN,20,6,-0.0157983084601369,PI-ANIL
diesel-CN,20,7,0.0141932805388349,PI-ANIL
diesel-CN,20,8,0.4460141855686487,PI-ANIL
diesel-CN,20,9,0.3426330115670152,PI-ANIL
diesel-D4052,5,0,0.6768721977433885,PI-ANIL
diesel-D4052,5,1,0.0690364662431035,PI-ANIL
diesel-D4052,5,2,-0.1395711454396033,PI-ANIL
diesel-D4052,5,3,0.4532345827586956,PI-ANIL
diesel-D4052,5,4,0.4272795353491205,PI-ANIL
diesel-D4052,5,5,0.0396444207262934,PI-ANIL
diesel-D4052,5,6,0.3389536799562765,PI-ANIL
diesel-D4052,5,7,0.2523948478344404,PI-ANIL
diesel-D4052,5,8,-0.0144696792428833,PI-ANIL
diesel-D4052,5,9,0.3372405013034939,PI-ANIL
diesel-D4052,10,0,0.6527599086678764,PI-ANIL
diesel-D4052,10,1,0.6637527808306567,PI-ANIL
diesel-D4052,10,2,0.4688746449896603,PI-ANIL
diesel-D4052,10,3,0.8807368574833565,PI-ANIL
diesel-D4052,10,4,0.4437806250946547,PI-ANIL
diesel-D4052,10,5,0.5355801277294807,PI-ANIL
diesel-D4052,10,6,0.2689176819481377,PI-ANIL
diesel-D4052,10,7,0.627825860765497,PI-ANIL
diesel-D4052,10,8,0.8110092887694123,PI-ANIL
diesel-D4052,10,9,0.3992976045251242,PI-ANIL
diesel-D4052,20,0,0.8590315530186209,PI-ANIL
diesel-D4052,20,1,0.8448001955657478,PI-ANIL
diesel-D4052,20,2,0.871409196446992,PI-ANIL
diesel-D4052,20,3,0.7557760821834538,PI-ANIL
diesel-D4052,20,4,0.693224437020409,PI-ANIL
diesel-D4052,20,5,0.7627592724150143,PI-ANIL
diesel-D4052,20,6,0.7883740956588595,PI-ANIL
diesel-D4052,20,7,0.8607144779970847,PI-ANIL
diesel-D4052,20,8,0.7957050948302833,PI-ANIL
diesel-D4052,20,9,0.8170429256700525,PI-ANIL
diesel-FLASH,5,0,-0.6056706565849248,PI-ANIL
diesel-FLASH,5,1,-0.49435926405622,PI-ANIL
diesel-FLASH,5,2,-0.0711679889274032,PI-ANIL
diesel-FLASH,5,3,-0.0500700341159607,PI-ANIL
diesel-FLASH,5,4,-1.6277369760506506,PI-ANIL
diesel-FLASH,5,5,-1.0953153353376957,PI-ANIL
diesel-FLASH,5,6,-0.7516718307025152,PI-ANIL
diesel-FLASH,5,7,-3.158272833131827,PI-ANIL
diesel-FLASH,5,8,-2.112400675935468,PI-ANIL
diesel-FLASH,5,9,-1.1425063894952356,PI-ANIL
diesel-FLASH,10,0,0.1894769248489501,PI-ANIL
diesel-FLASH,10,1,0.2487252006776614,PI-ANIL
diesel-FLASH,10,2,-0.0795241184611903,PI-ANIL
diesel-FLASH,10,3,-0.2496539586639596,PI-ANIL
diesel-FLASH,10,4,0.1714410087493691,PI-ANIL
diesel-FLASH,10,5,-0.8948957613358921,PI-ANIL
diesel-FLASH,10,6,-0.3363092560952867,PI-ANIL
diesel-FLASH,10,7,-2.3202108394228858,PI-ANIL
diesel-FLASH,10,8,-0.1318335580923222,PI-ANIL
diesel-FLASH,10,9,-0.6323034831442156,PI-ANIL
diesel-FLASH,20,0,0.0071344372479172,PI-ANIL
diesel-FLASH,20,1,0.0651985678901203,PI-ANIL
diesel-FLASH,20,2,0.2316802789102484,PI-ANIL
diesel-FLASH,20,3,0.178689586305332,PI-ANIL
diesel-FLASH,20,4,0.2978215808027619,PI-ANIL
diesel-FLASH,20,5,0.2027301668084982,PI-ANIL
diesel-FLASH,20,6,-0.1373859785012887,PI-ANIL
diesel-FLASH,20,7,0.2783674518358433,PI-ANIL
diesel-FLASH,20,8,0.3248528506210862,PI-ANIL
diesel-FLASH,20,9,0.0807768980695403,PI-ANIL
diesel-FREEZE,5,0,-0.3152154433673173,PI-ANIL
diesel-FREEZE,5,1,0.2073473097159645,PI-ANIL
diesel-FREEZE,5,2,-0.0799639752554932,PI-ANIL
diesel-FREEZE,5,3,0.1346969232421035,PI-ANIL
diesel-FREEZE,5,4,0.1958899341982449,PI-ANIL
diesel-FREEZE,5,5,-0.2110569621590354,PI-ANIL
diesel-FREEZE,5,6,0.0742857489604805,PI-ANIL
diesel-FREEZE,5,7,-0.1753657977913987,PI-ANIL
diesel-FREEZE,5,8,-0.8731521844391255,PI-ANIL
diesel-FREEZE,5,9,-0.0169264078241708,PI-ANIL
diesel-FREEZE,10,0,0.135772968402757,PI-ANIL
diesel-FREEZE,10,1,0.1826967436432334,PI-ANIL
diesel-FREEZE,10,2,0.0293941477465926,PI-ANIL
diesel-FREEZE,10,3,-0.505608104486289,PI-ANIL
diesel-FREEZE,10,4,0.0291901911018916,PI-ANIL
diesel-FREEZE,10,5,-0.1518704289540939,PI-ANIL
diesel-FREEZE,10,6,0.1418110658637976,PI-ANIL
diesel-FREEZE,10,7,0.0889403032893046,PI-ANIL
diesel-FREEZE,10,8,0.5900698726793174,PI-ANIL
diesel-FREEZE,10,9,0.4048428615438892,PI-ANIL
diesel-FREEZE,20,0,0.5068982726239915,PI-ANIL
diesel-FREEZE,20,1,0.6828503711906075,PI-ANIL
diesel-FREEZE,20,2,0.1938778682047406,PI-ANIL
diesel-FREEZE,20,3,0.4509421669962863,PI-ANIL
diesel-FREEZE,20,4,0.5446460435936733,PI-ANIL
diesel-FREEZE,20,5,0.2212082901042191,PI-ANIL
diesel-FREEZE,20,6,0.3386648957722359,PI-ANIL
diesel-FREEZE,20,7,0.4942243938252939,PI-ANIL
diesel-FREEZE,20,8,0.244958695858199,PI-ANIL
diesel-FREEZE,20,9,0.6426730911840298,PI-ANIL
diesel-TOTAL,5,0,0.5975045743678113,PI-ANIL
diesel-TOTAL,5,1,0.6631869006218243,PI-ANIL
diesel-TOTAL,5,2,0.5904705974632373,PI-ANIL
diesel-TOTAL,5,3,0.560969465418683,PI-ANIL
diesel-TOTAL,5,4,0.7289948358341364,PI-ANIL
diesel-TOTAL,5,5,0.4840192344333169,PI-ANIL
diesel-TOTAL,5,6,0.6052483912323854,PI-ANIL
diesel-TOTAL,5,7,0.652802318126702,PI-ANIL
diesel-TOTAL,5,8,0.6517068746557656,PI-ANIL
diesel-TOTAL,5,9,0.5468047354304013,PI-ANIL
diesel-TOTAL,10,0,0.760084248836332,PI-ANIL
diesel-TOTAL,10,1,0.8073193000376152,PI-ANIL
diesel-TOTAL,10,2,0.7254790961953221,PI-ANIL
diesel-TOTAL,10,3,0.6665577900912045,PI-ANIL
diesel-TOTAL,10,4,0.8699367820743615,PI-ANIL
diesel-TOTAL,10,5,0.7187575523108716,PI-ANIL
diesel-TOTAL,10,6,0.7576744155064352,PI-ANIL
diesel-TOTAL,10,7,0.6247803839853812,PI-ANIL
diesel-TOTAL,10,8,0.7912399775020452,PI-ANIL
diesel-TOTAL,10,9,0.613134174134975,PI-ANIL
diesel-TOTAL,20,0,0.7983175441201118,PI-ANIL
diesel-TOTAL,20,1,0.8314206140711169,PI-ANIL
diesel-TOTAL,20,2,0.823394760315466,PI-ANIL
diesel-TOTAL,20,3,0.8710325321153529,PI-ANIL
diesel-TOTAL,20,4,0.8997634848682492,PI-ANIL
diesel-TOTAL,20,5,0.6797178121125533,PI-ANIL
diesel-TOTAL,20,6,0.8277223821295128,PI-ANIL
diesel-TOTAL,20,7,0.8327298876078157,PI-ANIL
diesel-TOTAL,20,8,0.8466066433568956,PI-ANIL
diesel-TOTAL,20,9,0.8419760447973066,PI-ANIL
diesel-VISC,5,0,-0.5135877292093065,PI-ANIL
diesel-VISC,5,1,-0.1055280623107304,PI-ANIL
diesel-VISC,5,2,-1.6858539325073512,PI-ANIL
diesel-VISC,5,3,-0.6347692663939548,PI-ANIL
diesel-VISC,5,4,-1.9151692882129248,PI-ANIL
diesel-VISC,5,5,-0.2930333335000947,PI-ANIL
diesel-VISC,5,6,0.3734965643687494,PI-ANIL
diesel-VISC,5,7,0.1512421735251348,PI-ANIL
diesel-VISC,5,8,-0.571382608343431,PI-ANIL
diesel-VISC,5,9,-0.7648209204601155,PI-ANIL
diesel-VISC,10,0,0.2969785030660851,PI-ANIL
diesel-VISC,10,1,0.5073476277556306,PI-ANIL
diesel-VISC,10,2,0.1814652727633607,PI-ANIL
diesel-VISC,10,3,-0.564884564045764,PI-ANIL
diesel-VISC,10,4,0.1289961273653378,PI-ANIL
diesel-VISC,10,5,0.5161401591941402,PI-ANIL
diesel-VISC,10,6,0.2134092369019464,PI-ANIL
diesel-VISC,10,7,-0.4574681651066954,PI-ANIL
diesel-VISC,10,8,0.4530827642092264,PI-ANIL
diesel-VISC,10,9,0.0745366178105524,PI-ANIL
diesel-VISC,20,0,0.4224417730892734,PI-ANIL
diesel-VISC,20,1,0.6176854980742807,PI-ANIL
diesel-VISC,20,2,0.4478091256166395,PI-ANIL
diesel-VISC,20,3,0.4969238621044837,PI-ANIL
diesel-VISC,20,4,0.2430491799683074,PI-ANIL
diesel-VISC,20,5,0.6025734651481793,PI-ANIL
diesel-VISC,20,6,0.6742302406499272,PI-ANIL
diesel-VISC,20,7,0.5838104818160144,PI-ANIL
diesel-VISC,20,8,0.1517519659945428,PI-ANIL
diesel-VISC,20,9,0.4941176704650263,PI-ANIL
evoo-adulteration,5,0,-0.3834142946314804,PI-ANIL
evoo-adulteration,5,1,-0.0803574261233537,PI-ANIL
evoo-adulteration,5,2,-0.5228372124141802,PI-ANIL
evoo-adulteration,5,3,0.0036564249213792,PI-ANIL
evoo-adulteration,5,4,-0.3695682969681766,PI-ANIL
evoo-adulteration,5,5,-1.0233584311353248,PI-ANIL
evoo-adulteration,5,6,-0.8904418967389782,PI-ANIL
evoo-adulteration,5,7,-1.543794371059545,PI-ANIL
evoo-adulteration,5,8,-0.4467271622926829,PI-ANIL
evoo-adulteration,5,9,-1.0705203420847118,PI-ANIL
evoo-adulteration,10,0,-1.276587823281373,PI-ANIL
evoo-adulteration,10,1,-0.6299864519888336,PI-ANIL
evoo-adulteration,10,2,-0.848958777204039,PI-ANIL
evoo-adulteration,10,3,-1.5962475556783042,PI-ANIL
evoo-adulteration,10,4,0.0342170453173218,PI-ANIL
evoo-adulteration,10,5,-2.9093960840256363,PI-ANIL
evoo-adulteration,10,6,-1.0684659064347497,PI-ANIL
evoo-adulteration,10,7,0.3682991085287863,PI-ANIL
evoo-adulteration,10,8,0.1887133242249267,PI-ANIL
evoo-adulteration,10,9,-4.877488522953083,PI-ANIL
evoo-adulteration,20,0,-0.0126761873781136,PI-ANIL
evoo-adulteration,20,1,0.1065003482773405,PI-ANIL
evoo-adulteration,20,2,0.1374293813768179,PI-ANIL
evoo-adulteration,20,3,-0.224225682906997,PI-ANIL
evoo-adulteration,20,4,0.0834176225093393,PI-ANIL
evoo-adulteration,20,5,0.0761166367483137,PI-ANIL
evoo-adulteration,20,6,-0.1001695533371378,PI-ANIL
evoo-adulteration,20,7,0.3406893272775739,PI-ANIL
evoo-adulteration,20,8,-0.0659543972515688,PI-ANIL
evoo-adulteration,20,9,0.1930972419209533,PI-ANIL
gasoline-octane,5,0,0.8928268870891735,PI-ANIL
gasoline-octane,5,1,0.1897130678076056,PI-ANIL
gasoline-octane,5,2,0.8933796705157571,PI-ANIL
gasoline-octane,5,3,0.9326691993429328,PI-ANIL
gasoline-octane,5,4,0.920796656059261,PI-ANIL
gasoline-octane,5,5,0.2793702108080502,PI-ANIL
gasoline-octane,5,6,0.6883804008270986,PI-ANIL
gasoline-octane,5,7,-0.1693975299496166,PI-ANIL
gasoline-octane,5,8,0.1029984041768136,PI-ANIL
gasoline-octane,5,9,0.7083054793938698,PI-ANIL
gasoline-octane,10,0,0.7758637713144506,PI-ANIL
gasoline-octane,10,1,0.8489566873367461,PI-ANIL
gasoline-octane,10,2,0.5779317048923466,PI-ANIL
gasoline-octane,10,3,0.8031651467234022,PI-ANIL
gasoline-octane,10,4,0.8988024842876956,PI-ANIL
gasoline-octane,10,5,0.8306182029219692,PI-ANIL
gasoline-octane,10,6,0.918875227724682,PI-ANIL
gasoline-octane,10,7,0.9002446701498793,PI-ANIL
gasoline-octane,10,8,0.6985614932082179,PI-ANIL
gasoline-octane,10,9,0.8689870514490278,PI-ANIL
gasoline-octane,20,0,0.9305043817090192,PI-ANIL
gasoline-octane,20,1,0.910923358092236,PI-ANIL
gasoline-octane,20,2,0.9232684998434648,PI-ANIL
gasoline-octane,20,3,0.943613914612124,PI-ANIL
gasoline-octane,20,4,0.9272343497793644,PI-ANIL
gasoline-octane,20,5,0.8509798952820393,PI-ANIL
gasoline-octane,20,6,0.9226109708839744,PI-ANIL
gasoline-octane,20,7,0.9539587565203476,PI-ANIL
gasoline-octane,20,8,0.8799383554191917,PI-ANIL
gasoline-octane,20,9,0.8815672777277072,PI-ANIL
corn_m5-moisture,5,0,0.1100225942928903,ANIL
corn_m5-moisture,5,1,-1.3512421717529928,ANIL
corn_m5-moisture,5,2,0.1473585224574992,ANIL
corn_m5-moisture,5,3,-1.3441010421929356,ANIL
corn_m5-moisture,5,4,-0.1800315075848091,ANIL
corn_m5-moisture,5,5,-0.1478768501372214,ANIL
corn_m5-moisture,5,6,-0.9909740846771032,ANIL
corn_m5-moisture,5,7,-1.8958569986790692,ANIL
corn_m5-moisture,5,8,0.0127230923111786,ANIL
corn_m5-moisture,5,9,-2.376041450092916,ANIL
corn_m5-moisture,10,0,-1.5425585906287171,ANIL
corn_m5-moisture,10,1,-0.0915573394170734,ANIL
corn_m5-moisture,10,2,0.4969294033797307,ANIL
corn_m5-moisture,10,3,0.3577837147346538,ANIL
corn_m5-moisture,10,4,0.0961406831570507,ANIL
corn_m5-moisture,10,5,-0.7728187372691104,ANIL
corn_m5-moisture,10,6,0.1144616296195839,ANIL
corn_m5-moisture,10,7,0.0534635826696143,ANIL
corn_m5-moisture,10,8,-0.1351639792963108,ANIL
corn_m5-moisture,10,9,0.095982593596256,ANIL
corn_m5-moisture,20,0,0.4622149048132706,ANIL
corn_m5-moisture,20,1,0.1082044992441525,ANIL
corn_m5-moisture,20,2,0.2900736339886427,ANIL
corn_m5-moisture,20,3,0.4030616001573922,ANIL
corn_m5-moisture,20,4,0.4985817971829184,ANIL
corn_m5-moisture,20,5,0.5860722661681199,ANIL
corn_m5-moisture,20,6,0.3956821358197953,ANIL
corn_m5-moisture,20,7,0.4343383103297237,ANIL
corn_m5-moisture,20,8,0.2281046847060299,ANIL
corn_m5-moisture,20,9,0.234017423513008,ANIL
corn_m5-oil,5,0,-1.566403382658966,ANIL
corn_m5-oil,5,1,-2.054095364684416,ANIL
corn_m5-oil,5,2,-0.1684654874256903,ANIL
corn_m5-oil,5,3,-0.9000699764733562,ANIL
corn_m5-oil,5,4,-0.87117784141774,ANIL
corn_m5-oil,5,5,-0.6724594046073737,ANIL
corn_m5-oil,5,6,-1.1250695290602928,ANIL
corn_m5-oil,5,7,-1.1012669719156165,ANIL
corn_m5-oil,5,8,-2.8340458433526217,ANIL
corn_m5-oil,5,9,-1.6439151200307922,ANIL
corn_m5-oil,10,0,-0.0047743601184397,ANIL
corn_m5-oil,10,1,0.2317468347555796,ANIL
corn_m5-oil,10,2,-0.4075697453419638,ANIL
corn_m5-oil,10,3,0.3394289012864167,ANIL
corn_m5-oil,10,4,-1.0683924854932898,ANIL
corn_m5-oil,10,5,0.3619648200399911,ANIL
corn_m5-oil,10,6,-0.2059719414971634,ANIL
corn_m5-oil,10,7,0.4277762447981733,ANIL
corn_m5-oil,10,8,0.1362766225087659,ANIL
corn_m5-oil,10,9,-0.4233416542751185,ANIL
corn_m5-oil,20,0,-0.0381552091699575,ANIL
corn_m5-oil,20,1,0.5341599942750694,ANIL
corn_m5-oil,20,2,0.0992309568977427,ANIL
corn_m5-oil,20,3,0.3436806158490372,ANIL
corn_m5-oil,20,4,0.4827498288346408,ANIL
corn_m5-oil,20,5,0.4035439675903031,ANIL
corn_m5-oil,20,6,0.1350387714512688,ANIL
corn_m5-oil,20,7,0.528203366774323,ANIL
corn_m5-oil,20,8,0.2983100986821169,ANIL
corn_m5-oil,20,9,0.0795035824000459,ANIL
corn_m5-protein,5,0,-0.1597319724467636,ANIL
corn_m5-protein,5,1,-0.4298641709857562,ANIL
corn_m5-protein,5,2,-0.0160843231332887,ANIL
corn_m5-protein,5,3,0.2496959348095546,ANIL
corn_m5-protein,5,4,0.1719961476257088,ANIL
corn_m5-protein,5,5,0.2003343605739159,ANIL
corn_m5-protein,5,6,0.1613884787769814,ANIL
corn_m5-protein,5,7,-0.3895061042384153,ANIL
corn_m5-protein,5,8,-0.6010988099657779,ANIL
corn_m5-protein,5,9,-0.7782211409090649,ANIL
corn_m5-protein,10,0,0.4904449162028094,ANIL
corn_m5-protein,10,1,0.3976472239215033,ANIL
corn_m5-protein,10,2,0.345642303521083,ANIL
corn_m5-protein,10,3,0.3280690433259868,ANIL
corn_m5-protein,10,4,-0.958282941773674,ANIL
corn_m5-protein,10,5,0.6241614720695012,ANIL
corn_m5-protein,10,6,0.2840924684102087,ANIL
corn_m5-protein,10,7,0.2446812960193388,ANIL
corn_m5-protein,10,8,0.5246119195223291,ANIL
corn_m5-protein,10,9,0.1846650011988532,ANIL
corn_m5-protein,20,0,0.6895200878850565,ANIL
corn_m5-protein,20,1,0.6774767751368493,ANIL
corn_m5-protein,20,2,0.6687754376495527,ANIL
corn_m5-protein,20,3,0.5269752908278464,ANIL
corn_m5-protein,20,4,0.5355792591060202,ANIL
corn_m5-protein,20,5,0.6159079261630014,ANIL
corn_m5-protein,20,6,0.622041075955731,ANIL
corn_m5-protein,20,7,0.6152543922092821,ANIL
corn_m5-protein,20,8,0.536559200791733,ANIL
corn_m5-protein,20,9,0.5455651391792788,ANIL
corn_m5-starch,5,0,-0.301013258226545,ANIL
corn_m5-starch,5,1,-1.1844388120456206,ANIL
corn_m5-starch,5,2,-0.5611239677558322,ANIL
corn_m5-starch,5,3,0.1294066378371601,ANIL
corn_m5-starch,5,4,-0.9438658252111978,ANIL
corn_m5-starch,5,5,-0.331191502724576,ANIL
corn_m5-starch,5,6,-0.1687068437210004,ANIL
corn_m5-starch,5,7,-0.4651313264649734,ANIL
corn_m5-starch,5,8,-0.6309653069436714,ANIL
corn_m5-starch,5,9,-2.172405701122795,ANIL
corn_m5-starch,10,0,-0.2389558532214872,ANIL
corn_m5-starch,10,1,-0.0338108204044538,ANIL
corn_m5-starch,10,2,0.2223774115059896,ANIL
corn_m5-starch,10,3,-0.2586077554636197,ANIL
corn_m5-starch,10,4,0.1699701957126949,ANIL
corn_m5-starch,10,5,0.3204921409244814,ANIL
corn_m5-starch,10,6,-0.2858233518148187,ANIL
corn_m5-starch,10,7,0.0822854450035274,ANIL
corn_m5-starch,10,8,0.22762370349201,ANIL
corn_m5-starch,10,9,-0.1058628279747555,ANIL
corn_m5-starch,20,0,-0.479440805952273,ANIL
corn_m5-starch,20,1,0.4321594898842484,ANIL
corn_m5-starch,20,2,-0.0082881184184799,ANIL
corn_m5-starch,20,3,0.2402996127778871,ANIL
corn_m5-starch,20,4,0.2623962640626514,ANIL
corn_m5-starch,20,5,0.1606501680934352,ANIL
corn_m5-starch,20,6,0.3676531994599845,ANIL
corn_m5-starch,20,7,0.1928452790167684,ANIL
corn_m5-starch,20,8,0.156225884650677,ANIL
corn_m5-starch,20,9,0.2691667306528523,ANIL
diesel-BP50,5,0,-0.1249507119937634,ANIL
diesel-BP50,5,1,-0.1295528074130445,ANIL
diesel-BP50,5,2,0.3273427908986611,ANIL
diesel-BP50,5,3,-0.3435479671107391,ANIL
diesel-BP50,5,4,-0.9291198110488086,ANIL
diesel-BP50,5,5,-0.0097126137235321,ANIL
diesel-BP50,5,6,0.2052851833730572,ANIL
diesel-BP50,5,7,0.0699492661373042,ANIL
diesel-BP50,5,8,-2.257865393068032,ANIL
diesel-BP50,5,9,-0.5842915357458571,ANIL
diesel-BP50,10,0,-0.4024358649140174,ANIL
diesel-BP50,10,1,0.2682616095955624,ANIL
diesel-BP50,10,2,0.3633079010400954,ANIL
diesel-BP50,10,3,0.6645016630981067,ANIL
diesel-BP50,10,4,-0.2124304751233623,ANIL
diesel-BP50,10,5,0.4471633721977446,ANIL
diesel-BP50,10,6,0.2877471018666252,ANIL
diesel-BP50,10,7,0.5329942543505672,ANIL
diesel-BP50,10,8,0.392582955099829,ANIL
diesel-BP50,10,9,0.2097210989485355,ANIL
diesel-BP50,20,0,0.3080603900718871,ANIL
diesel-BP50,20,1,0.6174632665533217,ANIL
diesel-BP50,20,2,0.6112063814509486,ANIL
diesel-BP50,20,3,0.5227322830515304,ANIL
diesel-BP50,20,4,0.6740265969447415,ANIL
diesel-BP50,20,5,0.3852942343375568,ANIL
diesel-BP50,20,6,0.6494080273509533,ANIL
diesel-BP50,20,7,0.6321217332657059,ANIL
diesel-BP50,20,8,0.470543368440467,ANIL
diesel-BP50,20,9,0.5206301614660517,ANIL
diesel-CN,5,0,0.1351714170044722,ANIL
diesel-CN,5,1,0.2736226497050332,ANIL
diesel-CN,5,2,-1.3132091063669389,ANIL
diesel-CN,5,3,-2.085076752243332,ANIL
diesel-CN,5,4,-0.0804171107740792,ANIL
diesel-CN,5,5,-1.4580637625220811,ANIL
diesel-CN,5,6,-1.0576027359186213,ANIL
diesel-CN,5,7,-0.6907052606042994,ANIL
diesel-CN,5,8,-3.5391632924056147,ANIL
diesel-CN,5,9,0.0358662930299803,ANIL
diesel-CN,10,0,-0.1334132699010624,ANIL
diesel-CN,10,1,-0.882732304136634,ANIL
diesel-CN,10,2,-0.228489577009668,ANIL
diesel-CN,10,3,0.1668241187867871,ANIL
diesel-CN,10,4,0.202651628361928,ANIL
diesel-CN,10,5,0.0897117290543833,ANIL
diesel-CN,10,6,-0.0890906970909004,ANIL
diesel-CN,10,7,0.1080733613917148,ANIL
diesel-CN,10,8,0.0060321348183095,ANIL
diesel-CN,10,9,0.0487713676018163,ANIL
diesel-CN,20,0,-0.4123056827171885,ANIL
diesel-CN,20,1,0.1253197338062089,ANIL
diesel-CN,20,2,0.4543516218599867,ANIL
diesel-CN,20,3,0.3791110461962075,ANIL
diesel-CN,20,4,0.1308716361730195,ANIL
diesel-CN,20,5,0.344584280763104,ANIL
diesel-CN,20,6,0.2283364017214608,ANIL
diesel-CN,20,7,0.3071902420936691,ANIL
diesel-CN,20,8,0.4931069569325547,ANIL
diesel-CN,20,9,0.3459732861528806,ANIL
diesel-D4052,5,0,0.6184014737557042,ANIL
diesel-D4052,5,1,-0.049416675951603,ANIL
diesel-D4052,5,2,-0.0227967523032537,ANIL
diesel-D4052,5,3,0.5496381054013255,ANIL
diesel-D4052,5,4,0.4420414654922426,ANIL
diesel-D4052,5,5,0.4009629059830489,ANIL
diesel-D4052,5,6,-0.056332624488951,ANIL
diesel-D4052,5,7,-0.2675125663670372,ANIL
diesel-D4052,5,8,0.2469456607235618,ANIL
diesel-D4052,5,9,0.5116382524965586,ANIL
diesel-D4052,10,0,-0.9156815161173112,ANIL
diesel-D4052,10,1,0.7160565138348796,ANIL
diesel-D4052,10,2,0.6637168574291028,ANIL
diesel-D4052,10,3,0.8688234421457451,ANIL
diesel-D4052,10,4,0.5223615412057212,ANIL
diesel-D4052,10,5,0.7022083722600053,ANIL
diesel-D4052,10,6,0.8221671475534756,ANIL
diesel-D4052,10,7,0.7047978739615928,ANIL
diesel-D4052,10,8,0.8234776261222936,ANIL
diesel-D4052,10,9,-0.1781811432148625,ANIL
diesel-D4052,20,0,0.8674869292576719,ANIL
diesel-D4052,20,1,0.8423211766246981,ANIL
diesel-D4052,20,2,0.8657752008715983,ANIL
diesel-D4052,20,3,0.7858381833483397,ANIL
diesel-D4052,20,4,0.7308465001588842,ANIL
diesel-D4052,20,5,0.8118049925454425,ANIL
diesel-D4052,20,6,0.8193609948523858,ANIL
diesel-D4052,20,7,0.8086093162772587,ANIL
diesel-D4052,20,8,0.7302598515240625,ANIL
diesel-D4052,20,9,0.8141297163912317,ANIL
diesel-FLASH,5,0,-0.8972934143022313,ANIL
diesel-FLASH,5,1,-0.8377732875696107,ANIL
diesel-FLASH,5,2,-0.1659748152134281,ANIL
diesel-FLASH,5,3,-0.2363325907140001,ANIL
diesel-FLASH,5,4,-1.6901340218818477,ANIL
diesel-FLASH,5,5,-4.7538336834212,ANIL
diesel-FLASH,5,6,-0.3114632870147378,ANIL
diesel-FLASH,5,7,-1.3817813976215017,ANIL
diesel-FLASH,5,8,-1.2878216161391878,ANIL
diesel-FLASH,5,9,-0.1473339103177711,ANIL
diesel-FLASH,10,0,-0.0675798728320014,ANIL
diesel-FLASH,10,1,-0.6321086635034412,ANIL
diesel-FLASH,10,2,-0.5163337171868512,ANIL
diesel-FLASH,10,3,-0.4121433986078855,ANIL
diesel-FLASH,10,4,0.0904301568594578,ANIL
diesel-FLASH,10,5,-0.2313338271422824,ANIL
diesel-FLASH,10,6,-0.0668875371164645,ANIL
diesel-FLASH,10,7,-0.9977664666921556,ANIL
diesel-FLASH,10,8,-0.421438013734623,ANIL
diesel-FLASH,10,9,-0.5701868295484451,ANIL
diesel-FLASH,20,0,0.0145862521025094,ANIL
diesel-FLASH,20,1,0.2540604806384041,ANIL
diesel-FLASH,20,2,0.1859731619698527,ANIL
diesel-FLASH,20,3,0.1691985243982852,ANIL
diesel-FLASH,20,4,-0.4761945785345134,ANIL
diesel-FLASH,20,5,0.1459996317227994,ANIL
diesel-FLASH,20,6,-0.0016068689842037,ANIL
diesel-FLASH,20,7,0.1627715465900397,ANIL
diesel-FLASH,20,8,0.3047929082486598,ANIL
diesel-FLASH,20,9,0.0030738655936092,ANIL
diesel-FREEZE,5,0,-0.2366553529052129,ANIL
diesel-FREEZE,5,1,-0.3651139799476046,ANIL
diesel-FREEZE,5,2,-0.1643786079965787,ANIL
diesel-FREEZE,5,3,0.2113469787940528,ANIL
diesel-FREEZE,5,4,0.1260524168981504,ANIL
diesel-FREEZE,5,5,-0.7401750874444699,ANIL
diesel-FREEZE,5,6,0.1694311732296984,ANIL
diesel-FREEZE,5,7,-0.160280269762858,ANIL
diesel-FREEZE,5,8,-0.0119020479843598,ANIL
diesel-FREEZE,5,9,0.0285275520099248,ANIL
diesel-FREEZE,10,0,0.2586209830034952,ANIL
diesel-FREEZE,10,1,0.2225950836891318,ANIL
diesel-FREEZE,10,2,0.4110141715376965,ANIL
diesel-FREEZE,10,3,0.0620657757737445,ANIL
diesel-FREEZE,10,4,-0.0720401813456914,ANIL
diesel-FREEZE,10,5,-0.121097998795995,ANIL
diesel-FREEZE,10,6,0.1772291958227551,ANIL
diesel-FREEZE,10,7,0.2702888642219995,ANIL
diesel-FREEZE,10,8,0.5702854560543811,ANIL
diesel-FREEZE,10,9,0.6044417284155865,ANIL
diesel-FREEZE,20,0,0.5273664498141346,ANIL
diesel-FREEZE,20,1,0.6908114337097514,ANIL
diesel-FREEZE,20,2,0.185267099987789,ANIL
diesel-FREEZE,20,3,0.4835474229086349,ANIL
diesel-FREEZE,20,4,0.5588317929171694,ANIL
diesel-FREEZE,20,5,0.5978548561971082,ANIL
diesel-FREEZE,20,6,0.462913037643781,ANIL
diesel-FREEZE,20,7,0.5090626379505458,ANIL
diesel-FREEZE,20,8,0.5042866491202318,ANIL
diesel-FREEZE,20,9,0.5606147772380343,ANIL
diesel-TOTAL,5,0,0.4871446219464567,ANIL
diesel-TOTAL,5,1,0.4871733917144657,ANIL
diesel-TOTAL,5,2,0.686177147161708,ANIL
diesel-TOTAL,5,3,0.543699374937651,ANIL
diesel-TOTAL,5,4,-0.8115514135015731,ANIL
diesel-TOTAL,5,5,0.7400825659365601,ANIL
diesel-TOTAL,5,6,0.5806120810803058,ANIL
diesel-TOTAL,5,7,-3.7519220688168087,ANIL
diesel-TOTAL,5,8,-1.5453889253619049,ANIL
diesel-TOTAL,5,9,0.3581789849121721,ANIL
diesel-TOTAL,10,0,0.835525528222307,ANIL
diesel-TOTAL,10,1,0.7317720075764449,ANIL
diesel-TOTAL,10,2,0.7116140463089458,ANIL
diesel-TOTAL,10,3,0.8235905403896325,ANIL
diesel-TOTAL,10,4,0.8339732434176117,ANIL
diesel-TOTAL,10,5,0.7878711137323222,ANIL
diesel-TOTAL,10,6,0.70910389028661,ANIL
diesel-TOTAL,10,7,0.7736296261466533,ANIL
diesel-TOTAL,10,8,0.8285425564500157,ANIL
diesel-TOTAL,10,9,0.7330901374210285,ANIL
diesel-TOTAL,20,0,0.8252090696065333,ANIL
diesel-TOTAL,20,1,0.8161079917480929,ANIL
diesel-TOTAL,20,2,0.8092329471542619,ANIL
diesel-TOTAL,20,3,0.8539387481209777,ANIL
diesel-TOTAL,20,4,0.8603534031550539,ANIL
diesel-TOTAL,20,5,0.8027620684242259,ANIL
diesel-TOTAL,20,6,0.861896818577469,ANIL
diesel-TOTAL,20,7,0.8888921417484165,ANIL
diesel-TOTAL,20,8,0.860668829332677,ANIL
diesel-TOTAL,20,9,0.846601086582126,ANIL
diesel-VISC,5,0,-1.8362064755707248,ANIL
diesel-VISC,5,1,-1.152795632922111,ANIL
diesel-VISC,5,2,-10.060588380732058,ANIL
diesel-VISC,5,3,-0.8546463666441506,ANIL
diesel-VISC,5,4,-0.0847798217072264,ANIL
diesel-VISC,5,5,-0.0979018501718131,ANIL
diesel-VISC,5,6,0.3305562747061729,ANIL
diesel-VISC,5,7,0.2718404649546161,ANIL
diesel-VISC,5,8,0.3674783995930636,ANIL
diesel-VISC,5,9,-0.5569525797207098,ANIL
diesel-VISC,10,0,0.6435508033447352,ANIL
diesel-VISC,10,1,0.5226585345146821,ANIL
diesel-VISC,10,2,0.4320154735555357,ANIL
diesel-VISC,10,3,-0.4348281666488838,ANIL
diesel-VISC,10,4,0.46767222236857,ANIL
diesel-VISC,10,5,0.5471201429577434,ANIL
diesel-VISC,10,6,0.4616427061392978,ANIL
diesel-VISC,10,7,-0.2862300299987956,ANIL
diesel-VISC,10,8,0.4135060022936339,ANIL
diesel-VISC,10,9,0.3537721506516051,ANIL
diesel-VISC,20,0,0.4093486750742757,ANIL
diesel-VISC,20,1,0.6482026261943765,ANIL
diesel-VISC,20,2,0.5532902956237407,ANIL
diesel-VISC,20,3,0.5281826191796135,ANIL
diesel-VISC,20,4,-0.046073554654785,ANIL
diesel-VISC,20,5,0.6430225832946586,ANIL
diesel-VISC,20,6,0.5995494094940199,ANIL
diesel-VISC,20,7,-0.4359237854635103,ANIL
diesel-VISC,20,8,0.0005898552904185,ANIL
diesel-VISC,20,9,0.5662528802494091,ANIL
evoo-adulteration,5,0,0.0592104205011775,ANIL
evoo-adulteration,5,1,-0.8349185868987079,ANIL
evoo-adulteration,5,2,-0.3422749086272625,ANIL
evoo-adulteration,5,3,-0.3279944204502578,ANIL
evoo-adulteration,5,4,-6.19415292708965,ANIL
evoo-adulteration,5,5,-1.0233584311353248,ANIL
evoo-adulteration,5,6,0.1925111944333627,ANIL
evoo-adulteration,5,7,0.2068508458753484,ANIL
evoo-adulteration,5,8,-0.4922354801474597,ANIL
evoo-adulteration,5,9,-1.9529989711419709,ANIL
evoo-adulteration,10,0,-0.805860537993057,ANIL
evoo-adulteration,10,1,-1.9927344259090136,ANIL
evoo-adulteration,10,2,-0.5413895110425082,ANIL
evoo-adulteration,10,3,-0.0069398315855222,ANIL
evoo-adulteration,10,4,0.192913468495711,ANIL
evoo-adulteration,10,5,-0.4703244327702311,ANIL
evoo-adulteration,10,6,-0.7873657993451346,ANIL
evoo-adulteration,10,7,0.432365175363281,ANIL
evoo-adulteration,10,8,0.1991042219892125,ANIL
evoo-adulteration,10,9,-0.5009849107596824,ANIL
evoo-adulteration,20,0,0.3313443823424788,ANIL
evoo-adulteration,20,1,0.0327447856234256,ANIL
evoo-adulteration,20,2,0.2773395458379324,ANIL
evoo-adulteration,20,3,-0.0126059730218659,ANIL
evoo-adulteration,20,4,0.3193985662260761,ANIL
evoo-adulteration,20,5,0.0990568681976328,ANIL
evoo-adulteration,20,6,0.1151599434671869,ANIL
evoo-adulteration,20,7,0.3182600138762602,ANIL
evoo-adulteration,20,8,-0.0410323390870766,ANIL
evoo-adulteration,20,9,0.0201881550741466,ANIL
gasoline-octane,5,0,0.791628986277541,ANIL
gasoline-octane,5,1,0.394237272433677,ANIL
gasoline-octane,5,2,0.7174617167996298,ANIL
gasoline-octane,5,3,0.9024798163911584,ANIL
gasoline-octane,5,4,0.7142481401908107,ANIL
gasoline-octane,5,5,0.4681523837618078,ANIL
gasoline-octane,5,6,-1.3655017729807826,ANIL
gasoline-octane,5,7,-0.1244188379891271,ANIL
gasoline-octane,5,8,-0.7924061807444269,ANIL
gasoline-octane,5,9,0.7621666703242438,ANIL
gasoline-octane,10,0,0.9190181055193852,ANIL
gasoline-octane,10,1,0.9114942120419376,ANIL
gasoline-octane,10,2,0.8864080237077081,ANIL
gasoline-octane,10,3,0.8904635499675508,ANIL
gasoline-octane,10,4,0.8977579890908792,ANIL
gasoline-octane,10,5,0.8253870303750908,ANIL
gasoline-octane,10,6,0.9048052917636568,ANIL
gasoline-octane,10,7,0.8436256157964404,ANIL
gasoline-octane,10,8,0.6147042031004855,ANIL
gasoline-octane,10,9,0.8387963678812242,ANIL
gasoline-octane,20,0,0.8795510865418055,ANIL
gasoline-octane,20,1,0.8992859883426554,ANIL
gasoline-octane,20,2,0.9180389081679584,ANIL
gasoline-octane,20,3,0.9315178667331342,ANIL
gasoline-octane,20,4,0.9456715036033668,ANIL
gasoline-octane,20,5,0.919029811799502,ANIL
gasoline-octane,20,6,0.926917993713322,ANIL
gasoline-octane,20,7,0.9428531431026692,ANIL
gasoline-octane,20,8,0.861714599167957,ANIL
gasoline-octane,20,9,0.9125653346196833,ANIL
corn_m5-moisture,5,0,-0.2719421590775539,PLS
corn_m5-moisture,5,1,-0.3635158265477134,PLS
corn_m5-moisture,5,2,0.3354867896212082,PLS
corn_m5-moisture,5,3,-0.3589341373285777,PLS
corn_m5-moisture,5,4,-0.1846937719468055,PLS
corn_m5-moisture,5,5,0.3753455032939811,PLS
corn_m5-moisture,5,6,0.5288066247752544,PLS
corn_m5-moisture,5,7,0.1104659970041408,PLS
corn_m5-moisture,5,8,0.3672734802762888,PLS
corn_m5-moisture,5,9,-0.106008758775167,PLS
corn_m5-moisture,5,10,0.2419893236267455,PLS
corn_m5-moisture,5,11,0.379765487334694,PLS
corn_m5-moisture,5,12,-0.0654656190888871,PLS
corn_m5-moisture,5,13,-0.6785210100011403,PLS
corn_m5-moisture,5,14,0.4276760351996903,PLS
corn_m5-moisture,5,15,-0.2479246843377622,PLS
corn_m5-moisture,5,16,-0.0171155689279252,PLS
corn_m5-moisture,5,17,-1.329929754378345,PLS
corn_m5-moisture,5,18,-6.140007449587689,PLS
corn_m5-moisture,5,19,-1.522406588286901,PLS
corn_m5-moisture,5,20,-1.2496825996215597,PLS
corn_m5-moisture,5,21,0.1062694685644795,PLS
corn_m5-moisture,5,22,0.4367793598115912,PLS
corn_m5-moisture,5,23,0.0802225891822208,PLS
corn_m5-moisture,5,24,0.4677972356615507,PLS
corn_m5-moisture,5,25,0.0899422555686147,PLS
corn_m5-moisture,5,26,-2.884336178354281,PLS
corn_m5-moisture,5,27,-3.1921682876978563,PLS
corn_m5-moisture,5,28,0.0593216270594421,PLS
corn_m5-moisture,5,29,0.2698506931039022,PLS
corn_m5-moisture,10,0,-0.0410849722491746,PLS
corn_m5-moisture,10,1,0.1725394279735065,PLS
corn_m5-moisture,10,2,0.1701791798725099,PLS
corn_m5-moisture,10,3,0.5476280891962075,PLS
corn_m5-moisture,10,4,0.4184486897614048,PLS
corn_m5-moisture,10,5,0.4036165245087473,PLS
corn_m5-moisture,10,6,-0.8767245412468025,PLS
corn_m5-moisture,10,7,0.1942608992733294,PLS
corn_m5-moisture,10,8,0.6247652752909714,PLS
corn_m5-moisture,10,9,0.6714750864149008,PLS
corn_m5-moisture,10,10,-1.1148453803934562,PLS
corn_m5-moisture,10,11,0.6274607381670333,PLS
corn_m5-moisture,10,12,0.5476052430065617,PLS
corn_m5-moisture,10,13,0.521866245363423,PLS
corn_m5-moisture,10,14,0.4322693471452061,PLS
corn_m5-moisture,10,15,0.6587828650235259,PLS
corn_m5-moisture,10,16,0.4235079378842827,PLS
corn_m5-moisture,10,17,0.3095255419890279,PLS
corn_m5-moisture,10,18,0.3822500818443116,PLS
corn_m5-moisture,10,19,0.7841409657864479,PLS
corn_m5-moisture,10,20,0.5153062022201359,PLS
corn_m5-moisture,10,21,0.5502127309825887,PLS
corn_m5-moisture,10,22,0.4209206485195633,PLS
corn_m5-moisture,10,23,0.3540755321516695,PLS
corn_m5-moisture,10,24,0.7401521375340683,PLS
corn_m5-moisture,10,25,-0.1241755891284746,PLS
corn_m5-moisture,10,26,0.4808159088888404,PLS
corn_m5-moisture,10,27,0.3304910805499439,PLS
corn_m5-moisture,10,28,0.4978260346023601,PLS
corn_m5-moisture,10,29,0.5352983183089828,PLS
corn_m5-moisture,20,0,0.5682080316272032,PLS
corn_m5-moisture,20,1,0.6923619789050803,PLS
corn_m5-moisture,20,2,0.6784171862087112,PLS
corn_m5-moisture,20,3,0.794579259185708,PLS
corn_m5-moisture,20,4,0.2259194673527469,PLS
corn_m5-moisture,20,5,0.7879966273160453,PLS
corn_m5-moisture,20,6,0.4534219638447518,PLS
corn_m5-moisture,20,7,0.7847882684152954,PLS
corn_m5-moisture,20,8,0.5675612847440381,PLS
corn_m5-moisture,20,9,0.804279765396651,PLS
corn_m5-moisture,20,10,0.7419261544638709,PLS
corn_m5-moisture,20,11,0.6412357343547312,PLS
corn_m5-moisture,20,12,0.5684649135144938,PLS
corn_m5-moisture,20,13,0.5966628825274667,PLS
corn_m5-moisture,20,14,0.6972269034839631,PLS
corn_m5-moisture,20,15,0.6600115552239879,PLS
corn_m5-moisture,20,16,0.7573519557804987,PLS
corn_m5-moisture,20,17,0.7486342909538716,PLS
corn_m5-moisture,20,18,0.7988580339551044,PLS
corn_m5-moisture,20,19,0.8000794165001298,PLS
corn_m5-moisture,20,20,0.5237537452800893,PLS
corn_m5-moisture,20,21,0.8173997562391551,PLS
corn_m5-moisture,20,22,0.7684078180463269,PLS
corn_m5-moisture,20,23,0.7113591005606401,PLS
corn_m5-moisture,20,24,0.7912694028802324,PLS
corn_m5-moisture,20,25,0.6160908558251446,PLS
corn_m5-moisture,20,26,0.5233408090036046,PLS
corn_m5-moisture,20,27,0.7407114030156117,PLS
corn_m5-moisture,20,28,0.4759783365650841,PLS
corn_m5-moisture,20,29,0.676812280292226,PLS
corn_m5-oil,5,0,-1.240032563498636,PLS
corn_m5-oil,5,1,-0.9064950435261374,PLS
corn_m5-oil,5,2,-0.2219844643847264,PLS
corn_m5-oil,5,3,-0.5169239709751821,PLS
corn_m5-oil,5,4,-0.1080546671049031,PLS
corn_m5-oil,5,5,-0.8688562130807527,PLS
corn_m5-oil,5,6,-0.0103683858617513,PLS
corn_m5-oil,5,7,-1.1784147676018004,PLS
corn_m5-oil,5,8,-1.85705936597482,PLS
corn_m5-oil,5,9,-0.0519885627035934,PLS
corn_m5-oil,5,10,0.0009410779927842,PLS
corn_m5-oil,5,11,-0.1347587393335063,PLS
corn_m5-oil,5,12,-0.7682981750211015,PLS
corn_m5-oil,5,13,0.2732343930248196,PLS
corn_m5-oil,5,14,-0.2961817851883501,PLS
corn_m5-oil,5,15,-1.4328720038832143,PLS
corn_m5-oil,5,16,-0.1653793440655893,PLS
corn_m5-oil,5,17,-1.3471972370018732,PLS
corn_m5-oil,5,18,-2.9255220288974333,PLS
corn_m5-oil,5,19,-0.8853102146042482,PLS
corn_m5-oil,5,20,-0.524499253473435,PLS
corn_m5-oil,5,21,-0.1282169999001126,PLS
corn_m5-oil,5,22,-1.171357221416466,PLS
corn_m5-oil,5,23,-1.84599743875378,PLS
corn_m5-oil,5,24,-0.2766100999099345,PLS
corn_m5-oil,5,25,-0.7001612974007039,PLS
corn_m5-oil,5,26,-0.3556900899299435,PLS
corn_m5-oil,5,27,-2.0603069396785068,PLS
corn_m5-oil,5,28,-0.8560963751178086,PLS
corn_m5-oil,5,29,-1.2356785535209016,PLS
corn_m5-oil,10,0,-0.4370475983843302,PLS
corn_m5-oil,10,1,0.5755681298332156,PLS
corn_m5-oil,10,2,-0.6468253817477743,PLS
corn_m5-oil,10,3,0.4955756621585736,PLS
corn_m5-oil,10,4,-0.4602475470331868,PLS
corn_m5-oil,10,5,0.4121268559097016,PLS
corn_m5-oil,10,6,0.0767634689667947,PLS
corn_m5-oil,10,7,0.5502309014968503,PLS
corn_m5-oil,10,8,0.0405548097289276,PLS
corn_m5-oil,10,9,-0.9821279077245731,PLS
corn_m5-oil,10,10,-0.2389422192982351,PLS
corn_m5-oil,10,11,0.3982727684963384,PLS
corn_m5-oil,10,12,-0.4180811824050752,PLS
corn_m5-oil,10,13,0.5249697771718006,PLS
corn_m5-oil,10,14,-0.2698989531219979,PLS
corn_m5-oil,10,15,0.0705637105839056,PLS
corn_m5-oil,10,16,0.2999409441829721,PLS
corn_m5-oil,10,17,0.3922865855018786,PLS
corn_m5-oil,10,18,0.5507328105541679,PLS
corn_m5-oil,10,19,0.110974943994208,PLS
corn_m5-oil,10,20,-0.2488730904284208,PLS
corn_m5-oil,10,21,0.2596938616598921,PLS
corn_m5-oil,10,22,0.1917572464935544,PLS
corn_m5-oil,10,23,0.3128998778318246,PLS
corn_m5-oil,10,24,0.3864493342818347,PLS
corn_m5-oil,10,25,0.1672227892414982,PLS
corn_m5-oil,10,26,0.3591759264024309,PLS
corn_m5-oil,10,27,-0.6877470291376351,PLS
corn_m5-oil,10,28,0.5913661767845289,PLS
corn_m5-oil,10,29,0.2925503511831161,PLS
corn_m5-oil,20,0,0.0230859423739105,PLS
corn_m5-oil,20,1,0.6818865464221625,PLS
corn_m5-oil,20,2,-0.1587346538788134,PLS
corn_m5-oil,20,3,0.2051239042008078,PLS
corn_m5-oil,20,4,0.3791212401404029,PLS
corn_m5-oil,20,5,0.6023156860302379,PLS
corn_m5-oil,20,6,0.1551912872094875,PLS
corn_m5-oil,20,7,0.5073198353241726,PLS
corn_m5-oil,20,8,0.6095854053119372,PLS
corn_m5-oil,20,9,0.5423210455251452,PLS
corn_m5-oil,20,10,0.53861285013641,PLS
corn_m5-oil,20,11,0.604717986594132,PLS
corn_m5-oil,20,12,0.3118839833042831,PLS
corn_m5-oil,20,13,0.2563544690408696,PLS
corn_m5-oil,20,14,0.2171573996817047,PLS
corn_m5-oil,20,15,0.3153755833564304,PLS
corn_m5-oil,20,16,0.5602410278926779,PLS
corn_m5-oil,20,17,0.6041235289384927,PLS
corn_m5-oil,20,18,0.6916473319537343,PLS
corn_m5-oil,20,19,0.5155142829638223,PLS
corn_m5-oil,20,20,-0.2563513699122677,PLS
corn_m5-oil,20,21,0.5891091808392501,PLS
corn_m5-oil,20,22,0.5077325912374652,PLS
corn_m5-oil,20,23,0.2527107331955988,PLS
corn_m5-oil,20,24,0.6991990210932204,PLS
corn_m5-oil,20,25,0.6266148382695941,PLS
corn_m5-oil,20,26,0.4942522739345043,PLS
corn_m5-oil,20,27,0.4423749783891065,PLS
corn_m5-oil,20,28,0.3784783873819554,PLS
corn_m5-oil,20,29,0.7026626355679595,PLS
corn_m5-protein,5,0,0.0376594495213188,PLS
corn_m5-protein,5,1,-0.0408752497153666,PLS
corn_m5-protein,5,2,-0.0044437352617323,PLS
corn_m5-protein,5,3,0.3397760733043852,PLS
corn_m5-protein,5,4,-0.37019673973314,PLS
corn_m5-protein,5,5,-0.0555823288242658,PLS
corn_m5-protein,5,6,-0.0025116092698127,PLS
corn_m5-protein,5,7,-0.160530309743782,PLS
corn_m5-protein,5,8,-0.7746029520199129,PLS
corn_m5-protein,5,9,-1.4670007973175716,PLS
corn_m5-protein,5,10,-0.2275278580405038,PLS
corn_m5-protein,5,11,-0.1099441444683544,PLS
corn_m5-protein,5,12,-0.5147603943715402,PLS
corn_m5-protein,5,13,-0.666136472165294,PLS
corn_m5-protein,5,14,-0.9700308424529412,PLS
corn_m5-protein,5,15,-0.5378611814132028,PLS
corn_m5-protein,5,16,-0.0655033835034517,PLS
corn_m5-protein,5,17,-0.3358367830810564,PLS
corn_m5-protein,5,18,-1.2810176603407952,PLS
corn_m5-protein,5,19,0.1962845929496157,PLS
corn_m5-protein,5,20,-0.6108943628260857,PLS
corn_m5-protein,5,21,-0.490509650862214,PLS
corn_m5-protein,5,22,0.5801731728808792,PLS
corn_m5-protein,5,23,-0.1079548139269424,PLS
corn_m5-protein,5,24,-0.1788109233451928,PLS
corn_m5-protein,5,25,-0.1766595735550167,PLS
corn_m5-protein,5,26,-1.577449804851514,PLS
corn_m5-protein,5,27,0.1425458476310129,PLS
corn_m5-protein,5,28,-1.0834816262974916,PLS
corn_m5-protein,5,29,0.1736053395372667,PLS
corn_m5-protein,10,0,0.0333211302452006,PLS
corn_m5-protein,10,1,0.4248705060846505,PLS
corn_m5-protein,10,2,0.338465061880807,PLS
corn_m5-protein,10,3,0.3215321985519629,PLS
corn_m5-protein,10,4,-0.1050183412803915,PLS
corn_m5-protein,10,5,0.5716343096821366,PLS
corn_m5-protein,10,6,-0.1593104946242851,PLS
corn_m5-protein,10,7,0.2429860467882524,PLS
corn_m5-protein,10,8,0.1947439114951834,PLS
corn_m5-protein,10,9,-0.0601527616968813,PLS
corn_m5-protein,10,10,0.2336528960510193,PLS
corn_m5-protein,10,11,0.6759974224522229,PLS
corn_m5-protein,10,12,0.4194726281945167,PLS
corn_m5-protein,10,13,0.4311827257755858,PLS
corn_m5-protein,10,14,0.633528249671798,PLS
corn_m5-protein,10,15,0.2479489418023459,PLS
corn_m5-protein,10,16,0.3397793705394336,PLS
corn_m5-protein,10,17,0.5482591541052872,PLS
corn_m5-protein,10,18,0.5096795422561248,PLS
corn_m5-protein,10,19,0.7490307417596149,PLS
corn_m5-protein,10,20,0.1062883429996639,PLS
corn_m5-protein,10,21,0.1430094678542192,PLS
corn_m5-protein,10,22,0.4945916414975712,PLS
corn_m5-protein,10,23,0.5475310220122754,PLS
corn_m5-protein,10,24,0.8072415490778849,PLS
corn_m5-protein,10,25,0.3057442756577467,PLS
corn_m5-protein,10,26,0.55626038446,PLS
corn_m5-protein,10,27,0.050243852877521,PLS
corn_m5-protein,10,28,0.3686324323910092,PLS
corn_m5-protein,10,29,0.5486198112240888,PLS
corn_m5-protein,20,0,0.8898797090662115,PLS
corn_m5-protein,20,1,0.9244906402200884,PLS
corn_m5-protein,20,2,0.8451326964854544,PLS
corn_m5-protein,20,3,0.8453953940746689,PLS
corn_m5-protein,20,4,0.8534018929886096,PLS
corn_m5-protein,20,5,0.8633865732212511,PLS
corn_m5-protein,20,6,0.7878500271395057,PLS
corn_m5-protein,20,7,0.8856335988584818,PLS
corn_m5-protein,20,8,0.8716000019158783,PLS
corn_m5-protein,20,9,0.8999167390038765,PLS
corn_m5-protein,20,10,0.9263677162976836,PLS
corn_m5-protein,20,11,0.8679689096043725,PLS
corn_m5-protein,20,12,0.8836411581712478,PLS
corn_m5-protein,20,13,0.8025718668639663,PLS
corn_m5-protein,20,14,0.8925354911027736,PLS
corn_m5-protein,20,15,0.8935610090917394,PLS
corn_m5-protein,20,16,0.7408085288272608,PLS
corn_m5-protein,20,17,0.8199833353644115,PLS
corn_m5-protein,20,18,0.8592251948130287,PLS
corn_m5-protein,20,19,0.7803084960621887,PLS
corn_m5-protein,20,20,0.8327775680535041,PLS
corn_m5-protein,20,21,0.9348729472076184,PLS
corn_m5-protein,20,22,0.8797620876920098,PLS
corn_m5-protein,20,23,0.8778285705978158,PLS
corn_m5-protein,20,24,0.9106929693032154,PLS
corn_m5-protein,20,25,0.825354793884873,PLS
corn_m5-protein,20,26,0.772601358567828,PLS
corn_m5-protein,20,27,0.9320729393130884,PLS
corn_m5-protein,20,28,0.8578249540283922,PLS
corn_m5-protein,20,29,0.874756234969812,PLS
corn_m5-starch,5,0,-1.557520140835198,PLS
corn_m5-starch,5,1,-0.3910805128987509,PLS
corn_m5-starch,5,2,0.0031995727660067,PLS
corn_m5-starch,5,3,-0.0291589501665956,PLS
corn_m5-starch,5,4,-2.5301722946164698,PLS
corn_m5-starch,5,5,-0.3572140229817577,PLS
corn_m5-starch,5,6,-0.1590050855574101,PLS
corn_m5-starch,5,7,-0.3580805228838934,PLS
corn_m5-starch,5,8,-0.9025410837602484,PLS
corn_m5-starch,5,9,-1.4266375820887736,PLS
corn_m5-starch,5,10,-0.7512983497155681,PLS
corn_m5-starch,5,11,-2.1039645308460746,PLS
corn_m5-starch,5,12,-0.8894839452190995,PLS
corn_m5-starch,5,13,-0.8379095143366098,PLS
corn_m5-starch,5,14,-0.5765403682835482,PLS
corn_m5-starch,5,15,-3.371480490588067,PLS
corn_m5-starch,5,16,-1.463765514974512,PLS
corn_m5-starch,5,17,-1.867680345318321,PLS
corn_m5-starch,5,18,-2.0283684424635515,PLS
corn_m5-starch,5,19,-0.5616476899336851,PLS
corn_m5-starch,5,20,-0.9427203100735766,PLS
corn_m5-starch,5,21,-0.7010506535322818,PLS
corn_m5-starch,5,22,0.1585147835451655,PLS
corn_m5-starch,5,23,-0.3109209215958302,PLS
corn_m5-starch,5,24,-0.2978756372653479,PLS
corn_m5-starch,5,25,-0.1586295529174393,PLS
corn_m5-starch,5,26,-0.1393931103687415,PLS
corn_m5-starch,5,27,-0.1052206013295067,PLS
corn_m5-starch,5,28,-1.23877695357467,PLS
corn_m5-starch,5,29,-0.6951461596778077,PLS
corn_m5-starch,10,0,-0.2633587847574428,PLS
corn_m5-starch,10,1,0.2587260527357606,PLS
corn_m5-starch,10,2,0.6589371776127961,PLS
corn_m5-starch,10,3,-0.1936122293946813,PLS
corn_m5-starch,10,4,0.0427761155654652,PLS
corn_m5-starch,10,5,-0.0120907504312923,PLS
corn_m5-starch,10,6,0.0063059906157603,PLS
corn_m5-starch,10,7,-0.3143665033493246,PLS
corn_m5-starch,10,8,-0.2947062277348098,PLS
corn_m5-starch,10,9,-0.1225986908068375,PLS
corn_m5-starch,10,10,-0.8065981726098745,PLS
corn_m5-starch,10,11,0.5429984809949355,PLS
corn_m5-starch,10,12,0.2581114632364173,PLS
corn_m5-starch,10,13,-0.5800668037691465,PLS
corn_m5-starch,10,14,0.4498895375613323,PLS
corn_m5-starch,10,15,-0.0806688815085567,PLS
corn_m5-starch,10,16,-0.5858096818734058,PLS
corn_m5-starch,10,17,0.2992405534406557,PLS
corn_m5-starch,10,18,-0.2544585278589237,PLS
corn_m5-starch,10,19,0.691391423295058,PLS
corn_m5-starch,10,20,-0.3382781592631187,PLS
corn_m5-starch,10,21,-0.1581016192028743,PLS
corn_m5-starch,10,22,0.2359175587886014,PLS
corn_m5-starch,10,23,-0.1554138613664895,PLS
corn_m5-starch,10,24,0.3253051770386386,PLS
corn_m5-starch,10,25,0.2260992227069508,PLS
corn_m5-starch,10,26,0.6254614741219616,PLS
corn_m5-starch,10,27,-0.4107242696281354,PLS
corn_m5-starch,10,28,-0.3648050360967032,PLS
corn_m5-starch,10,29,0.3641137578630028,PLS
corn_m5-starch,20,0,0.7886445320626008,PLS
corn_m5-starch,20,1,0.6932202023124003,PLS
corn_m5-starch,20,2,0.7150966401316039,PLS
corn_m5-starch,20,3,0.7180307127667755,PLS
corn_m5-starch,20,4,0.756970674417118,PLS
corn_m5-starch,20,5,0.5623713647731944,PLS
corn_m5-starch,20,6,0.3642946720366347,PLS
corn_m5-starch,20,7,0.7068791052582115,PLS
corn_m5-starch,20,8,0.6743205450661921,PLS
corn_m5-starch,20,9,0.7213931411718133,PLS
corn_m5-starch,20,10,0.8397403119737368,PLS
corn_m5-starch,20,11,0.7282730571203995,PLS
corn_m5-starch,20,12,0.7976122124184183,PLS
corn_m5-starch,20,13,0.7010929665529497,PLS
corn_m5-starch,20,14,0.8266603293944961,PLS
corn_m5-starch,20,15,0.7510798031741726,PLS
corn_m5-starch,20,16,0.8657868603140599,PLS
corn_m5-starch,20,17,0.7622488880568956,PLS
corn_m5-starch,20,18,0.8494031888595516,PLS
corn_m5-starch,20,19,0.7066778750863898,PLS
corn_m5-starch,20,20,0.834554133161996,PLS
corn_m5-starch,20,21,0.6868857000878857,PLS
corn_m5-starch,20,22,0.7932169590061433,PLS
corn_m5-starch,20,23,0.7760862551210009,PLS
corn_m5-starch,20,24,0.7872803366950167,PLS
corn_m5-starch,20,25,0.6687406082941034,PLS
corn_m5-starch,20,26,0.6852735599064839,PLS
corn_m5-starch,20,27,0.7305131315974396,PLS
corn_m5-starch,20,28,0.825471780652444,PLS
corn_m5-starch,20,29,0.8246446381920085,PLS
diesel-BP50,5,0,-1.4239493427418162,PLS
diesel-BP50,5,1,-0.5082509550922512,PLS
diesel-BP50,5,2,-0.6971954995858465,PLS
diesel-BP50,5,3,-0.8448980233990606,PLS
diesel-BP50,5,4,-2.350969101328899,PLS
diesel-BP50,5,5,-4.984029919753705,PLS
diesel-BP50,5,6,-0.2346768815452597,PLS
diesel-BP50,5,7,-0.946074167064874,PLS
diesel-BP50,5,8,-8.819401534287163,PLS
diesel-BP50,5,9,-0.8491178460977535,PLS
diesel-BP50,5,10,-0.876443336249169,PLS
diesel-BP50,5,11,-6.200061116724234,PLS
diesel-BP50,5,12,0.0673015747593669,PLS
diesel-BP50,5,13,-1.7372880073646688,PLS
diesel-BP50,5,14,-1.8785206217655703,PLS
diesel-BP50,5,15,0.3980840254871859,PLS
diesel-BP50,5,16,-0.7985009122769067,PLS
diesel-BP50,5,17,-1.7285803009766585,PLS
diesel-BP50,5,18,-0.1004238378650288,PLS
diesel-BP50,5,19,-0.54611102406284,PLS
diesel-BP50,5,20,-0.1073252254090222,PLS
diesel-BP50,5,21,-0.894634507731652,PLS
diesel-BP50,5,22,-0.2257098641874748,PLS
diesel-BP50,5,23,-0.5641471738745756,PLS
diesel-BP50,5,24,-2.232835938929156,PLS
diesel-BP50,5,25,-7.440291542812949,PLS
diesel-BP50,5,26,-0.4934797213977262,PLS
diesel-BP50,5,27,-1.0756769407373747,PLS
diesel-BP50,5,28,0.0619212969527961,PLS
diesel-BP50,5,29,-3.690646277155129,PLS
diesel-BP50,10,0,-15.868781843458391,PLS
diesel-BP50,10,1,0.6367803511682688,PLS
diesel-BP50,10,2,0.3631006171658899,PLS
diesel-BP50,10,3,0.650570777996311,PLS
diesel-BP50,10,4,-0.2497778600824289,PLS
diesel-BP50,10,5,-0.0083485367872258,PLS
diesel-BP50,10,6,-0.4280422960403081,PLS
diesel-BP50,10,7,-1.0142062102222664,PLS
diesel-BP50,10,8,0.4808623397135878,PLS
diesel-BP50,10,9,-0.3877026786044366,PLS
diesel-BP50,10,10,0.2583754881399429,PLS
diesel-BP50,10,11,-0.4906612780583936,PLS
diesel-BP50,10,12,-0.3880881881838931,PLS
diesel-BP50,10,13,0.6566850441598494,PLS
diesel-BP50,10,14,0.0087067073954791,PLS
diesel-BP50,10,15,0.3011167734564021,PLS
diesel-BP50,10,16,-0.4318329348072502,PLS
diesel-BP50,10,17,-0.3315827529985236,PLS
diesel-BP50,10,18,-0.4060922783400424,PLS
diesel-BP50,10,19,-4.2553239892746895,PLS
diesel-BP50,10,20,-1.615503501979207,PLS
diesel-BP50,10,21,0.5907127976573132,PLS
diesel-BP50,10,22,-0.302557543844139,PLS
diesel-BP50,10,23,-0.2098254803900818,PLS
diesel-BP50,10,24,-4.889726287040894,PLS
diesel-BP50,10,25,-6.727332060626786,PLS
diesel-BP50,10,26,-0.3347555215820208,PLS
diesel-BP50,10,27,-1.739537582226467,PLS
diesel-BP50,10,28,0.315455308224939,PLS
diesel-BP50,10,29,-0.0431488906229113,PLS
diesel-BP50,20,0,0.3162559099598481,PLS
diesel-BP50,20,1,0.4001081058029762,PLS
diesel-BP50,20,2,0.6868254785076884,PLS
diesel-BP50,20,3,-0.3001169745447281,PLS
diesel-BP50,20,4,0.8074741574926652,PLS
diesel-BP50,20,5,0.6194206723233832,PLS
diesel-BP50,20,6,0.6496608481774007,PLS
diesel-BP50,20,7,0.5042219515505509,PLS
diesel-BP50,20,8,0.7231291090255636,PLS
diesel-BP50,20,9,-0.2405655358621661,PLS
diesel-BP50,20,10,0.3712681975868385,PLS
diesel-BP50,20,11,0.604112926187328,PLS
diesel-BP50,20,12,0.3423513770403901,PLS
diesel-BP50,20,13,0.6052706364779893,PLS
diesel-BP50,20,14,0.6829512408835807,PLS
diesel-BP50,20,15,0.4278346627301888,PLS
diesel-BP50,20,16,0.6329415323952505,PLS
diesel-BP50,20,17,0.6077228360635186,PLS
diesel-BP50,20,18,0.5421072881476218,PLS
diesel-BP50,20,19,0.675820922060466,PLS
diesel-BP50,20,20,0.6470847336340246,PLS
diesel-BP50,20,21,0.5702601905416438,PLS
diesel-BP50,20,22,0.6852892740783887,PLS
diesel-BP50,20,23,0.349500114558274,PLS
diesel-BP50,20,24,0.6935283973761273,PLS
diesel-BP50,20,25,0.7198401939199004,PLS
diesel-BP50,20,26,0.7410305191646576,PLS
diesel-BP50,20,27,0.771597072438466,PLS
diesel-BP50,20,28,0.7658453467392381,PLS
diesel-BP50,20,29,0.6421703989648553,PLS
diesel-CN,5,0,-0.278688088937401,PLS
diesel-CN,5,1,0.1476603555551344,PLS
diesel-CN,5,2,0.1392506558037075,PLS
diesel-CN,5,3,-2.068467945377704,PLS
diesel-CN,5,4,0.0696014110310104,PLS
diesel-CN,5,5,-0.9050937991994676,PLS
diesel-CN,5,6,-0.7692559406938857,PLS
diesel-CN,5,7,-0.3671402858740129,PLS
diesel-CN,5,8,-3.511638429128148,PLS
diesel-CN,5,9,-1.7304422781443858,PLS
diesel-CN,5,10,-0.2963315292137736,PLS
diesel-CN,5,11,-5.3937380454157,PLS
diesel-CN,5,12,-0.6292602791266788,PLS
diesel-CN,5,13,0.3070964954044649,PLS
diesel-CN,5,14,-0.0129084385593742,PLS
diesel-CN,5,15,-0.7947473075387517,PLS
diesel-CN,5,16,0.1151703776141374,PLS
diesel-CN,5,17,-0.6992647247720185,PLS
diesel-CN,5,18,0.057914602264238,PLS
diesel-CN,5,19,-0.0113162127466417,PLS
diesel-CN,5,20,-0.1665700743798577,PLS
diesel-CN,5,21,-0.0961871226467536,PLS
diesel-CN,5,22,0.1006842682786948,PLS
diesel-CN,5,23,0.1390120809130915,PLS
diesel-CN,5,24,-0.9350262240376956,PLS
diesel-CN,5,25,0.185604929131217,PLS
diesel-CN,5,26,0.3412996185700184,PLS
diesel-CN,5,27,-0.0181376025946773,PLS
diesel-CN,5,28,-1.065345333426515,PLS
diesel-CN,5,29,-0.4092628466985721,PLS
diesel-CN,10,0,-1.5743137078830949,PLS
diesel-CN,10,1,-1.6200222526386088,PLS
diesel-CN,10,2,-0.4040113805117344,PLS
diesel-CN,10,3,-0.1719393097568406,PLS
diesel-CN,10,4,0.2529962544553223,PLS
diesel-CN,10,5,0.1666035560166822,PLS
diesel-CN,10,6,-0.2504636603184003,PLS
diesel-CN,10,7,0.1667082955464351,PLS
diesel-CN,10,8,0.2325327829413266,PLS
diesel-CN,10,9,0.2309067844936027,PLS
diesel-CN,10,10,-4.91979741648996,PLS
diesel-CN,10,11,-0.0208835129203008,PLS
diesel-CN,10,12,0.0800677918487817,PLS
diesel-CN,10,13,0.2053155071375805,PLS
diesel-CN,10,14,-0.0214428690269856,PLS
diesel-CN,10,15,-0.7234855491298533,PLS
diesel-CN,10,16,-0.1137623922408304,PLS
diesel-CN,10,17,-3.050496431657735,PLS
diesel-CN,10,18,-2.806555048549112,PLS
diesel-CN,10,19,-3.356249783218709,PLS
diesel-CN,10,20,0.2004382666265102,PLS
diesel-CN,10,21,0.1182638451204475,PLS
diesel-CN,10,22,-0.8481684394372202,PLS
diesel-CN,10,23,0.1660859798779251,PLS
diesel-CN,10,24,-0.9275423031075138,PLS
diesel-CN,10,25,0.1871540743854379,PLS
diesel-CN,10,26,-0.0941149658052071,PLS
diesel-CN,10,27,-0.6088746158084264,PLS
diesel-CN,10,28,-3.805241135075837,PLS
diesel-CN,10,29,-0.2450700193567827,PLS
diesel-CN,20,0,-1.576422928587188,PLS
diesel-CN,20,1,0.1331440034599789,PLS
diesel-CN,20,2,0.0544479562879923,PLS
diesel-CN,20,3,0.1856733149487778,PLS
diesel-CN,20,4,-4.180836329235305,PLS
diesel-CN,20,5,-0.7677260209890719,PLS
diesel-CN,20,6,-1.2473199318349044,PLS
diesel-CN,20,7,0.0614686256196238,PLS
diesel-CN,20,8,0.2827450434518502,PLS
diesel-CN,20,9,0.3134164818042294,PLS
diesel-CN,20,10,0.1553437988242934,PLS
diesel-CN,20,11,0.2893246963074164,PLS
diesel-CN,20,12,0.0781644749305102,PLS
diesel-CN,20,13,0.2191531718791169,PLS
diesel-CN,20,14,-1.270945609017228,PLS
diesel-CN,20,15,0.1908946250601005,PLS
diesel-CN,20,16,0.1404746113351884,PLS
diesel-CN,20,17,0.1817490916639459,PLS
diesel-CN,20,18,0.1424086647843166,PLS
diesel-CN,20,19,0.0078007832838161,PLS
diesel-CN,20,20,-0.3888348214785573,PLS
diesel-CN,20,21,-1.1382074758219378,PLS
diesel-CN,20,22,0.0925044903025605,PLS
diesel-CN,20,23,0.4519840057832217,PLS
diesel-CN,20,24,0.1517261868024482,PLS
diesel-CN,20,25,0.0249845330296586,PLS
diesel-CN,20,26,0.0096286300179103,PLS
diesel-CN,20,27,0.3032437946808587,PLS
diesel-CN,20,28,0.0874456025845586,PLS
diesel-CN,20,29,-0.3948968355218782,PLS
diesel-D4052,5,0,-0.5973937910166291,PLS
diesel-D4052,5,1,-1.4551619914262035,PLS
diesel-D4052,5,2,-0.804909255918091,PLS
diesel-D4052,5,3,-0.0400648669932732,PLS
diesel-D4052,5,4,0.160137176966769,PLS
diesel-D4052,5,5,-1.3699229361986451,PLS
diesel-D4052,5,6,-2.79488539614284,PLS
diesel-D4052,5,7,-1.2083186974026217,PLS
diesel-D4052,5,8,-0.1122914609939347,PLS
diesel-D4052,5,9,0.2681885189492052,PLS
diesel-D4052,5,10,0.1684099131148625,PLS
diesel-D4052,5,11,-0.0713034620228743,PLS
diesel-D4052,5,12,-3.928326084528488,PLS
diesel-D4052,5,13,-0.1626141236955263,PLS
diesel-D4052,5,14,0.0697557922152238,PLS
diesel-D4052,5,15,-1.4284676505968124,PLS
diesel-D4052,5,16,-0.4659239002794471,PLS
diesel-D4052,5,17,-2.14501800883182,PLS
diesel-D4052,5,18,0.1855600662539673,PLS
diesel-D4052,5,19,-1.341183729395086,PLS
diesel-D4052,5,20,-0.1620587865030631,PLS
diesel-D4052,5,21,0.241201611405459,PLS
diesel-D4052,5,22,-0.047416755760957,PLS
diesel-D4052,5,23,-3.862277905348772,PLS
diesel-D4052,5,24,-0.0519202150066557,PLS
diesel-D4052,5,25,-0.7285575682591372,PLS
diesel-D4052,5,26,-0.3799473620144296,PLS
diesel-D4052,5,27,0.2189636468652096,PLS
diesel-D4052,5,28,-0.0370540061749466,PLS
diesel-D4052,5,29,-0.1329760640903359,PLS
diesel-D4052,10,0,-0.3526804591477734,PLS
diesel-D4052,10,1,0.2721598676136872,PLS
diesel-D4052,10,2,0.8656483606375567,PLS
diesel-D4052,10,3,0.54404134339875,PLS
diesel-D4052,10,4,0.6055569264268872,PLS
diesel-D4052,10,5,0.832272866380653,PLS
diesel-D4052,10,6,0.7516016309341602,PLS
diesel-D4052,10,7,0.8493268880135373,PLS
diesel-D4052,10,8,0.3576945311334603,PLS
diesel-D4052,10,9,-3.036951328280492,PLS
diesel-D4052,10,10,0.0153061241458681,PLS
diesel-D4052,10,11,0.7946276680449889,PLS
diesel-D4052,10,12,-0.0533448126017124,PLS
diesel-D4052,10,13,0.5228048027365304,PLS
diesel-D4052,10,14,0.8803317759227685,PLS
diesel-D4052,10,15,0.5176004045923563,PLS
diesel-D4052,10,16,0.7585117973455017,PLS
diesel-D4052,10,17,-0.4834356171757183,PLS
diesel-D4052,10,18,0.6843703501723513,PLS
diesel-D4052,10,19,-0.1975951041395247,PLS
diesel-D4052,10,20,0.2502908652548191,PLS
diesel-D4052,10,21,0.0665295231550839,PLS
diesel-D4052,10,22,-0.2068028560779373,PLS
diesel-D4052,10,23,0.0633218817134561,PLS
diesel-D4052,10,24,0.6087815848345453,PLS
diesel-D4052,10,25,0.6925939434662919,PLS
diesel-D4052,10,26,0.0892143078882922,PLS
diesel-D4052,10,27,0.8653695386017525,PLS
diesel-D4052,10,28,-1.2557827526349352,PLS
diesel-D4052,10,29,0.4550717069271541,PLS
diesel-D4052,20,0,0.8958575751711237,PLS
diesel-D4052,20,1,0.9037023610420062,PLS
diesel-D4052,20,2,0.90185118665372,PLS
diesel-D4052,20,3,0.8524288717830667,PLS
diesel-D4052,20,4,0.8014031699087185,PLS
diesel-D4052,20,5,0.8495973414054436,PLS
diesel-D4052,20,6,0.6649892326998155,PLS
diesel-D4052,20,7,0.9565782654884686,PLS
diesel-D4052,20,8,0.6601195386728527,PLS
diesel-D4052,20,9,0.8849492277053422,PLS
diesel-D4052,20,10,0.9267464075411396,PLS
diesel-D4052,20,11,0.9171115722404256,PLS
diesel-D4052,20,12,0.9312878999444628,PLS
diesel-D4052,20,13,0.9194400045476792,PLS
diesel-D4052,20,14,0.8803261781919004,PLS
diesel-D4052,20,15,0.7046664904210114,PLS
diesel-D4052,20,16,0.911201762144564,PLS
diesel-D4052,20,17,0.7146909239042601,PLS
diesel-D4052,20,18,0.91480673387309,PLS
diesel-D4052,20,19,0.7209103324224744,PLS
diesel-D4052,20,20,0.8739444798462235,PLS
diesel-D4052,20,21,0.9279132853461224,PLS
diesel-D4052,20,22,0.7119147530539907,PLS
diesel-D4052,20,23,0.93327928569392,PLS
diesel-D4052,20,24,0.6079843106297033,PLS
diesel-D4052,20,25,0.7606298766988309,PLS
diesel-D4052,20,26,0.9379343068303856,PLS
diesel-D4052,20,27,0.8574924798966692,PLS
diesel-D4052,20,28,0.9622741369845206,PLS
diesel-D4052,20,29,0.8920505307094607,PLS
diesel-FLASH,5,0,-7.274004670754941,PLS
diesel-FLASH,5,1,-7.148722426547304,PLS
diesel-FLASH,5,2,-0.3819185526057096,PLS
diesel-FLASH,5,3,-0.3099704318041523,PLS
diesel-FLASH,5,4,-2.062472717468615,PLS
diesel-FLASH,5,5,-10.290648854280487,PLS
diesel-FLASH,5,6,-0.4921813210128143,PLS
diesel-FLASH,5,7,-5.859711971268539,PLS
diesel-FLASH,5,8,-2.474001603524961,PLS
diesel-FLASH,5,9,-0.5575194563144623,PLS
diesel-FLASH,5,10,-1.7004212570795891,PLS
diesel-FLASH,5,11,-0.288684872708844,PLS
diesel-FLASH,5,12,-0.7797201950113664,PLS
diesel-FLASH,5,13,-1.2209717927827386,PLS
diesel-FLASH,5,14,-0.4318914728405267,PLS
diesel-FLASH,5,15,-0.3878736068913084,PLS
diesel-FLASH,5,16,-3.104774609328783,PLS
diesel-FLASH,5,17,-7.798804982746885,PLS
diesel-FLASH,5,18,-0.3372177828613645,PLS
diesel-FLASH,5,19,-0.5727455830408279,PLS
diesel-FLASH,5,20,-0.0114786399601827,PLS
diesel-FLASH,5,21,-0.327787976147682,PLS
diesel-FLASH,5,22,-0.6483435116167282,PLS
diesel-FLASH,5,23,-15.054398012856048,PLS
diesel-FLASH,5,24,-0.8653861423796676,PLS
diesel-FLASH,5,25,-2.229263317300316,PLS
diesel-FLASH,5,26,-0.5574198698489903,PLS
diesel-FLASH,5,27,-0.2041322826599925,PLS
diesel-FLASH,5,28,-2.34361002389938,PLS
diesel-FLASH,5,29,0.0064080509212517,PLS
diesel-FLASH,10,0,-0.1588976708045584,PLS
diesel-FLASH,10,1,-0.5411696852445795,PLS
diesel-FLASH,10,2,-2.914139241866757,PLS
diesel-FLASH,10,3,0.0118866022305502,PLS
diesel-FLASH,10,4,-0.1224659698499148,PLS
diesel-FLASH,10,5,-0.2900003696626745,PLS
diesel-FLASH,10,6,-0.2629480617545976,PLS
diesel-FLASH,10,7,-3.1986075066204123,PLS
diesel-FLASH,10,8,-0.8623340254462701,PLS
diesel-FLASH,10,9,-1.2680348720265346,PLS
diesel-FLASH,10,10,0.1368947853724379,PLS
diesel-FLASH,10,11,-5.046247893961785,PLS
diesel-FLASH,10,12,-0.279105888827343,PLS
diesel-FLASH,10,13,-0.0193352912423176,PLS
diesel-FLASH,10,14,-0.089516811543848,PLS
diesel-FLASH,10,15,-0.0869968259316928,PLS
diesel-FLASH,10,16,-0.2536830107476635,PLS
diesel-FLASH,10,17,-2.9715387589347984,PLS
diesel-FLASH,10,18,-0.4302179746544421,PLS
diesel-FLASH,10,19,-0.2522900081304728,PLS
diesel-FLASH,10,20,-7.645286321642757,PLS
diesel-FLASH,10,21,-1.0946801009263645,PLS
diesel-FLASH,10,22,-0.1998019915547821,PLS
diesel-FLASH,10,23,0.0135345970042399,PLS
diesel-FLASH,10,24,-13.937400261400624,PLS
diesel-FLASH,10,25,-0.1621351423131731,PLS
diesel-FLASH,10,26,0.1489383066467888,PLS
diesel-FLASH,10,27,-1.9782709935586265,PLS
diesel-FLASH,10,28,-6.162673933129557,PLS
diesel-FLASH,10,29,-0.7483343857003364,PLS
diesel-FLASH,20,0,-0.1195898165379409,PLS
diesel-FLASH,20,1,0.1092965350567317,PLS
diesel-FLASH,20,2,-0.0551066892387515,PLS
diesel-FLASH,20,3,-0.1006116694767089,PLS
diesel-FLASH,20,4,0.0029665246794751,PLS
diesel-FLASH,20,5,0.0520934070741697,PLS
diesel-FLASH,20,6,-2.1807630568608496,PLS
diesel-FLASH,20,7,0.2376326912185768,PLS
diesel-FLASH,20,8,-0.0492635369145009,PLS
diesel-FLASH,20,9,-1.1398474442220676,PLS
diesel-FLASH,20,10,-0.0025435017261854,PLS
diesel-FLASH,20,11,-0.8086698441759883,PLS
diesel-FLASH,20,12,-0.0785950718514965,PLS
diesel-FLASH,20,13,-0.5038558910339697,PLS
diesel-FLASH,20,14,-0.970868329958526,PLS
diesel-FLASH,20,15,0.1993583310633655,PLS
diesel-FLASH,20,16,-0.019080248959304,PLS
diesel-FLASH,20,17,0.0466931123668825,PLS
diesel-FLASH,20,18,-2.0583859729968927,PLS
diesel-FLASH,20,19,0.3002644058973787,PLS
diesel-FLASH,20,20,-8.644703621852358,PLS
diesel-FLASH,20,21,-1.355664227815054,PLS
diesel-FLASH,20,22,0.1159919615119816,PLS
diesel-FLASH,20,23,-2.8085363323596053,PLS
diesel-FLASH,20,24,-1.300402113232828,PLS
diesel-FLASH,20,25,-2.720604828304263,PLS
diesel-FLASH,20,26,-0.0061043090254624,PLS
diesel-FLASH,20,27,0.0140265777278202,PLS
diesel-FLASH,20,28,-3.061009340177236,PLS
diesel-FLASH,20,29,-0.152812455474985,PLS
diesel-FREEZE,5,0,-1.157487880487015,PLS
diesel-FREEZE,5,1,-2.8201805939790447,PLS
diesel-FREEZE,5,2,-0.0518830428184156,PLS
diesel-FREEZE,5,3,-0.014729024872413,PLS
diesel-FREEZE,5,4,-0.4359048387987447,PLS
diesel-FREEZE,5,5,-1.657148310702154,PLS
diesel-FREEZE,5,6,-0.2565456367831693,PLS
diesel-FREEZE,5,7,-0.2992482806509178,PLS
diesel-FREEZE,5,8,-0.1277717555898263,PLS
diesel-FREEZE,5,9,-0.0890439672965812,PLS
diesel-FREEZE,5,10,-0.90707474698388,PLS
diesel-FREEZE,5,11,-1.5274650792930151,PLS
diesel-FREEZE,5,12,-0.4976941877651559,PLS
diesel-FREEZE,5,13,-0.1370279184385145,PLS
diesel-FREEZE,5,14,0.1038867960192383,PLS
diesel-FREEZE,5,15,-0.1174642431954435,PLS
diesel-FREEZE,5,16,-0.0045401150191155,PLS
diesel-FREEZE,5,17,-0.647562638407053,PLS
diesel-FREEZE,5,18,-0.026055857475425,PLS
diesel-FREEZE,5,19,-0.962674847454926,PLS
diesel-FREEZE,5,20,0.2671896134283602,PLS
diesel-FREEZE,5,21,-0.2892310009500514,PLS
diesel-FREEZE,5,22,-0.0149162364001413,PLS
diesel-FREEZE,5,23,-0.2357188222523278,PLS
diesel-FREEZE,5,24,-0.1934972561662988,PLS
diesel-FREEZE,5,25,-2.260831948310177,PLS
diesel-FREEZE,5,26,-0.6428714640528441,PLS
diesel-FREEZE,5,27,-0.1718331304936053,PLS
diesel-FREEZE,5,28,-0.2567686723316713,PLS
diesel-FREEZE,5,29,-0.5651971679139727,PLS
diesel-FREEZE,10,0,0.2820647036453416,PLS
diesel-FREEZE,10,1,0.2534976368056546,PLS
diesel-FREEZE,10,2,0.1761466708723558,PLS
diesel-FREEZE,10,3,-1.2471012767464127,PLS
diesel-FREEZE,10,4,0.2918819477463876,PLS
diesel-FREEZE,10,5,0.1695297121196946,PLS
diesel-FREEZE,10,6,-0.1917550498356122,PLS
diesel-FREEZE,10,7,-0.4745856051869728,PLS
diesel-FREEZE,10,8,0.1105681079775651,PLS
diesel-FREEZE,10,9,0.3797556937330525,PLS
diesel-FREEZE,10,10,0.4683808481816711,PLS
diesel-FREEZE,10,11,0.3718663772510615,PLS
diesel-FREEZE,10,12,0.4758595763634082,PLS
diesel-FREEZE,10,13,-1.2041419290893582,PLS
diesel-FREEZE,10,14,-0.4922196442390536,PLS
diesel-FREEZE,10,15,0.3917406414547192,PLS
diesel-FREEZE,10,16,0.2076902478969378,PLS
diesel-FREEZE,10,17,0.0223304721671637,PLS
diesel-FREEZE,10,18,-0.3365878936122253,PLS
diesel-FREEZE,10,19,-2.893131828775692,PLS
diesel-FREEZE,10,20,-0.3364567779199714,PLS
diesel-FREEZE,10,21,0.0723628277172383,PLS
diesel-FREEZE,10,22,-0.011032672193266,PLS
diesel-FREEZE,10,23,0.5498837566936973,PLS
diesel-FREEZE,10,24,-1.3508060726763138,PLS
diesel-FREEZE,10,25,-0.0721652961990726,PLS
diesel-FREEZE,10,26,0.1468712218305701,PLS
diesel-FREEZE,10,27,0.5635129819946112,PLS
diesel-FREEZE,10,28,0.3887145614219638,PLS
diesel-FREEZE,10,29,0.4727340336366072,PLS
diesel-FREEZE,20,0,0.5348493073184406,PLS
diesel-FREEZE,20,1,0.3620422225673256,PLS
diesel-FREEZE,20,2,0.369861100237589,PLS
diesel-FREEZE,20,3,0.2954599006808573,PLS
diesel-FREEZE,20,4,0.2865076397966479,PLS
diesel-FREEZE,20,5,0.3913465258604611,PLS
diesel-FREEZE,20,6,0.3212491355574696,PLS
diesel-FREEZE,20,7,0.6408703634723124,PLS
diesel-FREEZE,20,8,-0.0396888831526076,PLS
diesel-FREEZE,20,9,0.6290268601871343,PLS
diesel-FREEZE,20,10,0.6431953081419056,PLS
diesel-FREEZE,20,11,-0.0349982299062388,PLS
diesel-FREEZE,20,12,0.5678868967062053,PLS
diesel-FREEZE,20,13,0.5793443173448576,PLS
diesel-FREEZE,20,14,-0.094016602264884,PLS
diesel-FREEZE,20,15,0.4871523466762525,PLS
diesel-FREEZE,20,16,0.5466543546991127,PLS
diesel-FREEZE,20,17,0.6512767229468577,PLS
diesel-FREEZE,20,18,0.2121232788790308,PLS
diesel-FREEZE,20,19,0.5197291454748616,PLS
diesel-FREEZE,20,20,0.6567651046714218,PLS
diesel-FREEZE,20,21,0.4912824025903117,PLS
diesel-FREEZE,20,22,0.7070324963716819,PLS
diesel-FREEZE,20,23,0.5894116316455151,PLS
diesel-FREEZE,20,24,0.40073981646926,PLS
diesel-FREEZE,20,25,0.2234435147087173,PLS
diesel-FREEZE,20,26,0.7287887445883294,PLS
diesel-FREEZE,20,27,0.4589914233761661,PLS
diesel-FREEZE,20,28,0.3466221274581386,PLS
diesel-FREEZE,20,29,0.4187807746353833,PLS
diesel-TOTAL,5,0,0.5446575084388383,PLS
diesel-TOTAL,5,1,0.538012363485206,PLS
diesel-TOTAL,5,2,-0.2129954384297971,PLS
diesel-TOTAL,5,3,-1.1712749481273297,PLS
diesel-TOTAL,5,4,0.6153185927271387,PLS
diesel-TOTAL,5,5,-0.9368001165237012,PLS
diesel-TOTAL,5,6,0.695083807765801,PLS
diesel-TOTAL,5,7,0.4695002609656233,PLS
diesel-TOTAL,5,8,0.0637973413273664,PLS
diesel-TOTAL,5,9,0.2459318703296795,PLS
diesel-TOTAL,5,10,0.365439569033603,PLS
diesel-TOTAL,5,11,-0.2199428814006143,PLS
diesel-TOTAL,5,12,0.6382998460078115,PLS
diesel-TOTAL,5,13,0.7063411057165858,PLS
diesel-TOTAL,5,14,0.5562497984079162,PLS
diesel-TOTAL,5,15,0.4446648613636509,PLS
diesel-TOTAL,5,16,-1.4950510400553791,PLS
diesel-TOTAL,5,17,0.2737572035873351,PLS
diesel-TOTAL,5,18,0.2108695506264817,PLS
diesel-TOTAL,5,19,0.5841652541136223,PLS
diesel-TOTAL,5,20,-0.932032667977855,PLS
diesel-TOTAL,5,21,0.505373059227904,PLS
diesel-TOTAL,5,22,0.6437888644619252,PLS
diesel-TOTAL,5,23,0.3231929538058027,PLS
diesel-TOTAL,5,24,0.3245467257272968,PLS
diesel-TOTAL,5,25,0.4790901238979452,PLS
diesel-TOTAL,5,26,0.5416979266199842,PLS
diesel-TOTAL,5,27,0.511260333955504,PLS
diesel-TOTAL,5,28,0.6184998276552701,PLS
diesel-TOTAL,5,29,0.4331435320789465,PLS
diesel-TOTAL,10,0,0.7400818196921832,PLS
diesel-TOTAL,10,1,0.713369807741427,PLS
diesel-TOTAL,10,2,0.2597210019157495,PLS
diesel-TOTAL,10,3,0.8040834216779341,PLS
diesel-TOTAL,10,4,0.6310184550933488,PLS
diesel-TOTAL,10,5,0.613597977993273,PLS
diesel-TOTAL,10,6,0.7563504630348203,PLS
diesel-TOTAL,10,7,0.8440425129686453,PLS
diesel-TOTAL,10,8,0.5576863559009453,PLS
diesel-TOTAL,10,9,0.2356497603869508,PLS
diesel-TOTAL,10,10,0.8739334977304773,PLS
diesel-TOTAL,10,11,0.5497153424338772,PLS
diesel-TOTAL,10,12,0.5950489418160674,PLS
diesel-TOTAL,10,13,0.6786175626844664,PLS
diesel-TOTAL,10,14,0.160658049199071,PLS
diesel-TOTAL,10,15,0.3747791049095327,PLS
diesel-TOTAL,10,16,0.74880081083026,PLS
diesel-TOTAL,10,17,0.7044289381414616,PLS
diesel-TOTAL,10,18,0.8397458542029336,PLS
diesel-TOTAL,10,19,0.2357112260077404,PLS
diesel-TOTAL,10,20,0.7066857277805848,PLS
diesel-TOTAL,10,21,0.9072508168826584,PLS
diesel-TOTAL,10,22,-0.4304586278238884,PLS
diesel-TOTAL,10,23,0.1632216622088491,PLS
diesel-TOTAL,10,24,0.4255673190393819,PLS
diesel-TOTAL,10,25,0.7065064121008218,PLS
diesel-TOTAL,10,26,0.8667466438130823,PLS
diesel-TOTAL,10,27,0.0246610183375135,PLS
diesel-TOTAL,10,28,0.5810373706212085,PLS
diesel-TOTAL,10,29,0.7176880176131271,PLS
diesel-TOTAL,20,0,0.8927430845049142,PLS
diesel-TOTAL,20,1,0.804164460976968,PLS
diesel-TOTAL,20,2,0.8313782891354774,PLS
diesel-TOTAL,20,3,0.7110670200968112,PLS
diesel-TOTAL,20,4,0.8252573044506677,PLS
diesel-TOTAL,20,5,0.6506030306172116,PLS
diesel-TOTAL,20,6,0.7804249328842524,PLS
diesel-TOTAL,20,7,0.6656738635977513,PLS
diesel-TOTAL,20,8,0.8506878829104628,PLS
diesel-TOTAL,20,9,0.7512181904547939,PLS
diesel-TOTAL,20,10,0.8920133343032668,PLS
diesel-TOTAL,20,11,0.6265401823811055,PLS
diesel-TOTAL,20,12,0.842459895739873,PLS
diesel-TOTAL,20,13,0.6902225642987696,PLS
diesel-TOTAL,20,14,0.8913776935258514,PLS
diesel-TOTAL,20,15,0.7577987572398297,PLS
diesel-TOTAL,20,16,0.8590719710156127,PLS
diesel-TOTAL,20,17,0.9091888036759356,PLS
diesel-TOTAL,20,18,0.8099679949028175,PLS
diesel-TOTAL,20,19,0.7574995465566526,PLS
diesel-TOTAL,20,20,0.8506606361917679,PLS
diesel-TOTAL,20,21,0.8351255001011804,PLS
diesel-TOTAL,20,22,0.8482388379389683,PLS
diesel-TOTAL,20,23,0.7260550407309989,PLS
diesel-TOTAL,20,24,0.7479814170771482,PLS
diesel-TOTAL,20,25,0.6981882628472378,PLS
diesel-TOTAL,20,26,0.6924516472404516,PLS
diesel-TOTAL,20,27,0.878554888619969,PLS
diesel-TOTAL,20,28,0.8919121992692921,PLS
diesel-TOTAL,20,29,0.7395163661837009,PLS
diesel-VISC,5,0,-0.2111259079746246,PLS
diesel-VISC,5,1,-2.0525191762793247,PLS
diesel-VISC,5,2,-10.13041045400661,PLS
diesel-VISC,5,3,-9.795737150180951,PLS
diesel-VISC,5,4,-3.3823253347979048,PLS
diesel-VISC,5,5,-0.2698040478269023,PLS
diesel-VISC,5,6,-1.1743611435495591,PLS
diesel-VISC,5,7,-0.2300953316440841,PLS
diesel-VISC,5,8,-0.2309300449547875,PLS
diesel-VISC,5,9,-3.1563907904852364,PLS
diesel-VISC,5,10,0.1222199048561996,PLS
diesel-VISC,5,11,-1.3584575341775795,PLS
diesel-VISC,5,12,-3.2582145684583264,PLS
diesel-VISC,5,13,-3.1478156071937846,PLS
diesel-VISC,5,14,-2.045177721425417,PLS
diesel-VISC,5,15,-0.3845042874936621,PLS
diesel-VISC,5,16,-0.8932556097623945,PLS
diesel-VISC,5,17,-0.2322688204882634,PLS
diesel-VISC,5,18,-1.4244442033975426,PLS
diesel-VISC,5,19,-0.9229640729047884,PLS
diesel-VISC,5,20,-4.637437376930254,PLS
diesel-VISC,5,21,-1.6201194549363709,PLS
diesel-VISC,5,22,-0.1279184492095753,PLS
diesel-VISC,5,23,-0.2001964927048551,PLS
diesel-VISC,5,24,-1.4230876425567651,PLS
diesel-VISC,5,25,-0.3508806085822049,PLS
diesel-VISC,5,26,-0.2554431811851718,PLS
diesel-VISC,5,27,-0.9450043397604286,PLS
diesel-VISC,5,28,-0.7764607918299145,PLS
diesel-VISC,5,29,-2.671106018465128,PLS
diesel-VISC,10,0,0.3501660469177723,PLS
diesel-VISC,10,1,-0.351526520842619,PLS
diesel-VISC,10,2,0.4003327920210815,PLS
diesel-VISC,10,3,-1.988373853107694,PLS
diesel-VISC,10,4,-0.2993473318437978,PLS
diesel-VISC,10,5,-0.7454843212522966,PLS
diesel-VISC,10,6,-0.1057945763371028,PLS
diesel-VISC,10,7,-0.7385934100379343,PLS
diesel-VISC,10,8,-0.3728334548553818,PLS
diesel-VISC,10,9,-0.2499612635977792,PLS
diesel-VISC,10,10,0.4198818283774804,PLS
diesel-VISC,10,11,-3.49658960498111,PLS
diesel-VISC,10,12,0.5715458620049558,PLS
diesel-VISC,10,13,-0.3622995760010701,PLS
diesel-VISC,10,14,-0.0208848583131546,PLS
diesel-VISC,10,15,0.5481714198553292,PLS
diesel-VISC,10,16,-1.4341516788663866,PLS
diesel-VISC,10,17,0.4913621922499183,PLS
diesel-VISC,10,18,0.4465988450167198,PLS
diesel-VISC,10,19,0.5689763849956649,PLS
diesel-VISC,10,20,-0.0023437813259572,PLS
diesel-VISC,10,21,0.2566162261578036,PLS
diesel-VISC,10,22,-0.1778737495869058,PLS
diesel-VISC,10,23,-0.0995035937329387,PLS
diesel-VISC,10,24,-1.4008152271338394,PLS
diesel-VISC,10,25,-0.0366744540989032,PLS
diesel-VISC,10,26,0.2746939291995411,PLS
diesel-VISC,10,27,-2.250959882955517,PLS
diesel-VISC,10,28,0.2707413799140948,PLS
diesel-VISC,10,29,0.5469386576223672,PLS
diesel-VISC,20,0,0.6162638646470011,PLS
diesel-VISC,20,1,0.672815361415607,PLS
diesel-VISC,20,2,0.4332556952730664,PLS
diesel-VISC,20,3,0.6584034833760098,PLS
diesel-VISC,20,4,-5.202504948564866,PLS
diesel-VISC,20,5,0.6195834861564391,PLS
diesel-VISC,20,6,0.6424051101822379,PLS
diesel-VISC,20,7,0.3675165925824422,PLS
diesel-VISC,20,8,-0.4966764659544405,PLS
diesel-VISC,20,9,0.4410499205154986,PLS
diesel-VISC,20,10,0.6690204065626456,PLS
diesel-VISC,20,11,0.2304884112816372,PLS
diesel-VISC,20,12,0.6162844342751719,PLS
diesel-VISC,20,13,-0.9217777422346703,PLS
diesel-VISC,20,14,0.6726430989901395,PLS
diesel-VISC,20,15,0.6292679199741635,PLS
diesel-VISC,20,16,0.6433594016017417,PLS
diesel-VISC,20,17,0.5636401548029321,PLS
diesel-VISC,20,18,-0.1549939142873846,PLS
diesel-VISC,20,19,0.5511369703509601,PLS
diesel-VISC,20,20,0.6798928443614749,PLS
diesel-VISC,20,21,-6.785550696022532,PLS
diesel-VISC,20,22,0.7128568518966594,PLS
diesel-VISC,20,23,-0.6735195908476921,PLS
diesel-VISC,20,24,-0.1018875750472514,PLS
diesel-VISC,20,25,0.3985902331301493,PLS
diesel-VISC,20,26,0.3330677025978955,PLS
diesel-VISC,20,27,0.1932771027877383,PLS
diesel-VISC,20,28,-0.3281717180660317,PLS
diesel-VISC,20,29,0.7564039068553827,PLS
evoo-adulteration,5,0,-0.0998783403617014,PLS
evoo-adulteration,5,1,-0.0908459917025181,PLS
evoo-adulteration,5,2,-0.4143237741715184,PLS
evoo-adulteration,5,3,0.0067162440604529,PLS
evoo-adulteration,5,4,-1.8663518741618583,PLS
evoo-adulteration,5,5,-1.0233584311353248,PLS
evoo-adulteration,5,6,-0.1296913861919404,PLS
evoo-adulteration,5,7,-0.744398853534463,PLS
evoo-adulteration,5,8,-0.3927884995025064,PLS
evoo-adulteration,5,9,-0.6909785634632308,PLS
evoo-adulteration,5,10,-0.5106949542943571,PLS
evoo-adulteration,5,11,-2.0597205283774125,PLS
evoo-adulteration,5,12,-0.5995156219517463,PLS
evoo-adulteration,5,13,-0.3710945400906764,PLS
evoo-adulteration,5,14,-0.1062292181206756,PLS
evoo-adulteration,5,15,-0.6867403142919197,PLS
evoo-adulteration,5,16,0.0234925248632642,PLS
evoo-adulteration,5,17,-0.7288895462334162,PLS
evoo-adulteration,5,18,-0.48763370985921,PLS
evoo-adulteration,5,19,-0.4129903123350333,PLS
evoo-adulteration,5,20,-2.2255916778705656,PLS
evoo-adulteration,5,21,-0.4594898865757166,PLS
evoo-adulteration,5,22,-0.4465975315394548,PLS
evoo-adulteration,5,23,0.2312313995137114,PLS
evoo-adulteration,5,24,-2.8034658921937066,PLS
evoo-adulteration,5,25,-0.4810971522513725,PLS
evoo-adulteration,5,26,-2.3309055988357628,PLS
evoo-adulteration,5,27,-0.263979121903606,PLS
evoo-adulteration,5,28,-0.7244866052382384,PLS
evoo-adulteration,5,29,-0.9797244848115289,PLS
evoo-adulteration,10,0,-0.4380298691476636,PLS
evoo-adulteration,10,1,-4.403969997658213,PLS
evoo-adulteration,10,2,0.1579786026924595,PLS
evoo-adulteration,10,3,-0.5788692144676764,PLS
evoo-adulteration,10,4,-0.3575656854842131,PLS
evoo-adulteration,10,5,-0.7843051408569675,PLS
evoo-adulteration,10,6,-1.2492532374543122,PLS
evoo-adulteration,10,7,0.2104642326647493,PLS
evoo-adulteration,10,8,-0.3820048796100479,PLS
evoo-adulteration,10,9,-8.93833368450848,PLS
evoo-adulteration,10,10,-1.118375220980956,PLS
evoo-adulteration,10,11,-0.9252164955166376,PLS
evoo-adulteration,10,12,-0.3042172387075395,PLS
evoo-adulteration,10,13,-0.0773026841917692,PLS
evoo-adulteration,10,14,0.2559376949654451,PLS
evoo-adulteration,10,15,0.2035475173909284,PLS
evoo-adulteration,10,16,-0.78224123902388,PLS
evoo-adulteration,10,17,-0.6320537277622538,PLS
evoo-adulteration,10,18,-1.2724045383310387,PLS
evoo-adulteration,10,19,0.0008553296115318,PLS
evoo-adulteration,10,20,0.436867909982642,PLS
evoo-adulteration,10,21,-0.4999389124207243,PLS
evoo-adulteration,10,22,-0.4614642486118954,PLS
evoo-adulteration,10,23,-0.0497361521735539,PLS
evoo-adulteration,10,24,-0.1438599518405203,PLS
evoo-adulteration,10,25,0.0906742320392213,PLS
evoo-adulteration,10,26,-1.212900530193055,PLS
evoo-adulteration,10,27,0.2259202897127777,PLS
evoo-adulteration,10,28,-1.2061701618192262,PLS
evoo-adulteration,10,29,-0.7578041990846769,PLS
evoo-adulteration,20,0,-0.4826098553330731,PLS
evoo-adulteration,20,1,0.0607890933460769,PLS
evoo-adulteration,20,2,0.3597681920281319,PLS
evoo-adulteration,20,3,-0.4193232516002767,PLS
evoo-adulteration,20,4,-0.1373390051683334,PLS
evoo-adulteration,20,5,0.0519709671796944,PLS
evoo-adulteration,20,6,0.0577463784767026,PLS
evoo-adulteration,20,7,0.4195584708586366,PLS
evoo-adulteration,20,8,-0.0899350165770256,PLS
evoo-adulteration,20,9,0.1240186534516936,PLS
evoo-adulteration,20,10,0.3231301488322368,PLS
evoo-adulteration,20,11,0.3763249691863047,PLS
evoo-adulteration,20,12,0.1869093861683587,PLS
evoo-adulteration,20,13,-0.5264073268516216,PLS
evoo-adulteration,20,14,-0.3106627635446501,PLS
evoo-adulteration,20,15,0.0064111867036014,PLS
evoo-adulteration,20,16,0.176941854021718,PLS
evoo-adulteration,20,17,0.3158750804228168,PLS
evoo-adulteration,20,18,0.1427156246155763,PLS
evoo-adulteration,20,19,0.444374300614639,PLS
evoo-adulteration,20,20,0.1797634655798127,PLS
evoo-adulteration,20,21,0.3142949888363394,PLS
evoo-adulteration,20,22,0.0228673450794105,PLS
evoo-adulteration,20,23,0.3710776617475346,PLS
evoo-adulteration,20,24,0.2478358809860602,PLS
evoo-adulteration,20,25,-0.1842404633754928,PLS
evoo-adulteration,20,26,-0.2338212188458885,PLS
evoo-adulteration,20,27,-0.0972279608156947,PLS
evoo-adulteration,20,28,0.3393024497666583,PLS
evoo-adulteration,20,29,-0.0326843745232352,PLS
gasoline-octane,5,0,0.6641060166834616,PLS
gasoline-octane,5,1,0.2416503674762466,PLS
gasoline-octane,5,2,0.903954064741605,PLS
gasoline-octane,5,3,0.5115373619959709,PLS
gasoline-octane,5,4,0.921848049506006,PLS
gasoline-octane,5,5,0.8002571099484858,PLS
gasoline-octane,5,6,-1.2623336925438555,PLS
gasoline-octane,5,7,0.836802775481425,PLS
gasoline-octane,5,8,0.911418530162978,PLS
gasoline-octane,5,9,-0.3399665186085392,PLS
gasoline-octane,5,10,0.7265685683011356,PLS
gasoline-octane,5,11,0.8842518619062104,PLS
gasoline-octane,5,12,0.9179351185816982,PLS
gasoline-octane,5,13,0.9076899889156588,PLS
gasoline-octane,5,14,0.955053758112797,PLS
gasoline-octane,5,15,0.1176107084506793,PLS
gasoline-octane,5,16,0.8673208184324678,PLS
gasoline-octane,5,17,0.9621096824717862,PLS
gasoline-octane,5,18,-0.1760375201739912,PLS
gasoline-octane,5,19,0.6554201525397425,PLS
gasoline-octane,5,20,0.8752644950788803,PLS
gasoline-octane,5,21,-0.0305314998495427,PLS
gasoline-octane,5,22,0.1117880370015775,PLS
gasoline-octane,5,23,0.8313554870464199,PLS
gasoline-octane,5,24,0.8421870035006801,PLS
gasoline-octane,5,25,0.6198732324837952,PLS
gasoline-octane,5,26,0.62808614523827,PLS
gasoline-octane,5,27,0.9216518850719012,PLS
gasoline-octane,5,28,0.2956066757046625,PLS
gasoline-octane,5,29,0.8452594594072512,PLS
gasoline-octane,10,0,0.9730304433756528,PLS
gasoline-octane,10,1,0.9383645995982322,PLS
gasoline-octane,10,2,0.934158550996182,PLS
gasoline-octane,10,3,0.967995926550483,PLS
gasoline-octane,10,4,0.9748927974912752,PLS
gasoline-octane,10,5,0.947165148357644,PLS
gasoline-octane,10,6,0.9501280220489724,PLS
gasoline-octane,10,7,0.9509697259139092,PLS
gasoline-octane,10,8,0.9243685709662216,PLS
gasoline-octane,10,9,0.9421020775956253,PLS
gasoline-octane,10,10,0.9148920097592596,PLS
gasoline-octane,10,11,0.8375652007134158,PLS
gasoline-octane,10,12,0.9625807872615256,PLS
gasoline-octane,10,13,0.9467916054033771,PLS
gasoline-octane,10,14,0.9722201552342292,PLS
gasoline-octane,10,15,0.9444802507230864,PLS
gasoline-octane,10,16,0.953279614215052,PLS
gasoline-octane,10,17,0.9755861786875568,PLS
gasoline-octane,10,18,0.9671958874896764,PLS
gasoline-octane,10,19,0.8438120608679318,PLS
gasoline-octane,10,20,0.9559618780954756,PLS
gasoline-octane,10,21,0.9741679757835257,PLS
gasoline-octane,10,22,0.9739078902401124,PLS
gasoline-octane,10,23,0.9645063426684254,PLS
gasoline-octane,10,24,0.9257829728066048,PLS
gasoline-octane,10,25,0.9789861298934872,PLS
gasoline-octane,10,26,0.962919285264626,PLS
gasoline-octane,10,27,0.8516235521479623,PLS
gasoline-octane,10,28,0.7285428235578482,PLS
gasoline-octane,10,29,0.9662988363403476,PLS
gasoline-octane,20,0,0.9716991466733468,PLS
gasoline-octane,20,1,0.9520828158775806,PLS
gasoline-octane,20,2,0.9567931413513712,PLS
gasoline-octane,20,3,0.9744968651191592,PLS
gasoline-octane,20,4,0.9608082711612622,PLS
gasoline-octane,20,5,0.9727791710052472,PLS
gasoline-octane,20,6,0.9792379769664972,PLS
gasoline-octane,20,7,0.9683339125605286,PLS
gasoline-octane,20,8,0.9616459926772338,PLS
gasoline-octane,20,9,0.9662793181797376,PLS
gasoline-octane,20,10,0.9750181981762636,PLS
gasoline-octane,20,11,0.9554519572443448,PLS
gasoline-octane,20,12,0.9520470317790176,PLS
gasoline-octane,20,13,0.966755897555916,PLS
gasoline-octane,20,14,0.9717306567194426,PLS
gasoline-octane,20,15,0.9793523580276484,PLS
gasoline-octane,20,16,0.9559578504793742,PLS
gasoline-octane,20,17,0.9804687418117212,PLS
gasoline-octane,20,18,0.9567144651920184,PLS
gasoline-octane,20,19,0.9712760369677188,PLS
gasoline-octane,20,20,0.9743363713849312,PLS
gasoline-octane,20,21,0.9452783992321696,PLS
gasoline-octane,20,22,0.9741005673370358,PLS
gasoline-octane,20,23,0.9744850732774706,PLS
gasoline-octane,20,24,0.942641923213212,PLS
gasoline-octane,20,25,0.9648331105042164,PLS
gasoline-octane,20,26,0.9721142035298168,PLS
gasoline-octane,20,27,0.974557087802104,PLS
gasoline-octane,20,28,0.9794667169502028,PLS
gasoline-octane,20,29,0.9773071004404046,PLS
corn_m5-moisture,5,0,-0.2719421590775532,UVEPLS
corn_m5-moisture,5,1,-1.054564358840616,UVEPLS
corn_m5-moisture,5,2,0.3354867896212083,UVEPLS
corn_m5-moisture,5,3,-0.3589341373285766,UVEPLS
corn_m5-moisture,5,4,-0.1846937719468058,UVEPLS
corn_m5-moisture,5,5,0.3753455032939812,UVEPLS
corn_m5-moisture,5,6,0.5288066247752545,UVEPLS
corn_m5-moisture,5,7,0.1104659970041415,UVEPLS
corn_m5-moisture,5,8,0.3672734802762887,UVEPLS
corn_m5-moisture,5,9,-0.106008758775167,UVEPLS
corn_m5-moisture,5,10,-1.7513801244705718,UVEPLS
corn_m5-moisture,5,11,0.3797654873346946,UVEPLS
corn_m5-moisture,5,12,0.0443636758852171,UVEPLS
corn_m5-moisture,5,13,-8.836590421232689,UVEPLS
corn_m5-moisture,5,14,0.2540030727186133,UVEPLS
corn_m5-moisture,5,15,-0.2479246843377622,UVEPLS
corn_m5-moisture,5,16,-0.0171155689279247,UVEPLS
corn_m5-moisture,5,17,-1.3299297543783428,UVEPLS
corn_m5-moisture,5,18,-11.569115626444969,UVEPLS
corn_m5-moisture,5,19,-1.5224065882868991,UVEPLS
corn_m5-moisture,5,20,-1.249682599621559,UVEPLS
corn_m5-moisture,5,21,0.1062694685644795,UVEPLS
corn_m5-moisture,5,22,0.4367793598115916,UVEPLS
corn_m5-moisture,5,23,0.0802225891822207,UVEPLS
corn_m5-moisture,5,24,0.4677972356615513,UVEPLS
corn_m5-moisture,5,25,0.0899422555686155,UVEPLS
corn_m5-moisture,5,26,-0.4320698631435118,UVEPLS
corn_m5-moisture,5,27,-3.1921682876978617,UVEPLS
corn_m5-moisture,5,28,0.0593216270594423,UVEPLS
corn_m5-moisture,5,29,0.2698506931039022,UVEPLS
corn_m5-moisture,10,0,-0.0410849722491777,UVEPLS
corn_m5-moisture,10,1,-1.3282867874142918,UVEPLS
corn_m5-moisture,10,2,0.1701791798725098,UVEPLS
corn_m5-moisture,10,3,0.547628089196208,UVEPLS
corn_m5-moisture,10,4,0.4184486897614057,UVEPLS
corn_m5-moisture,10,5,-0.0446669530529879,UVEPLS
corn_m5-moisture,10,6,-0.8767245412468054,UVEPLS
corn_m5-moisture,10,7,0.1942608992733341,UVEPLS
corn_m5-moisture,10,8,0.6247652752909714,UVEPLS
corn_m5-moisture,10,9,0.6714750864149004,UVEPLS
corn_m5-moisture,10,10,-1.114845380393454,UVEPLS
corn_m5-moisture,10,11,0.6274607381670348,UVEPLS
corn_m5-moisture,10,12,0.5476052430065614,UVEPLS
corn_m5-moisture,10,13,0.5218662453634233,UVEPLS
corn_m5-moisture,10,14,0.432269347145206,UVEPLS
corn_m5-moisture,10,15,0.6587828650235263,UVEPLS
corn_m5-moisture,10,16,0.3103884078756421,UVEPLS
corn_m5-moisture,10,17,0.3095255419890278,UVEPLS
corn_m5-moisture,10,18,0.3822500818443123,UVEPLS
corn_m5-moisture,10,19,0.7841409657864487,UVEPLS
corn_m5-moisture,10,20,0.5153062022201355,UVEPLS
corn_m5-moisture,10,21,0.5502127309825886,UVEPLS
corn_m5-moisture,10,22,0.4209206485195622,UVEPLS
corn_m5-moisture,10,23,0.35407553215167,UVEPLS
corn_m5-moisture,10,24,-0.3539326306106019,UVEPLS
corn_m5-moisture,10,25,-0.0051226103815937,UVEPLS
corn_m5-moisture,10,26,0.4808159088888404,UVEPLS
corn_m5-moisture,10,27,0.3304910805499453,UVEPLS
corn_m5-moisture,10,28,0.4978260346023577,UVEPLS
corn_m5-moisture,10,29,0.5352983183089826,UVEPLS
corn_m5-moisture,20,0,0.5682080316272029,UVEPLS
corn_m5-moisture,20,1,0.4076124114436061,UVEPLS
corn_m5-moisture,20,2,0.5229515983258719,UVEPLS
corn_m5-moisture,20,3,0.3950929206116683,UVEPLS
corn_m5-moisture,20,4,0.2259194673527421,UVEPLS
corn_m5-moisture,20,5,0.7879966273160446,UVEPLS
corn_m5-moisture,20,6,0.4534219638447511,UVEPLS
corn_m5-moisture,20,7,0.3012660273236103,UVEPLS
corn_m5-moisture,20,8,0.0503718247405234,UVEPLS
corn_m5-moisture,20,9,0.1143103382792931,UVEPLS
corn_m5-moisture,20,10,0.7419261544638722,UVEPLS
corn_m5-moisture,20,11,0.6412357343547255,UVEPLS
corn_m5-moisture,20,12,-0.3806938047787256,UVEPLS
corn_m5-moisture,20,13,0.5966628825274666,UVEPLS
corn_m5-moisture,20,14,0.1616835274158086,UVEPLS
corn_m5-moisture,20,15,0.6600115552239927,UVEPLS
corn_m5-moisture,20,16,0.7573519557804996,UVEPLS
corn_m5-moisture,20,17,0.7486342909538704,UVEPLS
corn_m5-moisture,20,18,0.7988580339551048,UVEPLS
corn_m5-moisture,20,19,0.5600865817326878,UVEPLS
corn_m5-moisture,20,20,0.5237537452800921,UVEPLS
corn_m5-moisture,20,21,0.5322360817225376,UVEPLS
corn_m5-moisture,20,22,0.1529274664607327,UVEPLS
corn_m5-moisture,20,23,0.7113591005606386,UVEPLS
corn_m5-moisture,20,24,0.558545870545476,UVEPLS
corn_m5-moisture,20,25,0.4822000688436426,UVEPLS
corn_m5-moisture,20,26,0.3243211457063084,UVEPLS
corn_m5-moisture,20,27,-0.1600644493540575,UVEPLS
corn_m5-moisture,20,28,0.0099540863669015,UVEPLS
corn_m5-moisture,20,29,0.6768122802922265,UVEPLS
corn_m5-oil,5,0,-1.2400325634986349,UVEPLS
corn_m5-oil,5,1,-0.906495043526137,UVEPLS
corn_m5-oil,5,2,-0.411877812667196,UVEPLS
corn_m5-oil,5,3,-0.5169239709751816,UVEPLS
corn_m5-oil,5,4,-0.1080546671049027,UVEPLS
corn_m5-oil,5,5,-0.8688562130807527,UVEPLS
corn_m5-oil,5,6,-0.3141119447600113,UVEPLS
corn_m5-oil,5,7,-1.1784147676018004,UVEPLS
corn_m5-oil,5,8,-1.8570593659748196,UVEPLS
corn_m5-oil,5,9,-0.0519885627035936,UVEPLS
corn_m5-oil,5,10,-0.396292935280359,UVEPLS
corn_m5-oil,5,11,-0.1347587393335063,UVEPLS
corn_m5-oil,5,12,-1.292732631928327,UVEPLS
corn_m5-oil,5,13,0.2732343930248193,UVEPLS
corn_m5-oil,5,14,-0.1480806673691945,UVEPLS
corn_m5-oil,5,15,-1.4328720038832143,UVEPLS
corn_m5-oil,5,16,-0.1653793440655895,UVEPLS
corn_m5-oil,5,17,-1.3471972370018714,UVEPLS
corn_m5-oil,5,18,-1.8474990056736689,UVEPLS
corn_m5-oil,5,19,-0.8853102146042469,UVEPLS
corn_m5-oil,5,20,-0.5244992534734356,UVEPLS
corn_m5-oil,5,21,-0.1282169999001126,UVEPLS
corn_m5-oil,5,22,-1.1713572214164647,UVEPLS
corn_m5-oil,5,23,-1.8459974387537816,UVEPLS
corn_m5-oil,5,24,-0.2766100999099339,UVEPLS
corn_m5-oil,5,25,-0.7001612974007041,UVEPLS
corn_m5-oil,5,26,-0.2340125942982891,UVEPLS
corn_m5-oil,5,27,-2.0603069396785085,UVEPLS
corn_m5-oil,5,28,-0.856096375117807,UVEPLS
corn_m5-oil,5,29,-1.2356785535209025,UVEPLS
corn_m5-oil,10,0,-0.6972260584183898,UVEPLS
corn_m5-oil,10,1,0.6914410187971163,UVEPLS
corn_m5-oil,10,2,-1.2431694598131982,UVEPLS
corn_m5-oil,10,3,0.4955756621585734,UVEPLS
corn_m5-oil,10,4,-0.4602475470331921,UVEPLS
corn_m5-oil,10,5,0.4121268559097009,UVEPLS
corn_m5-oil,10,6,0.0767634689667952,UVEPLS
corn_m5-oil,10,7,0.4744013487083923,UVEPLS
corn_m5-oil,10,8,-0.2066831987588475,UVEPLS
corn_m5-oil,10,9,-0.9821279077245728,UVEPLS
corn_m5-oil,10,10,0.0025697360840799,UVEPLS
corn_m5-oil,10,11,0.3982727684963386,UVEPLS
corn_m5-oil,10,12,-0.5051741768488169,UVEPLS
corn_m5-oil,10,13,0.5249697771718,UVEPLS
corn_m5-oil,10,14,-0.1013252378347093,UVEPLS
corn_m5-oil,10,15,-0.1061020205186324,UVEPLS
corn_m5-oil,10,16,0.2999409441829731,UVEPLS
corn_m5-oil,10,17,-1.5742911027869,UVEPLS
corn_m5-oil,10,18,0.5507328105541671,UVEPLS
corn_m5-oil,10,19,-0.8150632032852452,UVEPLS
corn_m5-oil,10,20,-0.2488730904284224,UVEPLS
corn_m5-oil,10,21,0.2596938616598919,UVEPLS
corn_m5-oil,10,22,0.1917572464935543,UVEPLS
corn_m5-oil,10,23,0.1884634942211579,UVEPLS
corn_m5-oil,10,24,0.1206845450115566,UVEPLS
corn_m5-oil,10,25,0.1672227892414984,UVEPLS
corn_m5-oil,10,26,0.3591759264024309,UVEPLS
corn_m5-oil,10,27,-0.6877470291376337,UVEPLS
corn_m5-oil,10,28,0.591366176784528,UVEPLS
corn_m5-oil,10,29,0.292550351183115,UVEPLS
corn_m5-oil,20,0,0.4451315833911898,UVEPLS
corn_m5-oil,20,1,0.6818865464221604,UVEPLS
corn_m5-oil,20,2,0.4903379131466201,UVEPLS
corn_m5-oil,20,3,0.4522103931226088,UVEPLS
corn_m5-oil,20,4,0.6079855947249604,UVEPLS
corn_m5-oil,20,5,0.6023156860302374,UVEPLS
corn_m5-oil,20,6,0.1551912872094785,UVEPLS
corn_m5-oil,20,7,-0.2022568818425085,UVEPLS
corn_m5-oil,20,8,0.5312893810445596,UVEPLS
corn_m5-oil,20,9,0.610529856171905,UVEPLS
corn_m5-oil,20,10,0.5386128501364102,UVEPLS
corn_m5-oil,20,11,0.6047179865941319,UVEPLS
corn_m5-oil,20,12,0.115369928053398,UVEPLS
corn_m5-oil,20,13,0.34541053024376,UVEPLS
corn_m5-oil,20,14,0.6101467169801778,UVEPLS
corn_m5-oil,20,15,0.5532524862323367,UVEPLS
corn_m5-oil,20,16,0.2607395095261896,UVEPLS
corn_m5-oil,20,17,0.3940960838353695,UVEPLS
corn_m5-oil,20,18,0.691647331953734,UVEPLS
corn_m5-oil,20,19,0.5155142829638222,UVEPLS
corn_m5-oil,20,20,-0.079827856764669,UVEPLS
corn_m5-oil,20,21,0.5260770943748853,UVEPLS
corn_m5-oil,20,22,0.5077325912374668,UVEPLS
corn_m5-oil,20,23,0.2527107331955981,UVEPLS
corn_m5-oil,20,24,0.6924482160095804,UVEPLS
corn_m5-oil,20,25,0.3734505940386801,UVEPLS
corn_m5-oil,20,26,0.494252273934499,UVEPLS
corn_m5-oil,20,27,0.5270371433421214,UVEPLS
corn_m5-oil,20,28,0.34342242540907,UVEPLS
corn_m5-oil,20,29,0.7026626355679599,UVEPLS
corn_m5-protein,5,0,0.0376594495213188,UVEPLS
corn_m5-protein,5,1,-0.1657956719244548,UVEPLS
corn_m5-protein,5,2,-0.0044437352617321,UVEPLS
corn_m5-protein,5,3,0.3397760733043863,UVEPLS
corn_m5-protein,5,4,-0.37019673973314,UVEPLS
corn_m5-protein,5,5,-0.0555823288242656,UVEPLS
corn_m5-protein,5,6,-0.0025116092698127,UVEPLS
corn_m5-protein,5,7,-0.160530309743782,UVEPLS
corn_m5-protein,5,8,-0.7746029520199129,UVEPLS
corn_m5-protein,5,9,-1.4670007973175716,UVEPLS
corn_m5-protein,5,10,0.0474989946672866,UVEPLS
corn_m5-protein,5,11,-0.1099441444683546,UVEPLS
corn_m5-protein,5,12,-3.3959902289928987,UVEPLS
corn_m5-protein,5,13,0.2500770549025406,UVEPLS
corn_m5-protein,5,14,-0.9700308424529408,UVEPLS
corn_m5-protein,5,15,-0.537861181413203,UVEPLS
corn_m5-protein,5,16,-0.0655033835034513,UVEPLS
corn_m5-protein,5,17,-0.335836783081056,UVEPLS
corn_m5-protein,5,18,-1.2810176603407943,UVEPLS
corn_m5-protein,5,19,0.1962845929496158,UVEPLS
corn_m5-protein,5,20,-0.7099236244482059,UVEPLS
corn_m5-protein,5,21,-0.4905096508622131,UVEPLS
corn_m5-protein,5,22,0.5801731728808786,UVEPLS
corn_m5-protein,5,23,-0.1079548139269424,UVEPLS
corn_m5-protein,5,24,-0.1788109233451931,UVEPLS
corn_m5-protein,5,25,-0.1766595735550167,UVEPLS
corn_m5-protein,5,26,-1.577449804851514,UVEPLS
corn_m5-protein,5,27,-1.8411891444380315,UVEPLS
corn_m5-protein,5,28,-1.0834816262974916,UVEPLS
corn_m5-protein,5,29,0.1736053395372659,UVEPLS
corn_m5-protein,10,0,0.0170837580729172,UVEPLS
corn_m5-protein,10,1,0.5397917843570206,UVEPLS
corn_m5-protein,10,2,0.3384650618808068,UVEPLS
corn_m5-protein,10,3,-0.0544515198897226,UVEPLS
corn_m5-protein,10,4,-3.392126266226573,UVEPLS
corn_m5-protein,10,5,0.5716343096821366,UVEPLS
corn_m5-protein,10,6,0.2770309347655862,UVEPLS
corn_m5-protein,10,7,-0.2943126356534162,UVEPLS
corn_m5-protein,10,8,0.2789100253875372,UVEPLS
corn_m5-protein,10,9,-0.0601527616968813,UVEPLS
corn_m5-protein,10,10,0.2336528960510208,UVEPLS
corn_m5-protein,10,11,0.6759974224522248,UVEPLS
corn_m5-protein,10,12,0.4194726281945163,UVEPLS
corn_m5-protein,10,13,0.4311827257755842,UVEPLS
corn_m5-protein,10,14,0.6335282496717969,UVEPLS
corn_m5-protein,10,15,0.4182887033553385,UVEPLS
corn_m5-protein,10,16,0.3397793705394353,UVEPLS
corn_m5-protein,10,17,-0.3868225162668142,UVEPLS
corn_m5-protein,10,18,-0.1850045975564389,UVEPLS
corn_m5-protein,10,19,0.7490307417596138,UVEPLS
corn_m5-protein,10,20,-0.7662530548512951,UVEPLS
corn_m5-protein,10,21,0.1430094678542223,UVEPLS
corn_m5-protein,10,22,-0.1689861930170362,UVEPLS
corn_m5-protein,10,23,0.5475310220122745,UVEPLS
corn_m5-protein,10,24,0.195696583479953,UVEPLS
corn_m5-protein,10,25,0.3057442756577505,UVEPLS
corn_m5-protein,10,26,0.5562603844600004,UVEPLS
corn_m5-protein,10,27,0.0502438528775217,UVEPLS
corn_m5-protein,10,28,-0.1942010704013699,UVEPLS
corn_m5-protein,10,29,0.3233650831284287,UVEPLS
corn_m5-protein,20,0,-0.6338985074154506,UVEPLS
corn_m5-protein,20,1,0.9253232905176952,UVEPLS
corn_m5-protein,20,2,0.8451326964854543,UVEPLS
corn_m5-protein,20,3,0.7344582749350945,UVEPLS
corn_m5-protein,20,4,0.8534018929886094,UVEPLS
corn_m5-protein,20,5,0.6451529076204787,UVEPLS
corn_m5-protein,20,6,0.6282650098692664,UVEPLS
corn_m5-protein,20,7,0.8856335988584826,UVEPLS
corn_m5-protein,20,8,0.8694411557879649,UVEPLS
corn_m5-protein,20,9,0.5085737841742282,UVEPLS
corn_m5-protein,20,10,-0.2556484506138698,UVEPLS
corn_m5-protein,20,11,-0.0178113535590973,UVEPLS
corn_m5-protein,20,12,0.1140424141563994,UVEPLS
corn_m5-protein,20,13,0.802571866863967,UVEPLS
corn_m5-protein,20,14,0.8925354911027739,UVEPLS
corn_m5-protein,20,15,0.2685817858144745,UVEPLS
corn_m5-protein,20,16,0.394442485387214,UVEPLS
corn_m5-protein,20,17,0.6841662443980521,UVEPLS
corn_m5-protein,20,18,0.2135564027847902,UVEPLS
corn_m5-protein,20,19,0.3551803584962036,UVEPLS
corn_m5-protein,20,20,0.8327775680535034,UVEPLS
corn_m5-protein,20,21,0.5387340085353594,UVEPLS
corn_m5-protein,20,22,0.7666777584639758,UVEPLS
corn_m5-protein,20,23,0.6086452415294248,UVEPLS
corn_m5-protein,20,24,0.4380279144265856,UVEPLS
corn_m5-protein,20,25,0.6942185302006069,UVEPLS
corn_m5-protein,20,26,0.8765603120368216,UVEPLS
corn_m5-protein,20,27,0.9320729393130884,UVEPLS
corn_m5-protein,20,28,-0.4376318613179077,UVEPLS
corn_m5-protein,20,29,0.8128382578457143,UVEPLS
corn_m5-starch,5,0,-1.5575201408351955,UVEPLS
corn_m5-starch,5,1,-0.3910805128987509,UVEPLS
corn_m5-starch,5,2,0.0031995727660067,UVEPLS
corn_m5-starch,5,3,-0.0291589501665952,UVEPLS
corn_m5-starch,5,4,-2.5301722946164675,UVEPLS
corn_m5-starch,5,5,-0.3572140229817577,UVEPLS
corn_m5-starch,5,6,-0.1590050855574101,UVEPLS
corn_m5-starch,5,7,-0.3580805228838923,UVEPLS
corn_m5-starch,5,8,-0.9025410837602504,UVEPLS
corn_m5-starch,5,9,-1.4266375820887718,UVEPLS
corn_m5-starch,5,10,-0.7512983497155681,UVEPLS
corn_m5-starch,5,11,-2.1039645308460724,UVEPLS
corn_m5-starch,5,12,-0.8894839452191001,UVEPLS
corn_m5-starch,5,13,-0.8379095143366093,UVEPLS
corn_m5-starch,5,14,-0.5765403682835482,UVEPLS
corn_m5-starch,5,15,-3.371480490588068,UVEPLS
corn_m5-starch,5,16,-1.463765514974512,UVEPLS
corn_m5-starch,5,17,-1.8676803453183235,UVEPLS
corn_m5-starch,5,18,-0.441696649978762,UVEPLS
corn_m5-starch,5,19,-0.5616476899336842,UVEPLS
corn_m5-starch,5,20,-0.9427203100735766,UVEPLS
corn_m5-starch,5,21,-0.7010506535322811,UVEPLS
corn_m5-starch,5,22,0.1585147835451656,UVEPLS
corn_m5-starch,5,23,-0.3109209215958293,UVEPLS
corn_m5-starch,5,24,-0.2978756372653479,UVEPLS
corn_m5-starch,5,25,-0.1586295529174393,UVEPLS
corn_m5-starch,5,26,-0.1393931103687424,UVEPLS
corn_m5-starch,5,27,-0.1052206013295065,UVEPLS
corn_m5-starch,5,28,-1.2387769535746704,UVEPLS
corn_m5-starch,5,29,-0.6951461596778072,UVEPLS
corn_m5-starch,10,0,-0.2633587847574428,UVEPLS
corn_m5-starch,10,1,0.0516402057740966,UVEPLS
corn_m5-starch,10,2,0.6589371776127958,UVEPLS
corn_m5-starch,10,3,-0.6596848319334034,UVEPLS
corn_m5-starch,10,4,0.0427761155654654,UVEPLS
corn_m5-starch,10,5,-0.345533695973468,UVEPLS
corn_m5-starch,10,6,0.0063059906157596,UVEPLS
corn_m5-starch,10,7,-0.3143665033493246,UVEPLS
corn_m5-starch,10,8,-0.2483854115267332,UVEPLS
corn_m5-starch,10,9,-0.1225986908068399,UVEPLS
corn_m5-starch,10,10,-1.0113921559081516,UVEPLS
corn_m5-starch,10,11,0.5429984809949353,UVEPLS
corn_m5-starch,10,12,0.2581114632364197,UVEPLS
corn_m5-starch,10,13,-0.5800668037691392,UVEPLS
corn_m5-starch,10,14,0.449889537561332,UVEPLS
corn_m5-starch,10,15,-0.0806688815085572,UVEPLS
corn_m5-starch,10,16,-0.0763593776608546,UVEPLS
corn_m5-starch,10,17,-0.0891131001598901,UVEPLS
corn_m5-starch,10,18,-0.2544585278589253,UVEPLS
corn_m5-starch,10,19,0.6913914232950581,UVEPLS
corn_m5-starch,10,20,-0.3382781592631207,UVEPLS
corn_m5-starch,10,21,-0.1581016192028752,UVEPLS
corn_m5-starch,10,22,0.2359175587886014,UVEPLS
corn_m5-starch,10,23,-0.1554138613664883,UVEPLS
corn_m5-starch,10,24,0.3253051770386388,UVEPLS
corn_m5-starch,10,25,0.2260992227069461,UVEPLS
corn_m5-starch,10,26,0.6254614741219591,UVEPLS
corn_m5-starch,10,27,-0.4107242696281359,UVEPLS
corn_m5-starch,10,28,-0.909238948309625,UVEPLS
corn_m5-starch,10,29,0.3641137578630016,UVEPLS
corn_m5-starch,20,0,-1.0131568075321673,UVEPLS
corn_m5-starch,20,1,0.6932202023123981,UVEPLS
corn_m5-starch,20,2,0.7150966401316038,UVEPLS
corn_m5-starch,20,3,0.7180307127667751,UVEPLS
corn_m5-starch,20,4,0.7569706744171151,UVEPLS
corn_m5-starch,20,5,0.5623713647731962,UVEPLS
corn_m5-starch,20,6,0.017138196168169,UVEPLS
corn_m5-starch,20,7,-0.876917528797357,UVEPLS
corn_m5-starch,20,8,0.6743205450661911,UVEPLS
corn_m5-starch,20,9,0.7213931411718129,UVEPLS
corn_m5-starch,20,10,0.8397403119737363,UVEPLS
corn_m5-starch,20,11,-0.2202620602572738,UVEPLS
corn_m5-starch,20,12,0.015599721365219,UVEPLS
corn_m5-starch,20,13,0.7010929665529502,UVEPLS
corn_m5-starch,20,14,0.8266603293944951,UVEPLS
corn_m5-starch,20,15,0.7510798031741747,UVEPLS
corn_m5-starch,20,16,0.8657868603140599,UVEPLS
corn_m5-starch,20,17,-0.1945494377839183,UVEPLS
corn_m5-starch,20,18,-0.0584586025426041,UVEPLS
corn_m5-starch,20,19,0.4506295860833301,UVEPLS
corn_m5-starch,20,20,0.8345541331619962,UVEPLS
corn_m5-starch,20,21,0.3105053806817005,UVEPLS
corn_m5-starch,20,22,0.0047382836460119,UVEPLS
corn_m5-starch,20,23,0.7760862551209987,UVEPLS
corn_m5-starch,20,24,-0.6013399482678874,UVEPLS
corn_m5-starch,20,25,-0.2539846729520696,UVEPLS
corn_m5-starch,20,26,0.6055218116770646,UVEPLS
corn_m5-starch,20,27,0.7305131315974429,UVEPLS
corn_m5-starch,20,28,0.8254717806524434,UVEPLS
corn_m5-starch,20,29,0.8246446381920072,UVEPLS
diesel-BP50,5,0,-1.4239493427418155,UVEPLS
diesel-BP50,5,1,-0.6717416240497147,UVEPLS
diesel-BP50,5,2,-0.697195499585846,UVEPLS
diesel-BP50,5,3,-0.9531218994211847,UVEPLS
diesel-BP50,5,4,-4.865214220527434,UVEPLS
diesel-BP50,5,5,-4.984029919753716,UVEPLS
diesel-BP50,5,6,-0.7390051954123869,UVEPLS
diesel-BP50,5,7,0.1862711340825198,UVEPLS
diesel-BP50,5,8,-8.819401534287167,UVEPLS
diesel-BP50,5,9,-0.8491178460977524,UVEPLS
diesel-BP50,5,10,-0.876443336249169,UVEPLS
diesel-BP50,5,11,-6.200061116724234,UVEPLS
diesel-BP50,5,12,0.0673015747593669,UVEPLS
diesel-BP50,5,13,-1.7372880073646706,UVEPLS
diesel-BP50,5,14,-1.8785206217655728,UVEPLS
diesel-BP50,5,15,0.398084025487186,UVEPLS
diesel-BP50,5,16,-0.7985009122769067,UVEPLS
diesel-BP50,5,17,-1.72858030097666,UVEPLS
diesel-BP50,5,18,-3.005927054355963,UVEPLS
diesel-BP50,5,19,-0.54611102406284,UVEPLS
diesel-BP50,5,20,-0.1073252254090217,UVEPLS
diesel-BP50,5,21,-0.894634507731652,UVEPLS
diesel-BP50,5,22,-0.2257098641874746,UVEPLS
diesel-BP50,5,23,-0.7199849874302984,UVEPLS
diesel-BP50,5,24,-2.2328359389291568,UVEPLS
diesel-BP50,5,25,-7.440291542812949,UVEPLS
diesel-BP50,5,26,-0.3284603983358278,UVEPLS
diesel-BP50,5,27,-1.075676940737372,UVEPLS
diesel-BP50,5,28,-0.0138995995819675,UVEPLS
diesel-BP50,5,29,-3.69064627715513,UVEPLS
diesel-BP50,10,0,-9.93786539875856,UVEPLS
diesel-BP50,10,1,0.6367803511682689,UVEPLS
diesel-BP50,10,2,0.3631006171658897,UVEPLS
diesel-BP50,10,3,0.6505707779963119,UVEPLS
diesel-BP50,10,4,-0.24977786008243,UVEPLS
diesel-BP50,10,5,-0.0083485367872258,UVEPLS
diesel-BP50,10,6,-0.4280422960403081,UVEPLS
diesel-BP50,10,7,-1.014206210222274,UVEPLS
diesel-BP50,10,8,0.4336766141908773,UVEPLS
diesel-BP50,10,9,-0.0339550709896614,UVEPLS
diesel-BP50,10,10,0.2583754881399419,UVEPLS
diesel-BP50,10,11,-0.2951420844592805,UVEPLS
diesel-BP50,10,12,-0.3880881881838949,UVEPLS
diesel-BP50,10,13,0.6566850441598486,UVEPLS
diesel-BP50,10,14,0.0087067073954761,UVEPLS
diesel-BP50,10,15,0.4822011519052466,UVEPLS
diesel-BP50,10,16,-0.43183293480725,UVEPLS
diesel-BP50,10,17,-0.331582752998524,UVEPLS
diesel-BP50,10,18,-0.4060922783400424,UVEPLS
diesel-BP50,10,19,-4.255323989274686,UVEPLS
diesel-BP50,10,20,-1.615503501979212,UVEPLS
diesel-BP50,10,21,0.4530606073425309,UVEPLS
diesel-BP50,10,22,-0.3025575438441403,UVEPLS
diesel-BP50,10,23,-0.2098254803900818,UVEPLS
diesel-BP50,10,24,-1.2918228674192536,UVEPLS
diesel-BP50,10,25,-6.727332060626789,UVEPLS
diesel-BP50,10,26,-0.334755521582021,UVEPLS
diesel-BP50,10,27,-0.2952532641699417,UVEPLS
diesel-BP50,10,28,0.3154553082249407,UVEPLS
diesel-BP50,10,29,-0.0431488906229085,UVEPLS
diesel-BP50,20,0,0.408300293173807,UVEPLS
diesel-BP50,20,1,0.400108105802975,UVEPLS
diesel-BP50,20,2,0.6868254785076887,UVEPLS
diesel-BP50,20,3,0.1738249428150025,UVEPLS
diesel-BP50,20,4,0.8074741574926656,UVEPLS
diesel-BP50,20,5,0.4803197015680868,UVEPLS
diesel-BP50,20,6,0.4263223850386219,UVEPLS
diesel-BP50,20,7,0.5042219515505513,UVEPLS
diesel-BP50,20,8,0.3723234543286391,UVEPLS
diesel-BP50,20,9,-0.2632533637063503,UVEPLS
diesel-BP50,20,10,0.5643190161929192,UVEPLS
diesel-BP50,20,11,0.6448164970140712,UVEPLS
diesel-BP50,20,12,0.3423513770403908,UVEPLS
diesel-BP50,20,13,0.5436996994401668,UVEPLS
diesel-BP50,20,14,0.6829512408835814,UVEPLS
diesel-BP50,20,15,0.0586400970716675,UVEPLS
diesel-BP50,20,16,0.3863111176911583,UVEPLS
diesel-BP50,20,17,0.6649403224726794,UVEPLS
diesel-BP50,20,18,0.2977136865973439,UVEPLS
diesel-BP50,20,19,0.4347704056891255,UVEPLS
diesel-BP50,20,20,0.6470847336340244,UVEPLS
diesel-BP50,20,21,0.570260190541644,UVEPLS
diesel-BP50,20,22,0.6852892740783862,UVEPLS
diesel-BP50,20,23,0.3131565483295054,UVEPLS
diesel-BP50,20,24,0.6935283973761287,UVEPLS
diesel-BP50,20,25,0.719840193919899,UVEPLS
diesel-BP50,20,26,-0.3137526521238312,UVEPLS
diesel-BP50,20,27,0.7715970724384689,UVEPLS
diesel-BP50,20,28,0.7658453467392377,UVEPLS
diesel-BP50,20,29,0.4118521254651112,UVEPLS
diesel-CN,5,0,-0.488146886847367,UVEPLS
diesel-CN,5,1,0.1476603555551344,UVEPLS
diesel-CN,5,2,0.1392506558037072,UVEPLS
diesel-CN,5,3,-2.0684679453777037,UVEPLS
diesel-CN,5,4,-0.1649333650339104,UVEPLS
diesel-CN,5,5,-0.6125583410731947,UVEPLS
diesel-CN,5,6,-0.0922590350372851,UVEPLS
diesel-CN,5,7,-0.3671402858740111,UVEPLS
diesel-CN,5,8,-4.853759349530872,UVEPLS
diesel-CN,5,9,-1.730442278144387,UVEPLS
diesel-CN,5,10,-0.2963315292137765,UVEPLS
diesel-CN,5,11,-6.400131667010229,UVEPLS
diesel-CN,5,12,-0.6292602791266797,UVEPLS
diesel-CN,5,13,0.3070964954044649,UVEPLS
diesel-CN,5,14,-6.070615714854194,UVEPLS
diesel-CN,5,15,-0.7947473075387512,UVEPLS
diesel-CN,5,16,0.1151703776141374,UVEPLS
diesel-CN,5,17,-0.699264724772019,UVEPLS
diesel-CN,5,18,0.057914602264238,UVEPLS
diesel-CN,5,19,-0.0113162127466412,UVEPLS
diesel-CN,5,20,-0.1665700743798577,UVEPLS
diesel-CN,5,21,-0.0961871226467532,UVEPLS
diesel-CN,5,22,0.1006842682786948,UVEPLS
diesel-CN,5,23,-0.6497410357718969,UVEPLS
diesel-CN,5,24,-6.480228158829133,UVEPLS
diesel-CN,5,25,0.1173573710946102,UVEPLS
diesel-CN,5,26,0.3412996185700189,UVEPLS
diesel-CN,5,27,-0.0181376025946773,UVEPLS
diesel-CN,5,28,-1.065345333426516,UVEPLS
diesel-CN,5,29,-0.4092628466985721,UVEPLS
diesel-CN,10,0,-1.6118813669728436,UVEPLS
diesel-CN,10,1,-1.620022252638602,UVEPLS
diesel-CN,10,2,-0.4040113805117344,UVEPLS
diesel-CN,10,3,0.1959060750044137,UVEPLS
diesel-CN,10,4,-2.5071720431628437,UVEPLS
diesel-CN,10,5,0.2213798132939823,UVEPLS
diesel-CN,10,6,-0.4841731947062553,UVEPLS
diesel-CN,10,7,-0.0136335218553529,UVEPLS
diesel-CN,10,8,0.2325327829413269,UVEPLS
diesel-CN,10,9,-0.1413353113923845,UVEPLS
diesel-CN,10,10,0.1043357688735246,UVEPLS
diesel-CN,10,11,-0.0208835129203015,UVEPLS
diesel-CN,10,12,0.045943166415543,UVEPLS
diesel-CN,10,13,0.2053155071375805,UVEPLS
diesel-CN,10,14,-0.1673064911473969,UVEPLS
diesel-CN,10,15,-0.7234855491298577,UVEPLS
diesel-CN,10,16,-0.1137623922408304,UVEPLS
diesel-CN,10,17,-0.3041938771326311,UVEPLS
diesel-CN,10,18,-2.806555048549119,UVEPLS
diesel-CN,10,19,-4.95097395937241,UVEPLS
diesel-CN,10,20,0.033392773238745,UVEPLS
diesel-CN,10,21,0.1182638451204477,UVEPLS
diesel-CN,10,22,-4.212903253332189,UVEPLS
diesel-CN,10,23,0.1660859798779251,UVEPLS
diesel-CN,10,24,-0.9275423031075138,UVEPLS
diesel-CN,10,25,0.0857600028989489,UVEPLS
diesel-CN,10,26,-0.0941149658052067,UVEPLS
diesel-CN,10,27,-0.6088746158084257,UVEPLS
diesel-CN,10,28,-3.805241135075837,UVEPLS
diesel-CN,10,29,-0.2450700193567851,UVEPLS
diesel-CN,20,0,-1.5764229285871854,UVEPLS
diesel-CN,20,1,0.0576676635837685,UVEPLS
diesel-CN,20,2,-0.4852064980228665,UVEPLS
diesel-CN,20,3,0.2894984536572225,UVEPLS
diesel-CN,20,4,-0.7571676299589731,UVEPLS
diesel-CN,20,5,-0.0252307186621596,UVEPLS
diesel-CN,20,6,0.1593848809834072,UVEPLS
diesel-CN,20,7,0.4693524738364083,UVEPLS
diesel-CN,20,8,0.2251490417019349,UVEPLS
diesel-CN,20,9,0.3134164818042316,UVEPLS
diesel-CN,20,10,0.1553437988242932,UVEPLS
diesel-CN,20,11,0.2893246963074164,UVEPLS
diesel-CN,20,12,0.07816447493051,UVEPLS
diesel-CN,20,13,0.11370878997209,UVEPLS
diesel-CN,20,14,-1.8909659904731264,UVEPLS
diesel-CN,20,15,0.2858346265022052,UVEPLS
diesel-CN,20,16,0.2149600549935296,UVEPLS
diesel-CN,20,17,0.1291463226885965,UVEPLS
diesel-CN,20,18,0.1869636102114861,UVEPLS
diesel-CN,20,19,0.2396611570890789,UVEPLS
diesel-CN,20,20,0.0056787508100166,UVEPLS
diesel-CN,20,21,-1.1772594189014511,UVEPLS
diesel-CN,20,22,-0.993447667630353,UVEPLS
diesel-CN,20,23,-0.0774830221178297,UVEPLS
diesel-CN,20,24,0.218877934980309,UVEPLS
diesel-CN,20,25,0.0249845330296581,UVEPLS
diesel-CN,20,26,-0.0803485743554517,UVEPLS
diesel-CN,20,27,0.3032437946808577,UVEPLS
diesel-CN,20,28,0.3627021017991547,UVEPLS
diesel-CN,20,29,0.4013708427057323,UVEPLS
diesel-D4052,5,0,-0.2109319605273203,UVEPLS
diesel-D4052,5,1,-1.4551619914262073,UVEPLS
diesel-D4052,5,2,-0.804909255918091,UVEPLS
diesel-D4052,5,3,-0.040064866993273,UVEPLS
diesel-D4052,5,4,-0.0880946052254854,UVEPLS
diesel-D4052,5,5,-0.3800908848414246,UVEPLS
diesel-D4052,5,6,-2.794885396142838,UVEPLS
diesel-D4052,5,7,-1.5552543417338982,UVEPLS
diesel-D4052,5,8,-0.1122914609939349,UVEPLS
diesel-D4052,5,9,0.6169862487031351,UVEPLS
diesel-D4052,5,10,0.0244968850951963,UVEPLS
diesel-D4052,5,11,-0.0713034620228743,UVEPLS
diesel-D4052,5,12,-3.928326084528488,UVEPLS
diesel-D4052,5,13,-0.1626141236955285,UVEPLS
diesel-D4052,5,14,0.0697557922152239,UVEPLS
diesel-D4052,5,15,-1.428467650596815,UVEPLS
diesel-D4052,5,16,-0.4659239002794471,UVEPLS
diesel-D4052,5,17,-5.1963583496527015,UVEPLS
diesel-D4052,5,18,0.1855600662539673,UVEPLS
diesel-D4052,5,19,-1.3411837293950852,UVEPLS
diesel-D4052,5,20,-0.1620587865030631,UVEPLS
diesel-D4052,5,21,0.1441699067138658,UVEPLS
diesel-D4052,5,22,-0.047416755760957,UVEPLS
diesel-D4052,5,23,-3.862277905348771,UVEPLS
diesel-D4052,5,24,0.0730019379396076,UVEPLS
diesel-D4052,5,25,-0.7285575682591372,UVEPLS
diesel-D4052,5,26,-0.3799473620144296,UVEPLS
diesel-D4052,5,27,0.2189636468652095,UVEPLS
diesel-D4052,5,28,-0.0370540061749469,UVEPLS
diesel-D4052,5,29,-0.1329760640903363,UVEPLS
diesel-D4052,10,0,-2.1694841655573547,UVEPLS
diesel-D4052,10,1,0.2721598676136875,UVEPLS
diesel-D4052,10,2,-0.1458814888040964,UVEPLS
diesel-D4052,10,3,-0.465100865908842,UVEPLS
diesel-D4052,10,4,0.6055569264268881,UVEPLS
diesel-D4052,10,5,-0.3455275508663946,UVEPLS
diesel-D4052,10,6,0.7516016309341593,UVEPLS
diesel-D4052,10,7,0.0867509691545048,UVEPLS
diesel-D4052,10,8,0.1480901837612597,UVEPLS
diesel-D4052,10,9,-4.206969651388221,UVEPLS
diesel-D4052,10,10,0.0153061241458669,UVEPLS
diesel-D4052,10,11,0.2821320787167011,UVEPLS
diesel-D4052,10,12,-0.0533448126017119,UVEPLS
diesel-D4052,10,13,0.4549131334745683,UVEPLS
diesel-D4052,10,14,0.8803317759227681,UVEPLS
diesel-D4052,10,15,0.5176004045923532,UVEPLS
diesel-D4052,10,16,-0.5611893080536845,UVEPLS
diesel-D4052,10,17,-0.4834356171757128,UVEPLS
diesel-D4052,10,18,0.4407158282419438,UVEPLS
diesel-D4052,10,19,-0.197595104139524,UVEPLS
diesel-D4052,10,20,0.1757400506542268,UVEPLS
diesel-D4052,10,21,-0.1080607179078376,UVEPLS
diesel-D4052,10,22,-0.2068028560779347,UVEPLS
diesel-D4052,10,23,0.4547448653618369,UVEPLS
diesel-D4052,10,24,-1.403534539508443,UVEPLS
diesel-D4052,10,25,0.3286269791799847,UVEPLS
diesel-D4052,10,26,0.241868518169911,UVEPLS
diesel-D4052,10,27,0.8653695386017538,UVEPLS
diesel-D4052,10,28,-1.255782752634932,UVEPLS
diesel-D4052,10,29,0.4550717069271535,UVEPLS
diesel-D4052,20,0,0.8528542553979088,UVEPLS
diesel-D4052,20,1,0.472919997133587,UVEPLS
diesel-D4052,20,2,0.8385497136322202,UVEPLS
diesel-D4052,20,3,0.8524288717830649,UVEPLS
diesel-D4052,20,4,0.8014031699087186,UVEPLS
diesel-D4052,20,5,0.8298516168850452,UVEPLS
diesel-D4052,20,6,0.336275071172747,UVEPLS
diesel-D4052,20,7,0.9565782654884684,UVEPLS
diesel-D4052,20,8,0.8679130780234046,UVEPLS
diesel-D4052,20,9,0.8849492277053427,UVEPLS
diesel-D4052,20,10,0.9057602166182072,UVEPLS
diesel-D4052,20,11,0.9171115722404242,UVEPLS
diesel-D4052,20,12,-0.2294636433362318,UVEPLS
diesel-D4052,20,13,0.7566866994361103,UVEPLS
diesel-D4052,20,14,0.5378048299776559,UVEPLS
diesel-D4052,20,15,0.6628748161826392,UVEPLS
diesel-D4052,20,16,0.6744711891963391,UVEPLS
diesel-D4052,20,17,0.6650050201951723,UVEPLS
diesel-D4052,20,18,0.4189461113174622,UVEPLS
diesel-D4052,20,19,0.3951982585515652,UVEPLS
diesel-D4052,20,20,0.2271217473451282,UVEPLS
diesel-D4052,20,21,0.9279132853461224,UVEPLS
diesel-D4052,20,22,0.7119147530539917,UVEPLS
diesel-D4052,20,23,0.9332792856939194,UVEPLS
diesel-D4052,20,24,-0.9833658708605986,UVEPLS
diesel-D4052,20,25,-0.2265238520432997,UVEPLS
diesel-D4052,20,26,0.41704899764298,UVEPLS
diesel-D4052,20,27,0.6225589194276908,UVEPLS
diesel-D4052,20,28,0.9622741369845208,UVEPLS
diesel-D4052,20,29,0.89205053070946,UVEPLS
diesel-FLASH,5,0,-7.274004670754943,UVEPLS
diesel-FLASH,5,1,-7.148722426547304,UVEPLS
diesel-FLASH,5,2,-1.055284585204753,UVEPLS
diesel-FLASH,5,3,-0.2638935833865223,UVEPLS
diesel-FLASH,5,4,-2.062472717468615,UVEPLS
diesel-FLASH,5,5,-10.290648854280498,UVEPLS
diesel-FLASH,5,6,-0.2544925902919581,UVEPLS
diesel-FLASH,5,7,-13.611844976554384,UVEPLS
diesel-FLASH,5,8,-2.4740016035249583,UVEPLS
diesel-FLASH,5,9,-0.5575194563144623,UVEPLS
diesel-FLASH,5,10,-1.7004212570795891,UVEPLS
diesel-FLASH,5,11,-0.2886848727088442,UVEPLS
diesel-FLASH,5,12,-0.4932661350874752,UVEPLS
diesel-FLASH,5,13,-1.2209717927827382,UVEPLS
diesel-FLASH,5,14,-0.4318914728405267,UVEPLS
diesel-FLASH,5,15,-0.3878736068913084,UVEPLS
diesel-FLASH,5,16,-3.104774609328781,UVEPLS
diesel-FLASH,5,17,-8.104362410914135,UVEPLS
diesel-FLASH,5,18,-0.3372177828613645,UVEPLS
diesel-FLASH,5,19,-0.5727455830408281,UVEPLS
diesel-FLASH,5,20,-0.0114786399601827,UVEPLS
diesel-FLASH,5,21,-0.4210009742786176,UVEPLS
diesel-FLASH,5,22,-1.3938256354632772,UVEPLS
diesel-FLASH,5,23,-15.054398012856057,UVEPLS
diesel-FLASH,5,24,-0.8653861423796676,UVEPLS
diesel-FLASH,5,25,-2.229263317300316,UVEPLS
diesel-FLASH,5,26,-2.859002308997259,UVEPLS
diesel-FLASH,5,27,-0.2041322826599925,UVEPLS
diesel-FLASH,5,28,-2.34361002389938,UVEPLS
diesel-FLASH,5,29,0.0064080509212518,UVEPLS
diesel-FLASH,10,0,-0.1588976708045586,UVEPLS
diesel-FLASH,10,1,-0.5411696852445751,UVEPLS
diesel-FLASH,10,2,-2.914139241866756,UVEPLS
diesel-FLASH,10,3,0.0118866022305501,UVEPLS
diesel-FLASH,10,4,-0.1224659698499148,UVEPLS
diesel-FLASH,10,5,-0.2900003696626754,UVEPLS
diesel-FLASH,10,6,-0.2629480617545974,UVEPLS
diesel-FLASH,10,7,-3.1986075066204034,UVEPLS
diesel-FLASH,10,8,-4.33511164080961,UVEPLS
diesel-FLASH,10,9,-0.879410041286705,UVEPLS
diesel-FLASH,10,10,0.136894785372438,UVEPLS
diesel-FLASH,10,11,-5.046247893961785,UVEPLS
diesel-FLASH,10,12,-0.2791058888273432,UVEPLS
diesel-FLASH,10,13,-0.0867898501217498,UVEPLS
diesel-FLASH,10,14,-0.089516811543848,UVEPLS
diesel-FLASH,10,15,-0.0869968259317,UVEPLS
diesel-FLASH,10,16,-0.253683010747662,UVEPLS
diesel-FLASH,10,17,-2.9715387589347984,UVEPLS
diesel-FLASH,10,18,-0.4302179746544441,UVEPLS
diesel-FLASH,10,19,-0.2522900081304726,UVEPLS
diesel-FLASH,10,20,-7.645286321642747,UVEPLS
diesel-FLASH,10,21,-1.0946801009263654,UVEPLS
diesel-FLASH,10,22,-0.0632126512302948,UVEPLS
diesel-FLASH,10,23,0.0135345970042419,UVEPLS
diesel-FLASH,10,24,-13.9374002614006,UVEPLS
diesel-FLASH,10,25,-0.2849220006626736,UVEPLS
diesel-FLASH,10,26,0.1489383066467886,UVEPLS
diesel-FLASH,10,27,-0.1148127652583557,UVEPLS
diesel-FLASH,10,28,-6.162673933129557,UVEPLS
diesel-FLASH,10,29,0.0718901027754472,UVEPLS
diesel-FLASH,20,0,-0.1195898165379412,UVEPLS
diesel-FLASH,20,1,0.2076954782446632,UVEPLS
diesel-FLASH,20,2,-0.0551066892387501,UVEPLS
diesel-FLASH,20,3,-0.1107639826570301,UVEPLS
diesel-FLASH,20,4,0.2001332683581096,UVEPLS
diesel-FLASH,20,5,0.0520934070741695,UVEPLS
diesel-FLASH,20,6,-2.180763056860833,UVEPLS
diesel-FLASH,20,7,0.237632691218577,UVEPLS
diesel-FLASH,20,8,0.0031018108341832,UVEPLS
diesel-FLASH,20,9,-1.1398474442220592,UVEPLS
diesel-FLASH,20,10,-0.0025435017261856,UVEPLS
diesel-FLASH,20,11,-0.8086698441759879,UVEPLS
diesel-FLASH,20,12,-0.0785950718514956,UVEPLS
diesel-FLASH,20,13,-0.5038558910339694,UVEPLS
diesel-FLASH,20,14,-0.9708683299585188,UVEPLS
diesel-FLASH,20,15,0.1993583310633655,UVEPLS
diesel-FLASH,20,16,0.0834250918888253,UVEPLS
diesel-FLASH,20,17,0.0466931123668828,UVEPLS
diesel-FLASH,20,18,-1.866582988047456,UVEPLS
diesel-FLASH,20,19,0.3002644058973792,UVEPLS
diesel-FLASH,20,20,-8.644703621852326,UVEPLS
diesel-FLASH,20,21,-1.3556642278150617,UVEPLS
diesel-FLASH,20,22,0.1159919615119818,UVEPLS
diesel-FLASH,20,23,-0.0822982341144584,UVEPLS
diesel-FLASH,20,24,-1.3004021132328814,UVEPLS
diesel-FLASH,20,25,-2.72060482830423,UVEPLS
diesel-FLASH,20,26,-0.0077492015093225,UVEPLS
diesel-FLASH,20,27,0.0140265777278256,UVEPLS
diesel-FLASH,20,28,-3.0610093401772165,UVEPLS
diesel-FLASH,20,29,-0.138620146420149,UVEPLS
diesel-FREEZE,5,0,-1.157487880487015,UVEPLS
diesel-FREEZE,5,1,-2.8201805939790456,UVEPLS
diesel-FREEZE,5,2,-0.0871820664749789,UVEPLS
diesel-FREEZE,5,3,0.2492809847876549,UVEPLS
diesel-FREEZE,5,4,-0.4359048387987436,UVEPLS
diesel-FREEZE,5,5,-1.657148310702154,UVEPLS
diesel-FREEZE,5,6,-0.1860012774316375,UVEPLS
diesel-FREEZE,5,7,-0.2992482806509178,UVEPLS
diesel-FREEZE,5,8,-0.1427095081341585,UVEPLS
diesel-FREEZE,5,9,-0.0890439672965812,UVEPLS
diesel-FREEZE,5,10,-0.9070747469838798,UVEPLS
diesel-FREEZE,5,11,-1.5274650792930156,UVEPLS
diesel-FREEZE,5,12,-2.4793369257602413,UVEPLS
diesel-FREEZE,5,13,-0.1370279184385145,UVEPLS
diesel-FREEZE,5,14,0.1038867960192382,UVEPLS
diesel-FREEZE,5,15,-0.1174642431954433,UVEPLS
diesel-FREEZE,5,16,-0.0045401150191155,UVEPLS
diesel-FREEZE,5,17,-0.647562638407053,UVEPLS
diesel-FREEZE,5,18,-0.0260558574754252,UVEPLS
diesel-FREEZE,5,19,-0.962674847454926,UVEPLS
diesel-FREEZE,5,20,0.2671896134283605,UVEPLS
diesel-FREEZE,5,21,-0.2892310009500514,UVEPLS
diesel-FREEZE,5,22,-0.0149162364001413,UVEPLS
diesel-FREEZE,5,23,-0.2357188222523278,UVEPLS
diesel-FREEZE,5,24,-0.1934972561662991,UVEPLS
diesel-FREEZE,5,25,-2.2608319483101766,UVEPLS
diesel-FREEZE,5,26,-0.6428714640528441,UVEPLS
diesel-FREEZE,5,27,-0.1718331304936051,UVEPLS
diesel-FREEZE,5,28,-0.2696795203610125,UVEPLS
diesel-FREEZE,5,29,-0.5651971679139727,UVEPLS
diesel-FREEZE,10,0,0.2820647036453413,UVEPLS
diesel-FREEZE,10,1,0.2534976368056556,UVEPLS
diesel-FREEZE,10,2,-0.3111889950488682,UVEPLS
diesel-FREEZE,10,3,-0.1499099692725627,UVEPLS
diesel-FREEZE,10,4,0.2918819477463874,UVEPLS
diesel-FREEZE,10,5,0.169529712119694,UVEPLS
diesel-FREEZE,10,6,-0.1917550498356122,UVEPLS
diesel-FREEZE,10,7,-0.2421098660723102,UVEPLS
diesel-FREEZE,10,8,0.0123109266426856,UVEPLS
diesel-FREEZE,10,9,0.3797556937330539,UVEPLS
diesel-FREEZE,10,10,0.4683808481816711,UVEPLS
diesel-FREEZE,10,11,0.3718663772510614,UVEPLS
diesel-FREEZE,10,12,0.3930059387192652,UVEPLS
diesel-FREEZE,10,13,-1.2041419290893702,UVEPLS
diesel-FREEZE,10,14,-0.4922196442390536,UVEPLS
diesel-FREEZE,10,15,0.1717688034083661,UVEPLS
diesel-FREEZE,10,16,0.1862464670642766,UVEPLS
diesel-FREEZE,10,17,0.0223304721671639,UVEPLS
diesel-FREEZE,10,18,-0.0112107262233147,UVEPLS
diesel-FREEZE,10,19,-2.8931318287756915,UVEPLS
diesel-FREEZE,10,20,-0.4359700823240657,UVEPLS
diesel-FREEZE,10,21,0.3946134479602234,UVEPLS
diesel-FREEZE,10,22,-0.0110326721932672,UVEPLS
diesel-FREEZE,10,23,0.5498837566936996,UVEPLS
diesel-FREEZE,10,24,-1.3508060726763134,UVEPLS
diesel-FREEZE,10,25,0.3313253373676674,UVEPLS
diesel-FREEZE,10,26,0.1468712218305702,UVEPLS
diesel-FREEZE,10,27,0.0544225753577581,UVEPLS
diesel-FREEZE,10,28,0.388714561421961,UVEPLS
diesel-FREEZE,10,29,0.4727340336366086,UVEPLS
diesel-FREEZE,20,0,0.5348493073184409,UVEPLS
diesel-FREEZE,20,1,-0.0751563551517311,UVEPLS
diesel-FREEZE,20,2,0.3698611002375914,UVEPLS
diesel-FREEZE,20,3,0.2954599006808582,UVEPLS
diesel-FREEZE,20,4,0.2865076397966432,UVEPLS
diesel-FREEZE,20,5,0.3655340972089732,UVEPLS
diesel-FREEZE,20,6,0.4753403436297194,UVEPLS
diesel-FREEZE,20,7,0.6408703634723139,UVEPLS
diesel-FREEZE,20,8,-0.2772283234635782,UVEPLS
diesel-FREEZE,20,9,0.6290268601871346,UVEPLS
diesel-FREEZE,20,10,0.5351469856364035,UVEPLS
diesel-FREEZE,20,11,-0.0593495787840887,UVEPLS
diesel-FREEZE,20,12,0.5678868967062054,UVEPLS
diesel-FREEZE,20,13,-0.0020368265324937,UVEPLS
diesel-FREEZE,20,14,-0.0940166022648827,UVEPLS
diesel-FREEZE,20,15,0.6693911871265388,UVEPLS
diesel-FREEZE,20,16,0.5466543546991117,UVEPLS
diesel-FREEZE,20,17,0.6512767229468577,UVEPLS
diesel-FREEZE,20,18,-0.0224916050630112,UVEPLS
diesel-FREEZE,20,19,0.5705968369546088,UVEPLS
diesel-FREEZE,20,20,0.5959961937080573,UVEPLS
diesel-FREEZE,20,21,0.3063522652051439,UVEPLS
diesel-FREEZE,20,22,0.312527176092055,UVEPLS
diesel-FREEZE,20,23,0.4136278251700896,UVEPLS
diesel-FREEZE,20,24,0.2298711660785009,UVEPLS
diesel-FREEZE,20,25,0.2234435147087162,UVEPLS
diesel-FREEZE,20,26,0.2414930587667654,UVEPLS
diesel-FREEZE,20,27,0.0037000808021965,UVEPLS
diesel-FREEZE,20,28,0.3466221274581327,UVEPLS
diesel-FREEZE,20,29,0.5724527800491179,UVEPLS
diesel-TOTAL,5,0,0.7536809954747439,UVEPLS
diesel-TOTAL,5,1,0.6310741064530168,UVEPLS
diesel-TOTAL,5,2,-0.3131798346723717,UVEPLS
diesel-TOTAL,5,3,-1.171274948127329,UVEPLS
diesel-TOTAL,5,4,0.739725924296863,UVEPLS
diesel-TOTAL,5,5,-0.9368001165237028,UVEPLS
diesel-TOTAL,5,6,0.6950838077658011,UVEPLS
diesel-TOTAL,5,7,0.1875046759806194,UVEPLS
diesel-TOTAL,5,8,0.655106661247141,UVEPLS
diesel-TOTAL,5,9,0.2459318703296793,UVEPLS
diesel-TOTAL,5,10,0.4723830985306314,UVEPLS
diesel-TOTAL,5,11,-0.2199428814006143,UVEPLS
diesel-TOTAL,5,12,0.6382998460078115,UVEPLS
diesel-TOTAL,5,13,0.7063411057165858,UVEPLS
diesel-TOTAL,5,14,0.652610731640854,UVEPLS
diesel-TOTAL,5,15,0.4072628118952638,UVEPLS
diesel-TOTAL,5,16,-1.4950510400553774,UVEPLS
diesel-TOTAL,5,17,0.587121684052357,UVEPLS
diesel-TOTAL,5,18,-0.7695153363727967,UVEPLS
diesel-TOTAL,5,19,0.6038325247858838,UVEPLS
diesel-TOTAL,5,20,0.4216924469179004,UVEPLS
diesel-TOTAL,5,21,0.1446650127267887,UVEPLS
diesel-TOTAL,5,22,0.5479710624203042,UVEPLS
diesel-TOTAL,5,23,0.6913415303223185,UVEPLS
diesel-TOTAL,5,24,0.4684827590157789,UVEPLS
diesel-TOTAL,5,25,0.4790901238979445,UVEPLS
diesel-TOTAL,5,26,0.541697926619984,UVEPLS
diesel-TOTAL,5,27,0.5112603339555042,UVEPLS
diesel-TOTAL,5,28,0.4683963374426538,UVEPLS
diesel-TOTAL,5,29,0.6684568772679587,UVEPLS
diesel-TOTAL,10,0,0.7521278318922031,UVEPLS
diesel-TOTAL,10,1,0.6346763551865879,UVEPLS
diesel-TOTAL,10,2,0.7121885606130169,UVEPLS
diesel-TOTAL,10,3,0.7707411332014156,UVEPLS
diesel-TOTAL,10,4,0.5890903034809957,UVEPLS
diesel-TOTAL,10,5,0.5804882973383907,UVEPLS
diesel-TOTAL,10,6,0.7563504630348197,UVEPLS
diesel-TOTAL,10,7,0.6951717300860973,UVEPLS
diesel-TOTAL,10,8,0.6398674256001424,UVEPLS
diesel-TOTAL,10,9,-1.2044842967492038,UVEPLS
diesel-TOTAL,10,10,0.5458052920513001,UVEPLS
diesel-TOTAL,10,11,0.5007470563449307,UVEPLS
diesel-TOTAL,10,12,0.68098741251564,UVEPLS
diesel-TOTAL,10,13,0.3516944151510017,UVEPLS
diesel-TOTAL,10,14,0.4380476342551809,UVEPLS
diesel-TOTAL,10,15,0.3747791049095307,UVEPLS
diesel-TOTAL,10,16,0.7167524575864137,UVEPLS
diesel-TOTAL,10,17,0.8655567031019775,UVEPLS
diesel-TOTAL,10,18,0.8397458542029331,UVEPLS
diesel-TOTAL,10,19,0.6878962582605359,UVEPLS
diesel-TOTAL,10,20,0.7546154076029714,UVEPLS
diesel-TOTAL,10,21,0.6624058188692137,UVEPLS
diesel-TOTAL,10,22,0.2143712429540825,UVEPLS
diesel-TOTAL,10,23,0.723947128706727,UVEPLS
diesel-TOTAL,10,24,0.6910788152754965,UVEPLS
diesel-TOTAL,10,25,-14.950184306512536,UVEPLS
diesel-TOTAL,10,26,0.5820309469186236,UVEPLS
diesel-TOTAL,10,27,0.0246610183375113,UVEPLS
diesel-TOTAL,10,28,0.5810373706212082,UVEPLS
diesel-TOTAL,10,29,0.7176880176131274,UVEPLS
diesel-TOTAL,20,0,0.8007987477207359,UVEPLS
diesel-TOTAL,20,1,0.8341553825832534,UVEPLS
diesel-TOTAL,20,2,0.4027428768642586,UVEPLS
diesel-TOTAL,20,3,0.9025610741811548,UVEPLS
diesel-TOTAL,20,4,0.8925595697920731,UVEPLS
diesel-TOTAL,20,5,0.6251158837699605,UVEPLS
diesel-TOTAL,20,6,0.8940736270375027,UVEPLS
diesel-TOTAL,20,7,0.9062089002587228,UVEPLS
diesel-TOTAL,20,8,0.9516295614420248,UVEPLS
diesel-TOTAL,20,9,0.8655474816705742,UVEPLS
diesel-TOTAL,20,10,0.9039947270082974,UVEPLS
diesel-TOTAL,20,11,0.6404214021917028,UVEPLS
diesel-TOTAL,20,12,0.8424598957398728,UVEPLS
diesel-TOTAL,20,13,0.9390181499970494,UVEPLS
diesel-TOTAL,20,14,0.8535767105452636,UVEPLS
diesel-TOTAL,20,15,0.757200015634798,UVEPLS
diesel-TOTAL,20,16,0.7642534581725764,UVEPLS
diesel-TOTAL,20,17,0.7626137822902872,UVEPLS
diesel-TOTAL,20,18,0.6882460934834332,UVEPLS
diesel-TOTAL,20,19,0.7257263263245328,UVEPLS
diesel-TOTAL,20,20,0.8518343159833233,UVEPLS
diesel-TOTAL,20,21,0.8737072589052337,UVEPLS
diesel-TOTAL,20,22,0.7655732507399922,UVEPLS
diesel-TOTAL,20,23,0.7260550407309987,UVEPLS
diesel-TOTAL,20,24,0.7419965131584043,UVEPLS
diesel-TOTAL,20,25,0.6028118026105881,UVEPLS
diesel-TOTAL,20,26,0.8752984901910196,UVEPLS
diesel-TOTAL,20,27,0.8785548886199681,UVEPLS
diesel-TOTAL,20,28,0.8624284058856564,UVEPLS
diesel-TOTAL,20,29,0.770748981469953,UVEPLS
diesel-VISC,5,0,-0.5496198004322197,UVEPLS
diesel-VISC,5,1,-3.336372424185395,UVEPLS
diesel-VISC,5,2,-10.130410454006592,UVEPLS
diesel-VISC,5,3,-9.795737150180967,UVEPLS
diesel-VISC,5,4,-3.3823253347979048,UVEPLS
diesel-VISC,5,5,-0.2698040478269021,UVEPLS
diesel-VISC,5,6,-1.1743611435495596,UVEPLS
diesel-VISC,5,7,-0.2300953316440841,UVEPLS
diesel-VISC,5,8,-1.256586010339798,UVEPLS
diesel-VISC,5,9,-0.4282995995604515,UVEPLS
diesel-VISC,5,10,0.1222199048562,UVEPLS
diesel-VISC,5,11,-1.3584575341775804,UVEPLS
diesel-VISC,5,12,-3.2582145684583264,UVEPLS
diesel-VISC,5,13,-3.1478156071937864,UVEPLS
diesel-VISC,5,14,-2.045177721425417,UVEPLS
diesel-VISC,5,15,-0.3845042874936621,UVEPLS
diesel-VISC,5,16,-0.8932556097623952,UVEPLS
diesel-VISC,5,17,-0.2322688204882634,UVEPLS
diesel-VISC,5,18,-1.555403379466,UVEPLS
diesel-VISC,5,19,0.2567491547495094,UVEPLS
diesel-VISC,5,20,-3.831709116627108,UVEPLS
diesel-VISC,5,21,-1.6201194549363709,UVEPLS
diesel-VISC,5,22,-0.1279184492095753,UVEPLS
diesel-VISC,5,23,-0.2001964927048556,UVEPLS
diesel-VISC,5,24,-1.8454266098544976,UVEPLS
diesel-VISC,5,25,-0.3508806085822049,UVEPLS
diesel-VISC,5,26,-0.255443181185172,UVEPLS
diesel-VISC,5,27,-0.9450043397604284,UVEPLS
diesel-VISC,5,28,-0.776460791829914,UVEPLS
diesel-VISC,5,29,-2.6711060184651285,UVEPLS
diesel-VISC,10,0,0.3501660469177727,UVEPLS
diesel-VISC,10,1,-0.0258926198094029,UVEPLS
diesel-VISC,10,2,0.4003327920210809,UVEPLS
diesel-VISC,10,3,-1.988373853107697,UVEPLS
diesel-VISC,10,4,-0.3308695298447177,UVEPLS
diesel-VISC,10,5,-0.4240727445022416,UVEPLS
diesel-VISC,10,6,-0.1057945763371015,UVEPLS
diesel-VISC,10,7,-0.6276248855006776,UVEPLS
diesel-VISC,10,8,-0.3728334548553826,UVEPLS
diesel-VISC,10,9,-0.2499612635977792,UVEPLS
diesel-VISC,10,10,-0.105315097433305,UVEPLS
diesel-VISC,10,11,-3.4965896049811187,UVEPLS
diesel-VISC,10,12,0.5054035341866556,UVEPLS
diesel-VISC,10,13,-0.1301381610755858,UVEPLS
diesel-VISC,10,14,-0.0208848583131553,UVEPLS
diesel-VISC,10,15,0.5481714198553299,UVEPLS
diesel-VISC,10,16,-1.4341516788663875,UVEPLS
diesel-VISC,10,17,0.2962517532269678,UVEPLS
diesel-VISC,10,18,-0.229384988794105,UVEPLS
diesel-VISC,10,19,0.5689763849956659,UVEPLS
diesel-VISC,10,20,-0.0655427497621934,UVEPLS
diesel-VISC,10,21,0.2566162261578034,UVEPLS
diesel-VISC,10,22,0.5294750183516406,UVEPLS
diesel-VISC,10,23,0.239381517068892,UVEPLS
diesel-VISC,10,24,-1.4008152271338368,UVEPLS
diesel-VISC,10,25,-0.092660367619467,UVEPLS
diesel-VISC,10,26,0.0168871254631801,UVEPLS
diesel-VISC,10,27,-0.7209779802504102,UVEPLS
diesel-VISC,10,28,-1.314930693927955,UVEPLS
diesel-VISC,10,29,0.5469386576223679,UVEPLS
diesel-VISC,20,0,0.5718861834408406,UVEPLS
diesel-VISC,20,1,0.672815361415607,UVEPLS
diesel-VISC,20,2,0.4619796211382397,UVEPLS
diesel-VISC,20,3,0.6584034833760051,UVEPLS
diesel-VISC,20,4,-5.202504948564865,UVEPLS
diesel-VISC,20,5,0.6195834861564395,UVEPLS
diesel-VISC,20,6,0.468342719359617,UVEPLS
diesel-VISC,20,7,0.1007308468428564,UVEPLS
diesel-VISC,20,8,0.376091368890747,UVEPLS
diesel-VISC,20,9,0.5350905197982068,UVEPLS
diesel-VISC,20,10,0.6690204065626457,UVEPLS
diesel-VISC,20,11,0.2304884112816336,UVEPLS
diesel-VISC,20,12,0.6162844342751719,UVEPLS
diesel-VISC,20,13,-0.9217777422346716,UVEPLS
diesel-VISC,20,14,0.6497054500113294,UVEPLS
diesel-VISC,20,15,0.3777273714482856,UVEPLS
diesel-VISC,20,16,0.4721695874946019,UVEPLS
diesel-VISC,20,17,0.5636401548029317,UVEPLS
diesel-VISC,20,18,0.4594023627658182,UVEPLS
diesel-VISC,20,19,0.4548669093232548,UVEPLS
diesel-VISC,20,20,0.616814950927961,UVEPLS
diesel-VISC,20,21,-2.498832610231971,UVEPLS
diesel-VISC,20,22,0.7128568518966598,UVEPLS
diesel-VISC,20,23,-0.6749230291048356,UVEPLS
diesel-VISC,20,24,0.0396540746695052,UVEPLS
diesel-VISC,20,25,0.339867675915415,UVEPLS
diesel-VISC,20,26,0.1390255569906554,UVEPLS
diesel-VISC,20,27,0.1932771027877432,UVEPLS
diesel-VISC,20,28,-0.3281717180660317,UVEPLS
diesel-VISC,20,29,0.4109672930607637,UVEPLS
evoo-adulteration,5,0,-0.0998783403617014,UVEPLS
evoo-adulteration,5,1,-0.0908459917025179,UVEPLS
evoo-adulteration,5,2,-0.4143237741715193,UVEPLS
evoo-adulteration,5,3,-0.1386216195542424,UVEPLS
evoo-adulteration,5,4,-3.2962528635926533,UVEPLS
evoo-adulteration,5,5,-1.0233584311353248,UVEPLS
evoo-adulteration,5,6,-0.1296913861919406,UVEPLS
evoo-adulteration,5,7,-1.394136153156087,UVEPLS
evoo-adulteration,5,8,-0.3927884995025057,UVEPLS
evoo-adulteration,5,9,-0.6909785634632306,UVEPLS
evoo-adulteration,5,10,-0.5106949542943573,UVEPLS
evoo-adulteration,5,11,-2.0597205283774107,UVEPLS
evoo-adulteration,5,12,-0.5995156219517468,UVEPLS
evoo-adulteration,5,13,-0.3710945400906764,UVEPLS
evoo-adulteration,5,14,-0.1062292181206756,UVEPLS
evoo-adulteration,5,15,-0.6867403142919193,UVEPLS
evoo-adulteration,5,16,0.0234925248632641,UVEPLS
evoo-adulteration,5,17,-0.7288895462334162,UVEPLS
evoo-adulteration,5,18,-0.0912431485609819,UVEPLS
evoo-adulteration,5,19,-0.4129903123350331,UVEPLS
evoo-adulteration,5,20,-2.225591677870567,UVEPLS
evoo-adulteration,5,21,-0.4594898865757166,UVEPLS
evoo-adulteration,5,22,-0.4611722565891236,UVEPLS
evoo-adulteration,5,23,0.2312313995137113,UVEPLS
evoo-adulteration,5,24,-4.595304521283325,UVEPLS
evoo-adulteration,5,25,-0.944963075556578,UVEPLS
evoo-adulteration,5,26,-2.3309055988357623,UVEPLS
evoo-adulteration,5,27,-0.263979121903606,UVEPLS
evoo-adulteration,5,28,-0.2505618265294349,UVEPLS
evoo-adulteration,5,29,-0.9797244848115284,UVEPLS
evoo-adulteration,10,0,-0.9817656780635602,UVEPLS
evoo-adulteration,10,1,-4.40396999765821,UVEPLS
evoo-adulteration,10,2,0.1579786026924591,UVEPLS
evoo-adulteration,10,3,-0.5155166455812468,UVEPLS
evoo-adulteration,10,4,-0.3575656854842128,UVEPLS
evoo-adulteration,10,5,-0.7843051408569688,UVEPLS
evoo-adulteration,10,6,-0.7431286533361483,UVEPLS
evoo-adulteration,10,7,0.1974920656329136,UVEPLS
evoo-adulteration,10,8,-0.2402009184225948,UVEPLS
evoo-adulteration,10,9,-8.9383336845085,UVEPLS
evoo-adulteration,10,10,-1.1183752209809557,UVEPLS
evoo-adulteration,10,11,-0.9252164955166328,UVEPLS
evoo-adulteration,10,12,-0.4236616203445291,UVEPLS
evoo-adulteration,10,13,-0.0773026841917687,UVEPLS
evoo-adulteration,10,14,0.046618849476482,UVEPLS
evoo-adulteration,10,15,0.2035475173909317,UVEPLS
evoo-adulteration,10,16,-0.4831446768247847,UVEPLS
evoo-adulteration,10,17,-0.6320537277622515,UVEPLS
evoo-adulteration,10,18,-1.27240453833104,UVEPLS
evoo-adulteration,10,19,-0.216574648813528,UVEPLS
evoo-adulteration,10,20,0.1914407282426824,UVEPLS
evoo-adulteration,10,21,-0.4287493535216868,UVEPLS
evoo-adulteration,10,22,-0.4614642486118889,UVEPLS
evoo-adulteration,10,23,-0.0615594663063105,UVEPLS
evoo-adulteration,10,24,-0.1695073738168127,UVEPLS
evoo-adulteration,10,25,0.0906742320392212,UVEPLS
evoo-adulteration,10,26,-1.2129005301930569,UVEPLS
evoo-adulteration,10,27,-0.0182773924503885,UVEPLS
evoo-adulteration,10,28,-1.2061701618192262,UVEPLS
evoo-adulteration,10,29,-0.7578041990846718,UVEPLS
evoo-adulteration,20,0,-0.4826098553330828,UVEPLS
evoo-adulteration,20,1,0.0607890933460741,UVEPLS
evoo-adulteration,20,2,0.3597681920281314,UVEPLS
evoo-adulteration,20,3,-0.4193232516002907,UVEPLS
evoo-adulteration,20,4,-0.1373390051683334,UVEPLS
evoo-adulteration,20,5,0.0519709671796936,UVEPLS
evoo-adulteration,20,6,0.0433308368211511,UVEPLS
evoo-adulteration,20,7,0.0877460273936062,UVEPLS
evoo-adulteration,20,8,-0.6636819308833481,UVEPLS
evoo-adulteration,20,9,0.1240186534516801,UVEPLS
evoo-adulteration,20,10,0.3231301488322369,UVEPLS
evoo-adulteration,20,11,0.3763249691863082,UVEPLS
evoo-adulteration,20,12,-0.0066573855634659,UVEPLS
evoo-adulteration,20,13,-0.5264073268516207,UVEPLS
evoo-adulteration,20,14,-0.3076318883967817,UVEPLS
evoo-adulteration,20,15,-0.2621485671112589,UVEPLS
evoo-adulteration,20,16,-0.150875617170201,UVEPLS
evoo-adulteration,20,17,0.3158750804228167,UVEPLS
evoo-adulteration,20,18,0.1427156246155748,UVEPLS
evoo-adulteration,20,19,-0.0879484033237436,UVEPLS
evoo-adulteration,20,20,0.241359879111606,UVEPLS
evoo-adulteration,20,21,0.0931772058420913,UVEPLS
evoo-adulteration,20,22,0.2208072789527315,UVEPLS
evoo-adulteration,20,23,-0.0171528850293467,UVEPLS
evoo-adulteration,20,24,0.2478358809860626,UVEPLS
evoo-adulteration,20,25,-0.3996061780284938,UVEPLS
evoo-adulteration,20,26,-0.28533827858391,UVEPLS
evoo-adulteration,20,27,-0.14073631996529,UVEPLS
evoo-adulteration,20,28,0.3393024497666569,UVEPLS
evoo-adulteration,20,29,-0.0326843745232354,UVEPLS
gasoline-octane,5,0,0.6641060166834614,UVEPLS
gasoline-octane,5,1,0.2416503674762478,UVEPLS
gasoline-octane,5,2,0.3301627822913183,UVEPLS
gasoline-octane,5,3,0.5115373619959709,UVEPLS
gasoline-octane,5,4,0.921848049506006,UVEPLS
gasoline-octane,5,5,-3.4875903644142605,UVEPLS
gasoline-octane,5,6,-2.470892049603943,UVEPLS
gasoline-octane,5,7,0.8368027754814247,UVEPLS
gasoline-octane,5,8,0.8970191013490606,UVEPLS
gasoline-octane,5,9,-0.3399665186085392,UVEPLS
gasoline-octane,5,10,0.7265685683011369,UVEPLS
gasoline-octane,5,11,-1.1187931085420175,UVEPLS
gasoline-octane,5,12,0.9179351185816982,UVEPLS
gasoline-octane,5,13,0.9076899889156588,UVEPLS
gasoline-octane,5,14,0.9550537581127966,UVEPLS
gasoline-octane,5,15,0.3179034219728861,UVEPLS
gasoline-octane,5,16,0.867320818432468,UVEPLS
gasoline-octane,5,17,0.962109682471786,UVEPLS
gasoline-octane,5,18,-0.1760375201739916,UVEPLS
gasoline-octane,5,19,0.655420152539743,UVEPLS
gasoline-octane,5,20,0.8752644950788802,UVEPLS
gasoline-octane,5,21,-0.0305314998495429,UVEPLS
gasoline-octane,5,22,0.3036096335811243,UVEPLS
gasoline-octane,5,23,0.8313554870464201,UVEPLS
gasoline-octane,5,24,0.8421870035006802,UVEPLS
gasoline-octane,5,25,0.7776098886863442,UVEPLS
gasoline-octane,5,26,0.6280861452382697,UVEPLS
gasoline-octane,5,27,0.9216518850719008,UVEPLS
gasoline-octane,5,28,0.2956066757046617,UVEPLS
gasoline-octane,5,29,0.8452594594072512,UVEPLS
gasoline-octane,10,0,0.9730304433756536,UVEPLS
gasoline-octane,10,1,0.8496034085856926,UVEPLS
gasoline-octane,10,2,0.8233679897443797,UVEPLS
gasoline-octane,10,3,0.9526745069591258,UVEPLS
gasoline-octane,10,4,0.9158395647525034,UVEPLS
gasoline-octane,10,5,0.6987070006015881,UVEPLS
gasoline-octane,10,6,0.9551229872545264,UVEPLS
gasoline-octane,10,7,0.4574503832216426,UVEPLS
gasoline-octane,10,8,0.9674626011614836,UVEPLS
gasoline-octane,10,9,0.5903647144896027,UVEPLS
gasoline-octane,10,10,0.9401623459153255,UVEPLS
gasoline-octane,10,11,0.0308941091224953,UVEPLS
gasoline-octane,10,12,0.9687861192822276,UVEPLS
gasoline-octane,10,13,0.9467916054033774,UVEPLS
gasoline-octane,10,14,0.8117708583184197,UVEPLS
gasoline-octane,10,15,0.8329166738793934,UVEPLS
gasoline-octane,10,16,0.8033008273664058,UVEPLS
gasoline-octane,10,17,0.1400786644640782,UVEPLS
gasoline-octane,10,18,0.9671958874896764,UVEPLS
gasoline-octane,10,19,-0.2480182065316527,UVEPLS
gasoline-octane,10,20,0.8771911377986747,UVEPLS
gasoline-octane,10,21,0.9731420468512856,UVEPLS
gasoline-octane,10,22,0.9739078902401124,UVEPLS
gasoline-octane,10,23,0.3032721068312365,UVEPLS
gasoline-octane,10,24,0.925782972806605,UVEPLS
gasoline-octane,10,25,0.8239379712726544,UVEPLS
gasoline-octane,10,26,0.962919285264626,UVEPLS
gasoline-octane,10,27,0.8516235521479624,UVEPLS
gasoline-octane,10,28,0.8342252349345199,UVEPLS
gasoline-octane,10,29,0.682649674386399,UVEPLS
gasoline-octane,20,0,0.9648255505366636,UVEPLS
gasoline-octane,20,1,0.9498191960244966,UVEPLS
gasoline-octane,20,2,0.9774787236796592,UVEPLS
gasoline-octane,20,3,0.974043248541904,UVEPLS
gasoline-octane,20,4,0.9632772440478002,UVEPLS
gasoline-octane,20,5,0.9641285351297432,UVEPLS
gasoline-octane,20,6,0.9514202195835396,UVEPLS
gasoline-octane,20,7,0.97732150439986,UVEPLS
gasoline-octane,20,8,0.9528596494380988,UVEPLS
gasoline-octane,20,9,0.8835203552454144,UVEPLS
gasoline-octane,20,10,0.9581223294372302,UVEPLS
gasoline-octane,20,11,0.945817602974614,UVEPLS
gasoline-octane,20,12,0.9592460779056354,UVEPLS
gasoline-octane,20,13,0.9640865201176424,UVEPLS
gasoline-octane,20,14,0.9543225875290882,UVEPLS
gasoline-octane,20,15,0.9654464923487578,UVEPLS
gasoline-octane,20,16,0.8929345305917686,UVEPLS
gasoline-octane,20,17,0.973343418349358,UVEPLS
gasoline-octane,20,18,0.94324305900775,UVEPLS
gasoline-octane,20,19,0.9501127744137732,UVEPLS
gasoline-octane,20,20,0.9616402192983522,UVEPLS
gasoline-octane,20,21,0.9667826891271604,UVEPLS
gasoline-octane,20,22,0.9771764470354356,UVEPLS
gasoline-octane,20,23,0.9618796799761844,UVEPLS
gasoline-octane,20,24,0.9366492672531928,UVEPLS
gasoline-octane,20,25,0.957950694572584,UVEPLS
gasoline-octane,20,26,0.9721142035298171,UVEPLS
gasoline-octane,20,27,0.9622290813057144,UVEPLS
gasoline-octane,20,28,0.971546504718896,UVEPLS
gasoline-octane,20,29,0.9223846509469414,UVEPLS
corn_m5-moisture,5,0,-2.382529837496034,CARSPLS
corn_m5-moisture,5,1,-1.3335897721957708,CARSPLS
corn_m5-moisture,5,2,0.3176162901604903,CARSPLS
corn_m5-moisture,5,3,0.1556402478504019,CARSPLS
corn_m5-moisture,5,4,-0.1729362246113572,CARSPLS
corn_m5-moisture,5,5,0.2242542697937714,CARSPLS
corn_m5-moisture,5,6,-0.2081921265758137,CARSPLS
corn_m5-moisture,5,7,-1.2054427666562035,CARSPLS
corn_m5-moisture,5,8,-2.448298165005742,CARSPLS
corn_m5-moisture,5,9,-9.870045659057268,CARSPLS
corn_m5-moisture,5,10,-0.0737383856478672,CARSPLS
corn_m5-moisture,5,11,0.3810482129672355,CARSPLS
corn_m5-moisture,5,12,-0.0789038837901447,CARSPLS
corn_m5-moisture,5,13,-3.235898158417644,CARSPLS
corn_m5-moisture,5,14,-0.3628942095308349,CARSPLS
corn_m5-moisture,5,15,-1.2535762227178378,CARSPLS
corn_m5-moisture,5,16,0.0316039489191319,CARSPLS
corn_m5-moisture,5,17,-0.6885788897716041,CARSPLS
corn_m5-moisture,5,18,-78.90037086104049,CARSPLS
corn_m5-moisture,5,19,-20.004284164527448,CARSPLS
corn_m5-moisture,5,20,-1.3113710513766943,CARSPLS
corn_m5-moisture,5,21,0.0042085520696468,CARSPLS
corn_m5-moisture,5,22,0.4368004015443827,CARSPLS
corn_m5-moisture,5,23,-3.0763208502981403,CARSPLS
corn_m5-moisture,5,24,0.2394774696606699,CARSPLS
corn_m5-moisture,5,25,-1.948302948605856,CARSPLS
corn_m5-moisture,5,26,-4.762553380504696,CARSPLS
corn_m5-moisture,5,27,-0.0389750407137567,CARSPLS
corn_m5-moisture,5,28,0.2934392524320858,CARSPLS
corn_m5-moisture,5,29,-1.2046335235247887,CARSPLS
corn_m5-moisture,10,0,-0.3595796180008737,CARSPLS
corn_m5-moisture,10,1,0.0995618630150863,CARSPLS
corn_m5-moisture,10,2,0.5684690046673264,CARSPLS
corn_m5-moisture,10,3,0.3568074930822087,CARSPLS
corn_m5-moisture,10,4,0.0308284365096812,CARSPLS
corn_m5-moisture,10,5,0.3033430968835002,CARSPLS
corn_m5-moisture,10,6,-1.5189764572875617,CARSPLS
corn_m5-moisture,10,7,-0.6831524253637404,CARSPLS
corn_m5-moisture,10,8,0.3184761717365386,CARSPLS
corn_m5-moisture,10,9,0.6725780998355642,CARSPLS
corn_m5-moisture,10,10,-1.4487899629454444,CARSPLS
corn_m5-moisture,10,11,0.4754171382052943,CARSPLS
corn_m5-moisture,10,12,0.4346341563893257,CARSPLS
corn_m5-moisture,10,13,0.6019087583501687,CARSPLS
corn_m5-moisture,10,14,0.2068509056586324,CARSPLS
corn_m5-moisture,10,15,0.6993630610470669,CARSPLS
corn_m5-moisture,10,16,0.4524705213043517,CARSPLS
corn_m5-moisture,10,17,0.2409038753801565,CARSPLS
corn_m5-moisture,10,18,0.2340203918288501,CARSPLS
corn_m5-moisture,10,19,0.621641473307307,CARSPLS
corn_m5-moisture,10,20,0.1757540363961048,CARSPLS
corn_m5-moisture,10,21,0.671987015401484,CARSPLS
corn_m5-moisture,10,22,0.2213970018716192,CARSPLS
corn_m5-moisture,10,23,0.4037726905773108,CARSPLS
corn_m5-moisture,10,24,0.1437189272679754,CARSPLS
corn_m5-moisture,10,25,0.0738233740997151,CARSPLS
corn_m5-moisture,10,26,0.539035446291594,CARSPLS
corn_m5-moisture,10,27,0.4041743353376874,CARSPLS
corn_m5-moisture,10,28,0.290283878060802,CARSPLS
corn_m5-moisture,10,29,0.2160637428493242,CARSPLS
corn_m5-moisture,20,0,0.2591480127370191,CARSPLS
corn_m5-moisture,20,1,0.5870708006598437,CARSPLS
corn_m5-moisture,20,2,0.2768319701887267,CARSPLS
corn_m5-moisture,20,3,0.7791095111020193,CARSPLS
corn_m5-moisture,20,4,0.0806944893272606,CARSPLS
corn_m5-moisture,20,5,0.7462260166232303,CARSPLS
corn_m5-moisture,20,6,0.3411826867402218,CARSPLS
corn_m5-moisture,20,7,0.7772101310971111,CARSPLS
corn_m5-moisture,20,8,0.4798184265640217,CARSPLS
corn_m5-moisture,20,9,0.7667982669695471,CARSPLS
corn_m5-moisture,20,10,0.7312763699223817,CARSPLS
corn_m5-moisture,20,11,0.440163939712703,CARSPLS
corn_m5-moisture,20,12,0.4452692989852653,CARSPLS
corn_m5-moisture,20,13,0.583056385742872,CARSPLS
corn_m5-moisture,20,14,0.675407477613915,CARSPLS
corn_m5-moisture,20,15,0.5663681892840855,CARSPLS
corn_m5-moisture,20,16,0.6866209271825751,CARSPLS
corn_m5-moisture,20,17,0.7589291576275163,CARSPLS
corn_m5-moisture,20,18,0.7344058778725987,CARSPLS
corn_m5-moisture,20,19,0.7635026184294462,CARSPLS
corn_m5-moisture,20,20,0.592493428492359,CARSPLS
corn_m5-moisture,20,21,0.6831766853762361,CARSPLS
corn_m5-moisture,20,22,0.6863205818195517,CARSPLS
corn_m5-moisture,20,23,0.3673075509902039,CARSPLS
corn_m5-moisture,20,24,0.753491402798033,CARSPLS
corn_m5-moisture,20,25,0.6578966163564084,CARSPLS
corn_m5-moisture,20,26,0.5353052691799713,CARSPLS
corn_m5-moisture,20,27,0.8035452047017617,CARSPLS
corn_m5-moisture,20,28,0.4635152853441436,CARSPLS
corn_m5-moisture,20,29,0.7519810538540065,CARSPLS
corn_m5-oil,5,0,-2.596881618523849,CARSPLS
corn_m5-oil,5,1,-1.1120317274456464,CARSPLS
corn_m5-oil,5,2,-0.2219844643847266,CARSPLS
corn_m5-oil,5,3,-0.6367313712547309,CARSPLS
corn_m5-oil,5,4,-0.6345211225201275,CARSPLS
corn_m5-oil,5,5,-1.022229282873298,CARSPLS
corn_m5-oil,5,6,-1.628981181636958,CARSPLS
corn_m5-oil,5,7,-2.2509007520268063,CARSPLS
corn_m5-oil,5,8,-2.3109141725612017,CARSPLS
corn_m5-oil,5,9,-1.533118587837865,CARSPLS
corn_m5-oil,5,10,-0.9716160086179392,CARSPLS
corn_m5-oil,5,11,-1.1123328465121451,CARSPLS
corn_m5-oil,5,12,-1.314281129668431,CARSPLS
corn_m5-oil,5,13,-0.6442936828029313,CARSPLS
corn_m5-oil,5,14,-0.2613278692034877,CARSPLS
corn_m5-oil,5,15,-6.826897423749631,CARSPLS
corn_m5-oil,5,16,-0.7421075470378318,CARSPLS
corn_m5-oil,5,17,-1.0308417595881028,CARSPLS
corn_m5-oil,5,18,-7.7682397038906,CARSPLS
corn_m5-oil,5,19,-6.876524619104632,CARSPLS
corn_m5-oil,5,20,-1.1182143480043174,CARSPLS
corn_m5-oil,5,21,-0.3817830017307591,CARSPLS
corn_m5-oil,5,22,-1.0717686479932769,CARSPLS
corn_m5-oil,5,23,-6.891834589709322,CARSPLS
corn_m5-oil,5,24,-0.862449791335516,CARSPLS
corn_m5-oil,5,25,-1.1831162213059034,CARSPLS
corn_m5-oil,5,26,-1.1572366435765915,CARSPLS
corn_m5-oil,5,27,-0.7350013103556827,CARSPLS
corn_m5-oil,5,28,-1.340770279902653,CARSPLS
corn_m5-oil,5,29,-3.2120331464482845,CARSPLS
corn_m5-oil,10,0,-0.1846323487045151,CARSPLS
corn_m5-oil,10,1,0.5199407520145101,CARSPLS
corn_m5-oil,10,2,-1.2102849589808211,CARSPLS
corn_m5-oil,10,3,0.5949206795311196,CARSPLS
corn_m5-oil,10,4,-0.7598740932757213,CARSPLS
corn_m5-oil,10,5,0.3463632775946893,CARSPLS
corn_m5-oil,10,6,0.0705810118771663,CARSPLS
corn_m5-oil,10,7,0.6273077577672698,CARSPLS
corn_m5-oil,10,8,-0.2372908879340374,CARSPLS
corn_m5-oil,10,9,-0.9551963274195314,CARSPLS
corn_m5-oil,10,10,-0.0234961191590299,CARSPLS
corn_m5-oil,10,11,0.6236219701025344,CARSPLS
corn_m5-oil,10,12,-2.6402657182304368,CARSPLS
corn_m5-oil,10,13,0.5423907366859976,CARSPLS
corn_m5-oil,10,14,-0.2712312140598283,CARSPLS
corn_m5-oil,10,15,-0.6397655950634291,CARSPLS
corn_m5-oil,10,16,0.0772485088805386,CARSPLS
corn_m5-oil,10,17,0.5851056433979809,CARSPLS
corn_m5-oil,10,18,0.385715666821442,CARSPLS
corn_m5-oil,10,19,0.0189176067140586,CARSPLS
corn_m5-oil,10,20,-2.210253073335668,CARSPLS
corn_m5-oil,10,21,-2.181983314937475,CARSPLS
corn_m5-oil,10,22,0.3345960755680418,CARSPLS
corn_m5-oil,10,23,0.2014697661215031,CARSPLS
corn_m5-oil,10,24,0.3808989434646548,CARSPLS
corn_m5-oil,10,25,-0.106140138637027,CARSPLS
corn_m5-oil,10,26,0.2227368588539973,CARSPLS
corn_m5-oil,10,27,-1.1985601806265804,CARSPLS
corn_m5-oil,10,28,0.4039171834213687,CARSPLS
corn_m5-oil,10,29,-1.2808345789452305,CARSPLS
corn_m5-oil,20,0,-0.1124045335930474,CARSPLS
corn_m5-oil,20,1,0.6832340842401177,CARSPLS
corn_m5-oil,20,2,-0.2415601021154507,CARSPLS
corn_m5-oil,20,3,-0.761599740702561,CARSPLS
corn_m5-oil,20,4,0.4180795412700803,CARSPLS
corn_m5-oil,20,5,0.6075362569877304,CARSPLS
corn_m5-oil,20,6,0.1461722474709242,CARSPLS
corn_m5-oil,20,7,0.4632767096762115,CARSPLS
corn_m5-oil,20,8,0.694449387698769,CARSPLS
corn_m5-oil,20,9,0.3839117769424642,CARSPLS
corn_m5-oil,20,10,0.6332778177382892,CARSPLS
corn_m5-oil,20,11,0.5757256132059994,CARSPLS
corn_m5-oil,20,12,-0.0980909699387018,CARSPLS
corn_m5-oil,20,13,0.1881338280031468,CARSPLS
corn_m5-oil,20,14,0.4867834687216138,CARSPLS
corn_m5-oil,20,15,0.3654068656572724,CARSPLS
corn_m5-oil,20,16,0.4758833736744117,CARSPLS
corn_m5-oil,20,17,0.4732657415728518,CARSPLS
corn_m5-oil,20,18,0.7421035078477283,CARSPLS
corn_m5-oil,20,19,0.4829806507778511,CARSPLS
corn_m5-oil,20,20,-0.0998896274451253,CARSPLS
corn_m5-oil,20,21,0.6379992816297022,CARSPLS
corn_m5-oil,20,22,0.5891313205535227,CARSPLS
corn_m5-oil,20,23,0.1825610097939242,CARSPLS
corn_m5-oil,20,24,0.5935477409124867,CARSPLS
corn_m5-oil,20,25,0.5686457403073037,CARSPLS
corn_m5-oil,20,26,0.4506099139117169,CARSPLS
corn_m5-oil,20,27,0.4841168501877875,CARSPLS
corn_m5-oil,20,28,0.4305435118086642,CARSPLS
corn_m5-oil,20,29,0.762004753667326,CARSPLS
corn_m5-protein,5,0,-1.228677923448786,CARSPLS
corn_m5-protein,5,1,-0.3647911495311011,CARSPLS
corn_m5-protein,5,2,-0.0808054494260948,CARSPLS
corn_m5-protein,5,3,0.0145604508217461,CARSPLS
corn_m5-protein,5,4,-5.978511735227751,CARSPLS
corn_m5-protein,5,5,-5.069193994334963,CARSPLS
corn_m5-protein,5,6,0.2286787694240301,CARSPLS
corn_m5-protein,5,7,-6.327407660571942,CARSPLS
corn_m5-protein,5,8,-0.6438547004527653,CARSPLS
corn_m5-protein,5,9,-5.021636689742093,CARSPLS
corn_m5-protein,5,10,0.3686712272207949,CARSPLS
corn_m5-protein,5,11,-0.1947771319419755,CARSPLS
corn_m5-protein,5,12,-0.6663456654800497,CARSPLS
corn_m5-protein,5,13,-0.2853217547261235,CARSPLS
corn_m5-protein,5,14,-0.8959623116732927,CARSPLS
corn_m5-protein,5,15,-2.865008765470824,CARSPLS
corn_m5-protein,5,16,0.183669659874856,CARSPLS
corn_m5-protein,5,17,-0.2505177588232687,CARSPLS
corn_m5-protein,5,18,0.1369924606177263,CARSPLS
corn_m5-protein,5,19,-1.4056003734219678,CARSPLS
corn_m5-protein,5,20,0.1379577256632639,CARSPLS
corn_m5-protein,5,21,-0.5654768033699717,CARSPLS
corn_m5-protein,5,22,-0.3854400781194045,CARSPLS
corn_m5-protein,5,23,0.3804090755033005,CARSPLS
corn_m5-protein,5,24,-0.2673241246890325,CARSPLS
corn_m5-protein,5,25,-1.1397087404119604,CARSPLS
corn_m5-protein,5,26,-0.6952939076164064,CARSPLS
corn_m5-protein,5,27,0.1874966143265038,CARSPLS
corn_m5-protein,5,28,0.0985765509395922,CARSPLS
corn_m5-protein,5,29,0.2078107062331839,CARSPLS
corn_m5-protein,10,0,-0.048850774801127,CARSPLS
corn_m5-protein,10,1,0.1061465639951407,CARSPLS
corn_m5-protein,10,2,0.3804698413584497,CARSPLS
corn_m5-protein,10,3,-0.2948980950684774,CARSPLS
corn_m5-protein,10,4,0.2465894622194731,CARSPLS
corn_m5-protein,10,5,0.4332312785441098,CARSPLS
corn_m5-protein,10,6,-0.1370992166770333,CARSPLS
corn_m5-protein,10,7,0.1376748795937113,CARSPLS
corn_m5-protein,10,8,-0.3651463907809409,CARSPLS
corn_m5-protein,10,9,0.1741488129839404,CARSPLS
corn_m5-protein,10,10,-0.7969107619193327,CARSPLS
corn_m5-protein,10,11,0.7295661646670641,CARSPLS
corn_m5-protein,10,12,0.1194671176532026,CARSPLS
corn_m5-protein,10,13,0.0286732168940438,CARSPLS
corn_m5-protein,10,14,0.6877433023959307,CARSPLS
corn_m5-protein,10,15,-0.8780779319704075,CARSPLS
corn_m5-protein,10,16,0.0876738988773738,CARSPLS
corn_m5-protein,10,17,0.4295170096991111,CARSPLS
corn_m5-protein,10,18,-0.4495915080846044,CARSPLS
corn_m5-protein,10,19,0.8617241571563545,CARSPLS
corn_m5-protein,10,20,0.8356866539504555,CARSPLS
corn_m5-protein,10,21,-0.0791113165041501,CARSPLS
corn_m5-protein,10,22,0.610749200454926,CARSPLS
corn_m5-protein,10,23,-0.268953565191151,CARSPLS
corn_m5-protein,10,24,0.4252232931143029,CARSPLS
corn_m5-protein,10,25,-0.3016397875011118,CARSPLS
corn_m5-protein,10,26,0.6220721132769547,CARSPLS
corn_m5-protein,10,27,-0.1891110328239034,CARSPLS
corn_m5-protein,10,28,-2.07197598072332,CARSPLS
corn_m5-protein,10,29,0.4788694170022318,CARSPLS
corn_m5-protein,20,0,0.9237623553717724,CARSPLS
corn_m5-protein,20,1,0.8595851641461532,CARSPLS
corn_m5-protein,20,2,0.8752108520410988,CARSPLS
corn_m5-protein,20,3,0.7921294185649523,CARSPLS
corn_m5-protein,20,4,0.8586576375892532,CARSPLS
corn_m5-protein,20,5,0.948238160339633,CARSPLS
corn_m5-protein,20,6,0.8101885628208549,CARSPLS
corn_m5-protein,20,7,0.8398951583830305,CARSPLS
corn_m5-protein,20,8,0.8836444370653376,CARSPLS
corn_m5-protein,20,9,0.8915649773931109,CARSPLS
corn_m5-protein,20,10,0.9262211339325191,CARSPLS
corn_m5-protein,20,11,0.9413796020489574,CARSPLS
corn_m5-protein,20,12,0.8749940694962369,CARSPLS
corn_m5-protein,20,13,0.8278130441205734,CARSPLS
corn_m5-protein,20,14,0.9011131593722062,CARSPLS
corn_m5-protein,20,15,0.8824122475205065,CARSPLS
corn_m5-protein,20,16,0.7839484278536091,CARSPLS
corn_m5-protein,20,17,0.6055944038747547,CARSPLS
corn_m5-protein,20,18,0.7735099653884078,CARSPLS
corn_m5-protein,20,19,0.7940961892463176,CARSPLS
corn_m5-protein,20,20,0.8840762119166741,CARSPLS
corn_m5-protein,20,21,0.9429228376516824,CARSPLS
corn_m5-protein,20,22,0.8860573185948103,CARSPLS
corn_m5-protein,20,23,0.868916761934311,CARSPLS
corn_m5-protein,20,24,0.9212049421342616,CARSPLS
corn_m5-protein,20,25,0.8377065120229201,CARSPLS
corn_m5-protein,20,26,0.8364465679756488,CARSPLS
corn_m5-protein,20,27,0.9151284542945856,CARSPLS
corn_m5-protein,20,28,0.8440154650440665,CARSPLS
corn_m5-protein,20,29,0.8780780064576934,CARSPLS
corn_m5-starch,5,0,-9.97697468817432,CARSPLS
corn_m5-starch,5,1,-0.2261262424801868,CARSPLS
corn_m5-starch,5,2,-0.4844745183674606,CARSPLS
corn_m5-starch,5,3,0.0003315821140797,CARSPLS
corn_m5-starch,5,4,-46.29736985126702,CARSPLS
corn_m5-starch,5,5,-2.3301246522430343,CARSPLS
corn_m5-starch,5,6,-0.7130644305254379,CARSPLS
corn_m5-starch,5,7,-0.1028517017890973,CARSPLS
corn_m5-starch,5,8,-3.6695613986228217,CARSPLS
corn_m5-starch,5,9,-9.5379459164394,CARSPLS
corn_m5-starch,5,10,-2.4640457587278544,CARSPLS
corn_m5-starch,5,11,-3.5699998337111287,CARSPLS
corn_m5-starch,5,12,-0.8431499273777063,CARSPLS
corn_m5-starch,5,13,-0.577664223616688,CARSPLS
corn_m5-starch,5,14,-5.982259586544621,CARSPLS
corn_m5-starch,5,15,-6.145503100951267,CARSPLS
corn_m5-starch,5,16,-1.193862159050409,CARSPLS
corn_m5-starch,5,17,-2.282384929629208,CARSPLS
corn_m5-starch,5,18,-2.176714230435342,CARSPLS
corn_m5-starch,5,19,-10.469591174072187,CARSPLS
corn_m5-starch,5,20,-1.3668001317542116,CARSPLS
corn_m5-starch,5,21,-1.542347206523308,CARSPLS
corn_m5-starch,5,22,-0.5344101242549657,CARSPLS
corn_m5-starch,5,23,-0.6924856756994859,CARSPLS
corn_m5-starch,5,24,-0.2505510919268594,CARSPLS
corn_m5-starch,5,25,-5.10480907918923,CARSPLS
corn_m5-starch,5,26,-0.0815271437839955,CARSPLS
corn_m5-starch,5,27,-0.4006004675356258,CARSPLS
corn_m5-starch,5,28,-1.4555208348385649,CARSPLS
corn_m5-starch,5,29,-1.1219499048539685,CARSPLS
corn_m5-starch,10,0,-0.222572341785288,CARSPLS
corn_m5-starch,10,1,0.4431185810770793,CARSPLS
corn_m5-starch,10,2,0.3959436644215809,CARSPLS
corn_m5-starch,10,3,-0.2558454049333594,CARSPLS
corn_m5-starch,10,4,0.1500243174821987,CARSPLS
corn_m5-starch,10,5,0.2423900029532973,CARSPLS
corn_m5-starch,10,6,-0.1854717326145218,CARSPLS
corn_m5-starch,10,7,-0.3495057027342541,CARSPLS
corn_m5-starch,10,8,0.1381212137849834,CARSPLS
corn_m5-starch,10,9,0.377708293099677,CARSPLS
corn_m5-starch,10,10,-2.33287980415175,CARSPLS
corn_m5-starch,10,11,0.4955776546712616,CARSPLS
corn_m5-starch,10,12,0.2485584158797253,CARSPLS
corn_m5-starch,10,13,-0.4050988894767238,CARSPLS
corn_m5-starch,10,14,-0.0408246396991731,CARSPLS
corn_m5-starch,10,15,0.0396758647154208,CARSPLS
corn_m5-starch,10,16,-0.8343139590826649,CARSPLS
corn_m5-starch,10,17,0.5582047453381764,CARSPLS
corn_m5-starch,10,18,-1.2696096247787674,CARSPLS
corn_m5-starch,10,19,0.2331302313112115,CARSPLS
corn_m5-starch,10,20,-2.9686769405743965,CARSPLS
corn_m5-starch,10,21,-0.1581016192028752,CARSPLS
corn_m5-starch,10,22,0.2261150435029122,CARSPLS
corn_m5-starch,10,23,-0.5375979302279934,CARSPLS
corn_m5-starch,10,24,0.2948917128487658,CARSPLS
corn_m5-starch,10,25,-0.0790320690814638,CARSPLS
corn_m5-starch,10,26,0.5221619681051304,CARSPLS
corn_m5-starch,10,27,-1.1166028364874263,CARSPLS
corn_m5-starch,10,28,-0.7270189964194926,CARSPLS
corn_m5-starch,10,29,-0.2063594200873315,CARSPLS
corn_m5-starch,20,0,0.7417741890104506,CARSPLS
corn_m5-starch,20,1,0.6961899467414097,CARSPLS
corn_m5-starch,20,2,0.78276718249581,CARSPLS
corn_m5-starch,20,3,0.6439532155705276,CARSPLS
corn_m5-starch,20,4,0.622886038671679,CARSPLS
corn_m5-starch,20,5,0.4535555740900806,CARSPLS
corn_m5-starch,20,6,0.510963745012047,CARSPLS
corn_m5-starch,20,7,0.736592527940829,CARSPLS
corn_m5-starch,20,8,0.4955889850832728,CARSPLS
corn_m5-starch,20,9,0.7785733200637992,CARSPLS
corn_m5-starch,20,10,0.7999562710380528,CARSPLS
corn_m5-starch,20,11,0.7609729330371462,CARSPLS
corn_m5-starch,20,12,0.5694822093740846,CARSPLS
corn_m5-starch,20,13,0.6304525714550405,CARSPLS
corn_m5-starch,20,14,0.7836716853323645,CARSPLS
corn_m5-starch,20,15,0.7665991221214625,CARSPLS
corn_m5-starch,20,16,0.679905830229871,CARSPLS
corn_m5-starch,20,17,0.6650233401181365,CARSPLS
corn_m5-starch,20,18,0.87532166845086,CARSPLS
corn_m5-starch,20,19,0.7051137780568211,CARSPLS
corn_m5-starch,20,20,0.7581146383302038,CARSPLS
corn_m5-starch,20,21,0.7683651391391797,CARSPLS
corn_m5-starch,20,22,0.6133429247074611,CARSPLS
corn_m5-starch,20,23,0.8201830519598569,CARSPLS
corn_m5-starch,20,24,0.7747407301175675,CARSPLS
corn_m5-starch,20,25,0.7077061862694236,CARSPLS
corn_m5-starch,20,26,0.7574619334044786,CARSPLS
corn_m5-starch,20,27,0.5465749905879342,CARSPLS
corn_m5-starch,20,28,0.2796736182464663,CARSPLS
corn_m5-starch,20,29,0.7996846378372915,CARSPLS
diesel-BP50,5,0,-1.4239493427418155,CARSPLS
diesel-BP50,5,1,-0.4544024899304477,CARSPLS
diesel-BP50,5,2,-3.817354855579949,CARSPLS
diesel-BP50,5,3,-0.961063031898874,CARSPLS
diesel-BP50,5,4,-6.083624614417267,CARSPLS
diesel-BP50,5,5,-155.3968328626114,CARSPLS
diesel-BP50,5,6,-0.2964273216350976,CARSPLS
diesel-BP50,5,7,-4.511520800391292,CARSPLS
diesel-BP50,5,8,-13.945521901235717,CARSPLS
diesel-BP50,5,9,-0.7415433351099276,CARSPLS
diesel-BP50,5,10,-1.4289424401024644,CARSPLS
diesel-BP50,5,11,-21.745466477930798,CARSPLS
diesel-BP50,5,12,0.0673650904134028,CARSPLS
diesel-BP50,5,13,-5.401850648727713,CARSPLS
diesel-BP50,5,14,-2.7343577253875,CARSPLS
diesel-BP50,5,15,0.0743323944049676,CARSPLS
diesel-BP50,5,16,-0.7985009122769067,CARSPLS
diesel-BP50,5,17,-2.353976337786603,CARSPLS
diesel-BP50,5,18,-0.1351505920715088,CARSPLS
diesel-BP50,5,19,-1.377825620562239,CARSPLS
diesel-BP50,5,20,-0.6953511096972465,CARSPLS
diesel-BP50,5,21,-0.9362363154040024,CARSPLS
diesel-BP50,5,22,-0.8676871140791529,CARSPLS
diesel-BP50,5,23,-4.777992007069671,CARSPLS
diesel-BP50,5,24,-12.438226632456924,CARSPLS
diesel-BP50,5,25,-8.390071916371767,CARSPLS
diesel-BP50,5,26,-2.250820693577531,CARSPLS
diesel-BP50,5,27,-0.5717620512111616,CARSPLS
diesel-BP50,5,28,0.1396249354818377,CARSPLS
diesel-BP50,5,29,-39.27434421372107,CARSPLS
diesel-BP50,10,0,-25.926268246501746,CARSPLS
diesel-BP50,10,1,0.5919659978260676,CARSPLS
diesel-BP50,10,2,-3.476525661428421,CARSPLS
diesel-BP50,10,3,0.5481849251484567,CARSPLS
diesel-BP50,10,4,-0.2885926544331101,CARSPLS
diesel-BP50,10,5,-0.0402886502227843,CARSPLS
diesel-BP50,10,6,0.304686248034422,CARSPLS
diesel-BP50,10,7,-1.2255546635371242,CARSPLS
diesel-BP50,10,8,0.5246918531390454,CARSPLS
diesel-BP50,10,9,-1.209972198090698,CARSPLS
diesel-BP50,10,10,0.4718059986039195,CARSPLS
diesel-BP50,10,11,-1.6883531795033817,CARSPLS
diesel-BP50,10,12,-0.9103954812093548,CARSPLS
diesel-BP50,10,13,0.7091001719586065,CARSPLS
diesel-BP50,10,14,-0.2083996719497012,CARSPLS
diesel-BP50,10,15,0.1748536676125887,CARSPLS
diesel-BP50,10,16,-0.4712325386301501,CARSPLS
diesel-BP50,10,17,0.3022730470063727,CARSPLS
diesel-BP50,10,18,-1.2660060943163645,CARSPLS
diesel-BP50,10,19,-5.90924611173916,CARSPLS
diesel-BP50,10,20,0.3996857276472511,CARSPLS
diesel-BP50,10,21,-1.8900337381045456,CARSPLS
diesel-BP50,10,22,-1.0114215885349425,CARSPLS
diesel-BP50,10,23,-0.1606924044819837,CARSPLS
diesel-BP50,10,24,-3.3163001096189904,CARSPLS
diesel-BP50,10,25,-4.995452233820797,CARSPLS
diesel-BP50,10,26,-0.0167468656985847,CARSPLS
diesel-BP50,10,27,-0.6961471826786207,CARSPLS
diesel-BP50,10,28,0.0669953959531517,CARSPLS
diesel-BP50,10,29,-1.0974186410423554,CARSPLS
diesel-BP50,20,0,0.11167409347162,CARSPLS
diesel-BP50,20,1,0.3400008147931607,CARSPLS
diesel-BP50,20,2,0.2844663517067524,CARSPLS
diesel-BP50,20,3,-0.4164665887633778,CARSPLS
diesel-BP50,20,4,0.7465344166843129,CARSPLS
diesel-BP50,20,5,0.4227372892759582,CARSPLS
diesel-BP50,20,6,0.7168714161617626,CARSPLS
diesel-BP50,20,7,-0.9733991640162338,CARSPLS
diesel-BP50,20,8,0.2791332922767904,CARSPLS
diesel-BP50,20,9,-0.281379992696924,CARSPLS
diesel-BP50,20,10,0.2155139686937482,CARSPLS
diesel-BP50,20,11,0.5169297105676183,CARSPLS
diesel-BP50,20,12,0.0234018163734488,CARSPLS
diesel-BP50,20,13,0.7198040328026892,CARSPLS
diesel-BP50,20,14,0.6481175358890479,CARSPLS
diesel-BP50,20,15,0.3706592648558533,CARSPLS
diesel-BP50,20,16,0.6834573505635517,CARSPLS
diesel-BP50,20,17,0.5427213004449497,CARSPLS
diesel-BP50,20,18,0.5176411951785006,CARSPLS
diesel-BP50,20,19,0.6633584298176691,CARSPLS
diesel-BP50,20,20,0.5874678114352343,CARSPLS
diesel-BP50,20,21,0.6635346884805542,CARSPLS
diesel-BP50,20,22,0.7177771857679685,CARSPLS
diesel-BP50,20,23,-0.0180912541686553,CARSPLS
diesel-BP50,20,24,0.7679018564820055,CARSPLS
diesel-BP50,20,25,0.7933138666252939,CARSPLS
diesel-BP50,20,26,0.7244206639789774,CARSPLS
diesel-BP50,20,27,-0.9360058358492568,CARSPLS
diesel-BP50,20,28,0.7355648361832412,CARSPLS
diesel-BP50,20,29,0.4390453238891534,CARSPLS
diesel-CN,5,0,-0.3451457817288053,CARSPLS
diesel-CN,5,1,-4.6977747159331225,CARSPLS
diesel-CN,5,2,-1.3334351595902856,CARSPLS
diesel-CN,5,3,-4.760902056028822,CARSPLS
diesel-CN,5,4,-0.00188023141963,CARSPLS
diesel-CN,5,5,-0.6874861942112418,CARSPLS
diesel-CN,5,6,-0.0457122815174806,CARSPLS
diesel-CN,5,7,-0.3849138196174477,CARSPLS
diesel-CN,5,8,-6.325617780531155,CARSPLS
diesel-CN,5,9,-5.506953361789823,CARSPLS
diesel-CN,5,10,-0.3882350481710768,CARSPLS
diesel-CN,5,11,-4.71201025388337,CARSPLS
diesel-CN,5,12,-9.64584724239408,CARSPLS
diesel-CN,5,13,0.254021483052834,CARSPLS
diesel-CN,5,14,-5.694656651404026,CARSPLS
diesel-CN,5,15,-0.9237627095688484,CARSPLS
diesel-CN,5,16,0.0429289831222353,CARSPLS
diesel-CN,5,17,-1.0435837449652818,CARSPLS
diesel-CN,5,18,-0.8539876250542564,CARSPLS
diesel-CN,5,19,-0.4726793236105171,CARSPLS
diesel-CN,5,20,-0.6682729072268256,CARSPLS
diesel-CN,5,21,-0.0432686396379642,CARSPLS
diesel-CN,5,22,-0.300039697337104,CARSPLS
diesel-CN,5,23,0.0528569897065435,CARSPLS
diesel-CN,5,24,-1.3280459362019408,CARSPLS
diesel-CN,5,25,-1.560708865084322,CARSPLS
diesel-CN,5,26,-0.2703786138047424,CARSPLS
diesel-CN,5,27,0.3505236573835305,CARSPLS
diesel-CN,5,28,-15.633325282156122,CARSPLS
diesel-CN,5,29,-1.2460312261972843,CARSPLS
diesel-CN,10,0,-2.8191088418940224,CARSPLS
diesel-CN,10,1,-1.907577501862852,CARSPLS
diesel-CN,10,2,-0.9994398933698124,CARSPLS
diesel-CN,10,3,-0.4749878542630279,CARSPLS
diesel-CN,10,4,-10.66865044616683,CARSPLS
diesel-CN,10,5,0.0466782272033837,CARSPLS
diesel-CN,10,6,-1.1537797112379633,CARSPLS
diesel-CN,10,7,0.2116492969571424,CARSPLS
diesel-CN,10,8,-0.6032445287156385,CARSPLS
diesel-CN,10,9,-0.0248771434266596,CARSPLS
diesel-CN,10,10,-4.013103373434537,CARSPLS
diesel-CN,10,11,-0.7478310022327452,CARSPLS
diesel-CN,10,12,-0.0600046827150591,CARSPLS
diesel-CN,10,13,0.2203731428744815,CARSPLS
diesel-CN,10,14,-0.0370507458560129,CARSPLS
diesel-CN,10,15,-0.8424681159790408,CARSPLS
diesel-CN,10,16,-0.860475880626018,CARSPLS
diesel-CN,10,17,-2.897789021600962,CARSPLS
diesel-CN,10,18,-2.4496994179249727,CARSPLS
diesel-CN,10,19,-5.462246911590938,CARSPLS
diesel-CN,10,20,0.1877407277492129,CARSPLS
diesel-CN,10,21,0.1229500712846692,CARSPLS
diesel-CN,10,22,-7.275498137182938,CARSPLS
diesel-CN,10,23,-2.3447499283248607,CARSPLS
diesel-CN,10,24,-1.3856793604972597,CARSPLS
diesel-CN,10,25,0.1336946049720447,CARSPLS
diesel-CN,10,26,-2.590451098037459,CARSPLS
diesel-CN,10,27,-0.5312146536807076,CARSPLS
diesel-CN,10,28,-5.56120180914568,CARSPLS
diesel-CN,10,29,-0.2454432549028826,CARSPLS
diesel-CN,20,0,-1.701085053443906,CARSPLS
diesel-CN,20,1,-0.0040868151333899,CARSPLS
diesel-CN,20,2,0.0199302200373935,CARSPLS
diesel-CN,20,3,0.2089967867803358,CARSPLS
diesel-CN,20,4,-9.354882329449785,CARSPLS
diesel-CN,20,5,-1.1839512048744485,CARSPLS
diesel-CN,20,6,-0.915636705763863,CARSPLS
diesel-CN,20,7,-1.637700030063881,CARSPLS
diesel-CN,20,8,0.0128463170297891,CARSPLS
diesel-CN,20,9,0.2789899174547535,CARSPLS
diesel-CN,20,10,0.2967315063778064,CARSPLS
diesel-CN,20,11,0.3571632439430943,CARSPLS
diesel-CN,20,12,-0.0500684473888075,CARSPLS
diesel-CN,20,13,0.0935106806651181,CARSPLS
diesel-CN,20,14,-1.2042302518822012,CARSPLS
diesel-CN,20,15,0.2482032339728702,CARSPLS
diesel-CN,20,16,0.0466484713522069,CARSPLS
diesel-CN,20,17,-0.0938793469217504,CARSPLS
diesel-CN,20,18,0.1247626609010625,CARSPLS
diesel-CN,20,19,-0.4332766920419515,CARSPLS
diesel-CN,20,20,-0.8260214402196038,CARSPLS
diesel-CN,20,21,-1.098636834833341,CARSPLS
diesel-CN,20,22,0.3290806676305309,CARSPLS
diesel-CN,20,23,-0.0816261211984812,CARSPLS
diesel-CN,20,24,0.2392224452221356,CARSPLS
diesel-CN,20,25,-0.2769138309074803,CARSPLS
diesel-CN,20,26,-0.7176050392969298,CARSPLS
diesel-CN,20,27,0.1918201507120436,CARSPLS
diesel-CN,20,28,0.1611557897113583,CARSPLS
diesel-CN,20,29,-0.5785199197040634,CARSPLS
diesel-D4052,5,0,-1.87369723298944,CARSPLS
diesel-D4052,5,1,-4.306828114767892,CARSPLS
diesel-D4052,5,2,-0.6653455263381403,CARSPLS
diesel-D4052,5,3,-0.392510182077749,CARSPLS
diesel-D4052,5,4,0.1764550405179225,CARSPLS
diesel-D4052,5,5,-6.361605081731262,CARSPLS
diesel-D4052,5,6,-14.584807117770795,CARSPLS
diesel-D4052,5,7,-1.9220020427624949,CARSPLS
diesel-D4052,5,8,-1.248824371260517,CARSPLS
diesel-D4052,5,9,-0.7803730519300753,CARSPLS
diesel-D4052,5,10,0.1331834807121537,CARSPLS
diesel-D4052,5,11,-0.1881107825819137,CARSPLS
diesel-D4052,5,12,-5.587510023668896,CARSPLS
diesel-D4052,5,13,-2.964921978228412,CARSPLS
diesel-D4052,5,14,-0.7981427528334184,CARSPLS
diesel-D4052,5,15,-1.8174456755045243,CARSPLS
diesel-D4052,5,16,-0.3948502884697531,CARSPLS
diesel-D4052,5,17,-1.27971562746861,CARSPLS
diesel-D4052,5,18,0.179573468999462,CARSPLS
diesel-D4052,5,19,-1.4836744183990898,CARSPLS
diesel-D4052,5,20,-0.8624317140129385,CARSPLS
diesel-D4052,5,21,-1.4261690874416106,CARSPLS
diesel-D4052,5,22,-10.7203521311671,CARSPLS
diesel-D4052,5,23,-7.781926230515946,CARSPLS
diesel-D4052,5,24,-0.5295399651634711,CARSPLS
diesel-D4052,5,25,-0.7405292664552898,CARSPLS
diesel-D4052,5,26,-4.606815031831063,CARSPLS
diesel-D4052,5,27,0.0511820938845599,CARSPLS
diesel-D4052,5,28,0.182416269411906,CARSPLS
diesel-D4052,5,29,-0.7795475114951089,CARSPLS
diesel-D4052,10,0,0.1717118549097965,CARSPLS
diesel-D4052,10,1,0.2721598676136875,CARSPLS
diesel-D4052,10,2,0.797878344575496,CARSPLS
diesel-D4052,10,3,0.3746504748100985,CARSPLS
diesel-D4052,10,4,0.4845349140815783,CARSPLS
diesel-D4052,10,5,0.2402022323411357,CARSPLS
diesel-D4052,10,6,0.819170322057025,CARSPLS
diesel-D4052,10,7,0.8060055995943411,CARSPLS
diesel-D4052,10,8,-1.9130369186695249,CARSPLS
diesel-D4052,10,9,-6.259779323543342,CARSPLS
diesel-D4052,10,10,-0.5382106087901928,CARSPLS
diesel-D4052,10,11,0.1947401886203975,CARSPLS
diesel-D4052,10,12,0.1662925445852904,CARSPLS
diesel-D4052,10,13,0.4180678538700205,CARSPLS
diesel-D4052,10,14,0.6869819250307556,CARSPLS
diesel-D4052,10,15,0.1976099476071127,CARSPLS
diesel-D4052,10,16,0.7919262386091097,CARSPLS
diesel-D4052,10,17,-0.4090422841806782,CARSPLS
diesel-D4052,10,18,0.6883814719734394,CARSPLS
diesel-D4052,10,19,-0.16160460834412,CARSPLS
diesel-D4052,10,20,0.241158308990488,CARSPLS
diesel-D4052,10,21,-1.277464182217459,CARSPLS
diesel-D4052,10,22,-0.211063723222926,CARSPLS
diesel-D4052,10,23,0.0501133920491778,CARSPLS
diesel-D4052,10,24,-0.1187773683846591,CARSPLS
diesel-D4052,10,25,0.6355327718006079,CARSPLS
diesel-D4052,10,26,-0.2249502471785855,CARSPLS
diesel-D4052,10,27,0.7048382987907956,CARSPLS
diesel-D4052,10,28,-0.6345299141860521,CARSPLS
diesel-D4052,10,29,-0.1365158009277534,CARSPLS
diesel-D4052,20,0,0.8328003215919823,CARSPLS
diesel-D4052,20,1,0.7749596430772873,CARSPLS
diesel-D4052,20,2,0.9045000402878532,CARSPLS
diesel-D4052,20,3,0.815727964027326,CARSPLS
diesel-D4052,20,4,0.7046760650997137,CARSPLS
diesel-D4052,20,5,0.6542005425089157,CARSPLS
diesel-D4052,20,6,-0.0784192113442749,CARSPLS
diesel-D4052,20,7,0.9395549469641457,CARSPLS
diesel-D4052,20,8,0.7501110586511177,CARSPLS
diesel-D4052,20,9,0.905508665959363,CARSPLS
diesel-D4052,20,10,0.909800286460524,CARSPLS
diesel-D4052,20,11,0.927989774416164,CARSPLS
diesel-D4052,20,12,0.4759158091676511,CARSPLS
diesel-D4052,20,13,0.9137845867499386,CARSPLS
diesel-D4052,20,14,0.8752897819465728,CARSPLS
diesel-D4052,20,15,0.2467583699623597,CARSPLS
diesel-D4052,20,16,0.8956725042618054,CARSPLS
diesel-D4052,20,17,0.7332749809594179,CARSPLS
diesel-D4052,20,18,0.8211530992464064,CARSPLS
diesel-D4052,20,19,-0.0345611487713681,CARSPLS
diesel-D4052,20,20,0.8676727264817976,CARSPLS
diesel-D4052,20,21,0.8450131715155617,CARSPLS
diesel-D4052,20,22,0.4302485117822587,CARSPLS
diesel-D4052,20,23,0.8617037378415473,CARSPLS
diesel-D4052,20,24,0.5674172910254001,CARSPLS
diesel-D4052,20,25,0.7538368049986657,CARSPLS
diesel-D4052,20,26,0.92828861634853,CARSPLS
diesel-D4052,20,27,0.8786993338043894,CARSPLS
diesel-D4052,20,28,0.9067190505229178,CARSPLS
diesel-D4052,20,29,0.8921817517733079,CARSPLS
diesel-FLASH,5,0,-11.075871494247767,CARSPLS
diesel-FLASH,5,1,-9.954648326667206,CARSPLS
diesel-FLASH,5,2,-1.8655294570637075,CARSPLS
diesel-FLASH,5,3,-0.3070980060877997,CARSPLS
diesel-FLASH,5,4,-3.400558422062076,CARSPLS
diesel-FLASH,5,5,-20.832801781686943,CARSPLS
diesel-FLASH,5,6,-1.0600835427012645,CARSPLS
diesel-FLASH,5,7,-7.831706601119908,CARSPLS
diesel-FLASH,5,8,-4.528747724763046,CARSPLS
diesel-FLASH,5,9,-0.547640098931226,CARSPLS
diesel-FLASH,5,10,-2.694907453647694,CARSPLS
diesel-FLASH,5,11,-0.6135640873364296,CARSPLS
diesel-FLASH,5,12,-0.7555366015201486,CARSPLS
diesel-FLASH,5,13,-1.106430127184118,CARSPLS
diesel-FLASH,5,14,-1.7264973346079755,CARSPLS
diesel-FLASH,5,15,-0.4657649398765882,CARSPLS
diesel-FLASH,5,16,-4.150494762602763,CARSPLS
diesel-FLASH,5,17,-8.460614774864892,CARSPLS
diesel-FLASH,5,18,-0.4015369402530619,CARSPLS
diesel-FLASH,5,19,-5.849682869583885,CARSPLS
diesel-FLASH,5,20,-0.4611479481192497,CARSPLS
diesel-FLASH,5,21,-0.4445767527666522,CARSPLS
diesel-FLASH,5,22,-2.0444925215901573,CARSPLS
diesel-FLASH,5,23,-9.111966928125758,CARSPLS
diesel-FLASH,5,24,-3.892925664362073,CARSPLS
diesel-FLASH,5,25,-2.691374077575071,CARSPLS
diesel-FLASH,5,26,-0.6625379587214562,CARSPLS
diesel-FLASH,5,27,-0.2045944873728562,CARSPLS
diesel-FLASH,5,28,-2.9055689353740703,CARSPLS
diesel-FLASH,5,29,-0.0302078691277269,CARSPLS
diesel-FLASH,10,0,-0.3057729935774764,CARSPLS
diesel-FLASH,10,1,-0.5503002763971852,CARSPLS
diesel-FLASH,10,2,-2.822021484960571,CARSPLS
diesel-FLASH,10,3,-0.466663561339806,CARSPLS
diesel-FLASH,10,4,-0.1342787746507658,CARSPLS
diesel-FLASH,10,5,-0.6035244300545206,CARSPLS
diesel-FLASH,10,6,-0.9228644116252378,CARSPLS
diesel-FLASH,10,7,-3.2882129362887467,CARSPLS
diesel-FLASH,10,8,-1.595319405549763,CARSPLS
diesel-FLASH,10,9,-1.7723808594607835,CARSPLS
diesel-FLASH,10,10,-0.1757442838422691,CARSPLS
diesel-FLASH,10,11,-5.196431139705867,CARSPLS
diesel-FLASH,10,12,-1.4600686145935562,CARSPLS
diesel-FLASH,10,13,-0.057253726225759,CARSPLS
diesel-FLASH,10,14,-1.2524883042322013,CARSPLS
diesel-FLASH,10,15,-0.3234254432720655,CARSPLS
diesel-FLASH,10,16,-1.644499229374668,CARSPLS
diesel-FLASH,10,17,-5.7655436853647455,CARSPLS
diesel-FLASH,10,18,-0.3090955196659886,CARSPLS
diesel-FLASH,10,19,-0.4378285112487026,CARSPLS
diesel-FLASH,10,20,-20.269844672234377,CARSPLS
diesel-FLASH,10,21,-4.354394385400735,CARSPLS
diesel-FLASH,10,22,-0.7481065398679807,CARSPLS
diesel-FLASH,10,23,-0.3654900803041694,CARSPLS
diesel-FLASH,10,24,-19.430793146066083,CARSPLS
diesel-FLASH,10,25,-1.700473952261719,CARSPLS
diesel-FLASH,10,26,-0.1018278692781782,CARSPLS
diesel-FLASH,10,27,-0.2446949868612333,CARSPLS
diesel-FLASH,10,28,-4.727620571066638,CARSPLS
diesel-FLASH,10,29,-0.8868769495041884,CARSPLS
diesel-FLASH,20,0,0.0187943784047133,CARSPLS
diesel-FLASH,20,1,-0.2844447583336587,CARSPLS
diesel-FLASH,20,2,0.159276137580772,CARSPLS
diesel-FLASH,20,3,-0.1002931214899891,CARSPLS
diesel-FLASH,20,4,0.0058662506394544,CARSPLS
diesel-FLASH,20,5,-0.409279803837413,CARSPLS
diesel-FLASH,20,6,-3.252712275240656,CARSPLS
diesel-FLASH,20,7,0.1648184671738271,CARSPLS
diesel-FLASH,20,8,-0.0168417126397497,CARSPLS
diesel-FLASH,20,9,-1.5546969373995014,CARSPLS
diesel-FLASH,20,10,0.1037680731226314,CARSPLS
diesel-FLASH,20,11,-1.9182059984422464,CARSPLS
diesel-FLASH,20,12,-0.0060879418081656,CARSPLS
diesel-FLASH,20,13,-1.8222653437826208,CARSPLS
diesel-FLASH,20,14,-1.8302175338822737,CARSPLS
diesel-FLASH,20,15,0.0184051095754604,CARSPLS
diesel-FLASH,20,16,-0.1524476595651467,CARSPLS
diesel-FLASH,20,17,0.0699448933378277,CARSPLS
diesel-FLASH,20,18,-1.5810814428511173,CARSPLS
diesel-FLASH,20,19,-0.3022929036223025,CARSPLS
diesel-FLASH,20,20,-11.959200831601548,CARSPLS
diesel-FLASH,20,21,-1.129592264893995,CARSPLS
diesel-FLASH,20,22,-0.4271658129581055,CARSPLS
diesel-FLASH,20,23,-3.0396567413244195,CARSPLS
diesel-FLASH,20,24,-6.470873793883459,CARSPLS
diesel-FLASH,20,25,-3.017967248454923,CARSPLS
diesel-FLASH,20,26,-0.3320287995136644,CARSPLS
diesel-FLASH,20,27,0.0625874398749012,CARSPLS
diesel-FLASH,20,28,-2.6177798170592794,CARSPLS
diesel-FLASH,20,29,-0.1518288565699355,CARSPLS
diesel-FREEZE,5,0,-1.336560447793965,CARSPLS
diesel-FREEZE,5,1,-4.24465762652584,CARSPLS
diesel-FREEZE,5,2,-0.0268711875084601,CARSPLS
diesel-FREEZE,5,3,0.0062379088877619,CARSPLS
diesel-FREEZE,5,4,-0.1621946156689091,CARSPLS
diesel-FREEZE,5,5,-3.957249095689992,CARSPLS
diesel-FREEZE,5,6,-0.4964521973132298,CARSPLS
diesel-FREEZE,5,7,-0.2385338089082502,CARSPLS
diesel-FREEZE,5,8,-0.416785619180221,CARSPLS
diesel-FREEZE,5,9,-0.0883249438605866,CARSPLS
diesel-FREEZE,5,10,-2.975740819100676,CARSPLS
diesel-FREEZE,5,11,-1.5274650792930156,CARSPLS
diesel-FREEZE,5,12,-0.8046581083844728,CARSPLS
diesel-FREEZE,5,13,-0.1370279184385145,CARSPLS
diesel-FREEZE,5,14,0.1231093988404876,CARSPLS
diesel-FREEZE,5,15,-0.8053077667266688,CARSPLS
diesel-FREEZE,5,16,-0.0146541618614506,CARSPLS
diesel-FREEZE,5,17,-0.6051960399951408,CARSPLS
diesel-FREEZE,5,18,-0.2319249112830721,CARSPLS
diesel-FREEZE,5,19,-4.225693286652284,CARSPLS
diesel-FREEZE,5,20,-12.96146572123879,CARSPLS
diesel-FREEZE,5,21,-0.3253651365570194,CARSPLS
diesel-FREEZE,5,22,-0.0081650116232152,CARSPLS
diesel-FREEZE,5,23,-2.61076920501815,CARSPLS
diesel-FREEZE,5,24,-0.163397639908648,CARSPLS
diesel-FREEZE,5,25,-2.5025664947446424,CARSPLS
diesel-FREEZE,5,26,-0.5658718269981737,CARSPLS
diesel-FREEZE,5,27,-1.029864842168397,CARSPLS
diesel-FREEZE,5,28,-0.2567686723316713,CARSPLS
diesel-FREEZE,5,29,-4.402082474481338,CARSPLS
diesel-FREEZE,10,0,0.2483854754176916,CARSPLS
diesel-FREEZE,10,1,-0.5423146015417468,CARSPLS
diesel-FREEZE,10,2,-1.001369244995285,CARSPLS
diesel-FREEZE,10,3,-1.2471012767464118,CARSPLS
diesel-FREEZE,10,4,0.2847921874812648,CARSPLS
diesel-FREEZE,10,5,0.1929855310266081,CARSPLS
diesel-FREEZE,10,6,-0.4133625594544499,CARSPLS
diesel-FREEZE,10,7,-0.2327119245434679,CARSPLS
diesel-FREEZE,10,8,0.1210028266913569,CARSPLS
diesel-FREEZE,10,9,0.3883098500303305,CARSPLS
diesel-FREEZE,10,10,0.4231060659498386,CARSPLS
diesel-FREEZE,10,11,-0.0664611308380103,CARSPLS
diesel-FREEZE,10,12,0.4723058614337948,CARSPLS
diesel-FREEZE,10,13,-14.13767924108736,CARSPLS
diesel-FREEZE,10,14,-0.6830091035767456,CARSPLS
diesel-FREEZE,10,15,0.1343466067970498,CARSPLS
diesel-FREEZE,10,16,-0.1653734298244216,CARSPLS
diesel-FREEZE,10,17,-3.8861590308014167,CARSPLS
diesel-FREEZE,10,18,-1.701211764163633,CARSPLS
diesel-FREEZE,10,19,-2.751301410046202,CARSPLS
diesel-FREEZE,10,20,-0.9105005779251848,CARSPLS
diesel-FREEZE,10,21,0.430531573631299,CARSPLS
diesel-FREEZE,10,22,-1.4474135758128326,CARSPLS
diesel-FREEZE,10,23,0.6250814302569697,CARSPLS
diesel-FREEZE,10,24,-5.761461051495687,CARSPLS
diesel-FREEZE,10,25,0.4105610139633517,CARSPLS
diesel-FREEZE,10,26,0.5752900037363089,CARSPLS
diesel-FREEZE,10,27,0.3488485457373321,CARSPLS
diesel-FREEZE,10,28,0.4020047204013119,CARSPLS
diesel-FREEZE,10,29,0.3477132855756474,CARSPLS
diesel-FREEZE,20,0,0.4341270304678221,CARSPLS
diesel-FREEZE,20,1,0.048883534949777,CARSPLS
diesel-FREEZE,20,2,0.1757572951317024,CARSPLS
diesel-FREEZE,20,3,-0.215580377736009,CARSPLS
diesel-FREEZE,20,4,0.498317212700012,CARSPLS
diesel-FREEZE,20,5,-0.4478586070664923,CARSPLS
diesel-FREEZE,20,6,0.54604070778701,CARSPLS
diesel-FREEZE,20,7,0.4875309337648049,CARSPLS
diesel-FREEZE,20,8,-2.811371595019786,CARSPLS
diesel-FREEZE,20,9,0.5896373689347314,CARSPLS
diesel-FREEZE,20,10,0.6272247387103105,CARSPLS
diesel-FREEZE,20,11,-0.006599271745217,CARSPLS
diesel-FREEZE,20,12,0.342268788669582,CARSPLS
diesel-FREEZE,20,13,0.1596441682032247,CARSPLS
diesel-FREEZE,20,14,0.1211958160635277,CARSPLS
diesel-FREEZE,20,15,0.725313045029635,CARSPLS
diesel-FREEZE,20,16,-0.4208803805145951,CARSPLS
diesel-FREEZE,20,17,0.6278326795902602,CARSPLS
diesel-FREEZE,20,18,0.0064749854658678,CARSPLS
diesel-FREEZE,20,19,-0.1092164856607471,CARSPLS
diesel-FREEZE,20,20,0.5422381999684542,CARSPLS
diesel-FREEZE,20,21,0.600220254208172,CARSPLS
diesel-FREEZE,20,22,0.597982371766977,CARSPLS
diesel-FREEZE,20,23,0.6101204286044852,CARSPLS
diesel-FREEZE,20,24,0.1088028384831005,CARSPLS
diesel-FREEZE,20,25,-0.6144591369945598,CARSPLS
diesel-FREEZE,20,26,0.7550340845244408,CARSPLS
diesel-FREEZE,20,27,-0.410880080574,CARSPLS
diesel-FREEZE,20,28,0.2974437524710608,CARSPLS
diesel-FREEZE,20,29,0.3967303854940528,CARSPLS
diesel-TOTAL,5,0,0.5446575084388381,CARSPLS
diesel-TOTAL,5,1,0.4958269351292398,CARSPLS
diesel-TOTAL,5,2,-0.9098742081200436,CARSPLS
diesel-TOTAL,5,3,-2.279642611566536,CARSPLS
diesel-TOTAL,5,4,0.5799015614120848,CARSPLS
diesel-TOTAL,5,5,-2.414407635686955,CARSPLS
diesel-TOTAL,5,6,0.6950838077658011,CARSPLS
diesel-TOTAL,5,7,0.4695002609656231,CARSPLS
diesel-TOTAL,5,8,-2.069415502983696,CARSPLS
diesel-TOTAL,5,9,0.1540091744203819,CARSPLS
diesel-TOTAL,5,10,0.365439569033603,CARSPLS
diesel-TOTAL,5,11,-0.9299842379533044,CARSPLS
diesel-TOTAL,5,12,-1.5677183456902446,CARSPLS
diesel-TOTAL,5,13,-2.2366929695411137,CARSPLS
diesel-TOTAL,5,14,0.1593151654650615,CARSPLS
diesel-TOTAL,5,15,-0.2166494517785293,CARSPLS
diesel-TOTAL,5,16,-19.848147156426595,CARSPLS
diesel-TOTAL,5,17,0.2737572035873353,CARSPLS
diesel-TOTAL,5,18,0.2108695506264818,CARSPLS
diesel-TOTAL,5,19,0.1656630622488774,CARSPLS
diesel-TOTAL,5,20,-1.0872327548819256,CARSPLS
diesel-TOTAL,5,21,0.5053730592279041,CARSPLS
diesel-TOTAL,5,22,0.4323140674138311,CARSPLS
diesel-TOTAL,5,23,-0.4233431725517382,CARSPLS
diesel-TOTAL,5,24,0.3245467257272963,CARSPLS
diesel-TOTAL,5,25,-0.1048611348659649,CARSPLS
diesel-TOTAL,5,26,0.4315540990788749,CARSPLS
diesel-TOTAL,5,27,0.2401919806352312,CARSPLS
diesel-TOTAL,5,28,0.4370392429391433,CARSPLS
diesel-TOTAL,5,29,0.3644007824904995,CARSPLS
diesel-TOTAL,10,0,0.7198223174584939,CARSPLS
diesel-TOTAL,10,1,0.6626548325361133,CARSPLS
diesel-TOTAL,10,2,0.6576147535382897,CARSPLS
diesel-TOTAL,10,3,0.720195337299868,CARSPLS
diesel-TOTAL,10,4,0.4197112078683017,CARSPLS
diesel-TOTAL,10,5,0.8937972473703832,CARSPLS
diesel-TOTAL,10,6,0.8135489166474025,CARSPLS
diesel-TOTAL,10,7,0.7647180896525189,CARSPLS
diesel-TOTAL,10,8,0.5576863559009453,CARSPLS
diesel-TOTAL,10,9,0.2356497603869506,CARSPLS
diesel-TOTAL,10,10,0.6424496582346404,CARSPLS
diesel-TOTAL,10,11,-0.011973799580965,CARSPLS
diesel-TOTAL,10,12,0.5950489418160674,CARSPLS
diesel-TOTAL,10,13,0.9059642603154936,CARSPLS
diesel-TOTAL,10,14,0.0766495742234615,CARSPLS
diesel-TOTAL,10,15,-0.1405842322443573,CARSPLS
diesel-TOTAL,10,16,0.4835155207952137,CARSPLS
diesel-TOTAL,10,17,0.7112028850905745,CARSPLS
diesel-TOTAL,10,18,0.4620879245559104,CARSPLS
diesel-TOTAL,10,19,0.23571122600774,CARSPLS
diesel-TOTAL,10,20,0.6826514164763514,CARSPLS
diesel-TOTAL,10,21,0.8526697934078677,CARSPLS
diesel-TOTAL,10,22,-0.4304586278238875,CARSPLS
diesel-TOTAL,10,23,-0.3404390383257345,CARSPLS
diesel-TOTAL,10,24,0.4255673190393819,CARSPLS
diesel-TOTAL,10,25,0.7065064121008218,CARSPLS
diesel-TOTAL,10,26,0.8342236162811332,CARSPLS
diesel-TOTAL,10,27,-0.7508320676767097,CARSPLS
diesel-TOTAL,10,28,0.8524202814305168,CARSPLS
diesel-TOTAL,10,29,0.7011244672933039,CARSPLS
diesel-TOTAL,20,0,0.7188406530577061,CARSPLS
diesel-TOTAL,20,1,0.7982268511580559,CARSPLS
diesel-TOTAL,20,2,0.8322926254198962,CARSPLS
diesel-TOTAL,20,3,0.6603510781331889,CARSPLS
diesel-TOTAL,20,4,0.4962494000733199,CARSPLS
diesel-TOTAL,20,5,0.0886243027358437,CARSPLS
diesel-TOTAL,20,6,0.7817895440956086,CARSPLS
diesel-TOTAL,20,7,0.7019129432332354,CARSPLS
diesel-TOTAL,20,8,0.8556738936048327,CARSPLS
diesel-TOTAL,20,9,0.6540558133657465,CARSPLS
diesel-TOTAL,20,10,0.9392196731144584,CARSPLS
diesel-TOTAL,20,11,0.6265401823811055,CARSPLS
diesel-TOTAL,20,12,0.901113911623604,CARSPLS
diesel-TOTAL,20,13,0.632018797121539,CARSPLS
diesel-TOTAL,20,14,0.8216942240025924,CARSPLS
diesel-TOTAL,20,15,0.7605724121785863,CARSPLS
diesel-TOTAL,20,16,0.5833139040124252,CARSPLS
diesel-TOTAL,20,17,0.9194485290611978,CARSPLS
diesel-TOTAL,20,18,0.9386936975504242,CARSPLS
diesel-TOTAL,20,19,0.8439343768451391,CARSPLS
diesel-TOTAL,20,20,0.901922303022212,CARSPLS
diesel-TOTAL,20,21,0.8443339944229764,CARSPLS
diesel-TOTAL,20,22,0.8802084317074872,CARSPLS
diesel-TOTAL,20,23,0.7738955716134389,CARSPLS
diesel-TOTAL,20,24,0.879114727115724,CARSPLS
diesel-TOTAL,20,25,0.7525294938153297,CARSPLS
diesel-TOTAL,20,26,0.8344289276088818,CARSPLS
diesel-TOTAL,20,27,0.959195878778906,CARSPLS
diesel-TOTAL,20,28,0.920123593767159,CARSPLS
diesel-TOTAL,20,29,0.8628135507510025,CARSPLS
diesel-VISC,5,0,-10.127706846891051,CARSPLS
diesel-VISC,5,1,-1.6130520597341542,CARSPLS
diesel-VISC,5,2,-3.4058071978596995,CARSPLS
diesel-VISC,5,3,-24.028112750116502,CARSPLS
diesel-VISC,5,4,-27.941593119230287,CARSPLS
diesel-VISC,5,5,-0.1811536269836113,CARSPLS
diesel-VISC,5,6,-0.6683238073178617,CARSPLS
diesel-VISC,5,7,-1.378143258382354,CARSPLS
diesel-VISC,5,8,-0.7199944684393096,CARSPLS
diesel-VISC,5,9,-0.4063176673567843,CARSPLS
diesel-VISC,5,10,-0.3783815317956609,CARSPLS
diesel-VISC,5,11,-3.848797148557479,CARSPLS
diesel-VISC,5,12,0.2852159247656072,CARSPLS
diesel-VISC,5,13,-0.8052712174614405,CARSPLS
diesel-VISC,5,14,-2.3674640985081017,CARSPLS
diesel-VISC,5,15,-2.4123722286868885,CARSPLS
diesel-VISC,5,16,-1.2104719098601295,CARSPLS
diesel-VISC,5,17,-1.9304873305949832,CARSPLS
diesel-VISC,5,18,-1.4244442033975435,CARSPLS
diesel-VISC,5,19,-2.7016902144297443,CARSPLS
diesel-VISC,5,20,-9.787051291731746,CARSPLS
diesel-VISC,5,21,-1.6201194549363709,CARSPLS
diesel-VISC,5,22,-0.4747547891504686,CARSPLS
diesel-VISC,5,23,0.306740735927993,CARSPLS
diesel-VISC,5,24,-2.695819357338942,CARSPLS
diesel-VISC,5,25,-0.3508806085822049,CARSPLS
diesel-VISC,5,26,-0.3596728552979551,CARSPLS
diesel-VISC,5,27,-1.1884175142105633,CARSPLS
diesel-VISC,5,28,-1.1010300475998198,CARSPLS
diesel-VISC,5,29,-8.582333761326955,CARSPLS
diesel-VISC,10,0,0.1430204656637776,CARSPLS
diesel-VISC,10,1,-0.1759588797891955,CARSPLS
diesel-VISC,10,2,-0.1759447420101505,CARSPLS
diesel-VISC,10,3,-1.6634800845154052,CARSPLS
diesel-VISC,10,4,-0.0377230634088359,CARSPLS
diesel-VISC,10,5,-0.686450440409992,CARSPLS
diesel-VISC,10,6,-0.8085655246035384,CARSPLS
diesel-VISC,10,7,-3.135108026242876,CARSPLS
diesel-VISC,10,8,-1.1839889261140777,CARSPLS
diesel-VISC,10,9,-0.2923428396782996,CARSPLS
diesel-VISC,10,10,0.1575062730063831,CARSPLS
diesel-VISC,10,11,-1.9937323652213417,CARSPLS
diesel-VISC,10,12,0.579240657041098,CARSPLS
diesel-VISC,10,13,-0.2030335993821899,CARSPLS
diesel-VISC,10,14,0.1518999864185349,CARSPLS
diesel-VISC,10,15,-0.3734099809659894,CARSPLS
diesel-VISC,10,16,-0.5899753139955406,CARSPLS
diesel-VISC,10,17,0.1197680235714594,CARSPLS
diesel-VISC,10,18,-0.4716744674781776,CARSPLS
diesel-VISC,10,19,0.4586020202259331,CARSPLS
diesel-VISC,10,20,-0.5825799805928711,CARSPLS
diesel-VISC,10,21,0.0818123159708695,CARSPLS
diesel-VISC,10,22,0.260681415656804,CARSPLS
diesel-VISC,10,23,0.2617289052753591,CARSPLS
diesel-VISC,10,24,-3.12879170067142,CARSPLS
diesel-VISC,10,25,0.0426118130270127,CARSPLS
diesel-VISC,10,26,-2.191321544223827,CARSPLS
diesel-VISC,10,27,-12.267156439935729,CARSPLS
diesel-VISC,10,28,-0.0079677278874361,CARSPLS
diesel-VISC,10,29,0.2819224583293582,CARSPLS
diesel-VISC,20,0,0.5600683932408035,CARSPLS
diesel-VISC,20,1,0.7278905973187442,CARSPLS
diesel-VISC,20,2,0.4655156728361582,CARSPLS
diesel-VISC,20,3,-0.9868413606190468,CARSPLS
diesel-VISC,20,4,-5.6215860179172,CARSPLS
diesel-VISC,20,5,0.5168734506977635,CARSPLS
diesel-VISC,20,6,0.6474373633155663,CARSPLS
diesel-VISC,20,7,0.2346012979212822,CARSPLS
diesel-VISC,20,8,-0.1936206266032325,CARSPLS
diesel-VISC,20,9,0.2441539183916202,CARSPLS
diesel-VISC,20,10,0.6409946581824089,CARSPLS
diesel-VISC,20,11,0.2889063222904805,CARSPLS
diesel-VISC,20,12,0.3721958444412337,CARSPLS
diesel-VISC,20,13,0.6911063919645162,CARSPLS
diesel-VISC,20,14,0.3368745414479526,CARSPLS
diesel-VISC,20,15,0.5389326736723472,CARSPLS
diesel-VISC,20,16,0.5907274688414259,CARSPLS
diesel-VISC,20,17,0.5081113609492884,CARSPLS
diesel-VISC,20,18,0.6226505702018195,CARSPLS
diesel-VISC,20,19,0.5399120710717192,CARSPLS
diesel-VISC,20,20,0.642344640876819,CARSPLS
diesel-VISC,20,21,-5.126005386860381,CARSPLS
diesel-VISC,20,22,0.7308472156562102,CARSPLS
diesel-VISC,20,23,-0.654306560129309,CARSPLS
diesel-VISC,20,24,-0.5754171455595178,CARSPLS
diesel-VISC,20,25,-0.0433500090845242,CARSPLS
diesel-VISC,20,26,0.5427353407546743,CARSPLS
diesel-VISC,20,27,-0.1251925001431215,CARSPLS
diesel-VISC,20,28,-0.3495133648352597,CARSPLS
diesel-VISC,20,29,0.674929148801281,CARSPLS
evoo-adulteration,5,0,0.0424829449611013,CARSPLS
evoo-adulteration,5,1,-0.7813912153620575,CARSPLS
evoo-adulteration,5,2,-0.9729795580491538,CARSPLS
evoo-adulteration,5,3,-0.1120062245870472,CARSPLS
evoo-adulteration,5,4,-1.2649526823960309,CARSPLS
evoo-adulteration,5,5,-1.0233584311353248,CARSPLS
evoo-adulteration,5,6,-0.592649062860582,CARSPLS
evoo-adulteration,5,7,-0.6382607063655821,CARSPLS
evoo-adulteration,5,8,-0.8395199128777022,CARSPLS
evoo-adulteration,5,9,-0.837418136181256,CARSPLS
evoo-adulteration,5,10,-1.992947787971037,CARSPLS
evoo-adulteration,5,11,-5.6452158387925975,CARSPLS
evoo-adulteration,5,12,-1.029681244772194,CARSPLS
evoo-adulteration,5,13,-0.0725700926569274,CARSPLS
evoo-adulteration,5,14,-0.1580260763749068,CARSPLS
evoo-adulteration,5,15,-0.6750816024649555,CARSPLS
evoo-adulteration,5,16,-0.0110353619473966,CARSPLS
evoo-adulteration,5,17,-1.1975961288720032,CARSPLS
evoo-adulteration,5,18,-1.1304059232410033,CARSPLS
evoo-adulteration,5,19,-0.5724173024747512,CARSPLS
evoo-adulteration,5,20,-7.834802947219469,CARSPLS
evoo-adulteration,5,21,-0.9252132660777854,CARSPLS
evoo-adulteration,5,22,-1.2051012058734805,CARSPLS
evoo-adulteration,5,23,-0.0761993053496041,CARSPLS
evoo-adulteration,5,24,-3.5885252501268727,CARSPLS
evoo-adulteration,5,25,-3.171118767278746,CARSPLS
evoo-adulteration,5,26,-29.96096705565511,CARSPLS
evoo-adulteration,5,27,-0.1685584523040395,CARSPLS
evoo-adulteration,5,28,-0.7476640100377052,CARSPLS
evoo-adulteration,5,29,-3.4344513194368096,CARSPLS
evoo-adulteration,10,0,-0.3443093033505777,CARSPLS
evoo-adulteration,10,1,-6.198500346419739,CARSPLS
evoo-adulteration,10,2,-0.8553403618102198,CARSPLS
evoo-adulteration,10,3,-1.896202564736158,CARSPLS
evoo-adulteration,10,4,-0.6120161230008918,CARSPLS
evoo-adulteration,10,5,-0.7969423361021954,CARSPLS
evoo-adulteration,10,6,-1.2105942765829418,CARSPLS
evoo-adulteration,10,7,0.1590778752746848,CARSPLS
evoo-adulteration,10,8,-0.6070882915082672,CARSPLS
evoo-adulteration,10,9,-12.08306934955166,CARSPLS
evoo-adulteration,10,10,-0.9621718445576684,CARSPLS
evoo-adulteration,10,11,-0.917597834883157,CARSPLS
evoo-adulteration,10,12,-0.4402617238905999,CARSPLS
evoo-adulteration,10,13,-0.2399950830446668,CARSPLS
evoo-adulteration,10,14,0.2712131707029201,CARSPLS
evoo-adulteration,10,15,-1.81277494986532,CARSPLS
evoo-adulteration,10,16,-0.8564185106597224,CARSPLS
evoo-adulteration,10,17,-0.9903908981820096,CARSPLS
evoo-adulteration,10,18,-3.5843119204895557,CARSPLS
evoo-adulteration,10,19,-0.0003906449409381,CARSPLS
evoo-adulteration,10,20,-1.8200269835151357,CARSPLS
evoo-adulteration,10,21,-0.4679971191910514,CARSPLS
evoo-adulteration,10,22,-0.9272726097818562,CARSPLS
evoo-adulteration,10,23,-0.0572684380784913,CARSPLS
evoo-adulteration,10,24,-0.1751939714190618,CARSPLS
evoo-adulteration,10,25,0.1496480944982638,CARSPLS
evoo-adulteration,10,26,-2.710415573658984,CARSPLS
evoo-adulteration,10,27,-0.2401629368851947,CARSPLS
evoo-adulteration,10,28,-1.7145036946843013,CARSPLS
evoo-adulteration,10,29,-0.9223695306664206,CARSPLS
evoo-adulteration,20,0,-0.4096196786935755,CARSPLS
evoo-adulteration,20,1,0.1437762938012086,CARSPLS
evoo-adulteration,20,2,0.3255681030434753,CARSPLS
evoo-adulteration,20,3,0.1311223106698369,CARSPLS
evoo-adulteration,20,4,-0.0041434943875597,CARSPLS
evoo-adulteration,20,5,-0.0474758946494324,CARSPLS
evoo-adulteration,20,6,0.1195524815430089,CARSPLS
evoo-adulteration,20,7,0.3038952934756928,CARSPLS
evoo-adulteration,20,8,0.2399997530287733,CARSPLS
evoo-adulteration,20,9,0.0026321568333096,CARSPLS
evoo-adulteration,20,10,0.1192029246277076,CARSPLS
evoo-adulteration,20,11,0.4977691935682596,CARSPLS
evoo-adulteration,20,12,0.1299563526669758,CARSPLS
evoo-adulteration,20,13,-0.93897290899886,CARSPLS
evoo-adulteration,20,14,-1.246648505081501,CARSPLS
evoo-adulteration,20,15,-0.0501140944753875,CARSPLS
evoo-adulteration,20,16,0.0337270023744682,CARSPLS
evoo-adulteration,20,17,0.3413116558885458,CARSPLS
evoo-adulteration,20,18,-0.0046626136251257,CARSPLS
evoo-adulteration,20,19,0.2570383928227953,CARSPLS
evoo-adulteration,20,20,0.2151802947515502,CARSPLS
evoo-adulteration,20,21,0.3075505676698329,CARSPLS
evoo-adulteration,20,22,0.2197891505658794,CARSPLS
evoo-adulteration,20,23,0.4235309852938596,CARSPLS
evoo-adulteration,20,24,0.1882330862318105,CARSPLS
evoo-adulteration,20,25,-0.3170135180312452,CARSPLS
evoo-adulteration,20,26,-0.7171970453302312,CARSPLS
evoo-adulteration,20,27,-0.7225626668305065,CARSPLS
evoo-adulteration,20,28,-0.1495568953594361,CARSPLS
evoo-adulteration,20,29,0.2362007660983075,CARSPLS
gasoline-octane,5,0,0.8716229024150192,CARSPLS
gasoline-octane,5,1,0.3598845718819136,CARSPLS
gasoline-octane,5,2,0.6448952421998024,CARSPLS
gasoline-octane,5,3,0.675100960871224,CARSPLS
gasoline-octane,5,4,0.9141233621149,CARSPLS
gasoline-octane,5,5,0.4603066200237168,CARSPLS
gasoline-octane,5,6,-1.440160793169881,CARSPLS
gasoline-octane,5,7,0.8332942180529609,CARSPLS
gasoline-octane,5,8,0.9632447831248272,CARSPLS
gasoline-octane,5,9,0.5843641992447663,CARSPLS
gasoline-octane,5,10,-0.3297487261856895,CARSPLS
gasoline-octane,5,11,0.039404826250616,CARSPLS
gasoline-octane,5,12,0.9286338088192287,CARSPLS
gasoline-octane,5,13,0.460178500456847,CARSPLS
gasoline-octane,5,14,0.9110412675567684,CARSPLS
gasoline-octane,5,15,0.144644522516633,CARSPLS
gasoline-octane,5,16,0.9347476029778384,CARSPLS
gasoline-octane,5,17,0.2962409233950812,CARSPLS
gasoline-octane,5,18,-0.9942911046440436,CARSPLS
gasoline-octane,5,19,-0.0582785013497109,CARSPLS
gasoline-octane,5,20,0.7449884103863891,CARSPLS
gasoline-octane,5,21,-1.758645858142502,CARSPLS
gasoline-octane,5,22,-0.2639258580572841,CARSPLS
gasoline-octane,5,23,0.1774977941791679,CARSPLS
gasoline-octane,5,24,0.8949796053936554,CARSPLS
gasoline-octane,5,25,0.5345353946095568,CARSPLS
gasoline-octane,5,26,-2.2190669255800786,CARSPLS
gasoline-octane,5,27,0.8802251686461945,CARSPLS
gasoline-octane,5,28,0.6369565513744595,CARSPLS
gasoline-octane,5,29,0.6848712149611901,CARSPLS
gasoline-octane,10,0,0.9683316163192373,CARSPLS
gasoline-octane,10,1,0.8714253839393071,CARSPLS
gasoline-octane,10,2,0.8803223661712736,CARSPLS
gasoline-octane,10,3,0.9039391206544092,CARSPLS
gasoline-octane,10,4,0.9290111591322676,CARSPLS
gasoline-octane,10,5,0.8839263946163819,CARSPLS
gasoline-octane,10,6,0.9208243597248872,CARSPLS
gasoline-octane,10,7,0.7105927236464562,CARSPLS
gasoline-octane,10,8,0.6213443892282429,CARSPLS
gasoline-octane,10,9,0.8247254556353871,CARSPLS
gasoline-octane,10,10,0.8602313089983016,CARSPLS
gasoline-octane,10,11,0.9048537355347304,CARSPLS
gasoline-octane,10,12,0.9156776353907304,CARSPLS
gasoline-octane,10,13,0.9497727561869642,CARSPLS
gasoline-octane,10,14,0.9722900619056184,CARSPLS
gasoline-octane,10,15,0.8831276083902553,CARSPLS
gasoline-octane,10,16,0.7901278085095178,CARSPLS
gasoline-octane,10,17,0.942673108932542,CARSPLS
gasoline-octane,10,18,0.7822913379086723,CARSPLS
gasoline-octane,10,19,0.6455819488034027,CARSPLS
gasoline-octane,10,20,0.9585891279901896,CARSPLS
gasoline-octane,10,21,0.94369431629854,CARSPLS
gasoline-octane,10,22,0.9423231920631656,CARSPLS
gasoline-octane,10,23,0.9572714247443412,CARSPLS
gasoline-octane,10,24,0.90039966624914,CARSPLS
gasoline-octane,10,25,0.978910763253982,CARSPLS
gasoline-octane,10,26,0.9549404370281308,CARSPLS
gasoline-octane,10,27,0.7234719050894892,CARSPLS
gasoline-octane,10,28,0.656302783322698,CARSPLS
gasoline-octane,10,29,0.6347643975102453,CARSPLS
gasoline-octane,20,0,0.965644255862344,CARSPLS
gasoline-octane,20,1,0.958850529125104,CARSPLS
gasoline-octane,20,2,0.969706278056164,CARSPLS
gasoline-octane,20,3,0.9377294581061736,CARSPLS
gasoline-octane,20,4,0.9054064736766568,CARSPLS
gasoline-octane,20,5,0.9693871290207674,CARSPLS
gasoline-octane,20,6,0.978326769494648,CARSPLS
gasoline-octane,20,7,0.9683339125605284,CARSPLS
gasoline-octane,20,8,0.962755690471886,CARSPLS
gasoline-octane,20,9,0.8774352501048681,CARSPLS
gasoline-octane,20,10,0.9750181981762636,CARSPLS
gasoline-octane,20,11,0.926971449221332,CARSPLS
gasoline-octane,20,12,0.9309139638908464,CARSPLS
gasoline-octane,20,13,0.9208532236989826,CARSPLS
gasoline-octane,20,14,0.9708607628783876,CARSPLS
gasoline-octane,20,15,0.9476900191358724,CARSPLS
gasoline-octane,20,16,0.9227424852233292,CARSPLS
gasoline-octane,20,17,0.9807256396475684,CARSPLS
gasoline-octane,20,18,0.9710957442507104,CARSPLS
gasoline-octane,20,19,0.9508160378000878,CARSPLS
gasoline-octane,20,20,0.97550724525193,CARSPLS
gasoline-octane,20,21,0.9354927909577628,CARSPLS
gasoline-octane,20,22,0.9744357507232252,CARSPLS
gasoline-octane,20,23,0.9358692580965052,CARSPLS
gasoline-octane,20,24,0.8607380144342395,CARSPLS
gasoline-octane,20,25,0.9646655189710368,CARSPLS
gasoline-octane,20,26,0.9715332183827128,CARSPLS
gasoline-octane,20,27,0.9570546459985366,CARSPLS
gasoline-octane,20,28,0.9791034842421928,CARSPLS
gasoline-octane,20,29,0.8526129879749667,CARSPLS
corn_m5-moisture,5,0,-0.0805089982049449,kNN
corn_m5-moisture,5,1,0.1371261423808049,kNN
corn_m5-moisture,5,2,0.0417507373787386,kNN
corn_m5-moisture,5,3,0.1246024359842051,kNN
corn_m5-moisture,5,4,-0.0706318746376262,kNN
corn_m5-moisture,5,5,0.126074416904653,kNN
corn_m5-moisture,5,6,0.1157698551003502,kNN
corn_m5-moisture,5,7,0.018797103948176,kNN
corn_m5-moisture,5,8,0.0368325212750995,kNN
corn_m5-moisture,5,9,0.22884569685801,kNN
corn_m5-moisture,5,10,0.1836936700529614,kNN
corn_m5-moisture,5,11,0.2247584367299293,kNN
corn_m5-moisture,5,12,0.2013568185371066,kNN
corn_m5-moisture,5,13,-0.0798437319953022,kNN
corn_m5-moisture,5,14,-0.7910052286415876,kNN
corn_m5-moisture,5,15,-0.2038080777873736,kNN
corn_m5-moisture,5,16,-0.1697640272705218,kNN
corn_m5-moisture,5,17,-0.3912957265746231,kNN
corn_m5-moisture,5,18,-1.5233196401144395,kNN
corn_m5-moisture,5,19,0.2363013038958459,kNN
corn_m5-moisture,5,20,-0.0918060437295607,kNN
corn_m5-moisture,5,21,0.2988998175606524,kNN
corn_m5-moisture,5,22,0.1168843982233366,kNN
corn_m5-moisture,5,23,0.0699069747829858,kNN
corn_m5-moisture,5,24,0.2440365732334236,kNN
corn_m5-moisture,5,25,0.0642480618300657,kNN
corn_m5-moisture,5,26,0.106709089960298,kNN
corn_m5-moisture,5,27,0.0021622002641926,kNN
corn_m5-moisture,5,28,0.262681743915396,kNN
corn_m5-moisture,5,29,0.0599941965151998,kNN
corn_m5-moisture,10,0,-1.4827955458099416,kNN
corn_m5-moisture,10,1,-0.0149822946215341,kNN
corn_m5-moisture,10,2,0.2771273771504079,kNN
corn_m5-moisture,10,3,0.2592284004164114,kNN
corn_m5-moisture,10,4,0.310088979954527,kNN
corn_m5-moisture,10,5,-0.3286606641762029,kNN
corn_m5-moisture,10,6,0.012759816005323,kNN
corn_m5-moisture,10,7,-0.0094324262712843,kNN
corn_m5-moisture,10,8,0.1861739598153576,kNN
corn_m5-moisture,10,9,0.119512222350635,kNN
corn_m5-moisture,10,10,0.0785920253892222,kNN
corn_m5-moisture,10,11,0.1132830616298971,kNN
corn_m5-moisture,10,12,0.205963583963475,kNN
corn_m5-moisture,10,13,0.1775206736365154,kNN
corn_m5-moisture,10,14,0.2001678365730342,kNN
corn_m5-moisture,10,15,0.2707867214493499,kNN
corn_m5-moisture,10,16,0.1630659148760267,kNN
corn_m5-moisture,10,17,-0.505034118530465,kNN
corn_m5-moisture,10,18,0.1502637661999653,kNN
corn_m5-moisture,10,19,0.2488421505801274,kNN
corn_m5-moisture,10,20,0.1762038972335889,kNN
corn_m5-moisture,10,21,0.2015600863385143,kNN
corn_m5-moisture,10,22,0.1805894423211564,kNN
corn_m5-moisture,10,23,0.2184752713057228,kNN
corn_m5-moisture,10,24,0.1559930573981859,kNN
corn_m5-moisture,10,25,0.2151989202721966,kNN
corn_m5-moisture,10,26,0.40457610905507,kNN
corn_m5-moisture,10,27,0.1006683694140322,kNN
corn_m5-moisture,10,28,0.2799424103847684,kNN
corn_m5-moisture,10,29,0.1916160404716642,kNN
corn_m5-moisture,20,0,0.3356932350739854,kNN
corn_m5-moisture,20,1,0.1914164936131509,kNN
corn_m5-moisture,20,2,0.2595844148015553,kNN
corn_m5-moisture,20,3,0.1505464209388592,kNN
corn_m5-moisture,20,4,0.3330435965955323,kNN
corn_m5-moisture,20,5,0.4307081031659153,kNN
corn_m5-moisture,20,6,0.0594762336553563,kNN
corn_m5-moisture,20,7,0.2599678530601501,kNN
corn_m5-moisture,20,8,0.1535156044357282,kNN
corn_m5-moisture,20,9,0.4138557259341754,kNN
corn_m5-moisture,20,10,-0.0262931729143847,kNN
corn_m5-moisture,20,11,0.1257427370888865,kNN
corn_m5-moisture,20,12,0.3526885842711723,kNN
corn_m5-moisture,20,13,-0.1618115161376594,kNN
corn_m5-moisture,20,14,0.3443215998974037,kNN
corn_m5-moisture,20,15,0.0413460270666633,kNN
corn_m5-moisture,20,16,0.388132725682027,kNN
corn_m5-moisture,20,17,0.3356317503125264,kNN
corn_m5-moisture,20,18,0.2544857562907865,kNN
corn_m5-moisture,20,19,0.3340950381702284,kNN
corn_m5-moisture,20,20,0.00430850069654,kNN
corn_m5-moisture,20,21,0.3392684620601391,kNN
corn_m5-moisture,20,22,0.3786927181297594,kNN
corn_m5-moisture,20,23,0.3198684954995532,kNN
corn_m5-moisture,20,24,0.3527839545749587,kNN
corn_m5-moisture,20,25,0.2812022036540097,kNN
corn_m5-moisture,20,26,0.1953148013309509,kNN
corn_m5-moisture,20,27,0.1132689595062952,kNN
corn_m5-moisture,20,28,-1.0306717326469776,kNN
corn_m5-moisture,20,29,0.3959355383600615,kNN
corn_m5-oil,5,0,-0.7303606441106107,kNN
corn_m5-oil,5,1,-0.4122712594625117,kNN
corn_m5-oil,5,2,-0.1455740630264432,kNN
corn_m5-oil,5,3,-0.6842279038993786,kNN
corn_m5-oil,5,4,-0.6795580263365946,kNN
corn_m5-oil,5,5,-0.4362871504649255,kNN
corn_m5-oil,5,6,0.0882082828329735,kNN
corn_m5-oil,5,7,-0.1169921496925587,kNN
corn_m5-oil,5,8,-0.4451813964683193,kNN
corn_m5-oil,5,9,-0.1796875248665634,kNN
corn_m5-oil,5,10,0.0948733937092187,kNN
corn_m5-oil,5,11,-0.0529168409988598,kNN
corn_m5-oil,5,12,0.0273827054793845,kNN
corn_m5-oil,5,13,0.0905589229447377,kNN
corn_m5-oil,5,14,-0.0492149350573394,kNN
corn_m5-oil,5,15,-0.7210600113724979,kNN
corn_m5-oil,5,16,-0.5908654996288587,kNN
corn_m5-oil,5,17,0.1239746269063266,kNN
corn_m5-oil,5,18,-2.381131365101269,kNN
corn_m5-oil,5,19,-0.0758049552197215,kNN
corn_m5-oil,5,20,-0.0912975473038362,kNN
corn_m5-oil,5,21,-0.4557554257779095,kNN
corn_m5-oil,5,22,-0.3959624255121705,kNN
corn_m5-oil,5,23,0.0661550016255733,kNN
corn_m5-oil,5,24,-0.1298052951956674,kNN
corn_m5-oil,5,25,-0.1738729483487195,kNN
corn_m5-oil,5,26,0.1680444981377664,kNN
corn_m5-oil,5,27,-0.19040111313229,kNN
corn_m5-oil,5,28,-0.7251401924062182,kNN
corn_m5-oil,5,29,-0.2405016744609189,kNN
corn_m5-oil,10,0,-0.0051987364853263,kNN
corn_m5-oil,10,1,-0.2827110987805246,kNN
corn_m5-oil,10,2,-0.0205001620571696,kNN
corn_m5-oil,10,3,0.2491264146435458,kNN
corn_m5-oil,10,4,0.0205142695529515,kNN
corn_m5-oil,10,5,0.1730072815092698,kNN
corn_m5-oil,10,6,-0.0995687218768071,kNN
corn_m5-oil,10,7,-0.0977872041111498,kNN
corn_m5-oil,10,8,0.2756193503089506,kNN
corn_m5-oil,10,9,0.0506585544264055,kNN
corn_m5-oil,10,10,-0.1441311103078033,kNN
corn_m5-oil,10,11,-0.2250874610363662,kNN
corn_m5-oil,10,12,0.0866547513144784,kNN
corn_m5-oil,10,13,0.0034576016145639,kNN
corn_m5-oil,10,14,-0.3045412638946794,kNN
corn_m5-oil,10,15,-0.3403553685584191,kNN
corn_m5-oil,10,16,0.0225915495428665,kNN
corn_m5-oil,10,17,0.1580303659656882,kNN
corn_m5-oil,10,18,0.1081930572740141,kNN
corn_m5-oil,10,19,-0.237315241178718,kNN
corn_m5-oil,10,20,-0.8783854934334356,kNN
corn_m5-oil,10,21,-0.8528850650597453,kNN
corn_m5-oil,10,22,0.2307707284635178,kNN
corn_m5-oil,10,23,0.1220477854423516,kNN
corn_m5-oil,10,24,0.2150613269546174,kNN
corn_m5-oil,10,25,0.254281318266883,kNN
corn_m5-oil,10,26,0.0686132214013643,kNN
corn_m5-oil,10,27,-0.1015193423175686,kNN
corn_m5-oil,10,28,-0.161847433097749,kNN
corn_m5-oil,10,29,0.0378120695812269,kNN
corn_m5-oil,20,0,0.2538239784851998,kNN
corn_m5-oil,20,1,0.222422676829834,kNN
corn_m5-oil,20,2,0.1273520956357005,kNN
corn_m5-oil,20,3,0.2606535614327607,kNN
corn_m5-oil,20,4,0.1200411362697982,kNN
corn_m5-oil,20,5,0.4123039703121158,kNN
corn_m5-oil,20,6,0.2648338935540678,kNN
corn_m5-oil,20,7,0.2109988202383244,kNN
corn_m5-oil,20,8,0.2205598510936917,kNN
corn_m5-oil,20,9,0.3210896427940577,kNN
corn_m5-oil,20,10,-0.0063359353363987,kNN
corn_m5-oil,20,11,0.3462194085048954,kNN
corn_m5-oil,20,12,0.2432334908980192,kNN
corn_m5-oil,20,13,0.242402896398308,kNN
corn_m5-oil,20,14,0.2003631721118109,kNN
corn_m5-oil,20,15,0.1850070622412061,kNN
corn_m5-oil,20,16,0.3023135525664658,kNN
corn_m5-oil,20,17,0.4364727778521591,kNN
corn_m5-oil,20,18,0.3123454023153882,kNN
corn_m5-oil,20,19,-0.557372031546481,kNN
corn_m5-oil,20,20,0.1950609983750719,kNN
corn_m5-oil,20,21,0.2415553379374765,kNN
corn_m5-oil,20,22,0.0735164395561219,kNN
corn_m5-oil,20,23,0.296149090867211,kNN
corn_m5-oil,20,24,0.2000487022686852,kNN
corn_m5-oil,20,25,-0.0229330159611014,kNN
corn_m5-oil,20,26,-0.1332517793859076,kNN
corn_m5-oil,20,27,0.2621709228424801,kNN
corn_m5-oil,20,28,-0.0321097364844791,kNN
corn_m5-oil,20,29,0.3883866266674111,kNN
corn_m5-protein,5,0,0.1273957358307259,kNN
corn_m5-protein,5,1,0.1087038761644977,kNN
corn_m5-protein,5,2,0.0416147583181486,kNN
corn_m5-protein,5,3,0.2015055262689352,kNN
corn_m5-protein,5,4,-0.5005306921754107,kNN
corn_m5-protein,5,5,0.1832264000023497,kNN
corn_m5-protein,5,6,0.0981708928822077,kNN
corn_m5-protein,5,7,0.273778866836444,kNN
corn_m5-protein,5,8,-0.0406632853098241,kNN
corn_m5-protein,5,9,-1.9058980966675825,kNN
corn_m5-protein,5,10,0.1356746682805283,kNN
corn_m5-protein,5,11,-0.1910925942687,kNN
corn_m5-protein,5,12,-0.2400354002555469,kNN
corn_m5-protein,5,13,-0.0748946969782806,kNN
corn_m5-protein,5,14,-0.3148522194959327,kNN
corn_m5-protein,5,15,-0.5411497431942514,kNN
corn_m5-protein,5,16,-0.1307842675949095,kNN
corn_m5-protein,5,17,0.3173821996343603,kNN
corn_m5-protein,5,18,-1.644167443029684,kNN
corn_m5-protein,5,19,-0.2620070555679565,kNN
corn_m5-protein,5,20,-0.3363214378137173,kNN
corn_m5-protein,5,21,-0.2430180849160663,kNN
corn_m5-protein,5,22,-0.0852388186868728,kNN
corn_m5-protein,5,23,-0.2582058098949309,kNN
corn_m5-protein,5,24,-0.1708264983630507,kNN
corn_m5-protein,5,25,-0.2124225701155773,kNN
corn_m5-protein,5,26,-0.3405861330393598,kNN
corn_m5-protein,5,27,-0.0834521624661801,kNN
corn_m5-protein,5,28,-0.2897885846089265,kNN
corn_m5-protein,5,29,-0.4089945028857453,kNN
corn_m5-protein,10,0,0.231248960416315,kNN
corn_m5-protein,10,1,0.2259236692477978,kNN
corn_m5-protein,10,2,0.0916033043015576,kNN
corn_m5-protein,10,3,-0.0903917296519849,kNN
corn_m5-protein,10,4,0.3292099758951778,kNN
corn_m5-protein,10,5,0.1649970011033203,kNN
corn_m5-protein,10,6,0.3516077015782956,kNN
corn_m5-protein,10,7,0.1228897327394094,kNN
corn_m5-protein,10,8,0.3431053982873885,kNN
corn_m5-protein,10,9,-0.0140314703657564,kNN
corn_m5-protein,10,10,0.0437665105095184,kNN
corn_m5-protein,10,11,-0.2562601162270594,kNN
corn_m5-protein,10,12,-0.0522132835116468,kNN
corn_m5-protein,10,13,-0.0145671653902581,kNN
corn_m5-protein,10,14,0.2990247148115749,kNN
corn_m5-protein,10,15,0.2994230107663578,kNN
corn_m5-protein,10,16,0.1530792106495572,kNN
corn_m5-protein,10,17,-0.3966134724718391,kNN
corn_m5-protein,10,18,-0.1033025585440958,kNN
corn_m5-protein,10,19,-0.0844831780485082,kNN
corn_m5-protein,10,20,-0.4234568022372744,kNN
corn_m5-protein,10,21,0.1890906216733744,kNN
corn_m5-protein,10,22,-0.1886542635921677,kNN
corn_m5-protein,10,23,0.2823172677088984,kNN
corn_m5-protein,10,24,0.2441089401411872,kNN
corn_m5-protein,10,25,-0.009034150103099,kNN
corn_m5-protein,10,26,0.1446479066576073,kNN
corn_m5-protein,10,27,0.2843777202291111,kNN
corn_m5-protein,10,28,0.1617731335288639,kNN
corn_m5-protein,10,29,0.1735835990785327,kNN
corn_m5-protein,20,0,0.4228782930497846,kNN
corn_m5-protein,20,1,0.2862666071845197,kNN
corn_m5-protein,20,2,0.28036919202638,kNN
corn_m5-protein,20,3,-0.0944942711196545,kNN
corn_m5-protein,20,4,0.4061758667565076,kNN
corn_m5-protein,20,5,0.4532249651156949,kNN
corn_m5-protein,20,6,0.4329599061586781,kNN
corn_m5-protein,20,7,0.3103467287470347,kNN
corn_m5-protein,20,8,0.419340805142517,kNN
corn_m5-protein,20,9,0.3759431644930456,kNN
corn_m5-protein,20,10,0.3057099040330449,kNN
corn_m5-protein,20,11,0.4113137541285119,kNN
corn_m5-protein,20,12,0.4038336565850604,kNN
corn_m5-protein,20,13,0.1679058269096861,kNN
corn_m5-protein,20,14,0.4124168227219804,kNN
corn_m5-protein,20,15,0.3328707245876242,kNN
corn_m5-protein,20,16,0.3796127694522824,kNN
corn_m5-protein,20,17,0.0100654152107768,kNN
corn_m5-protein,20,18,0.4185646214870325,kNN
corn_m5-protein,20,19,0.1404540765438013,kNN
corn_m5-protein,20,20,0.3662256268407605,kNN
corn_m5-protein,20,21,0.2977280964764294,kNN
corn_m5-protein,20,22,0.0800385263176963,kNN
corn_m5-protein,20,23,0.4405398617221957,kNN
corn_m5-protein,20,24,0.360171606112167,kNN
corn_m5-protein,20,25,0.2636366574026841,kNN
corn_m5-protein,20,26,0.2548178508061348,kNN
corn_m5-protein,20,27,0.3667215987047314,kNN
corn_m5-protein,20,28,-0.0586249529794973,kNN
corn_m5-protein,20,29,-0.0577467631816781,kNN
corn_m5-starch,5,0,-0.2412134582724503,kNN
corn_m5-starch,5,1,-0.1164403957119331,kNN
corn_m5-starch,5,2,-0.0569088397187043,kNN
corn_m5-starch,5,3,0.0041541446307389,kNN
corn_m5-starch,5,4,-0.3151618176917488,kNN
corn_m5-starch,5,5,-0.0331212954774018,kNN
corn_m5-starch,5,6,-0.1444407173967574,kNN
corn_m5-starch,5,7,-0.2040098178619263,kNN
corn_m5-starch,5,8,-0.0090460281149542,kNN
corn_m5-starch,5,9,-2.3697866514229218,kNN
corn_m5-starch,5,10,-0.0416323311957451,kNN
corn_m5-starch,5,11,-0.3333633013591845,kNN
corn_m5-starch,5,12,-0.480074005702362,kNN
corn_m5-starch,5,13,-0.0447128671894234,kNN
corn_m5-starch,5,14,-0.2470909402417826,kNN
corn_m5-starch,5,15,-0.3134642537520218,kNN
corn_m5-starch,5,16,-1.9598907352273551,kNN
corn_m5-starch,5,17,0.1244965228982228,kNN
corn_m5-starch,5,18,-0.1561608200068092,kNN
corn_m5-starch,5,19,-0.2089608087260612,kNN
corn_m5-starch,5,20,-0.3549803854816213,kNN
corn_m5-starch,5,21,-0.1696713139843486,kNN
corn_m5-starch,5,22,-0.5574224259740828,kNN
corn_m5-starch,5,23,-0.1617442106155171,kNN
corn_m5-starch,5,24,-0.4680034464175566,kNN
corn_m5-starch,5,25,-0.0473441164403747,kNN
corn_m5-starch,5,26,-0.128237938265719,kNN
corn_m5-starch,5,27,-0.9381813340634388,kNN
corn_m5-starch,5,28,-0.904811068443384,kNN
corn_m5-starch,5,29,-0.8017902783297972,kNN
corn_m5-starch,10,0,-0.3123650409995779,kNN
corn_m5-starch,10,1,0.0975458186557929,kNN
corn_m5-starch,10,2,-0.0434644453556112,kNN
corn_m5-starch,10,3,-0.3313393524573484,kNN
corn_m5-starch,10,4,0.094172208800709,kNN
corn_m5-starch,10,5,0.0645157003555626,kNN
corn_m5-starch,10,6,-0.093022986220957,kNN
corn_m5-starch,10,7,-0.0267345075521414,kNN
corn_m5-starch,10,8,0.0061376582554278,kNN
corn_m5-starch,10,9,-0.2219598249198799,kNN
corn_m5-starch,10,10,0.0979192338956213,kNN
corn_m5-starch,10,11,-0.7218273693758528,kNN
corn_m5-starch,10,12,-0.0809143140119941,kNN
corn_m5-starch,10,13,-0.237461159827526,kNN
corn_m5-starch,10,14,-0.1007152728338458,kNN
corn_m5-starch,10,15,0.0710730100608701,kNN
corn_m5-starch,10,16,-0.1224252256163733,kNN
corn_m5-starch,10,17,-0.0902303942013982,kNN
corn_m5-starch,10,18,-0.3159620881086249,kNN
corn_m5-starch,10,19,-0.2256687625161719,kNN
corn_m5-starch,10,20,-1.347040552477674,kNN
corn_m5-starch,10,21,-0.0699352272337192,kNN
corn_m5-starch,10,22,-0.5779566502992555,kNN
corn_m5-starch,10,23,0.0933939937136687,kNN
corn_m5-starch,10,24,0.0126233463639037,kNN
corn_m5-starch,10,25,0.0197648085840361,kNN
corn_m5-starch,10,26,-0.08376849300354,kNN
corn_m5-starch,10,27,0.0098028772336257,kNN
corn_m5-starch,10,28,-0.0126959862453617,kNN
corn_m5-starch,10,29,-0.2065554065474384,kNN
corn_m5-starch,20,0,0.1691125534493688,kNN
corn_m5-starch,20,1,-0.3880634385003689,kNN
corn_m5-starch,20,2,0.1021431533715344,kNN
corn_m5-starch,20,3,-0.3994823167660752,kNN
corn_m5-starch,20,4,0.2386593357365183,kNN
corn_m5-starch,20,5,0.153575003284822,kNN
corn_m5-starch,20,6,0.2206378514494733,kNN
corn_m5-starch,20,7,-0.2133367412161451,kNN
corn_m5-starch,20,8,0.2703960375315154,kNN
corn_m5-starch,20,9,0.0306252807766564,kNN
corn_m5-starch,20,10,0.0204113451059304,kNN
corn_m5-starch,20,11,0.0224395031342206,kNN
corn_m5-starch,20,12,0.0638572378978834,kNN
corn_m5-starch,20,13,0.3618386828974312,kNN
corn_m5-starch,20,14,0.1142080298740858,kNN
corn_m5-starch,20,15,0.0117636740040554,kNN
corn_m5-starch,20,16,0.2276566414636591,kNN
corn_m5-starch,20,17,-0.4098349802662815,kNN
corn_m5-starch,20,18,0.0177879450711822,kNN
corn_m5-starch,20,19,-0.1015198756545538,kNN
corn_m5-starch,20,20,-0.0732464144693514,kNN
corn_m5-starch,20,21,0.0049426662444055,kNN
corn_m5-starch,20,22,-0.1336209383298325,kNN
corn_m5-starch,20,23,0.2494809338307068,kNN
corn_m5-starch,20,24,0.1199450203492841,kNN
corn_m5-starch,20,25,-0.2270402433920992,kNN
corn_m5-starch,20,26,-0.370276000638619,kNN
corn_m5-starch,20,27,-0.3108639057582136,kNN
corn_m5-starch,20,28,0.1287042104951659,kNN
corn_m5-starch,20,29,-0.4900883566277014,kNN
diesel-BP50,5,0,-0.9446118838861908,kNN
diesel-BP50,5,1,-0.2437200858836816,kNN
diesel-BP50,5,2,0.0101061222415884,kNN
diesel-BP50,5,3,-0.5309404452227799,kNN
diesel-BP50,5,4,-0.2032365830704274,kNN
diesel-BP50,5,5,-0.1722764200625457,kNN
diesel-BP50,5,6,0.0141740059308786,kNN
diesel-BP50,5,7,0.1350827448423244,kNN
diesel-BP50,5,8,0.1347908595092765,kNN
diesel-BP50,5,9,-0.446024115806743,kNN
diesel-BP50,5,10,-0.0172840537925356,kNN
diesel-BP50,5,11,-1.3753625215722836,kNN
diesel-BP50,5,12,0.0123744139532002,kNN
diesel-BP50,5,13,0.0124801467007631,kNN
diesel-BP50,5,14,-0.1248471780354583,kNN
diesel-BP50,5,15,0.0635441406831256,kNN
diesel-BP50,5,16,-0.1922290292545994,kNN
diesel-BP50,5,17,-0.367146920043838,kNN
diesel-BP50,5,18,-0.5279899526041028,kNN
diesel-BP50,5,19,0.0088423657043846,kNN
diesel-BP50,5,20,0.1808750089671048,kNN
diesel-BP50,5,21,-0.2174799091819341,kNN
diesel-BP50,5,22,-1.04929684723562,kNN
diesel-BP50,5,23,-0.3682855355159906,kNN
diesel-BP50,5,24,-0.0402833979873296,kNN
diesel-BP50,5,25,0.2131241560447152,kNN
diesel-BP50,5,26,-0.5377915797267832,kNN
diesel-BP50,5,27,-0.172186090328154,kNN
diesel-BP50,5,28,-0.5556630812542076,kNN
diesel-BP50,5,29,-2.1648653234568576,kNN
diesel-BP50,10,0,-0.5316750912114663,kNN
diesel-BP50,10,1,0.091996208803055,kNN
diesel-BP50,10,2,0.0459486008269363,kNN
diesel-BP50,10,3,0.2063659396499749,kNN
diesel-BP50,10,4,-0.3190410152312295,kNN
diesel-BP50,10,5,0.0982747125642243,kNN
diesel-BP50,10,6,0.0144627868615876,kNN
diesel-BP50,10,7,-0.5519265785077472,kNN
diesel-BP50,10,8,-0.1057666428288877,kNN
diesel-BP50,10,9,0.0237815614380028,kNN
diesel-BP50,10,10,0.0529112208301943,kNN
diesel-BP50,10,11,-0.1771105168695772,kNN
diesel-BP50,10,12,0.124148949437655,kNN
diesel-BP50,10,13,0.0397467054551841,kNN
diesel-BP50,10,14,-0.0559935657085413,kNN
diesel-BP50,10,15,-0.0071992672218272,kNN
diesel-BP50,10,16,-0.0414187395916298,kNN
diesel-BP50,10,17,-0.0889999321799281,kNN
diesel-BP50,10,18,-0.4024498931030331,kNN
diesel-BP50,10,19,0.2065317125666691,kNN
diesel-BP50,10,20,0.2126439561481511,kNN
diesel-BP50,10,21,0.1708804342263102,kNN
diesel-BP50,10,22,0.1319379504313431,kNN
diesel-BP50,10,23,-0.1628647870893038,kNN
diesel-BP50,10,24,0.0654959231263052,kNN
diesel-BP50,10,25,-0.1295612999551605,kNN
diesel-BP50,10,26,-0.039501863706983,kNN
diesel-BP50,10,27,-0.0730092905742125,kNN
diesel-BP50,10,28,-0.0017798611332697,kNN
diesel-BP50,10,29,0.0227232946746596,kNN
diesel-BP50,20,0,-0.0053333942141184,kNN
diesel-BP50,20,1,0.1848086759300353,kNN
diesel-BP50,20,2,-0.1274353195509565,kNN
diesel-BP50,20,3,0.141985105792735,kNN
diesel-BP50,20,4,0.0509389913617726,kNN
diesel-BP50,20,5,0.2306034439838085,kNN
diesel-BP50,20,6,0.1788305605058765,kNN
diesel-BP50,20,7,0.1367113288699094,kNN
diesel-BP50,20,8,-0.0030322946965755,kNN
diesel-BP50,20,9,-0.1483517087464574,kNN
diesel-BP50,20,10,0.1898810837946922,kNN
diesel-BP50,20,11,0.1124895597226014,kNN
diesel-BP50,20,12,0.0661611682376491,kNN
diesel-BP50,20,13,0.2379880897697797,kNN
diesel-BP50,20,14,-0.0001900907842597,kNN
diesel-BP50,20,15,-0.1445390550489531,kNN
diesel-BP50,20,16,0.0313067207298848,kNN
diesel-BP50,20,17,0.2013730816970453,kNN
diesel-BP50,20,18,-0.5147970458034947,kNN
diesel-BP50,20,19,0.1921255653940029,kNN
diesel-BP50,20,20,0.0421736141205136,kNN
diesel-BP50,20,21,-0.0851544915286852,kNN
diesel-BP50,20,22,0.1607059051533861,kNN
diesel-BP50,20,23,-0.2550354485731834,kNN
diesel-BP50,20,24,0.1333947968673933,kNN
diesel-BP50,20,25,0.220838344098334,kNN
diesel-BP50,20,26,-0.2778330630497814,kNN
diesel-BP50,20,27,0.2153219867472756,kNN
diesel-BP50,20,28,0.2215511122291158,kNN
diesel-BP50,20,29,-0.0669045098304259,kNN
diesel-CN,5,0,-0.0016696577254273,kNN
diesel-CN,5,1,0.0094759603774035,kNN
diesel-CN,5,2,-0.0101786773427048,kNN
diesel-CN,5,3,-0.2185189841902266,kNN
diesel-CN,5,4,-0.0116549067426143,kNN
diesel-CN,5,5,0.108130919725089,kNN
diesel-CN,5,6,0.0342512032983464,kNN
diesel-CN,5,7,0.0662455300023471,kNN
diesel-CN,5,8,-0.2698440150439769,kNN
diesel-CN,5,9,0.1271369452184446,kNN
diesel-CN,5,10,0.0638318660633843,kNN
diesel-CN,5,11,-0.3813534984069548,kNN
diesel-CN,5,12,-0.3630772501809403,kNN
diesel-CN,5,13,-0.0106312401648926,kNN
diesel-CN,5,14,-0.157733963278579,kNN
diesel-CN,5,15,-0.0672713323049651,kNN
diesel-CN,5,16,-0.0033618220388327,kNN
diesel-CN,5,17,0.1861595241847518,kNN
diesel-CN,5,18,-0.4422868604195951,kNN
diesel-CN,5,19,-0.1041756018932313,kNN
diesel-CN,5,20,0.04507142913399,kNN
diesel-CN,5,21,0.1953839451808682,kNN
diesel-CN,5,22,-0.0155849106939027,kNN
diesel-CN,5,23,-0.2022160701267792,kNN
diesel-CN,5,24,-0.048008269811155,kNN
diesel-CN,5,25,0.0798150076329631,kNN
diesel-CN,5,26,0.1276526947768905,kNN
diesel-CN,5,27,0.1220647258146657,kNN
diesel-CN,5,28,-0.1728931437421614,kNN
diesel-CN,5,29,-0.2447919921419747,kNN
diesel-CN,10,0,-0.2453070748682513,kNN
diesel-CN,10,1,0.1921698063264196,kNN
diesel-CN,10,2,-0.1921080794819685,kNN
diesel-CN,10,3,0.1355107015306365,kNN
diesel-CN,10,4,0.1767543932790807,kNN
diesel-CN,10,5,0.1191647794423982,kNN
diesel-CN,10,6,0.1457270311583572,kNN
diesel-CN,10,7,0.0723220992191854,kNN
diesel-CN,10,8,0.1692010820899152,kNN
diesel-CN,10,9,0.0895767230638034,kNN
diesel-CN,10,10,-0.924961371552986,kNN
diesel-CN,10,11,-0.0261529266691094,kNN
diesel-CN,10,12,0.1514081325771025,kNN
diesel-CN,10,13,-0.0718551546985308,kNN
diesel-CN,10,14,0.1995552117393966,kNN
diesel-CN,10,15,0.1678675216155546,kNN
diesel-CN,10,16,0.0832556341756983,kNN
diesel-CN,10,17,-1.4385167211055068,kNN
diesel-CN,10,18,0.1335875831448539,kNN
diesel-CN,10,19,0.0418149885502362,kNN
diesel-CN,10,20,0.1933270737154852,kNN
diesel-CN,10,21,-0.0924863072280912,kNN
diesel-CN,10,22,-0.2673771294831344,kNN
diesel-CN,10,23,0.1392314678994863,kNN
diesel-CN,10,24,0.1480411842387182,kNN
diesel-CN,10,25,0.0806294052133098,kNN
diesel-CN,10,26,0.1583554690049199,kNN
diesel-CN,10,27,0.172452898688982,kNN
diesel-CN,10,28,0.0276838040330682,kNN
diesel-CN,10,29,0.1411281286647352,kNN
diesel-CN,20,0,0.1549992423795915,kNN
diesel-CN,20,1,0.0620673453588841,kNN
diesel-CN,20,2,0.2497437057818605,kNN
diesel-CN,20,3,0.1471017648115118,kNN
diesel-CN,20,4,0.1320363329058126,kNN
diesel-CN,20,5,0.2289626016200646,kNN
diesel-CN,20,6,0.267504255441585,kNN
diesel-CN,20,7,0.0910100681734557,kNN
diesel-CN,20,8,0.1039908222683614,kNN
diesel-CN,20,9,0.1373621652251511,kNN
diesel-CN,20,10,-0.1105522296601086,kNN
diesel-CN,20,11,0.1817020319273868,kNN
diesel-CN,20,12,-0.1362200951929475,kNN
diesel-CN,20,13,0.1687051889441013,kNN
diesel-CN,20,14,0.1180993505991395,kNN
diesel-CN,20,15,0.2929852591287398,kNN
diesel-CN,20,16,0.2579701819497115,kNN
diesel-CN,20,17,0.2074294953931695,kNN
diesel-CN,20,18,0.1997920199286481,kNN
diesel-CN,20,19,0.0922534309308708,kNN
diesel-CN,20,20,-0.0801436135802835,kNN
diesel-CN,20,21,-0.0018399722922974,kNN
diesel-CN,20,22,0.1840771830018177,kNN
diesel-CN,20,23,0.2543974867855121,kNN
diesel-CN,20,24,0.2584018503423207,kNN
diesel-CN,20,25,0.1276917873452514,kNN
diesel-CN,20,26,0.1769999403091009,kNN
diesel-CN,20,27,0.1020915402658617,kNN
diesel-CN,20,28,0.1698908915500494,kNN
diesel-CN,20,29,0.1914213088214051,kNN
diesel-D4052,5,0,-0.4182656319536217,kNN
diesel-D4052,5,1,-0.519125428423141,kNN
diesel-D4052,5,2,-0.9266485997241238,kNN
diesel-D4052,5,3,-0.1660827699682887,kNN
diesel-D4052,5,4,0.1903925335845391,kNN
diesel-D4052,5,5,-0.2458921826405351,kNN
diesel-D4052,5,6,-0.7397725270655953,kNN
diesel-D4052,5,7,0.1482865273167983,kNN
diesel-D4052,5,8,0.0486999781747977,kNN
diesel-D4052,5,9,0.1627200889658846,kNN
diesel-D4052,5,10,0.171817845804448,kNN
diesel-D4052,5,11,-0.120220669269389,kNN
diesel-D4052,5,12,-0.3133434124063539,kNN
diesel-D4052,5,13,-0.3233571661050962,kNN
diesel-D4052,5,14,0.255950982677515,kNN
diesel-D4052,5,15,-0.2793720249016715,kNN
diesel-D4052,5,16,-0.1704233613498407,kNN
diesel-D4052,5,17,0.0306586320784152,kNN
diesel-D4052,5,18,0.1573649765250848,kNN
diesel-D4052,5,19,-1.0581524307181347,kNN
diesel-D4052,5,20,-0.2441944008832604,kNN
diesel-D4052,5,21,0.4379034107114689,kNN
diesel-D4052,5,22,-0.2543337801477952,kNN
diesel-D4052,5,23,0.031538745026165,kNN
diesel-D4052,5,24,0.1157428786160704,kNN
diesel-D4052,5,25,-0.0593914063989282,kNN
diesel-D4052,5,26,-0.1559230360171091,kNN
diesel-D4052,5,27,-0.005448389302699,kNN
diesel-D4052,5,28,-0.0658284159735536,kNN
diesel-D4052,5,29,0.3046601888675334,kNN
diesel-D4052,10,0,-0.0911067873556963,kNN
diesel-D4052,10,1,0.1124801791547671,kNN
diesel-D4052,10,2,0.3336568354189253,kNN
diesel-D4052,10,3,0.4536759455254393,kNN
diesel-D4052,10,4,-0.0415144347619256,kNN
diesel-D4052,10,5,0.1897714295699842,kNN
diesel-D4052,10,6,0.2057463038897651,kNN
diesel-D4052,10,7,0.2501342679699592,kNN
diesel-D4052,10,8,0.3102809181912015,kNN
diesel-D4052,10,9,0.3849045976528328,kNN
diesel-D4052,10,10,0.1349559130406156,kNN
diesel-D4052,10,11,0.0166703715178997,kNN
diesel-D4052,10,12,0.3893264308050139,kNN
diesel-D4052,10,13,0.2908197087424605,kNN
diesel-D4052,10,14,0.4380855881252397,kNN
diesel-D4052,10,15,0.145109267748883,kNN
diesel-D4052,10,16,0.2277437188189971,kNN
diesel-D4052,10,17,-0.2419580870837507,kNN
diesel-D4052,10,18,0.3626702557648928,kNN
diesel-D4052,10,19,0.2942947328865622,kNN
diesel-D4052,10,20,0.1569608371453443,kNN
diesel-D4052,10,21,0.3355766606427259,kNN
diesel-D4052,10,22,0.0141865219396122,kNN
diesel-D4052,10,23,0.1585811477333184,kNN
diesel-D4052,10,24,0.4493992236656075,kNN
diesel-D4052,10,25,0.3210741817088998,kNN
diesel-D4052,10,26,0.2434202303919987,kNN
diesel-D4052,10,27,0.1722611289922647,kNN
diesel-D4052,10,28,0.2846642730778692,kNN
diesel-D4052,10,29,0.1000590152305318,kNN
diesel-D4052,20,0,0.3832799852568231,kNN
diesel-D4052,20,1,0.5564527119890925,kNN
diesel-D4052,20,2,0.3604328863299336,kNN
diesel-D4052,20,3,0.2992522944626373,kNN
diesel-D4052,20,4,0.4939189837612528,kNN
diesel-D4052,20,5,0.4018566742894491,kNN
diesel-D4052,20,6,0.4018136509377189,kNN
diesel-D4052,20,7,0.2305052015528291,kNN
diesel-D4052,20,8,0.3195998070289011,kNN
diesel-D4052,20,9,0.4798333535840262,kNN
diesel-D4052,20,10,0.2943799007011779,kNN
diesel-D4052,20,11,0.3039527540919973,kNN
diesel-D4052,20,12,0.1571813475122945,kNN
diesel-D4052,20,13,0.2867657087782549,kNN
diesel-D4052,20,14,0.5280877515444304,kNN
diesel-D4052,20,15,0.3098898412951035,kNN
diesel-D4052,20,16,0.3608108436846368,kNN
diesel-D4052,20,17,0.2925677557825823,kNN
diesel-D4052,20,18,0.5130457918289659,kNN
diesel-D4052,20,19,0.1959649044380642,kNN
diesel-D4052,20,20,0.1876693094385373,kNN
diesel-D4052,20,21,0.2412610963110932,kNN
diesel-D4052,20,22,0.341830521907455,kNN
diesel-D4052,20,23,0.3284760536053932,kNN
diesel-D4052,20,24,0.3478750185396781,kNN
diesel-D4052,20,25,0.3004257536540348,kNN
diesel-D4052,20,26,0.350810861899862,kNN
diesel-D4052,20,27,0.4020402604894439,kNN
diesel-D4052,20,28,0.4866091888215691,kNN
diesel-D4052,20,29,0.3339083299463963,kNN
diesel-FLASH,5,0,-0.8044008846130204,kNN
diesel-FLASH,5,1,-0.7595685280384759,kNN
diesel-FLASH,5,2,-0.6753497700920599,kNN
diesel-FLASH,5,3,-0.4469845968563108,kNN
diesel-FLASH,5,4,-1.1789010055645983,kNN
diesel-FLASH,5,5,-1.050666493482341,kNN
diesel-FLASH,5,6,-0.1462671087210918,kNN
diesel-FLASH,5,7,-1.073788749793302,kNN
diesel-FLASH,5,8,-0.153278219426117,kNN
diesel-FLASH,5,9,-0.2506984455039922,kNN
diesel-FLASH,5,10,-0.038756927560529,kNN
diesel-FLASH,5,11,-0.1724063044411605,kNN
diesel-FLASH,5,12,0.0324097890844083,kNN
diesel-FLASH,5,13,-0.1809596983777628,kNN
diesel-FLASH,5,14,0.0370248510134443,kNN
diesel-FLASH,5,15,-0.4379970048893877,kNN
diesel-FLASH,5,16,-1.9057858358179909,kNN
diesel-FLASH,5,17,-0.6496480967498739,kNN
diesel-FLASH,5,18,-0.4318052594203048,kNN
diesel-FLASH,5,19,-0.2966864962429862,kNN
diesel-FLASH,5,20,-0.0475547725223997,kNN
diesel-FLASH,5,21,-0.3538120885749543,kNN
diesel-FLASH,5,22,-0.0064592760208856,kNN
diesel-FLASH,5,23,-0.4461608479718437,kNN
diesel-FLASH,5,24,-0.1827148380457222,kNN
diesel-FLASH,5,25,-0.1913258015818848,kNN
diesel-FLASH,5,26,-1.461914854627253,kNN
diesel-FLASH,5,27,-0.1414781976791368,kNN
diesel-FLASH,5,28,-0.1283318950865337,kNN
diesel-FLASH,5,29,-0.0214054411601556,kNN
diesel-FLASH,10,0,0.0284186609455115,kNN
diesel-FLASH,10,1,-0.0015657972169735,kNN
diesel-FLASH,10,2,-0.0040518895746144,kNN
diesel-FLASH,10,3,0.0026735331275759,kNN
diesel-FLASH,10,4,-0.1172850198810919,kNN
diesel-FLASH,10,5,-0.4778747285092626,kNN
diesel-FLASH,10,6,0.0035243936718591,kNN
diesel-FLASH,10,7,-0.0764152112423215,kNN
diesel-FLASH,10,8,-0.0248219193690202,kNN
diesel-FLASH,10,9,-0.863017121942852,kNN
diesel-FLASH,10,10,0.0437351063108053,kNN
diesel-FLASH,10,11,0.0551504208738173,kNN
diesel-FLASH,10,12,-0.0511173455569045,kNN
diesel-FLASH,10,13,0.0081276452570253,kNN
diesel-FLASH,10,14,0.0696891696700485,kNN
diesel-FLASH,10,15,-0.2436858677930702,kNN
diesel-FLASH,10,16,-0.013926218550176,kNN
diesel-FLASH,10,17,-0.1066383867657612,kNN
diesel-FLASH,10,18,-0.2806100941357907,kNN
diesel-FLASH,10,19,-0.1368796743988207,kNN
diesel-FLASH,10,20,-0.8513482169961988,kNN
diesel-FLASH,10,21,-0.5045898297053275,kNN
diesel-FLASH,10,22,-0.0082192863611483,kNN
diesel-FLASH,10,23,0.0725408239809854,kNN
diesel-FLASH,10,24,-0.0167644698958955,kNN
diesel-FLASH,10,25,0.0292166186939029,kNN
diesel-FLASH,10,26,-0.0029316066411224,kNN
diesel-FLASH,10,27,-0.1393283911083478,kNN
diesel-FLASH,10,28,-0.1096708526974781,kNN
diesel-FLASH,10,29,-0.5596912402771326,kNN
diesel-FLASH,20,0,-0.0681237266982059,kNN
diesel-FLASH,20,1,0.0285345595359233,kNN
diesel-FLASH,20,2,-0.1190513205757437,kNN
diesel-FLASH,20,3,0.0364167564069447,kNN
diesel-FLASH,20,4,0.0768620852556122,kNN
diesel-FLASH,20,5,-0.2313611312384813,kNN
diesel-FLASH,20,6,-0.991979234870452,kNN
diesel-FLASH,20,7,-0.2734521070165538,kNN
diesel-FLASH,20,8,0.0125142209005394,kNN
diesel-FLASH,20,9,-0.0527295369145508,kNN
diesel-FLASH,20,10,0.0363312688295495,kNN
diesel-FLASH,20,11,-0.0774646737761526,kNN
diesel-FLASH,20,12,-0.2164419183490671,kNN
diesel-FLASH,20,13,0.0941317471268327,kNN
diesel-FLASH,20,14,-0.0921517364443129,kNN
diesel-FLASH,20,15,0.0852435914379152,kNN
diesel-FLASH,20,16,0.0286215235590847,kNN
diesel-FLASH,20,17,0.0991258470860669,kNN
diesel-FLASH,20,18,0.0964768952153245,kNN
diesel-FLASH,20,19,0.079454484424405,kNN
diesel-FLASH,20,20,-0.0015229830553213,kNN
diesel-FLASH,20,21,0.0037677063097374,kNN
diesel-FLASH,20,22,0.0749101662116475,kNN
diesel-FLASH,20,23,0.0325316522934243,kNN
diesel-FLASH,20,24,-0.1632140127343808,kNN
diesel-FLASH,20,25,-0.0837527052259432,kNN
diesel-FLASH,20,26,0.0248900362977075,kNN
diesel-FLASH,20,27,0.0512500729402477,kNN
diesel-FLASH,20,28,-0.1780909172931568,kNN
diesel-FLASH,20,29,-0.1650991874255918,kNN
diesel-FREEZE,5,0,0.0237705816664682,kNN
diesel-FREEZE,5,1,-0.0449359639987547,kNN
diesel-FREEZE,5,2,-0.1605505068133705,kNN
diesel-FREEZE,5,3,-0.0876565375964477,kNN
diesel-FREEZE,5,4,-0.0494883403673798,kNN
diesel-FREEZE,5,5,-3.0941789307964305,kNN
diesel-FREEZE,5,6,-0.0538484709183026,kNN
diesel-FREEZE,5,7,-0.2299789375828553,kNN
diesel-FREEZE,5,8,-0.2760098587526125,kNN
diesel-FREEZE,5,9,-0.0995034055385495,kNN
diesel-FREEZE,5,10,0.0780288177831485,kNN
diesel-FREEZE,5,11,0.0331598579065197,kNN
diesel-FREEZE,5,12,-0.0099940876913826,kNN
diesel-FREEZE,5,13,-0.1444996402293403,kNN
diesel-FREEZE,5,14,0.0063970080486061,kNN
diesel-FREEZE,5,15,-0.0868032880204332,kNN
diesel-FREEZE,5,16,-0.0110619196477015,kNN
diesel-FREEZE,5,17,-0.1425759536023902,kNN
diesel-FREEZE,5,18,0.002640564071441,kNN
diesel-FREEZE,5,19,-2.5358817243084437,kNN
diesel-FREEZE,5,20,0.1538197643031038,kNN
diesel-FREEZE,5,21,-0.1249021618438388,kNN
diesel-FREEZE,5,22,-0.0882426818863353,kNN
diesel-FREEZE,5,23,-0.1609268458464605,kNN
diesel-FREEZE,5,24,0.030358013930577,kNN
diesel-FREEZE,5,25,-0.4301387431900068,kNN
diesel-FREEZE,5,26,-0.295082620880376,kNN
diesel-FREEZE,5,27,-0.0698549302138382,kNN
diesel-FREEZE,5,28,-0.2343399153992487,kNN
diesel-FREEZE,5,29,-0.1950148231115398,kNN
diesel-FREEZE,10,0,0.1566470286113804,kNN
diesel-FREEZE,10,1,0.0905800200081148,kNN
diesel-FREEZE,10,2,0.1609356644322493,kNN
diesel-FREEZE,10,3,-1.7183583843176562,kNN
diesel-FREEZE,10,4,-0.1804761714229223,kNN
diesel-FREEZE,10,5,-0.1669299132426229,kNN
diesel-FREEZE,10,6,-0.1351770765575906,kNN
diesel-FREEZE,10,7,0.0276035445504413,kNN
diesel-FREEZE,10,8,0.1028948736593966,kNN
diesel-FREEZE,10,9,-0.0198296186836643,kNN
diesel-FREEZE,10,10,-0.0065328692192072,kNN
diesel-FREEZE,10,11,0.1385863359673906,kNN
diesel-FREEZE,10,12,0.0332461229928804,kNN
diesel-FREEZE,10,13,0.1310267850699424,kNN
diesel-FREEZE,10,14,-0.1612873069400113,kNN
diesel-FREEZE,10,15,0.0357009210650477,kNN
diesel-FREEZE,10,16,-0.1602402055384861,kNN
diesel-FREEZE,10,17,0.137607464188752,kNN
diesel-FREEZE,10,18,0.1158506412998572,kNN
diesel-FREEZE,10,19,-0.0645460211069539,kNN
diesel-FREEZE,10,20,-0.186484243266372,kNN
diesel-FREEZE,10,21,0.0098877589990166,kNN
diesel-FREEZE,10,22,0.0064981381983602,kNN
diesel-FREEZE,10,23,0.1970239173687594,kNN
diesel-FREEZE,10,24,-0.3831324953037645,kNN
diesel-FREEZE,10,25,-0.3819477008565974,kNN
diesel-FREEZE,10,26,-0.5184405709414959,kNN
diesel-FREEZE,10,27,0.0615739088644144,kNN
diesel-FREEZE,10,28,-0.088385035591705,kNN
diesel-FREEZE,10,29,-0.2293164084288648,kNN
diesel-FREEZE,20,0,0.087069204030732,kNN
diesel-FREEZE,20,1,-0.1640339749618997,kNN
diesel-FREEZE,20,2,-0.1533892459512664,kNN
diesel-FREEZE,20,3,-0.0077042047815421,kNN
diesel-FREEZE,20,4,0.141132867070882,kNN
diesel-FREEZE,20,5,-0.1064169487875805,kNN
diesel-FREEZE,20,6,0.32585829951804,kNN
diesel-FREEZE,20,7,0.1944735173829176,kNN
diesel-FREEZE,20,8,0.3881434789878299,kNN
diesel-FREEZE,20,9,-0.0720647645707321,kNN
diesel-FREEZE,20,10,0.240224188589628,kNN
diesel-FREEZE,20,11,-0.060140918899914,kNN
diesel-FREEZE,20,12,0.0770139424322104,kNN
diesel-FREEZE,20,13,0.2387399156076309,kNN
diesel-FREEZE,20,14,-0.0756810854017735,kNN
diesel-FREEZE,20,15,0.1215895313723506,kNN
diesel-FREEZE,20,16,0.036276629777195,kNN
diesel-FREEZE,20,17,0.0729113745825952,kNN
diesel-FREEZE,20,18,0.2925931202309706,kNN
diesel-FREEZE,20,19,0.2060614631644661,kNN
diesel-FREEZE,20,20,0.0379103251442265,kNN
diesel-FREEZE,20,21,0.1303479493952565,kNN
diesel-FREEZE,20,22,0.0313815241050701,kNN
diesel-FREEZE,20,23,0.2811444665556446,kNN
diesel-FREEZE,20,24,-0.1409591463360224,kNN
diesel-FREEZE,20,25,-0.4038484476941246,kNN
diesel-FREEZE,20,26,-0.0453131282913024,kNN
diesel-FREEZE,20,27,0.0914551962041962,kNN
diesel-FREEZE,20,28,0.2720967194672206,kNN
diesel-FREEZE,20,29,0.1848633428483719,kNN
diesel-TOTAL,5,0,0.4581795371999618,kNN
diesel-TOTAL,5,1,0.4976667267064798,kNN
diesel-TOTAL,5,2,0.0210790045804475,kNN
diesel-TOTAL,5,3,0.3458531844484295,kNN
diesel-TOTAL,5,4,0.4839130551878107,kNN
diesel-TOTAL,5,5,0.5514542749446174,kNN
diesel-TOTAL,5,6,0.4855803308044814,kNN
diesel-TOTAL,5,7,0.6122839092768569,kNN
diesel-TOTAL,5,8,0.4528990607622739,kNN
diesel-TOTAL,5,9,0.3959595576538169,kNN
diesel-TOTAL,5,10,0.4786270374564167,kNN
diesel-TOTAL,5,11,0.3145572048455077,kNN
diesel-TOTAL,5,12,0.2814211427125681,kNN
diesel-TOTAL,5,13,0.2896043510271996,kNN
diesel-TOTAL,5,14,0.4780655873281185,kNN
diesel-TOTAL,5,15,0.2413627375347583,kNN
diesel-TOTAL,5,16,0.4986466667039522,kNN
diesel-TOTAL,5,17,0.1722205115661677,kNN
diesel-TOTAL,5,18,0.5518757690455087,kNN
diesel-TOTAL,5,19,0.6628403706902971,kNN
diesel-TOTAL,5,20,0.3076636554308739,kNN
diesel-TOTAL,5,21,0.441947924786182,kNN
diesel-TOTAL,5,22,0.2322531804330248,kNN
diesel-TOTAL,5,23,0.5645590012440218,kNN
diesel-TOTAL,5,24,0.5889501586463102,kNN
diesel-TOTAL,5,25,0.5932601037688426,kNN
diesel-TOTAL,5,26,0.3384431935628552,kNN
diesel-TOTAL,5,27,0.0793478426875066,kNN
diesel-TOTAL,5,28,0.451847869108208,kNN
diesel-TOTAL,5,29,0.2135958282969938,kNN
diesel-TOTAL,10,0,0.5163442252987889,kNN
diesel-TOTAL,10,1,0.4952716113229617,kNN
diesel-TOTAL,10,2,0.2718193783480517,kNN
diesel-TOTAL,10,3,0.2331101052370603,kNN
diesel-TOTAL,10,4,0.3733390074155563,kNN
diesel-TOTAL,10,5,0.4281428070834372,kNN
diesel-TOTAL,10,6,0.3176428356415482,kNN
diesel-TOTAL,10,7,0.1230083865544013,kNN
diesel-TOTAL,10,8,0.7578938632168672,kNN
diesel-TOTAL,10,9,0.6726487448880063,kNN
diesel-TOTAL,10,10,0.6208724618265793,kNN
diesel-TOTAL,10,11,0.3780838906211782,kNN
diesel-TOTAL,10,12,0.6514579098959878,kNN
diesel-TOTAL,10,13,0.069738728335402,kNN
diesel-TOTAL,10,14,0.7696513344107387,kNN
diesel-TOTAL,10,15,0.5276510244557422,kNN
diesel-TOTAL,10,16,0.721157523408776,kNN
diesel-TOTAL,10,17,0.6052206531238329,kNN
diesel-TOTAL,10,18,0.4554939224522969,kNN
diesel-TOTAL,10,19,0.6588390198912333,kNN
diesel-TOTAL,10,20,0.3485380003785997,kNN
diesel-TOTAL,10,21,0.7459216727911371,kNN
diesel-TOTAL,10,22,0.7966060433800554,kNN
diesel-TOTAL,10,23,0.6262408602984554,kNN
diesel-TOTAL,10,24,0.5299326689563372,kNN
diesel-TOTAL,10,25,0.5471953350684575,kNN
diesel-TOTAL,10,26,0.5355271042345092,kNN
diesel-TOTAL,10,27,0.4301766934870616,kNN
diesel-TOTAL,10,28,0.5604573316526631,kNN
diesel-TOTAL,10,29,0.7093246336473482,kNN
diesel-TOTAL,20,0,0.6812905093575727,kNN
diesel-TOTAL,20,1,0.7020672860631336,kNN
diesel-TOTAL,20,2,0.7231295297569574,kNN
diesel-TOTAL,20,3,0.6460865029857001,kNN
diesel-TOTAL,20,4,0.7067821745647271,kNN
diesel-TOTAL,20,5,0.7226723747605329,kNN
diesel-TOTAL,20,6,0.7161884444967291,kNN
diesel-TOTAL,20,7,0.6669453626911225,kNN
diesel-TOTAL,20,8,0.7007532253642746,kNN
diesel-TOTAL,20,9,0.7688733102568865,kNN
diesel-TOTAL,20,10,0.6545477743236358,kNN
diesel-TOTAL,20,11,0.736232324615981,kNN
diesel-TOTAL,20,12,0.7340310529590771,kNN
diesel-TOTAL,20,13,0.7560859637455948,kNN
diesel-TOTAL,20,14,0.6583773900177381,kNN
diesel-TOTAL,20,15,0.6792577915919907,kNN
diesel-TOTAL,20,16,0.6173919507487697,kNN
diesel-TOTAL,20,17,0.6552467735770513,kNN
diesel-TOTAL,20,18,0.6033012709429667,kNN
diesel-TOTAL,20,19,0.7214062119144017,kNN
diesel-TOTAL,20,20,0.6623954054640986,kNN
diesel-TOTAL,20,21,0.4654093854599954,kNN
diesel-TOTAL,20,22,0.5737555556042648,kNN
diesel-TOTAL,20,23,0.6664008768862842,kNN
diesel-TOTAL,20,24,0.7567567753755118,kNN
diesel-TOTAL,20,25,0.6152768899360976,kNN
diesel-TOTAL,20,26,0.5799497351669615,kNN
diesel-TOTAL,20,27,0.6001805408284342,kNN
diesel-TOTAL,20,28,0.680685381432456,kNN
diesel-TOTAL,20,29,0.7505005059422218,kNN
diesel-VISC,5,0,-1.0914942635312692,kNN
diesel-VISC,5,1,-0.6663597327986936,kNN
diesel-VISC,5,2,0.0453646874885989,kNN
diesel-VISC,5,3,-0.0827625404716694,kNN
diesel-VISC,5,4,-0.9184833870372602,kNN
diesel-VISC,5,5,-0.0322949122933922,kNN
diesel-VISC,5,6,0.0211212091789662,kNN
diesel-VISC,5,7,-0.8281439735676763,kNN
diesel-VISC,5,8,-0.3518298313684092,kNN
diesel-VISC,5,9,-0.9798431069714716,kNN
diesel-VISC,5,10,-0.9119084273915185,kNN
diesel-VISC,5,11,-0.133845166786515,kNN
diesel-VISC,5,12,-0.1055049830966921,kNN
diesel-VISC,5,13,-0.7489984962217306,kNN
diesel-VISC,5,14,-0.2338515029530141,kNN
diesel-VISC,5,15,0.0045662376496627,kNN
diesel-VISC,5,16,-0.5283555709733154,kNN
diesel-VISC,5,17,-0.4845902759690288,kNN
diesel-VISC,5,18,-0.8930925416986673,kNN
diesel-VISC,5,19,-0.6940220787054145,kNN
diesel-VISC,5,20,-0.0982259036267119,kNN
diesel-VISC,5,21,-0.5881963006102544,kNN
diesel-VISC,5,22,-0.0070076407772743,kNN
diesel-VISC,5,23,-0.983079810078752,kNN
diesel-VISC,5,24,-0.1242373967932461,kNN
diesel-VISC,5,25,0.1257648132293699,kNN
diesel-VISC,5,26,-0.1797854120002866,kNN
diesel-VISC,5,27,-0.2066888593706854,kNN
diesel-VISC,5,28,-0.7023911431507559,kNN
diesel-VISC,5,29,0.0484099060106578,kNN
diesel-VISC,10,0,-0.1380991703731757,kNN
diesel-VISC,10,1,0.0350647889199214,kNN
diesel-VISC,10,2,0.0487610723645167,kNN
diesel-VISC,10,3,-0.0381930253630178,kNN
diesel-VISC,10,4,-0.1890492448855196,kNN
diesel-VISC,10,5,0.1130073992206569,kNN
diesel-VISC,10,6,-0.3559819772183421,kNN
diesel-VISC,10,7,-0.1004741405258307,kNN
diesel-VISC,10,8,-0.3092276453559448,kNN
diesel-VISC,10,9,-0.262415816392411,kNN
diesel-VISC,10,10,-0.2001328821753554,kNN
diesel-VISC,10,11,0.0756035188244427,kNN
diesel-VISC,10,12,-0.0278702486611917,kNN
diesel-VISC,10,13,0.0801010283320284,kNN
diesel-VISC,10,14,0.0302645330800332,kNN
diesel-VISC,10,15,-0.0911342449602841,kNN
diesel-VISC,10,16,-0.3296465502218675,kNN
diesel-VISC,10,17,-0.20247377515205,kNN
diesel-VISC,10,18,0.0801707529111316,kNN
diesel-VISC,10,19,0.0410325693410321,kNN
diesel-VISC,10,20,-0.0370949114213108,kNN
diesel-VISC,10,21,-0.5553791978119496,kNN
diesel-VISC,10,22,-0.1130302593798198,kNN
diesel-VISC,10,23,-0.0338044990508548,kNN
diesel-VISC,10,24,-0.0880207450452634,kNN
diesel-VISC,10,25,0.2202212037017658,kNN
diesel-VISC,10,26,0.0664287195140738,kNN
diesel-VISC,10,27,-1.4636628789838069,kNN
diesel-VISC,10,28,0.0200410805875905,kNN
diesel-VISC,10,29,-0.0207586285934477,kNN
diesel-VISC,20,0,-0.0003602285963713,kNN
diesel-VISC,20,1,0.1026094386464944,kNN
diesel-VISC,20,2,-0.0798787128941984,kNN
diesel-VISC,20,3,0.0728658637576673,kNN
diesel-VISC,20,4,0.279614004435843,kNN
diesel-VISC,20,5,0.0738926206050381,kNN
diesel-VISC,20,6,0.0539670032697719,kNN
diesel-VISC,20,7,0.1132343923866775,kNN
diesel-VISC,20,8,-0.0595298185138455,kNN
diesel-VISC,20,9,0.1856904579986112,kNN
diesel-VISC,20,10,0.1367528748472729,kNN
diesel-VISC,20,11,-0.0294148425959444,kNN
diesel-VISC,20,12,0.0026645088637166,kNN
diesel-VISC,20,13,0.256911162449661,kNN
diesel-VISC,20,14,0.112715788202982,kNN
diesel-VISC,20,15,0.0256952936499621,kNN
diesel-VISC,20,16,0.1520540630606889,kNN
diesel-VISC,20,17,0.0069838656922404,kNN
diesel-VISC,20,18,0.1620357244983337,kNN
diesel-VISC,20,19,0.1506437108921448,kNN
diesel-VISC,20,20,0.2122629672727429,kNN
diesel-VISC,20,21,0.2777367072081153,kNN
diesel-VISC,20,22,0.1337685635190936,kNN
diesel-VISC,20,23,-0.5248959274176457,kNN
diesel-VISC,20,24,-0.157459818036532,kNN
diesel-VISC,20,25,0.2221253909859766,kNN
diesel-VISC,20,26,-0.0355786472875796,kNN
diesel-VISC,20,27,0.0374007052357105,kNN
diesel-VISC,20,28,-0.4960745355066263,kNN
diesel-VISC,20,29,-0.3885780660068174,kNN
evoo-adulteration,5,0,-0.2280081608077147,kNN
evoo-adulteration,5,1,-0.0294699969951619,kNN
evoo-adulteration,5,2,-0.3943156031936599,kNN
evoo-adulteration,5,3,0.0167620878857547,kNN
evoo-adulteration,5,4,0.0382486729798555,kNN
evoo-adulteration,5,5,-1.0233584311353248,kNN
evoo-adulteration,5,6,0.0759427030301864,kNN
evoo-adulteration,5,7,-1.2695468791818216,kNN
evoo-adulteration,5,8,-0.0193425581021045,kNN
evoo-adulteration,5,9,-0.0933718844332207,kNN
evoo-adulteration,5,10,-0.5552516439667785,kNN
evoo-adulteration,5,11,-0.1794418064725516,kNN
evoo-adulteration,5,12,-0.0793938109633778,kNN
evoo-adulteration,5,13,-0.5693627260468879,kNN
evoo-adulteration,5,14,-0.1091527727403596,kNN
evoo-adulteration,5,15,-0.1348109668967749,kNN
evoo-adulteration,5,16,-0.0551704943416759,kNN
evoo-adulteration,5,17,0.2021174681276156,kNN
evoo-adulteration,5,18,-0.7020051017642386,kNN
evoo-adulteration,5,19,-0.119439554556985,kNN
evoo-adulteration,5,20,-0.7772514674968558,kNN
evoo-adulteration,5,21,-0.2496406359788965,kNN
evoo-adulteration,5,22,-0.0816062079170933,kNN
evoo-adulteration,5,23,-0.3656332378643583,kNN
evoo-adulteration,5,24,-0.1205392082878509,kNN
evoo-adulteration,5,25,-0.5836710032110584,kNN
evoo-adulteration,5,26,0.0956260354682864,kNN
evoo-adulteration,5,27,-0.1441871244103878,kNN
evoo-adulteration,5,28,0.2012465612259542,kNN
evoo-adulteration,5,29,-0.237920472231776,kNN
evoo-adulteration,10,0,-0.0286433755234138,kNN
evoo-adulteration,10,1,-0.0785579325813805,kNN
evoo-adulteration,10,2,-0.3655017431034286,kNN
evoo-adulteration,10,3,0.0873420339157776,kNN
evoo-adulteration,10,4,-0.033464276330082,kNN
evoo-adulteration,10,5,-0.8193916079538994,kNN
evoo-adulteration,10,6,-0.2568288437477812,kNN
evoo-adulteration,10,7,0.1606808367103616,kNN
evoo-adulteration,10,8,0.0150359690281988,kNN
evoo-adulteration,10,9,0.04488734819653,kNN
evoo-adulteration,10,10,-0.1804966715021383,kNN
evoo-adulteration,10,11,-0.1048064316668253,kNN
evoo-adulteration,10,12,-0.1681453258824456,kNN
evoo-adulteration,10,13,0.1495372402177283,kNN
evoo-adulteration,10,14,0.1528756030551481,kNN
evoo-adulteration,10,15,-0.0193197632187389,kNN
evoo-adulteration,10,16,0.0436147917251157,kNN
evoo-adulteration,10,17,0.0108836984255696,kNN
evoo-adulteration,10,18,-0.1272989157176065,kNN
evoo-adulteration,10,19,-0.1002590893980948,kNN
evoo-adulteration,10,20,0.4194975419780641,kNN
evoo-adulteration,10,21,0.0624763906289362,kNN
evoo-adulteration,10,22,0.0532237931345679,kNN
evoo-adulteration,10,23,-0.2257786342908723,kNN
evoo-adulteration,10,24,0.0493857811633789,kNN
evoo-adulteration,10,25,0.0232483913737787,kNN
evoo-adulteration,10,26,-0.3330583246997391,kNN
evoo-adulteration,10,27,0.1046121438926078,kNN
evoo-adulteration,10,28,0.0268645410512365,kNN
evoo-adulteration,10,29,-0.0106092877577059,kNN
evoo-adulteration,20,0,0.1732744344415633,kNN
evoo-adulteration,20,1,0.0166048569564031,kNN
evoo-adulteration,20,2,-0.0901727948678017,kNN
evoo-adulteration,20,3,-0.1323481309980529,kNN
evoo-adulteration,20,4,0.1999549561778845,kNN
evoo-adulteration,20,5,-0.1113416008787195,kNN
evoo-adulteration,20,6,-0.1415369715179,kNN
evoo-adulteration,20,7,0.1115614019114784,kNN
evoo-adulteration,20,8,0.139314215074544,kNN
evoo-adulteration,20,9,0.1989259594758744,kNN
evoo-adulteration,20,10,0.1136656554890233,kNN
evoo-adulteration,20,11,0.1581741757249057,kNN
evoo-adulteration,20,12,0.0737676191598565,kNN
evoo-adulteration,20,13,0.0416460021929567,kNN
evoo-adulteration,20,14,0.1567862873417481,kNN
evoo-adulteration,20,15,0.2465207113230364,kNN
evoo-adulteration,20,16,0.0989755888664365,kNN
evoo-adulteration,20,17,-0.1697437173074336,kNN
evoo-adulteration,20,18,0.1703807362130479,kNN
evoo-adulteration,20,19,0.1239287990401529,kNN
evoo-adulteration,20,20,0.303271448822456,kNN
evoo-adulteration,20,21,0.1741164730663414,kNN
evoo-adulteration,20,22,0.2968832553071295,kNN
evoo-adulteration,20,23,0.2936749681473453,kNN
evoo-adulteration,20,24,0.0484700328884163,kNN
evoo-adulteration,20,25,0.2137284181229654,kNN
evoo-adulteration,20,26,0.2622945228312298,kNN
evoo-adulteration,20,27,0.2160723456610463,kNN
evoo-adulteration,20,28,0.2122389620595831,kNN
evoo-adulteration,20,29,0.0652247805574743,kNN
gasoline-octane,5,0,0.5409469263833075,kNN
gasoline-octane,5,1,0.4562613402099329,kNN
gasoline-octane,5,2,-0.2958979061933797,kNN
gasoline-octane,5,3,0.2540092388202049,kNN
gasoline-octane,5,4,0.1752627174983672,kNN
gasoline-octane,5,5,-0.4187076489615351,kNN
gasoline-octane,5,6,-0.5020346848808104,kNN
gasoline-octane,5,7,-0.3336379824488649,kNN
gasoline-octane,5,8,-0.121793080330701,kNN
gasoline-octane,5,9,0.2779618754210183,kNN
gasoline-octane,5,10,0.2627349211231816,kNN
gasoline-octane,5,11,-0.3110399887766637,kNN
gasoline-octane,5,12,0.0098729805924304,kNN
gasoline-octane,5,13,0.1174182044435799,kNN
gasoline-octane,5,14,0.3100104177940981,kNN
gasoline-octane,5,15,0.2100107428709626,kNN
gasoline-octane,5,16,-0.1240034463259953,kNN
gasoline-octane,5,17,-0.070827370340615,kNN
gasoline-octane,5,18,-0.5621375837036282,kNN
gasoline-octane,5,19,-0.7644143633892162,kNN
gasoline-octane,5,20,0.3767938052754613,kNN
gasoline-octane,5,21,0.2768203728236129,kNN
gasoline-octane,5,22,-0.2748036530116085,kNN
gasoline-octane,5,23,0.1436517195845663,kNN
gasoline-octane,5,24,0.1495942237306715,kNN
gasoline-octane,5,25,0.5278415914804435,kNN
gasoline-octane,5,26,-0.1842424622033605,kNN
gasoline-octane,5,27,0.4128873700500958,kNN
gasoline-octane,5,28,0.1823970542180158,kNN
gasoline-octane,5,29,0.4275992783772712,kNN
gasoline-octane,10,0,0.449947624068132,kNN
gasoline-octane,10,1,0.4021165185250364,kNN
gasoline-octane,10,2,0.2582797452043042,kNN
gasoline-octane,10,3,0.4851758355339076,kNN
gasoline-octane,10,4,0.6525758442185884,kNN
gasoline-octane,10,5,0.5327565015928803,kNN
gasoline-octane,10,6,0.7298652544525956,kNN
gasoline-octane,10,7,0.4944431830989131,kNN
gasoline-octane,10,8,0.3185836796039267,kNN
gasoline-octane,10,9,0.1585837414958346,kNN
gasoline-octane,10,10,0.5370829679073277,kNN
gasoline-octane,10,11,0.2319441814062016,kNN
gasoline-octane,10,12,0.3844915836716318,kNN
gasoline-octane,10,13,0.4851573085017915,kNN
gasoline-octane,10,14,0.5344536906111393,kNN
gasoline-octane,10,15,0.4449436469161831,kNN
gasoline-octane,10,16,0.1329127107792779,kNN
gasoline-octane,10,17,0.4125037644156772,kNN
gasoline-octane,10,18,0.0636559103325465,kNN
gasoline-octane,10,19,0.5365896335533938,kNN
gasoline-octane,10,20,0.6542423074887199,kNN
gasoline-octane,10,21,0.1626734591237554,kNN
gasoline-octane,10,22,0.4690442884422581,kNN
gasoline-octane,10,23,0.3243573250949074,kNN
gasoline-octane,10,24,0.3328741301119886,kNN
gasoline-octane,10,25,0.6066212268743911,kNN
gasoline-octane,10,26,0.455685717666548,kNN
gasoline-octane,10,27,0.6300353694158211,kNN
gasoline-octane,10,28,0.608095758933797,kNN
gasoline-octane,10,29,0.3003747915335804,kNN
gasoline-octane,20,0,0.4870251651407803,kNN
gasoline-octane,20,1,0.5633334841706155,kNN
gasoline-octane,20,2,0.6537857434427656,kNN
gasoline-octane,20,3,0.760351845011017,kNN
gasoline-octane,20,4,0.5841383925174408,kNN
gasoline-octane,20,5,0.7916369570802197,kNN
gasoline-octane,20,6,0.5529022969347169,kNN
gasoline-octane,20,7,0.6379579108937836,kNN
gasoline-octane,20,8,0.6186335315799302,kNN
gasoline-octane,20,9,0.2032042093252216,kNN
gasoline-octane,20,10,0.6617788742181373,kNN
gasoline-octane,20,11,0.6350524797980961,kNN
gasoline-octane,20,12,0.5557766547966831,kNN
gasoline-octane,20,13,0.6429158083139974,kNN
gasoline-octane,20,14,0.7869783300926481,kNN
gasoline-octane,20,15,0.669231709175403,kNN
gasoline-octane,20,16,0.404551327647614,kNN
gasoline-octane,20,17,0.7610127446468556,kNN
gasoline-octane,20,18,0.6529278626380612,kNN
gasoline-octane,20,19,0.7147263498597263,kNN
gasoline-octane,20,20,0.4488542987364818,kNN
gasoline-octane,20,21,0.5839785544195855,kNN
gasoline-octane,20,22,0.7910172398117666,kNN
gasoline-octane,20,23,0.709067724758107,kNN
gasoline-octane,20,24,0.6985116287577511,kNN
gasoline-octane,20,25,0.615561541518163,kNN
gasoline-octane,20,26,0.6667707513384167,kNN
gasoline-octane,20,27,0.7371883504543811,kNN
gasoline-octane,20,28,0.8116078840823125,kNN
gasoline-octane,20,29,0.6026433503557318,kNN
corn_m5-moisture,5,0,-0.111249142185259,GP
corn_m5-moisture,5,1,-0.1337045263543941,GP
corn_m5-moisture,5,2,-0.070850633579206,GP
corn_m5-moisture,5,3,-0.001345777245806,GP
corn_m5-moisture,5,4,-0.2900397282969373,GP
corn_m5-moisture,5,5,-0.1308398388931824,GP
corn_m5-moisture,5,6,-0.018782053255224,GP
corn_m5-moisture,5,7,-0.0152100705881659,GP
corn_m5-moisture,5,8,-0.1679271680238971,GP
corn_m5-moisture,5,9,-0.1761925230171228,GP
corn_m5-moisture,5,10,0.0013116769976992,GP
corn_m5-moisture,5,11,-0.1038341714489701,GP
corn_m5-moisture,5,12,0.0063459061508257,GP
corn_m5-moisture,5,13,-0.2160755211766429,GP
corn_m5-moisture,5,14,-0.4889049337921332,GP
corn_m5-moisture,5,15,-0.0253680509165799,GP
corn_m5-moisture,5,16,-0.001212422555076,GP
corn_m5-moisture,5,17,-0.3089279077919333,GP
corn_m5-moisture,5,18,-1.2366418964342172,GP
corn_m5-moisture,5,19,-0.1188795070389705,GP
corn_m5-moisture,5,20,-0.0226781241523057,GP
corn_m5-moisture,5,21,-0.1621513684106501,GP
corn_m5-moisture,5,22,-0.0841741933618582,GP
corn_m5-moisture,5,23,-0.017273117190218,GP
corn_m5-moisture,5,24,0.0411319903204695,GP
corn_m5-moisture,5,25,-0.0542034035717839,GP
corn_m5-moisture,5,26,-0.290637025896352,GP
corn_m5-moisture,5,27,-0.1814087169004088,GP
corn_m5-moisture,5,28,-0.1894443734364301,GP
corn_m5-moisture,5,29,-0.0265889530825269,GP
corn_m5-moisture,10,0,-1.4038235455898378,GP
corn_m5-moisture,10,1,-0.0851411960960406,GP
corn_m5-moisture,10,2,0.186334256198188,GP
corn_m5-moisture,10,3,0.0867468106917072,GP
corn_m5-moisture,10,4,-0.0813959795986076,GP
corn_m5-moisture,10,5,-0.2155371708907592,GP
corn_m5-moisture,10,6,-0.0010037816420633,GP
corn_m5-moisture,10,7,-0.1494979125476288,GP
corn_m5-moisture,10,8,-0.0076109985766876,GP
corn_m5-moisture,10,9,-0.0405417310620526,GP
corn_m5-moisture,10,10,-0.0715511643020327,GP
corn_m5-moisture,10,11,0.071537643730683,GP
corn_m5-moisture,10,12,0.2724932172648786,GP
corn_m5-moisture,10,13,-0.0470559195632589,GP
corn_m5-moisture,10,14,-0.0119114823903774,GP
corn_m5-moisture,10,15,0.1450528409159512,GP
corn_m5-moisture,10,16,-0.1024082851131791,GP
corn_m5-moisture,10,17,-0.7137508671393573,GP
corn_m5-moisture,10,18,-0.0063545108373819,GP
corn_m5-moisture,10,19,-0.1253362397212842,GP
corn_m5-moisture,10,20,-0.0121402377381998,GP
corn_m5-moisture,10,21,0.0270637101884865,GP
corn_m5-moisture,10,22,-0.0039191031972387,GP
corn_m5-moisture,10,23,0.0040796860823053,GP
corn_m5-moisture,10,24,-0.0279907445686078,GP
corn_m5-moisture,10,25,0.1549932697895826,GP
corn_m5-moisture,10,26,-0.0626250312523406,GP
corn_m5-moisture,10,27,-0.149523562024108,GP
corn_m5-moisture,10,28,0.0004348139338694,GP
corn_m5-moisture,10,29,-4.817084969399588e-05,GP
corn_m5-moisture,20,0,0.3217633233361577,GP
corn_m5-moisture,20,1,0.01385651693576,GP
corn_m5-moisture,20,2,0.2612982976280934,GP
corn_m5-moisture,20,3,0.260614415147534,GP
corn_m5-moisture,20,4,0.4087912219050558,GP
corn_m5-moisture,20,5,-0.0284605813998684,GP
corn_m5-moisture,20,6,0.0748816429432353,GP
corn_m5-moisture,20,7,0.1472895260213083,GP
corn_m5-moisture,20,8,0.1241544198309682,GP
corn_m5-moisture,20,9,0.4123049986103015,GP
corn_m5-moisture,20,10,0.3151526416971097,GP
corn_m5-moisture,20,11,0.0519972867503059,GP
corn_m5-moisture,20,12,0.3745241215759131,GP
corn_m5-moisture,20,13,-0.0078625382091865,GP
corn_m5-moisture,20,14,0.3657293468745062,GP
corn_m5-moisture,20,15,0.2411629573978004,GP
corn_m5-moisture,20,16,0.411766765463867,GP
corn_m5-moisture,20,17,0.3296063729461208,GP
corn_m5-moisture,20,18,-0.0105253256650996,GP
corn_m5-moisture,20,19,0.3146092786763721,GP
corn_m5-moisture,20,20,0.0132977651999154,GP
corn_m5-moisture,20,21,0.3273729399598147,GP
corn_m5-moisture,20,22,-0.0105283316291431,GP
corn_m5-moisture,20,23,0.3147898487872766,GP
corn_m5-moisture,20,24,0.0858139314252813,GP
corn_m5-moisture,20,25,0.1533290948467618,GP
corn_m5-moisture,20,26,0.0023090473886279,GP
corn_m5-moisture,20,27,0.1036305759291047,GP
corn_m5-moisture,20,28,0.1578251086288358,GP
corn_m5-moisture,20,29,0.1836097028293359,GP
corn_m5-oil,5,0,-0.061687907977546,GP
corn_m5-oil,5,1,-0.0051024644878827,GP
corn_m5-oil,5,2,-0.1365539928518016,GP
corn_m5-oil,5,3,-0.5265685739008661,GP
corn_m5-oil,5,4,-0.8557719182392394,GP
corn_m5-oil,5,5,-0.3457214271895836,GP
corn_m5-oil,5,6,-0.0103181917181371,GP
corn_m5-oil,5,7,-0.44323992447442,GP
corn_m5-oil,5,8,-0.5329271064246892,GP
corn_m5-oil,5,9,-0.3633540821426233,GP
corn_m5-oil,5,10,-0.0003764732271289,GP
corn_m5-oil,5,11,0.1416486634648507,GP
corn_m5-oil,5,12,-0.0037043817086546,GP
corn_m5-oil,5,13,0.0006510972528653,GP
corn_m5-oil,5,14,-0.4914462517035158,GP
corn_m5-oil,5,15,-0.5540678483623112,GP
corn_m5-oil,5,16,-0.1889951851773379,GP
corn_m5-oil,5,17,-0.0015805255480916,GP
corn_m5-oil,5,18,-0.0413242206449508,GP
corn_m5-oil,5,19,-0.0385461823448609,GP
corn_m5-oil,5,20,-0.2745528268920021,GP
corn_m5-oil,5,21,-0.7334840790506953,GP
corn_m5-oil,5,22,-0.0015339035257311,GP
corn_m5-oil,5,23,-0.0024967835374307,GP
corn_m5-oil,5,24,0.1180680290834795,GP
corn_m5-oil,5,25,-0.1860293369140695,GP
corn_m5-oil,5,26,-0.0664586092613113,GP
corn_m5-oil,5,27,-0.0143053468121727,GP
corn_m5-oil,5,28,-0.1944890741403169,GP
corn_m5-oil,5,29,-0.1008040087907711,GP
corn_m5-oil,10,0,0.1129395733991934,GP
corn_m5-oil,10,1,0.1359513204072531,GP
corn_m5-oil,10,2,-0.0152694275188594,GP
corn_m5-oil,10,3,-0.0401007274905522,GP
corn_m5-oil,10,4,-0.091893293545628,GP
corn_m5-oil,10,5,-0.0755785654481213,GP
corn_m5-oil,10,6,0.1046887012970345,GP
corn_m5-oil,10,7,-0.1437730855118466,GP
corn_m5-oil,10,8,-0.006885844396798,GP
corn_m5-oil,10,9,-0.0444825902091885,GP
corn_m5-oil,10,10,-0.2038790755359509,GP
corn_m5-oil,10,11,-0.0695987089170591,GP
corn_m5-oil,10,12,-0.0112339681465074,GP
corn_m5-oil,10,13,0.1377312613411968,GP
corn_m5-oil,10,14,-0.1644284777625324,GP
corn_m5-oil,10,15,-0.0466222710660109,GP
corn_m5-oil,10,16,0.1122754028056257,GP
corn_m5-oil,10,17,-0.0122197657172349,GP
corn_m5-oil,10,18,-0.0031894832644947,GP
corn_m5-oil,10,19,-0.35356666854623,GP
corn_m5-oil,10,20,-0.3588246245236426,GP
corn_m5-oil,10,21,0.127127098427205,GP
corn_m5-oil,10,22,0.1938632305038816,GP
corn_m5-oil,10,23,-0.1580569862108989,GP
corn_m5-oil,10,24,0.329323198697098,GP
corn_m5-oil,10,25,-0.0370841734027458,GP
corn_m5-oil,10,26,0.0722191231129575,GP
corn_m5-oil,10,27,-0.1586555787706813,GP
corn_m5-oil,10,28,-0.0557648029977662,GP
corn_m5-oil,10,29,-0.0152729217778757,GP
corn_m5-oil,20,0,0.4562337292883097,GP
corn_m5-oil,20,1,0.1898968353571436,GP
corn_m5-oil,20,2,0.2997396156047127,GP
corn_m5-oil,20,3,0.3641096471151489,GP
corn_m5-oil,20,4,0.1918655843413989,GP
corn_m5-oil,20,5,0.2838880055619488,GP
corn_m5-oil,20,6,0.1641072633626504,GP
corn_m5-oil,20,7,0.1208629444027146,GP
corn_m5-oil,20,8,0.1990851788079805,GP
corn_m5-oil,20,9,0.3775496810840252,GP
corn_m5-oil,20,10,0.3397867170523195,GP
corn_m5-oil,20,11,0.3472195004415862,GP
corn_m5-oil,20,12,-0.017168266311861,GP
corn_m5-oil,20,13,0.1685514702932454,GP
corn_m5-oil,20,14,0.4472682287689498,GP
corn_m5-oil,20,15,0.4322723551909879,GP
corn_m5-oil,20,16,0.3882086852891364,GP
corn_m5-oil,20,17,0.4574356343565128,GP
corn_m5-oil,20,18,0.2237488926859583,GP
corn_m5-oil,20,19,0.1767635349567347,GP
corn_m5-oil,20,20,0.2684927435730072,GP
corn_m5-oil,20,21,0.3536921635558825,GP
corn_m5-oil,20,22,0.1785370779055438,GP
corn_m5-oil,20,23,-0.108552389015915,GP
corn_m5-oil,20,24,-0.0483295285047598,GP
corn_m5-oil,20,25,0.218194967401816,GP
corn_m5-oil,20,26,0.1294955446344776,GP
corn_m5-oil,20,27,0.3704733841578075,GP
corn_m5-oil,20,28,0.2032336849656053,GP
corn_m5-oil,20,29,0.4207045785169615,GP
corn_m5-protein,5,0,-0.0252157792649911,GP
corn_m5-protein,5,1,-0.0588129557651679,GP
corn_m5-protein,5,2,-0.0050462162175031,GP
corn_m5-protein,5,3,-0.0423458842590525,GP
corn_m5-protein,5,4,-0.1045606956325029,GP
corn_m5-protein,5,5,-0.0132039031061836,GP
corn_m5-protein,5,6,-0.0114682645210386,GP
corn_m5-protein,5,7,-0.0364347933680033,GP
corn_m5-protein,5,8,-0.4387516497933001,GP
corn_m5-protein,5,9,-0.5813153421803166,GP
corn_m5-protein,5,10,-0.0148904466553796,GP
corn_m5-protein,5,11,-0.003733412392983,GP
corn_m5-protein,5,12,0.0204477448681145,GP
corn_m5-protein,5,13,0.0151384873345109,GP
corn_m5-protein,5,14,-0.4492431731505935,GP
corn_m5-protein,5,15,-0.4336667433906489,GP
corn_m5-protein,5,16,-0.0833624551731757,GP
corn_m5-protein,5,17,-0.0059883058396978,GP
corn_m5-protein,5,18,-0.6119951328002928,GP
corn_m5-protein,5,19,-0.3420189923204229,GP
corn_m5-protein,5,20,-0.3815054932159241,GP
corn_m5-protein,5,21,-0.3903843871658645,GP
corn_m5-protein,5,22,-0.0557336117728457,GP
corn_m5-protein,5,23,-0.2045988460612655,GP
corn_m5-protein,5,24,-0.1162894837478207,GP
corn_m5-protein,5,25,-0.0238382526446647,GP
corn_m5-protein,5,26,-0.5269995027095138,GP
corn_m5-protein,5,27,-0.0753452913341223,GP
corn_m5-protein,5,28,-0.6949110429097358,GP
corn_m5-protein,5,29,-0.4547279574422369,GP
corn_m5-protein,10,0,0.1965486786830494,GP
corn_m5-protein,10,1,0.1635991192171244,GP
corn_m5-protein,10,2,-0.0539182325011275,GP
corn_m5-protein,10,3,-0.3304033783825839,GP
corn_m5-protein,10,4,-0.0080116831365351,GP
corn_m5-protein,10,5,-0.0435470754342093,GP
corn_m5-protein,10,6,0.3070311895338429,GP
corn_m5-protein,10,7,0.1540160852614748,GP
corn_m5-protein,10,8,-0.077141604065029,GP
corn_m5-protein,10,9,-0.0256155116622192,GP
corn_m5-protein,10,10,0.0928193777085508,GP
corn_m5-protein,10,11,0.3150747908559541,GP
corn_m5-protein,10,12,-0.2708661414603308,GP
corn_m5-protein,10,13,-0.0041953202357249,GP
corn_m5-protein,10,14,-0.0002251923445584,GP
corn_m5-protein,10,15,0.2339528812029624,GP
corn_m5-protein,10,16,-0.1347369251252883,GP
corn_m5-protein,10,17,-0.3235444142431116,GP
corn_m5-protein,10,18,-0.161611333318995,GP
corn_m5-protein,10,19,-0.0699922250457598,GP
corn_m5-protein,10,20,-0.097285404902601,GP
corn_m5-protein,10,21,0.1915638857111741,GP
corn_m5-protein,10,22,0.1544417654973113,GP
corn_m5-protein,10,23,0.045654841817551,GP
corn_m5-protein,10,24,0.2078302706646972,GP
corn_m5-protein,10,25,0.1662069877194699,GP
corn_m5-protein,10,26,-0.0278008196647017,GP
corn_m5-protein,10,27,-0.0020855277555229,GP
corn_m5-protein,10,28,-0.0012753595321586,GP
corn_m5-protein,10,29,-0.0124539255290039,GP
corn_m5-protein,20,0,0.4812585547744668,GP
corn_m5-protein,20,1,0.3006481151572863,GP
corn_m5-protein,20,2,0.4489089326259639,GP
corn_m5-protein,20,3,0.2569718108876505,GP
corn_m5-protein,20,4,0.4853509769568411,GP
corn_m5-protein,20,5,-0.0102178838506825,GP
corn_m5-protein,20,6,0.5228213654042804,GP
corn_m5-protein,20,7,0.3337342919706356,GP
corn_m5-protein,20,8,0.2167628504380218,GP
corn_m5-protein,20,9,0.4247423890104927,GP
corn_m5-protein,20,10,0.409500159350427,GP
corn_m5-protein,20,11,0.4051983767233289,GP
corn_m5-protein,20,12,0.393894720384389,GP
corn_m5-protein,20,13,0.268756993919672,GP
corn_m5-protein,20,14,0.432384649707932,GP
corn_m5-protein,20,15,0.39543009277397,GP
corn_m5-protein,20,16,0.3553770590553723,GP
corn_m5-protein,20,17,0.2494465697600028,GP
corn_m5-protein,20,18,0.4012029695923536,GP
corn_m5-protein,20,19,0.215702653936277,GP
corn_m5-protein,20,20,0.4023971645337819,GP
corn_m5-protein,20,21,0.2909116090139182,GP
corn_m5-protein,20,22,0.2032148041382309,GP
corn_m5-protein,20,23,-0.0029759792983612,GP
corn_m5-protein,20,24,-0.0247781950469148,GP
corn_m5-protein,20,25,0.4529328450156293,GP
corn_m5-protein,20,26,0.530692514050824,GP
corn_m5-protein,20,27,0.3127040089182549,GP
corn_m5-protein,20,28,0.3862619125056389,GP
corn_m5-protein,20,29,0.3178915508847878,GP
corn_m5-starch,5,0,-0.02139343096174,GP
corn_m5-starch,5,1,-0.1046747645943335,GP
corn_m5-starch,5,2,-0.0301317941991892,GP
corn_m5-starch,5,3,-0.0029703565245946,GP
corn_m5-starch,5,4,-0.025682974814543,GP
corn_m5-starch,5,5,-0.0681090722948616,GP
corn_m5-starch,5,6,-0.1332018393292975,GP
corn_m5-starch,5,7,-0.0564227110572235,GP
corn_m5-starch,5,8,-0.0230503481763284,GP
corn_m5-starch,5,9,-0.1169856276449214,GP
corn_m5-starch,5,10,-0.0521747941078782,GP
corn_m5-starch,5,11,-0.3659177285759132,GP
corn_m5-starch,5,12,-0.0002368436895525,GP
corn_m5-starch,5,13,-0.0250076200032265,GP
corn_m5-starch,5,14,-0.1255582614315564,GP
corn_m5-starch,5,15,-0.153021222697423,GP
corn_m5-starch,5,16,-1.1904681066488791,GP
corn_m5-starch,5,17,-0.0269270705541972,GP
corn_m5-starch,5,18,-0.1002998849188552,GP
corn_m5-starch,5,19,-0.7250052974322021,GP
corn_m5-starch,5,20,-0.2863296155412933,GP
corn_m5-starch,5,21,-0.0549683819878283,GP
corn_m5-starch,5,22,-0.0055584888428865,GP
corn_m5-starch,5,23,-0.1089456652469491,GP
corn_m5-starch,5,24,-0.4953162579595391,GP
corn_m5-starch,5,25,-0.0022724334222108,GP
corn_m5-starch,5,26,-0.207225450675355,GP
corn_m5-starch,5,27,-0.6298819728653591,GP
corn_m5-starch,5,28,-0.5708108797666285,GP
corn_m5-starch,5,29,-0.5374605451980154,GP
corn_m5-starch,10,0,-0.4618287488944201,GP
corn_m5-starch,10,1,0.0856433723686611,GP
corn_m5-starch,10,2,-0.013052909781434,GP
corn_m5-starch,10,3,-0.2877941670546502,GP
corn_m5-starch,10,4,-0.0261000396249813,GP
corn_m5-starch,10,5,-0.0693968224346781,GP
corn_m5-starch,10,6,0.1345884348902284,GP
corn_m5-starch,10,7,0.0257879910602049,GP
corn_m5-starch,10,8,-0.0630598351466689,GP
corn_m5-starch,10,9,-0.0109062488825453,GP
corn_m5-starch,10,10,0.0568278858576816,GP
corn_m5-starch,10,11,0.0169959509846815,GP
corn_m5-starch,10,12,-0.1810367438025824,GP
corn_m5-starch,10,13,-0.0150911612389867,GP
corn_m5-starch,10,14,-0.0009448516145929,GP
corn_m5-starch,10,15,0.047035277885563,GP
corn_m5-starch,10,16,-0.0240195568633494,GP
corn_m5-starch,10,17,-0.0500397678339161,GP
corn_m5-starch,10,18,-0.3642874943534,GP
corn_m5-starch,10,19,-0.0004309972030847,GP
corn_m5-starch,10,20,-0.0072811001773716,GP
corn_m5-starch,10,21,-0.1369074386538094,GP
corn_m5-starch,10,22,0.0791438125508627,GP
corn_m5-starch,10,23,0.0009137776007464,GP
corn_m5-starch,10,24,0.0480013913498428,GP
corn_m5-starch,10,25,0.0669968059102257,GP
corn_m5-starch,10,26,-0.0022646543533721,GP
corn_m5-starch,10,27,0.0639151531931974,GP
corn_m5-starch,10,28,-0.0040446246318714,GP
corn_m5-starch,10,29,-0.0007160572938906,GP
corn_m5-starch,20,0,0.2842202763023459,GP
corn_m5-starch,20,1,-0.0001800610949376,GP
corn_m5-starch,20,2,0.2113405827415573,GP
corn_m5-starch,20,3,0.0729315323704757,GP
corn_m5-starch,20,4,0.2351001423198842,GP
corn_m5-starch,20,5,0.0090728945189725,GP
corn_m5-starch,20,6,-5.8481468858673225e-06,GP
corn_m5-starch,20,7,-0.1548483818242245,GP
corn_m5-starch,20,8,0.1726366855379878,GP
corn_m5-starch,20,9,-0.0209115074684171,GP
corn_m5-starch,20,10,0.0914889660445039,GP
corn_m5-starch,20,11,0.1455004254962237,GP
corn_m5-starch,20,12,0.0838721511448263,GP
corn_m5-starch,20,13,-0.1216975283902843,GP
corn_m5-starch,20,14,0.2455953465970441,GP
corn_m5-starch,20,15,0.01880966440955,GP
corn_m5-starch,20,16,0.0915363798727771,GP
corn_m5-starch,20,17,0.0955921492333705,GP
corn_m5-starch,20,18,0.2929140982907627,GP
corn_m5-starch,20,19,0.0826598224056467,GP
corn_m5-starch,20,20,-0.1103845401411574,GP
corn_m5-starch,20,21,0.0221731321415024,GP
corn_m5-starch,20,22,0.1284917389771825,GP
corn_m5-starch,20,23,-0.0166334210717633,GP
corn_m5-starch,20,24,-0.0039957345053402,GP
corn_m5-starch,20,25,0.0273845361640578,GP
corn_m5-starch,20,26,0.0082173324761265,GP
corn_m5-starch,20,27,-0.1711804161884349,GP
corn_m5-starch,20,28,-0.0362137169205807,GP
corn_m5-starch,20,29,0.0228183917435266,GP
diesel-BP50,5,0,-0.81854427111772,GP
diesel-BP50,5,1,-0.1661855542420356,GP
diesel-BP50,5,2,0.002185429971078,GP
diesel-BP50,5,3,-0.584016371741422,GP
diesel-BP50,5,4,-0.0032988703978371,GP
diesel-BP50,5,5,-0.419744174433446,GP
diesel-BP50,5,6,-0.0634926348686251,GP
diesel-BP50,5,7,-0.0031828311986494,GP
diesel-BP50,5,8,-0.2392937133465984,GP
diesel-BP50,5,9,-0.4694693464740749,GP
diesel-BP50,5,10,-0.1586881535242865,GP
diesel-BP50,5,11,-0.1231282974988623,GP
diesel-BP50,5,12,-0.0381557095557032,GP
diesel-BP50,5,13,-0.0540204271881599,GP
diesel-BP50,5,14,-0.2395064018611929,GP
diesel-BP50,5,15,-0.0009058289123284,GP
diesel-BP50,5,16,-0.2813074654083458,GP
diesel-BP50,5,17,-0.4133587798068814,GP
diesel-BP50,5,18,-0.0073935265275337,GP
diesel-BP50,5,19,-0.101999653110242,GP
diesel-BP50,5,20,-0.0850758207966324,GP
diesel-BP50,5,21,-0.0089812833613358,GP
diesel-BP50,5,22,-1.1616808983575564,GP
diesel-BP50,5,23,-0.3448671329792969,GP
diesel-BP50,5,24,-0.0634098179794879,GP
diesel-BP50,5,25,-0.0974400634716781,GP
diesel-BP50,5,26,-0.1316182231798472,GP
diesel-BP50,5,27,-0.3104286471777346,GP
diesel-BP50,5,28,-0.0139148474249564,GP
diesel-BP50,5,29,-0.0596547484011271,GP
diesel-BP50,10,0,0.0865295565661034,GP
diesel-BP50,10,1,0.0388595280015595,GP
diesel-BP50,10,2,-0.0607968413917825,GP
diesel-BP50,10,3,-0.0057925402616572,GP
diesel-BP50,10,4,-0.3849878297664162,GP
diesel-BP50,10,5,0.0278933786745197,GP
diesel-BP50,10,6,0.0528529525946763,GP
diesel-BP50,10,7,0.0790952565597009,GP
diesel-BP50,10,8,0.1571961171358055,GP
diesel-BP50,10,9,0.0510698169499634,GP
diesel-BP50,10,10,-0.0057009779800094,GP
diesel-BP50,10,11,-0.2188408690323857,GP
diesel-BP50,10,12,0.0950337510851171,GP
diesel-BP50,10,13,0.0015375352431553,GP
diesel-BP50,10,14,-0.1649325032552024,GP
diesel-BP50,10,15,0.0898359404414238,GP
diesel-BP50,10,16,-0.0007545803419379,GP
diesel-BP50,10,17,0.0807129867066198,GP
diesel-BP50,10,18,-0.1410788560272624,GP
diesel-BP50,10,19,0.0403067157827391,GP
diesel-BP50,10,20,-0.0297512504761596,GP
diesel-BP50,10,21,0.2031972515578608,GP
diesel-BP50,10,22,0.0962171444317111,GP
diesel-BP50,10,23,-0.2289015158202298,GP
diesel-BP50,10,24,0.0464952615023929,GP
diesel-BP50,10,25,-0.0472832844421235,GP
diesel-BP50,10,26,-0.2238460603662406,GP
diesel-BP50,10,27,-0.0562112259439933,GP
diesel-BP50,10,28,-0.1063592133753008,GP
diesel-BP50,10,29,0.0189299917027157,GP
diesel-BP50,20,0,-0.1620660045482003,GP
diesel-BP50,20,1,-0.0050029566412956,GP
diesel-BP50,20,2,0.1790599102151527,GP
diesel-BP50,20,3,0.0810116921728765,GP
diesel-BP50,20,4,0.4012181982729145,GP
diesel-BP50,20,5,0.0604155850905592,GP
diesel-BP50,20,6,0.3014685671919397,GP
diesel-BP50,20,7,-0.0160844834181883,GP
diesel-BP50,20,8,0.0622352591577454,GP
diesel-BP50,20,9,-0.1467467492746992,GP
diesel-BP50,20,10,0.2823311940259755,GP
diesel-BP50,20,11,0.1574331963366808,GP
diesel-BP50,20,12,-0.0397938999310816,GP
diesel-BP50,20,13,0.2842548330003526,GP
diesel-BP50,20,14,0.0329063712879011,GP
diesel-BP50,20,15,0.1523478488142262,GP
diesel-BP50,20,16,0.1933738045184027,GP
diesel-BP50,20,17,0.3307856569410828,GP
diesel-BP50,20,18,0.1651455251758633,GP
diesel-BP50,20,19,0.2605137507905636,GP
diesel-BP50,20,20,0.0473479778115466,GP
diesel-BP50,20,21,-0.1168817843813379,GP
diesel-BP50,20,22,0.2339644152532731,GP
diesel-BP50,20,23,-0.0185750152602657,GP
diesel-BP50,20,24,0.0083734644975242,GP
diesel-BP50,20,25,0.3138010547929705,GP
diesel-BP50,20,26,0.1370354099725731,GP
diesel-BP50,20,27,0.232095789472739,GP
diesel-BP50,20,28,0.4091071230956872,GP
diesel-BP50,20,29,0.4157433353793117,GP
diesel-CN,5,0,-0.1385048126231809,GP
diesel-CN,5,1,-0.0074375362849719,GP
diesel-CN,5,2,-0.0004405811307879,GP
diesel-CN,5,3,-0.159457575021453,GP
diesel-CN,5,4,0.0555547825423913,GP
diesel-CN,5,5,-0.9162362794581616,GP
diesel-CN,5,6,-0.5851298028090826,GP
diesel-CN,5,7,-0.0002138011332313,GP
diesel-CN,5,8,-0.1229563644357856,GP
diesel-CN,5,9,-6.695928747579849e-05,GP
diesel-CN,5,10,-0.0016168432681189,GP
diesel-CN,5,11,-0.0829437283607263,GP
diesel-CN,5,12,-0.3190517051592785,GP
diesel-CN,5,13,-0.3514322862740315,GP
diesel-CN,5,14,-0.0073371236461352,GP
diesel-CN,5,15,-0.0357336565523465,GP
diesel-CN,5,16,-0.0081231578901905,GP
diesel-CN,5,17,-0.2420720812431964,GP
diesel-CN,5,18,-0.2919684603433485,GP
diesel-CN,5,19,-0.0001314817612398,GP
diesel-CN,5,20,-0.0595692074845901,GP
diesel-CN,5,21,0.0629514295842007,GP
diesel-CN,5,22,-0.009489521695031,GP
diesel-CN,5,23,-0.0533867149251898,GP
diesel-CN,5,24,-0.0731582405180004,GP
diesel-CN,5,25,-0.0026467560402512,GP
diesel-CN,5,26,0.0017099925687443,GP
diesel-CN,5,27,-0.0277740961418533,GP
diesel-CN,5,28,-0.2122839935057803,GP
diesel-CN,5,29,-0.405716301174565,GP
diesel-CN,10,0,0.0961203626649011,GP
diesel-CN,10,1,0.0166693211768732,GP
diesel-CN,10,2,-0.1692507689251119,GP
diesel-CN,10,3,0.0865724075385526,GP
diesel-CN,10,4,-0.0861272228644063,GP
diesel-CN,10,5,-0.0047833927633393,GP
diesel-CN,10,6,-0.0277599272575235,GP
diesel-CN,10,7,0.1429605039170113,GP
diesel-CN,10,8,0.1147200615868893,GP
diesel-CN,10,9,0.0375519051266118,GP
diesel-CN,10,10,-0.2906628735787788,GP
diesel-CN,10,11,-0.1355457921807656,GP
diesel-CN,10,12,0.06912909311356,GP
diesel-CN,10,13,-0.0713381157364008,GP
diesel-CN,10,14,0.0107792422901129,GP
diesel-CN,10,15,0.0806761951870589,GP
diesel-CN,10,16,-0.34639243470554,GP
diesel-CN,10,17,0.0288613623915781,GP
diesel-CN,10,18,0.0091601683165816,GP
diesel-CN,10,19,-0.079847207297917,GP
diesel-CN,10,20,-0.0007265288901039,GP
diesel-CN,10,21,-0.0282720214059377,GP
diesel-CN,10,22,-0.1202038587453935,GP
diesel-CN,10,23,0.0122541952443672,GP
diesel-CN,10,24,-0.0542117091204932,GP
diesel-CN,10,25,0.0446876303029618,GP
diesel-CN,10,26,-0.0302694973677692,GP
diesel-CN,10,27,-0.018104950287356,GP
diesel-CN,10,28,-0.0172271165399762,GP
diesel-CN,10,29,0.0132289979967529,GP
diesel-CN,20,0,0.0975695903914701,GP
diesel-CN,20,1,-0.0239705479823129,GP
diesel-CN,20,2,-0.0259352921659299,GP
diesel-CN,20,3,0.214910564631734,GP
diesel-CN,20,4,0.0817080804930832,GP
diesel-CN,20,5,0.000403502559171,GP
diesel-CN,20,6,0.2185500087196927,GP
diesel-CN,20,7,0.017039082372346,GP
diesel-CN,20,8,-0.0739837436531491,GP
diesel-CN,20,9,0.1327599839136222,GP
diesel-CN,20,10,-0.0307215432776346,GP
diesel-CN,20,11,0.0604227906252063,GP
diesel-CN,20,12,-0.155709451310948,GP
diesel-CN,20,13,0.1832991647887553,GP
diesel-CN,20,14,-0.0927766873994637,GP
diesel-CN,20,15,-0.0083311532538197,GP
diesel-CN,20,16,0.0711714034102792,GP
diesel-CN,20,17,0.1131900673009637,GP
diesel-CN,20,18,0.0979814453108653,GP
diesel-CN,20,19,0.1437923505331372,GP
diesel-CN,20,20,-0.0948315019327803,GP
diesel-CN,20,21,-0.0096728386572004,GP
diesel-CN,20,22,0.2341627496980008,GP
diesel-CN,20,23,0.1668545481646201,GP
diesel-CN,20,24,0.263412056122111,GP
diesel-CN,20,25,-0.0185990054420788,GP
diesel-CN,20,26,-0.00111611507946,GP
diesel-CN,20,27,0.1199325684131971,GP
diesel-CN,20,28,0.2293959210147352,GP
diesel-CN,20,29,0.0843407136634789,GP
diesel-D4052,5,0,-0.959001394615379,GP
diesel-D4052,5,1,-0.4281076893736046,GP
diesel-D4052,5,2,-1.0099257503917718,GP
diesel-D4052,5,3,-0.0539340722408729,GP
diesel-D4052,5,4,0.0357728819863339,GP
diesel-D4052,5,5,0.1449596813393127,GP
diesel-D4052,5,6,-0.67101616270524,GP
diesel-D4052,5,7,0.2374484568376752,GP
diesel-D4052,5,8,-0.149738609185831,GP
diesel-D4052,5,9,0.0239487307721236,GP
diesel-D4052,5,10,-0.0042131770370645,GP
diesel-D4052,5,11,-0.1418197726009933,GP
diesel-D4052,5,12,-0.1012249284754698,GP
diesel-D4052,5,13,-0.0454786754431286,GP
diesel-D4052,5,14,0.0017586396973735,GP
diesel-D4052,5,15,-0.0039482735303419,GP
diesel-D4052,5,16,-0.1498137172215705,GP
diesel-D4052,5,17,-0.0859066775947614,GP
diesel-D4052,5,18,-0.0496325603627256,GP
diesel-D4052,5,19,-0.4325093828685167,GP
diesel-D4052,5,20,-0.4097776784056783,GP
diesel-D4052,5,21,0.0073278449680469,GP
diesel-D4052,5,22,-3.5861073406806554e-05,GP
diesel-D4052,5,23,-0.279318981323243,GP
diesel-D4052,5,24,-0.3053215769588726,GP
diesel-D4052,5,25,-0.2717088795964311,GP
diesel-D4052,5,26,0.0006241952002803,GP
diesel-D4052,5,27,-0.2423217385380354,GP
diesel-D4052,5,28,-0.3390689851914359,GP
diesel-D4052,5,29,-0.0375376343884577,GP
diesel-D4052,10,0,0.3077458795786908,GP
diesel-D4052,10,1,0.2938025224344193,GP
diesel-D4052,10,2,0.2241586279544842,GP
diesel-D4052,10,3,-0.0051776628262385,GP
diesel-D4052,10,4,-0.1889034694750642,GP
diesel-D4052,10,5,0.0835810389574016,GP
diesel-D4052,10,6,-0.096590156099122,GP
diesel-D4052,10,7,0.1627807301217186,GP
diesel-D4052,10,8,0.2658028968126017,GP
diesel-D4052,10,9,0.3128845803098398,GP
diesel-D4052,10,10,0.1286942856016666,GP
diesel-D4052,10,11,0.1043879413818799,GP
diesel-D4052,10,12,0.2400354677689326,GP
diesel-D4052,10,13,0.2648871651445138,GP
diesel-D4052,10,14,-0.0043154075636977,GP
diesel-D4052,10,15,0.128824421224264,GP
diesel-D4052,10,16,0.1046883217041202,GP
diesel-D4052,10,17,-0.5850342762242078,GP
diesel-D4052,10,18,-0.0723241346603578,GP
diesel-D4052,10,19,0.3664304359889808,GP
diesel-D4052,10,20,-0.040010926452483,GP
diesel-D4052,10,21,0.316074597991779,GP
diesel-D4052,10,22,-0.1212714332864752,GP
diesel-D4052,10,23,0.0867588091295293,GP
diesel-D4052,10,24,0.2791027554685693,GP
diesel-D4052,10,25,-0.1043084535992677,GP
diesel-D4052,10,26,0.095155622588772,GP
diesel-D4052,10,27,0.0965848864571607,GP
diesel-D4052,10,28,0.2567110468399305,GP
diesel-D4052,10,29,-0.0591598234620733,GP
diesel-D4052,20,0,0.4502108914923112,GP
diesel-D4052,20,1,0.4768342439507642,GP
diesel-D4052,20,2,0.2840828668739265,GP
diesel-D4052,20,3,0.3049324225538062,GP
diesel-D4052,20,4,0.5741504225141705,GP
diesel-D4052,20,5,0.4999617789714961,GP
diesel-D4052,20,6,0.3509005836074084,GP
diesel-D4052,20,7,0.1969417762462421,GP
diesel-D4052,20,8,0.4001477533546455,GP
diesel-D4052,20,9,0.60862346076142,GP
diesel-D4052,20,10,0.3000556320622844,GP
diesel-D4052,20,11,-0.020359965785472,GP
diesel-D4052,20,12,0.2655928526403249,GP
diesel-D4052,20,13,0.1390229285205069,GP
diesel-D4052,20,14,0.5700147266041727,GP
diesel-D4052,20,15,0.5425556587612883,GP
diesel-D4052,20,16,0.2650463106894537,GP
diesel-D4052,20,17,0.3802238051393984,GP
diesel-D4052,20,18,0.5141730813139197,GP
diesel-D4052,20,19,0.4504005130885997,GP
diesel-D4052,20,20,0.1121870768833549,GP
diesel-D4052,20,21,0.2038722059447927,GP
diesel-D4052,20,22,0.4383033069953418,GP
diesel-D4052,20,23,0.3503596913221931,GP
diesel-D4052,20,24,0.4044359557668826,GP
diesel-D4052,20,25,0.3516631938405335,GP
diesel-D4052,20,26,0.5819221526157723,GP
diesel-D4052,20,27,0.3071874445355915,GP
diesel-D4052,20,28,-0.0066373953549971,GP
diesel-D4052,20,29,0.2056450823420664,GP
diesel-FLASH,5,0,-0.4925047671263995,GP
diesel-FLASH,5,1,-0.9794143900109966,GP
diesel-FLASH,5,2,0.0063576543384358,GP
diesel-FLASH,5,3,-7.988620451837569e-05,GP
diesel-FLASH,5,4,-0.3175730247286894,GP
diesel-FLASH,5,5,-0.8520943052207794,GP
diesel-FLASH,5,6,-0.2448857140286249,GP
diesel-FLASH,5,7,-0.002526911835524,GP
diesel-FLASH,5,8,-0.0780316284749105,GP
diesel-FLASH,5,9,-0.1949895508247277,GP
diesel-FLASH,5,10,-0.0360485603088447,GP
diesel-FLASH,5,11,-0.0651124850113316,GP
diesel-FLASH,5,12,-0.000236609731274,GP
diesel-FLASH,5,13,-0.077358008057166,GP
diesel-FLASH,5,14,-0.0534392511480255,GP
diesel-FLASH,5,15,-0.3383463262133592,GP
diesel-FLASH,5,16,-1.294684701583269,GP
diesel-FLASH,5,17,-0.0435358459435681,GP
diesel-FLASH,5,18,-0.1549177399905614,GP
diesel-FLASH,5,19,-0.3209011607929763,GP
diesel-FLASH,5,20,-0.0020441483371931,GP
diesel-FLASH,5,21,-0.1995751840636506,GP
diesel-FLASH,5,22,-0.0255876180315046,GP
diesel-FLASH,5,23,-0.156139239553932,GP
diesel-FLASH,5,24,-0.1054775216551071,GP
diesel-FLASH,5,25,-0.0446836490423905,GP
diesel-FLASH,5,26,-0.5629158378697323,GP
diesel-FLASH,5,27,-0.1416538314429325,GP
diesel-FLASH,5,28,-0.1743413761987151,GP
diesel-FLASH,5,29,-0.0072199663088414,GP
diesel-FLASH,10,0,-0.0262649189020147,GP
diesel-FLASH,10,1,-0.0326661020518392,GP
diesel-FLASH,10,2,-0.0007058311258645,GP
diesel-FLASH,10,3,0.003089967648044,GP
diesel-FLASH,10,4,-0.0855261377528722,GP
diesel-FLASH,10,5,-0.0894155794970106,GP
diesel-FLASH,10,6,-0.125719285969454,GP
diesel-FLASH,10,7,-0.0178063632777309,GP
diesel-FLASH,10,8,-0.1395462070370954,GP
diesel-FLASH,10,9,-0.0137141420981079,GP
diesel-FLASH,10,10,-0.0159969699637891,GP
diesel-FLASH,10,11,-0.0998259305093176,GP
diesel-FLASH,10,12,0.0001996001967754,GP
diesel-FLASH,10,13,-0.0534161241792905,GP
diesel-FLASH,10,14,0.0971299153886491,GP
diesel-FLASH,10,15,-0.3170143679315782,GP
diesel-FLASH,10,16,-0.016288152794448,GP
diesel-FLASH,10,17,-0.0602406740910581,GP
diesel-FLASH,10,18,-0.0585592975135007,GP
diesel-FLASH,10,19,-0.0270180126842149,GP
diesel-FLASH,10,20,-0.3267292988356507,GP
diesel-FLASH,10,21,-0.56177210097571,GP
diesel-FLASH,10,22,-0.0132159508383733,GP
diesel-FLASH,10,23,-0.003065009989885,GP
diesel-FLASH,10,24,-0.1051677325723723,GP
diesel-FLASH,10,25,-0.0248946781472103,GP
diesel-FLASH,10,26,-0.0749282749783515,GP
diesel-FLASH,10,27,-0.0949385655809753,GP
diesel-FLASH,10,28,-0.0440664471606249,GP
diesel-FLASH,10,29,-0.0002205061111311,GP
diesel-FLASH,20,0,-0.0561228855785458,GP
diesel-FLASH,20,1,-0.0003839803503287,GP
diesel-FLASH,20,2,0.0052450458023228,GP
diesel-FLASH,20,3,-0.0360234340486531,GP
diesel-FLASH,20,4,0.1137651311817614,GP
diesel-FLASH,20,5,-0.0615635776701311,GP
diesel-FLASH,20,6,-0.3878748241292888,GP
diesel-FLASH,20,7,-0.2251484719333762,GP
diesel-FLASH,20,8,-0.0315665116114021,GP
diesel-FLASH,20,9,-0.0687080790639638,GP
diesel-FLASH,20,10,0.1120247189967011,GP
diesel-FLASH,20,11,-0.0790993853650403,GP
diesel-FLASH,20,12,0.1686730791039838,GP
diesel-FLASH,20,13,0.1219574275580214,GP
diesel-FLASH,20,14,-0.0363450206826407,GP
diesel-FLASH,20,15,-0.0066321458839739,GP
diesel-FLASH,20,16,-0.0025374455637992,GP
diesel-FLASH,20,17,0.1672753045121524,GP
diesel-FLASH,20,18,0.1022067976153479,GP
diesel-FLASH,20,19,-0.0002208852192513,GP
diesel-FLASH,20,20,-0.0825182051189727,GP
diesel-FLASH,20,21,0.0069919636354764,GP
diesel-FLASH,20,22,-0.0470049513523334,GP
diesel-FLASH,20,23,-0.0888640903215736,GP
diesel-FLASH,20,24,-0.0726223795603784,GP
diesel-FLASH,20,25,-0.1830428978234854,GP
diesel-FLASH,20,26,0.0552786854071311,GP
diesel-FLASH,20,27,-0.0020811703921566,GP
diesel-FLASH,20,28,0.052064478544699,GP
diesel-FLASH,20,29,-0.1708880173911575,GP
diesel-FREEZE,5,0,-0.1443705450386285,GP
diesel-FREEZE,5,1,-0.1948776615855052,GP
diesel-FREEZE,5,2,-0.1707261477947721,GP
diesel-FREEZE,5,3,-0.1394198475291497,GP
diesel-FREEZE,5,4,-0.0134201396116162,GP
diesel-FREEZE,5,5,-3.4888337864445456,GP
diesel-FREEZE,5,6,-0.0611285026579042,GP
diesel-FREEZE,5,7,-0.2180331040484799,GP
diesel-FREEZE,5,8,-0.0055700006300671,GP
diesel-FREEZE,5,9,-0.1407216468248751,GP
diesel-FREEZE,5,10,-0.0018206531067281,GP
diesel-FREEZE,5,11,-0.0675034079168619,GP
diesel-FREEZE,5,12,-0.0490337329878123,GP
diesel-FREEZE,5,13,0.0064047433121935,GP
diesel-FREEZE,5,14,-0.000656717182853,GP
diesel-FREEZE,5,15,-0.1160663248612654,GP
diesel-FREEZE,5,16,-0.0409347396351427,GP
diesel-FREEZE,5,17,0.0544997975924896,GP
diesel-FREEZE,5,18,-0.0250205358591251,GP
diesel-FREEZE,5,19,-0.0981789548969118,GP
diesel-FREEZE,5,20,-0.039154780524151,GP
diesel-FREEZE,5,21,-0.1653195846683557,GP
diesel-FREEZE,5,22,-0.1078698760290661,GP
diesel-FREEZE,5,23,-0.1764853918212168,GP
diesel-FREEZE,5,24,-0.0019283659366395,GP
diesel-FREEZE,5,25,-0.2728553309499186,GP
diesel-FREEZE,5,26,-0.1619963197573237,GP
diesel-FREEZE,5,27,-0.1331073046719324,GP
diesel-FREEZE,5,28,-0.2310432430764544,GP
diesel-FREEZE,5,29,-0.0356115199046289,GP
diesel-FREEZE,10,0,0.2862195689207505,GP
diesel-FREEZE,10,1,0.0766194518550799,GP
diesel-FREEZE,10,2,0.1075226696545819,GP
diesel-FREEZE,10,3,0.1056603274131399,GP
diesel-FREEZE,10,4,-0.2468031958034482,GP
diesel-FREEZE,10,5,-0.1577585300681638,GP
diesel-FREEZE,10,6,-0.0896631888012557,GP
diesel-FREEZE,10,7,-0.0067730476555294,GP
diesel-FREEZE,10,8,0.1179480865081468,GP
diesel-FREEZE,10,9,0.0626398768331757,GP
diesel-FREEZE,10,10,-0.0222390780439314,GP
diesel-FREEZE,10,11,0.2343653840346192,GP
diesel-FREEZE,10,12,-0.0365979021996092,GP
diesel-FREEZE,10,13,0.2370731192727262,GP
diesel-FREEZE,10,14,-0.1633544770886126,GP
diesel-FREEZE,10,15,0.1926013826880972,GP
diesel-FREEZE,10,16,-0.080941994422903,GP
diesel-FREEZE,10,17,-0.0014686026510404,GP
diesel-FREEZE,10,18,-0.0039809095297169,GP
diesel-FREEZE,10,19,-0.0421745247297158,GP
diesel-FREEZE,10,20,-0.0582417739788148,GP
diesel-FREEZE,10,21,0.0019852089874087,GP
diesel-FREEZE,10,22,0.1006232066040955,GP
diesel-FREEZE,10,23,0.1099358145475682,GP
diesel-FREEZE,10,24,0.0652341345670809,GP
diesel-FREEZE,10,25,-0.0194284161825279,GP
diesel-FREEZE,10,26,0.1917067348919784,GP
diesel-FREEZE,10,27,0.0474857997306739,GP
diesel-FREEZE,10,28,-0.1137607793594954,GP
diesel-FREEZE,10,29,-0.1837067051387593,GP
diesel-FREEZE,20,0,-0.0775674643050814,GP
diesel-FREEZE,20,1,0.3977686236298623,GP
diesel-FREEZE,20,2,-0.0923353336437211,GP
diesel-FREEZE,20,3,0.037007252946704,GP
diesel-FREEZE,20,4,-0.0011604196187722,GP
diesel-FREEZE,20,5,0.3363118947005901,GP
diesel-FREEZE,20,6,0.4326493952437975,GP
diesel-FREEZE,20,7,0.2904836225315192,GP
diesel-FREEZE,20,8,-0.0190069666592678,GP
diesel-FREEZE,20,9,0.3556447360578136,GP
diesel-FREEZE,20,10,0.322219900564213,GP
diesel-FREEZE,20,11,-0.0902727532534395,GP
diesel-FREEZE,20,12,0.4059697668339621,GP
diesel-FREEZE,20,13,0.345171058502059,GP
diesel-FREEZE,20,14,0.3786879089513177,GP
diesel-FREEZE,20,15,0.2812712122725431,GP
diesel-FREEZE,20,16,-0.0270045997327377,GP
diesel-FREEZE,20,17,-0.0127625187100604,GP
diesel-FREEZE,20,18,0.4053178647961494,GP
diesel-FREEZE,20,19,0.447718980885757,GP
diesel-FREEZE,20,20,0.3663370546944287,GP
diesel-FREEZE,20,21,0.1763899926927263,GP
diesel-FREEZE,20,22,0.2320224483014312,GP
diesel-FREEZE,20,23,0.2700191177388773,GP
diesel-FREEZE,20,24,-0.0994289883245487,GP
diesel-FREEZE,20,25,0.2021904944505588,GP
diesel-FREEZE,20,26,-0.031133940270436,GP
diesel-FREEZE,20,27,-0.0023278205165502,GP
diesel-FREEZE,20,28,0.383601591905133,GP
diesel-FREEZE,20,29,0.3980567268394375,GP
diesel-TOTAL,5,0,-0.1566740964129342,GP
diesel-TOTAL,5,1,-0.0078936232769104,GP
diesel-TOTAL,5,2,-0.136803234930424,GP
diesel-TOTAL,5,3,-0.3534398110138497,GP
diesel-TOTAL,5,4,-0.093171994656612,GP
diesel-TOTAL,5,5,0.0638627269890055,GP
diesel-TOTAL,5,6,-0.049750081987224,GP
diesel-TOTAL,5,7,0.2164649318964708,GP
diesel-TOTAL,5,8,-0.0191669214804972,GP
diesel-TOTAL,5,9,-0.0227228368807101,GP
diesel-TOTAL,5,10,-0.0080524934288679,GP
diesel-TOTAL,5,11,0.0297566308790274,GP
diesel-TOTAL,5,12,-0.0052668457375151,GP
diesel-TOTAL,5,13,0.1479841696567662,GP
diesel-TOTAL,5,14,0.1864077835173161,GP
diesel-TOTAL,5,15,-0.0065021670281431,GP
diesel-TOTAL,5,16,-0.0378242247808877,GP
diesel-TOTAL,5,17,-0.291135346082638,GP
diesel-TOTAL,5,18,-0.1408703668785036,GP
diesel-TOTAL,5,19,-0.1323691825662865,GP
diesel-TOTAL,5,20,-0.5027151499673554,GP
diesel-TOTAL,5,21,-0.0152339727578736,GP
diesel-TOTAL,5,22,-0.0084223514872616,GP
diesel-TOTAL,5,23,-0.0705745861313782,GP
diesel-TOTAL,5,24,0.0477719612073546,GP
diesel-TOTAL,5,25,-0.0403116364486542,GP
diesel-TOTAL,5,26,0.0018833902145993,GP
diesel-TOTAL,5,27,-0.0052501021464455,GP
diesel-TOTAL,5,28,-0.1420789605923726,GP
diesel-TOTAL,5,29,-0.0444557741433251,GP
diesel-TOTAL,10,0,0.2091880980392826,GP
diesel-TOTAL,10,1,0.058497568550123,GP
diesel-TOTAL,10,2,-0.1433993790789647,GP
diesel-TOTAL,10,3,0.0173276262433383,GP
diesel-TOTAL,10,4,0.2771435668372863,GP
diesel-TOTAL,10,5,-0.0667504531803937,GP
diesel-TOTAL,10,6,-0.1299125423018619,GP
diesel-TOTAL,10,7,-0.1934611133385075,GP
diesel-TOTAL,10,8,0.5461092743254159,GP
diesel-TOTAL,10,9,0.5899093334148924,GP
diesel-TOTAL,10,10,0.2156620751019335,GP
diesel-TOTAL,10,11,0.0645128200173851,GP
diesel-TOTAL,10,12,0.2322855692568782,GP
diesel-TOTAL,10,13,0.0914602644794986,GP
diesel-TOTAL,10,14,0.5540380214508092,GP
diesel-TOTAL,10,15,0.1045863832958712,GP
diesel-TOTAL,10,16,-0.1862353206961617,GP
diesel-TOTAL,10,17,0.3876432101465704,GP
diesel-TOTAL,10,18,0.0559166071303922,GP
diesel-TOTAL,10,19,0.2070429384463056,GP
diesel-TOTAL,10,20,-0.0692312536030328,GP
diesel-TOTAL,10,21,0.4074520354723535,GP
diesel-TOTAL,10,22,0.361568174486,GP
diesel-TOTAL,10,23,0.5436819766369803,GP
diesel-TOTAL,10,24,0.1463619102378076,GP
diesel-TOTAL,10,25,0.3539708308041215,GP
diesel-TOTAL,10,26,0.2169860483147859,GP
diesel-TOTAL,10,27,-1.6366122072221154,GP
diesel-TOTAL,10,28,0.1801879652793144,GP
diesel-TOTAL,10,29,0.0872776602501856,GP
diesel-TOTAL,20,0,0.2967056743307902,GP
diesel-TOTAL,20,1,0.6327363815929257,GP
diesel-TOTAL,20,2,0.3903978907805606,GP
diesel-TOTAL,20,3,0.1501271254810028,GP
diesel-TOTAL,20,4,0.5120527340601824,GP
diesel-TOTAL,20,5,0.5102071210973509,GP
diesel-TOTAL,20,6,0.646079083200644,GP
diesel-TOTAL,20,7,0.5446875322487517,GP
diesel-TOTAL,20,8,0.6680725125186698,GP
diesel-TOTAL,20,9,0.5227260574610975,GP
diesel-TOTAL,20,10,0.5543049169618725,GP
diesel-TOTAL,20,11,0.2797868604774397,GP
diesel-TOTAL,20,12,0.2974013767999244,GP
diesel-TOTAL,20,13,0.530656939316613,GP
diesel-TOTAL,20,14,0.5210878219516828,GP
diesel-TOTAL,20,15,0.3766880367675163,GP
diesel-TOTAL,20,16,0.2717864270075023,GP
diesel-TOTAL,20,17,0.3232591425487271,GP
diesel-TOTAL,20,18,0.1880709802372102,GP
diesel-TOTAL,20,19,0.6215433178838978,GP
diesel-TOTAL,20,20,0.3982668369620722,GP
diesel-TOTAL,20,21,0.34060237708956,GP
diesel-TOTAL,20,22,0.6903663999555236,GP
diesel-TOTAL,20,23,0.285994298496537,GP
diesel-TOTAL,20,24,0.4907256954262349,GP
diesel-TOTAL,20,25,0.3176454448674266,GP
diesel-TOTAL,20,26,0.2367980393965748,GP
diesel-TOTAL,20,27,0.2846106046674921,GP
diesel-TOTAL,20,28,0.4043189389162025,GP
diesel-TOTAL,20,29,0.5962825197663477,GP
diesel-VISC,5,0,-0.601571503234966,GP
diesel-VISC,5,1,-0.7384414497566674,GP
diesel-VISC,5,2,-0.0027312582837857,GP
diesel-VISC,5,3,-0.0990032389829562,GP
diesel-VISC,5,4,-0.4197854664071627,GP
diesel-VISC,5,5,-0.0164547486133914,GP
diesel-VISC,5,6,-0.0402602137788936,GP
diesel-VISC,5,7,-0.0938586432940673,GP
diesel-VISC,5,8,-0.0066368114089316,GP
diesel-VISC,5,9,-1.359053329706391,GP
diesel-VISC,5,10,-0.878824077920124,GP
diesel-VISC,5,11,-0.0776225307417564,GP
diesel-VISC,5,12,-0.1246355023243013,GP
diesel-VISC,5,13,-0.0050283856778048,GP
diesel-VISC,5,14,-0.185418600180929,GP
diesel-VISC,5,15,-0.0854424469851724,GP
diesel-VISC,5,16,-0.7748914626214054,GP
diesel-VISC,5,17,0.0018318866071278,GP
diesel-VISC,5,18,-0.3533303866717296,GP
diesel-VISC,5,19,-0.9115250694972394,GP
diesel-VISC,5,20,-0.0981964914628263,GP
diesel-VISC,5,21,-0.1936205829017676,GP
diesel-VISC,5,22,-0.0286569730218102,GP
diesel-VISC,5,23,-0.9192903222959908,GP
diesel-VISC,5,24,-0.0168814170052415,GP
diesel-VISC,5,25,-0.0001796487187846,GP
diesel-VISC,5,26,-0.1003869748773567,GP
diesel-VISC,5,27,-0.2153192500279459,GP
diesel-VISC,5,28,-0.0007427462091482,GP
diesel-VISC,5,29,-0.0012572601002003,GP
diesel-VISC,10,0,0.1301151941175046,GP
diesel-VISC,10,1,-5.160976275186968e-05,GP
diesel-VISC,10,2,-0.0072375497954457,GP
diesel-VISC,10,3,0.1387947234000455,GP
diesel-VISC,10,4,-0.2453310502228862,GP
diesel-VISC,10,5,0.0260703645952711,GP
diesel-VISC,10,6,0.1078114919549396,GP
diesel-VISC,10,7,-0.1417014229815247,GP
diesel-VISC,10,8,-0.0979135704784126,GP
diesel-VISC,10,9,-0.1668046577432469,GP
diesel-VISC,10,10,0.0217949602319184,GP
diesel-VISC,10,11,-0.0928652555752505,GP
diesel-VISC,10,12,0.1249346869798535,GP
diesel-VISC,10,13,-0.029951380107922,GP
diesel-VISC,10,14,-0.0091548601589099,GP
diesel-VISC,10,15,0.0689729321512098,GP
diesel-VISC,10,16,-0.2240132318979493,GP
diesel-VISC,10,17,0.2305434223542823,GP
diesel-VISC,10,18,0.0107423008048371,GP
diesel-VISC,10,19,0.037848367209339,GP
diesel-VISC,10,20,-0.069929675130558,GP
diesel-VISC,10,21,0.0862577683436155,GP
diesel-VISC,10,22,-0.0061222193351815,GP
diesel-VISC,10,23,-0.1461846300820282,GP
diesel-VISC,10,24,0.0371915018106063,GP
diesel-VISC,10,25,0.0358161475370868,GP
diesel-VISC,10,26,0.1389906423866164,GP
diesel-VISC,10,27,0.1469254080053786,GP
diesel-VISC,10,28,-0.0424221896292675,GP
diesel-VISC,10,29,0.0552035150009985,GP
diesel-VISC,20,0,0.1904016998615815,GP
diesel-VISC,20,1,0.3430199190163355,GP
diesel-VISC,20,2,0.2601224527305557,GP
diesel-VISC,20,3,-0.0283303343000764,GP
diesel-VISC,20,4,0.0016826177623875,GP
diesel-VISC,20,5,0.1606770914618536,GP
diesel-VISC,20,6,0.2980236770860077,GP
diesel-VISC,20,7,0.3040464724903567,GP
diesel-VISC,20,8,0.0777284292403052,GP
diesel-VISC,20,9,0.3152064488235947,GP
diesel-VISC,20,10,0.3198625335572205,GP
diesel-VISC,20,11,0.0715847741621139,GP
diesel-VISC,20,12,-0.0968461199329806,GP
diesel-VISC,20,13,0.3512560157323021,GP
diesel-VISC,20,14,-0.0182665615205823,GP
diesel-VISC,20,15,0.1386556591570575,GP
diesel-VISC,20,16,0.194206936963232,GP
diesel-VISC,20,17,-0.1037237775688109,GP
diesel-VISC,20,18,0.2729732821399016,GP
diesel-VISC,20,19,0.1360269612412911,GP
diesel-VISC,20,20,-0.0690825067450595,GP
diesel-VISC,20,21,0.2354834203559657,GP
diesel-VISC,20,22,0.0692161223263223,GP
diesel-VISC,20,23,0.1248517762777231,GP
diesel-VISC,20,24,-0.0127702510971652,GP
diesel-VISC,20,25,-0.0014513647644696,GP
diesel-VISC,20,26,0.2286887744497849,GP
diesel-VISC,20,27,0.2309157361496611,GP
diesel-VISC,20,28,-0.0631864271340907,GP
diesel-VISC,20,29,0.2432521297774073,GP
evoo-adulteration,5,0,-0.1979502016508605,GP
evoo-adulteration,5,1,-0.0946738442412087,GP
evoo-adulteration,5,2,-0.0308275300428739,GP
evoo-adulteration,5,3,-0.1248702687160459,GP
evoo-adulteration,5,4,-9.573948647423336e-06,GP
evoo-adulteration,5,5,-1.0233584311353248,GP
evoo-adulteration,5,6,-0.0381388087766147,GP
evoo-adulteration,5,7,-0.7550529022777686,GP
evoo-adulteration,5,8,-0.0018157004674466,GP
evoo-adulteration,5,9,-9.59668069833164e-06,GP
evoo-adulteration,5,10,-0.0595459380925258,GP
evoo-adulteration,5,11,-0.143354045582805,GP
evoo-adulteration,5,12,-0.1454677265829911,GP
evoo-adulteration,5,13,-0.6196328931555743,GP
evoo-adulteration,5,14,-0.2780087222565484,GP
evoo-adulteration,5,15,-0.0734487873925782,GP
evoo-adulteration,5,16,-0.1899069575327041,GP
evoo-adulteration,5,17,-0.3761548583344754,GP
evoo-adulteration,5,18,-0.1108086464731648,GP
evoo-adulteration,5,19,-0.1249379748926668,GP
evoo-adulteration,5,20,-0.0537419225810855,GP
evoo-adulteration,5,21,-0.2497277243043798,GP
evoo-adulteration,5,22,-0.1592908361355247,GP
evoo-adulteration,5,23,-0.0127599591367351,GP
evoo-adulteration,5,24,-0.0062758909960856,GP
evoo-adulteration,5,25,-0.0780097081767112,GP
evoo-adulteration,5,26,-0.0430024922428156,GP
evoo-adulteration,5,27,-0.0331553979117773,GP
evoo-adulteration,5,28,-0.0261092761428218,GP
evoo-adulteration,5,29,-0.0381388010099381,GP
evoo-adulteration,10,0,-0.0005780008558438,GP
evoo-adulteration,10,1,-0.0220885762401426,GP
evoo-adulteration,10,2,-0.0160932018387354,GP
evoo-adulteration,10,3,-0.5080832987622257,GP
evoo-adulteration,10,4,-0.013620528035841,GP
evoo-adulteration,10,5,-0.4987036921143799,GP
evoo-adulteration,10,6,-0.110471656573631,GP
evoo-adulteration,10,7,-0.002331270495343,GP
evoo-adulteration,10,8,0.0350896297019347,GP
evoo-adulteration,10,9,-0.03970735553941,GP
evoo-adulteration,10,10,-0.1922256936643964,GP
evoo-adulteration,10,11,-0.0648237815803294,GP
evoo-adulteration,10,12,-0.1257445237904564,GP
evoo-adulteration,10,13,0.0695708813795812,GP
evoo-adulteration,10,14,-0.1364231985188149,GP
evoo-adulteration,10,15,-0.0695335135647678,GP
evoo-adulteration,10,16,-0.5090808460402998,GP
evoo-adulteration,10,17,-0.0105143827013174,GP
evoo-adulteration,10,18,5.155331200346058e-05,GP
evoo-adulteration,10,19,-0.2350559104903096,GP
evoo-adulteration,10,20,-0.1077861968655822,GP
evoo-adulteration,10,21,-0.0210862036379047,GP
evoo-adulteration,10,22,-0.0294399131298344,GP
evoo-adulteration,10,23,-0.2130334816574826,GP
evoo-adulteration,10,24,-0.0150362389021063,GP
evoo-adulteration,10,25,-0.0078712409299959,GP
evoo-adulteration,10,26,-0.3460654617401852,GP
evoo-adulteration,10,27,-0.0434544547338251,GP
evoo-adulteration,10,28,0.0354450429191939,GP
evoo-adulteration,10,29,-0.0048830818763698,GP
evoo-adulteration,20,0,0.1105595947837096,GP
evoo-adulteration,20,1,-0.0723574882748172,GP
evoo-adulteration,20,2,0.0329599014252814,GP
evoo-adulteration,20,3,-0.0016792837837185,GP
evoo-adulteration,20,4,0.0548662138911664,GP
evoo-adulteration,20,5,-0.2029237555266911,GP
evoo-adulteration,20,6,-0.0035663996213035,GP
evoo-adulteration,20,7,-0.0276829202415076,GP
evoo-adulteration,20,8,-0.0421134204163951,GP
evoo-adulteration,20,9,-0.0101215120240321,GP
evoo-adulteration,20,10,-0.0129386574234198,GP
evoo-adulteration,20,11,0.0489098945642076,GP
evoo-adulteration,20,12,-0.1150233206632189,GP
evoo-adulteration,20,13,-0.0008680162658361,GP
evoo-adulteration,20,14,-0.0058066974736559,GP
evoo-adulteration,20,15,0.1669453557580457,GP
evoo-adulteration,20,16,-0.0718108534090125,GP
evoo-adulteration,20,17,-0.0108213590770818,GP
evoo-adulteration,20,18,0.0570923561862155,GP
evoo-adulteration,20,19,-0.0444333370765859,GP
evoo-adulteration,20,20,0.012435778038071,GP
evoo-adulteration,20,21,-0.0001443194792083,GP
evoo-adulteration,20,22,0.1672185574751566,GP
evoo-adulteration,20,23,0.2077393928470301,GP
evoo-adulteration,20,24,-0.0296804822341152,GP
evoo-adulteration,20,25,0.1832503241530956,GP
evoo-adulteration,20,26,0.0711327663208959,GP
evoo-adulteration,20,27,0.1312412702208651,GP
evoo-adulteration,20,28,0.0186523757492613,GP
evoo-adulteration,20,29,-0.0061295601568978,GP
gasoline-octane,5,0,-0.113344371653965,GP
gasoline-octane,5,1,0.0238298889391647,GP
gasoline-octane,5,2,-0.6948395032612473,GP
gasoline-octane,5,3,-0.0307050926237737,GP
gasoline-octane,5,4,0.253497301655497,GP
gasoline-octane,5,5,-0.2021706139493226,GP
gasoline-octane,5,6,-0.4290044774864396,GP
gasoline-octane,5,7,-0.4174973752359661,GP
gasoline-octane,5,8,-1.2360011715696704,GP
gasoline-octane,5,9,-0.0097791629840293,GP
gasoline-octane,5,10,-0.0670965460189512,GP
gasoline-octane,5,11,-0.4422013898922614,GP
gasoline-octane,5,12,-0.2480864706286694,GP
gasoline-octane,5,13,-0.0273922794232652,GP
gasoline-octane,5,14,-0.0759383199840413,GP
gasoline-octane,5,15,-0.0240630507312349,GP
gasoline-octane,5,16,-0.0603727651853605,GP
gasoline-octane,5,17,-0.0283690478449629,GP
gasoline-octane,5,18,-0.6323519621303162,GP
gasoline-octane,5,19,-0.2911698225324284,GP
gasoline-octane,5,20,-0.020092937933378,GP
gasoline-octane,5,21,-0.0026398480526941,GP
gasoline-octane,5,22,-0.109561348042857,GP
gasoline-octane,5,23,-0.1079689136170438,GP
gasoline-octane,5,24,-0.0242161692369557,GP
gasoline-octane,5,25,-0.1160891067364515,GP
gasoline-octane,5,26,-0.000262236905248,GP
gasoline-octane,5,27,-0.0270548959672656,GP
gasoline-octane,5,28,-0.3713114160308597,GP
gasoline-octane,5,29,-0.0149388422282243,GP
gasoline-octane,10,0,0.3179423187003877,GP
gasoline-octane,10,1,0.3596487622077392,GP
gasoline-octane,10,2,0.3639772775083425,GP
gasoline-octane,10,3,9.587460913884628e-05,GP
gasoline-octane,10,4,0.4611890059398691,GP
gasoline-octane,10,5,0.5662744967155394,GP
gasoline-octane,10,6,0.4988118771963915,GP
gasoline-octane,10,7,0.3758439521729562,GP
gasoline-octane,10,8,0.5042746459929637,GP
gasoline-octane,10,9,0.3157435214183236,GP
gasoline-octane,10,10,0.323919755511183,GP
gasoline-octane,10,11,0.200899839414093,GP
gasoline-octane,10,12,-0.0643067774281043,GP
gasoline-octane,10,13,0.0776659961772782,GP
gasoline-octane,10,14,0.4400646281862873,GP
gasoline-octane,10,15,0.4355350971286921,GP
gasoline-octane,10,16,-0.5138262151593764,GP
gasoline-octane,10,17,0.4857827532240106,GP
gasoline-octane,10,18,0.159357819028498,GP
gasoline-octane,10,19,0.3355783969952348,GP
gasoline-octane,10,20,0.3506561865690343,GP
gasoline-octane,10,21,-0.0361653650450601,GP
gasoline-octane,10,22,0.6141574712917004,GP
gasoline-octane,10,23,0.1270161579040009,GP
gasoline-octane,10,24,-0.1347286100764664,GP
gasoline-octane,10,25,0.4724931378411886,GP
gasoline-octane,10,26,0.3990956923674056,GP
gasoline-octane,10,27,0.4127071929071946,GP
gasoline-octane,10,28,0.0108399855303955,GP
gasoline-octane,10,29,-0.5624151870059799,GP
gasoline-octane,20,0,0.6014738796643122,GP
gasoline-octane,20,1,0.6949684632410913,GP
gasoline-octane,20,2,0.5982981678844419,GP
gasoline-octane,20,3,0.576444393972994,GP
gasoline-octane,20,4,0.7209261599406158,GP
gasoline-octane,20,5,0.6039167524289353,GP
gasoline-octane,20,6,0.4642138417504118,GP
gasoline-octane,20,7,0.5585997177530233,GP
gasoline-octane,20,8,0.4186496805269858,GP
gasoline-octane,20,9,0.6949904167643137,GP
gasoline-octane,20,10,0.4146280102067819,GP
gasoline-octane,20,11,0.4346933076423169,GP
gasoline-octane,20,12,0.2712171594255396,GP
gasoline-octane,20,13,0.5528283926368176,GP
gasoline-octane,20,14,0.721764252428435,GP
gasoline-octane,20,15,0.6744828757627812,GP
gasoline-octane,20,16,0.590362574550559,GP
gasoline-octane,20,17,0.6130502295971172,GP
gasoline-octane,20,18,0.5533473400061648,GP
gasoline-octane,20,19,0.7556953596661015,GP
gasoline-octane,20,20,0.6748600130805651,GP
gasoline-octane,20,21,0.5802226188063264,GP
gasoline-octane,20,22,0.7173189830694987,GP
gasoline-octane,20,23,0.6751921163726777,GP
gasoline-octane,20,24,0.6690049526267916,GP
gasoline-octane,20,25,0.6671235650242757,GP
gasoline-octane,20,26,0.6995055975272702,GP
gasoline-octane,20,27,0.3122601985041078,GP
gasoline-octane,20,28,0.7160518077399447,GP
gasoline-octane,20,29,0.6165634580632022,GP
