task,model,shot,rep,r2,rmse,rpd
diesel-CN,mae_ft,5,0,0.136138971049933,3.281300679794867,1.0773488377129388
diesel-CN,mae_ft,5,1,-0.8806488638941241,4.839813420123594,0.7301707485098938
diesel-CN,mae_ft,5,2,-0.0029850311692209,3.5248936457955304,0.9998412789023532
diesel-CN,mae_ft,5,3,0.320530950707025,2.887241456837776,1.214768296992489
diesel-CN,mae_ft,5,4,0.1333322276835278,3.2773650117811526,1.0756029011585104
diesel-CN,mae_ft,5,5,0.0848227276579858,3.335743869675729,1.0467083180896135
diesel-CN,mae_ft,5,6,0.0903970245103162,3.3348721109962263,1.049910677372644
diesel-CN,mae_ft,5,7,0.0381294978815112,3.462929225395347,1.020986466537881
diesel-CN,mae_ft,5,8,-2.7152056874195987,6.796324470874284,0.5195015613422974
diesel-CN,mae_ft,5,9,-0.1189379482365968,3.737685921275833,0.9466191525238564
diesel-CN,mae_ft,10,0,-0.1859298252327252,3.809655208193115,0.919510297216669
diesel-CN,mae_ft,10,1,-0.7993654713044991,4.728390364091106,0.7464941378194043
diesel-CN,mae_ft,10,2,-0.3424200447346754,4.080661031769552,0.8642549559250441
diesel-CN,mae_ft,10,3,0.4106638248444016,2.7172492550439205,1.3043812359958131
diesel-CN,mae_ft,10,4,0.2623727545659544,3.0025600386150946,1.1659169549465522
diesel-CN,mae_ft,10,5,-0.013132218840131,3.5650318810051984,0.994839520345192
diesel-CN,mae_ft,10,6,-0.0437412358030613,3.5899279968569338,0.9801435174408188
diesel-CN,mae_ft,10,7,0.2449823578758448,3.053009657480024,1.1524113923755668
diesel-CN,mae_ft,10,8,0.1918751355959933,3.164168210589154,1.1139016778009112
diesel-CN,mae_ft,10,9,0.3833934755480496,2.7567450744630206,1.2752109547236352
diesel-CN,mae_ft,20,0,-0.4750550799986663,4.227998210703129,0.8245143750276871
diesel-CN,mae_ft,20,1,0.1042038045804031,3.320478231354238,1.058029419347443
diesel-CN,mae_ft,20,2,0.0829827294130188,3.398159351273405,1.0457156149007276
diesel-CN,mae_ft,20,3,0.1116733789723712,3.3065368440622294,1.0624683753680837
diesel-CN,mae_ft,20,4,-0.2587572507821292,3.841143028124252,0.8925475412612055
diesel-CN,mae_ft,20,5,-0.0765180451431177,3.579118918948881,0.9651430630226908
diesel-CN,mae_ft,20,6,-1.8468455577318836,5.906201504089692,0.5934995540724903
diesel-CN,mae_ft,20,7,-0.5070657152650082,4.369025727484048,0.8157108810462269
diesel-CN,mae_ft,20,8,0.4368613926102206,2.6313938817608498,1.3344266272057297
diesel-CN,mae_ft,20,9,0.4111333162784667,2.728627662428969,1.304949960545453
evoo-adulteration,mae_ft,5,0,-0.311003297183364,25.18987366630577,0.8735891967164893
evoo-adulteration,mae_ft,5,1,-0.0437824924016174,22.47338684535801,0.9790483562680288
evoo-adulteration,mae_ft,5,2,-0.8325464082893876,29.7754923687618,0.7388931761635946
evoo-adulteration,mae_ft,5,3,-0.7718917199941715,29.289893252658132,0.7514335080518032
evoo-adulteration,mae_ft,5,4,-0.7578836988596653,29.16620174441584,0.7544215355929662
evoo-adulteration,mae_ft,5,5,-0.6197074657507777,27.99453374211277,0.7859426459941915
evoo-adulteration,mae_ft,5,6,-0.1004597216456182,23.079290060905763,0.9535030156786588
evoo-adulteration,mae_ft,5,7,-0.518361814906851,27.11274814403986,0.8117485285215184
evoo-adulteration,mae_ft,5,8,-3.2722568047674354,45.29482795972535,0.4839276885590146
evoo-adulteration,mae_ft,5,9,-1.0534559188950956,31.51102496132928,0.6980177306286143
evoo-adulteration,mae_ft,10,0,-0.0863500823239431,22.93471452623235,0.9596757501337244
evoo-adulteration,mae_ft,10,1,0.0199727201399343,21.797173580104044,1.0103930243645571
evoo-adulteration,mae_ft,10,2,0.4739323678776785,15.96638058339258,1.3790773668176588
evoo-adulteration,mae_ft,10,3,-1.5686142558348108,35.26949367341679,0.6241083274026745
evoo-adulteration,mae_ft,10,4,-0.2473745660512138,24.568617094315176,0.8955935957927774
evoo-adulteration,mae_ft,10,5,0.1978589432458907,19.638208883074235,1.1168222270907868
evoo-adulteration,mae_ft,10,6,-1.2948243039619831,33.341344878385875,0.660289971527443
evoo-adulteration,mae_ft,10,7,-0.5131782473620559,27.08592625202129,0.813138224077379
evoo-adulteration,mae_ft,10,8,-0.0953564419804162,22.954944467986017,0.9557222310863644
evoo-adulteration,mae_ft,10,9,0.3294268981994994,18.02349406210512,1.2214799909226612
evoo-adulteration,mae_ft,20,0,-2.482431148206717,41.0188096997252,0.5360048340672424
evoo-adulteration,mae_ft,20,1,-0.8207776651520955,29.632130716600244,0.7412786929752689
evoo-adulteration,mae_ft,20,2,-8.365169599748825,67.01617920032827,0.32685275690956
evoo-adulteration,mae_ft,20,3,-0.4326788721779928,26.38852640188563,0.8356714163480332
evoo-adulteration,mae_ft,20,4,-4.6399375904141404,51.980173275913046,0.4211849328645063
evoo-adulteration,mae_ft,20,5,-0.0210129011659119,22.27786767978262,0.9899069216712956
evoo-adulteration,mae_ft,20,6,-2.006021456237845,38.21765947740629,0.5769177986985748
evoo-adulteration,mae_ft,20,7,-0.5064735572683479,27.04040803082103,0.8149467259318567
evoo-adulteration,mae_ft,20,8,-0.2992457813361719,25.140295208040182,0.8775347394753669
evoo-adulteration,mae_ft,20,9,-0.0569604651584889,22.58771688938268,0.9729277805988876
gasoline-octane,mae_ft,5,0,0.9109375729080472,0.4563987218706382,3.38171654084364
gasoline-octane,mae_ft,5,1,0.5823615187281035,0.9689006494550966,1.561651817351148
gasoline-octane,mae_ft,5,2,0.9358982978155714,0.3732634892948983,3.986113712946072
gasoline-octane,mae_ft,5,3,0.9349458629039632,0.3929791437894995,3.956826471940859
gasoline-octane,mae_ft,5,4,0.9534067613079222,0.3223532609143739,4.675445674988231
gasoline-octane,mae_ft,5,5,0.8452747162137451,0.570049421284093,2.565687869584321
gasoline-octane,mae_ft,5,6,0.5652849517022616,1.013037919326436,1.5306719642322708
gasoline-octane,mae_ft,5,7,0.6721379980280271,0.8437005843858221,1.7625397554712483
gasoline-octane,mae_ft,5,8,0.5087310568914798,0.9954587782207788,1.439875061659839
gasoline-octane,mae_ft,5,9,0.8745905613470057,0.5472139639597253,2.8498326178001863
gasoline-octane,mae_ft,10,0,0.9519227546314128,0.3335012764095872,4.606988985765922
gasoline-octane,mae_ft,10,1,0.963184005406901,0.2892542641211653,5.264640172442852
gasoline-octane,mae_ft,10,2,0.9303551685550454,0.3912269363315978,3.827740755917522
gasoline-octane,mae_ft,10,3,0.8976762186939098,0.4964625551231015,3.1579021703956034
gasoline-octane,mae_ft,10,4,0.958895949917207,0.30673370793175,4.98246956021273
gasoline-octane,mae_ft,10,5,0.9454897396579586,0.3254163095486083,4.326610839997836
gasoline-octane,mae_ft,10,6,0.8883973075038946,0.5032897907383784,3.02377607156538
gasoline-octane,mae_ft,10,7,0.930525990444916,0.4124727753625589,3.832443669139258
gasoline-octane,mae_ft,10,8,0.8092301321353967,0.6569319562049831,2.3127680159952475
gasoline-octane,mae_ft,10,9,0.884711054652622,0.5071044022890753,2.9750421901506754
gasoline-octane,mae_ft,20,0,0.6504858865217571,0.9420947334910602,1.7130314385594567
gasoline-octane,mae_ft,20,1,0.7820727818467772,0.6775099697309664,2.1694115828437406
gasoline-octane,mae_ft,20,2,0.9519936886901113,0.3445134669572799,4.622197768922522
gasoline-octane,mae_ft,20,3,0.9531465887634696,0.3396236744416908,4.678720310105101
gasoline-octane,mae_ft,20,4,0.8625439449171005,0.5232444512262249,2.7315915103780464
gasoline-octane,mae_ft,20,5,0.8642551831687807,0.5552981334403272,2.7487552017803725
gasoline-octane,mae_ft,20,6,0.3724936254879144,1.277642583310366,1.2784643469221686
gasoline-octane,mae_ft,20,7,-0.7956114913321111,2.0831242390150595,0.7557732287137865
gasoline-octane,mae_ft,20,8,0.8863337255862286,0.4959510299449589,3.003875158544747
gasoline-octane,mae_ft,20,9,-0.2563436584609937,1.4816285012403287,0.9035318497671132
corn_m5-oil,mae_ridge,5,0,-1.010805451362152,0.2533689860056098,0.7099532389347543
corn_m5-oil,mae_ridge,5,1,-0.2176777577362798,0.1930178990387407,0.9123229191016148
corn_m5-oil,mae_ridge,5,2,-0.4117950948426645,0.2083757799525684,0.8472838676945901
corn_m5-oil,mae_ridge,5,3,-0.7068685710837619,0.2319654564579316,0.7705746735517481
corn_m5-oil,mae_ridge,5,4,-0.4374959987184381,0.2061686224564731,0.8396754381820554
corn_m5-oil,mae_ridge,5,5,-0.3204272936065684,0.2034309420815656,0.8761077567861804
corn_m5-oil,mae_ridge,5,6,0.0783509963768042,0.1691954190640357,1.048653456966475
corn_m5-oil,mae_ridge,5,7,-0.4351721867328944,0.2103877309379975,0.8403549589550088
corn_m5-oil,mae_ridge,5,8,-1.4122998164452047,0.270483774943567,0.6481852289000538
corn_m5-oil,mae_ridge,5,9,-1.0503377965864709,0.2482440333100069,0.7030756596223393
corn_m5-oil,mae_ridge,5,10,-0.0150745010009416,0.177921565393965,0.9992308012507036
corn_m5-oil,mae_ridge,5,11,-0.0574079244609915,0.1767758028752337,0.9790243451717882
corn_m5-oil,mae_ridge,5,12,-0.0104935737174034,0.1794763734402389,1.0014931746761295
corn_m5-oil,mae_ridge,5,13,0.0584507563467187,0.1720425113649259,1.037512295971481
corn_m5-oil,mae_ridge,5,14,0.138792611427493,0.1615187377615657,1.0848280305422895
corn_m5-oil,mae_ridge,5,15,-0.5349906833550058,0.2162567077767647,0.8125720875247541
corn_m5-oil,mae_ridge,5,16,-0.2236527581155696,0.1943640594495206,0.9100927927821552
corn_m5-oil,mae_ridge,5,17,-0.0297262964998292,0.1732574696767765,0.9920963915452072
corn_m5-oil,mae_ridge,5,18,-1.619529791024485,0.2718287413343264,0.6220182124969713
corn_m5-oil,mae_ridge,5,19,0.0740384524535191,0.1666080347357231,1.0462086243587396
corn_m5-oil,mae_ridge,5,20,-0.1446618052100048,0.189551570151897,0.9409708635047436
corn_m5-oil,mae_ridge,5,21,-0.0967658332309717,0.1841456775200055,0.9612975057629516
corn_m5-oil,mae_ridge,5,22,-0.5706593360309811,0.2243304673050754,0.8032926102682192
corn_m5-oil,mae_ridge,5,23,-0.0793891091131138,0.1865729744288771,0.9690044153183104
corn_m5-oil,mae_ridge,5,24,-0.4152259963950446,0.2050086948429059,0.8462562185786224
corn_m5-oil,mae_ridge,5,25,-0.9013226745889008,0.2351591323903694,0.7301075812793634
corn_m5-oil,mae_ridge,5,26,0.3850337711174524,0.1388338679510918,1.2837756629840742
corn_m5-oil,mae_ridge,5,27,0.0685578000265285,0.1705275161452192,1.0431261113536097
corn_m5-oil,mae_ridge,5,28,-1.0284086668732146,0.2521890967804785,0.7068659191401071
corn_m5-oil,mae_ridge,5,29,0.04412982766332,0.1728248198861246,1.0297109164836349
corn_m5-oil,mae_ridge,10,0,0.4039365204091081,0.133860576767434,1.3046025341228618
corn_m5-oil,mae_ridge,10,1,-0.1063443770179268,0.1859088270994928,0.9575893518676034
corn_m5-oil,mae_ridge,10,2,0.2604264884650896,0.1509838783993261,1.1712073807471255
corn_m5-oil,mae_ridge,10,3,0.5491729438243802,0.1210348458541887,1.5000975044570275
corn_m5-oil,mae_ridge,10,4,-0.0336760599931764,0.1844165679289957,0.9906773769624798
corn_m5-oil,mae_ridge,10,5,0.3395045224215225,0.143904580617896,1.2393373848443936
corn_m5-oil,mae_ridge,10,6,0.0855031531296511,0.1674878579657031,1.0532546094442918
corn_m5-oil,mae_ridge,10,7,0.4745589449879468,0.1274196126245122,1.3895125481777757
corn_m5-oil,mae_ridge,10,8,0.4099141525198005,0.1330762074649263,1.3111937646166585
corn_m5-oil,mae_ridge,10,9,0.3917938383471711,0.1346654611607411,1.2915138470012015
corn_m5-oil,mae_ridge,10,10,0.1175614963073599,0.1634879871090057,1.0722159166232854
corn_m5-oil,mae_ridge,10,11,-0.3614611240751904,0.2038051108095615,0.8632207121067692
corn_m5-oil,mae_ridge,10,12,0.2723580161471021,0.1452105681590851,1.1807707873073146
corn_m5-oil,mae_ridge,10,13,0.5368650948655673,0.1178728187821366,1.4800306788352846
corn_m5-oil,mae_ridge,10,14,0.104391732907323,0.1682004524772839,1.0643033466091774
corn_m5-oil,mae_ridge,10,15,-0.1862366749323087,0.190885983267729,0.9247807928594888
corn_m5-oil,mae_ridge,10,16,0.3671001274267139,0.1414671782417883,1.2660678205166944
corn_m5-oil,mae_ridge,10,17,0.4146977476815702,0.1337989748015303,1.3165409649121813
corn_m5-oil,mae_ridge,10,18,0.3313640696997489,0.1454100535290774,1.2317699910969042
corn_m5-oil,mae_ridge,10,19,-0.1517248236178829,0.1903705594138854,0.938534217400142
corn_m5-oil,mae_ridge,10,20,0.088423848324171,0.1645470209634185,1.0549405769529585
corn_m5-oil,mae_ridge,10,21,-0.1059730153455698,0.1802145449273766,0.9577501072077096
corn_m5-oil,mae_ridge,10,22,-0.0616003872028183,0.1772440578375606,0.9775611655188676
corn_m5-oil,mae_ridge,10,23,0.4833436101828881,0.1314404105172236,1.4012756397850852
corn_m5-oil,mae_ridge,10,24,0.3760849662819199,0.1331488149727072,1.2751513923055542
corn_m5-oil,mae_ridge,10,25,0.3599131501233684,0.1378672968747978,1.2589399699383927
corn_m5-oil,mae_ridge,10,26,0.4230390170831094,0.1393053196968649,1.3260235959024569
corn_m5-oil,mae_ridge,10,27,-0.1734212714276186,0.1947359699085267,0.9298170301544728
corn_m5-oil,mae_ridge,10,28,0.4746595435634869,0.1320779136504263,1.3896455821847071
corn_m5-oil,mae_ridge,10,29,-0.3905992627363184,0.2102741719516264,0.8541290189701637
corn_m5-oil,mae_ridge,20,0,0.6062857441948979,0.1096033938580223,1.6071597571398355
corn_m5-oil,mae_ridge,20,1,0.7123523400344178,0.1004918609290219,1.8802655831811137
corn_m5-oil,mae_ridge,20,2,0.5612444311101499,0.10892353372975,1.5224333835326245
corn_m5-oil,mae_ridge,20,3,0.4546044219183501,0.1285874140321776,1.3655066300086236
corn_m5-oil,mae_ridge,20,4,0.4242890671324769,0.1241096659295862,1.3290685487777176
corn_m5-oil,mae_ridge,20,5,0.6877085120688748,0.0958515182963437,1.804552601259374
corn_m5-oil,mae_ridge,20,6,0.6861798031459663,0.1017483548309525,1.8001519867885634
corn_m5-oil,mae_ridge,20,7,0.4391019937512411,0.1404782761438432,1.3465040723667523
corn_m5-oil,mae_ridge,20,8,0.5918760983851388,0.1166362361555339,1.5785327783154872
corn_m5-oil,mae_ridge,20,9,0.4695489214705771,0.1264851554838875,1.3846083648347831
corn_m5-oil,mae_ridge,20,10,0.7197129325910807,0.0958805560250984,1.904794329611653
corn_m5-oil,mae_ridge,20,11,0.5283924368550655,0.1237782007614269,1.4684502541185611
corn_m5-oil,mae_ridge,20,12,0.4401937904293587,0.1314216182282269,1.3478164841922258
corn_m5-oil,mae_ridge,20,13,0.5661596771124393,0.1110901577570342,1.5310333893000363
corn_m5-oil,mae_ridge,20,14,0.5968193302596076,0.1111407481074847,1.5881801673530824
corn_m5-oil,mae_ridge,20,15,0.5191973552330922,0.1158130422818385,1.4543408249019911
corn_m5-oil,mae_ridge,20,16,0.5118463293065938,0.1236627631676528,1.4433489469367606
corn_m5-oil,mae_ridge,20,17,-0.190672120308839,0.1930615549591426,0.9241735334841426
corn_m5-oil,mae_ridge,20,18,0.3628580189832536,0.1483403997410552,1.2633727597861388
corn_m5-oil,mae_ridge,20,19,0.2988251887390304,0.1371164306282608,1.2043049356288291
corn_m5-oil,mae_ridge,20,20,0.3843087508437237,0.1268795252632668,1.2851923413876256
corn_m5-oil,mae_ridge,20,21,0.5955959289554883,0.1125435829446287,1.5857760701532095
corn_m5-oil,mae_ridge,20,22,0.5483706696612429,0.1220300374064576,1.5005779137819788
corn_m5-oil,mae_ridge,20,23,0.6138112006334888,0.1085945588605475,1.6227431422891954
corn_m5-oil,mae_ridge,20,24,0.6303453134539136,0.1045861034626941,1.658637618280723
corn_m5-oil,mae_ridge,20,25,0.6126452815032346,0.107171709392811,1.6202991122734436
corn_m5-oil,mae_ridge,20,26,0.5346720096398723,0.1192668769678382,1.4783253729418306
corn_m5-oil,mae_ridge,20,27,0.504475187008876,0.1256859006809003,1.4325735098331291
corn_m5-oil,mae_ridge,20,28,0.1169310437852514,0.1546312383094222,1.0731299370817553
corn_m5-oil,mae_ridge,20,29,0.7430861699583033,0.0904738564076219,1.9895546707418807
corn_m5-protein,mae_ridge,5,0,0.2315402522474644,0.4257355127317913,1.148429156442177
corn_m5-protein,mae_ridge,5,1,-0.0550360239668412,0.5217210205615942,0.9801242339880348
corn_m5-protein,mae_ridge,5,2,0.0159567272947187,0.5037519231276445,1.0148635941384498
corn_m5-protein,mae_ridge,5,3,0.3275456473112388,0.4050820180110869,1.2276748733972416
corn_m5-protein,mae_ridge,5,4,0.0443343314232151,0.4880298061824453,1.0298210849748848
corn_m5-protein,mae_ridge,5,5,0.0185993173233685,0.4864670401534933,1.0162290229282491
corn_m5-protein,mae_ridge,5,6,0.324916307941626,0.4173949209666988,1.2252817455838
corn_m5-protein,mae_ridge,5,7,0.3129015650340557,0.4071415284145154,1.2145217373750763
corn_m5-protein,mae_ridge,5,8,-0.14478618801613,0.5315403696983457,0.9409197431396294
corn_m5-protein,mae_ridge,5,9,-0.7229123970364892,0.6413734651598301,0.7669784716031298
corn_m5-protein,mae_ridge,5,10,0.0631175425296022,0.4881274460793553,1.040093107172737
corn_m5-protein,mae_ridge,5,11,-0.0238391359215348,0.5105633036240395,0.9949446215968571
corn_m5-protein,mae_ridge,5,12,-0.285133311829598,0.5682591102969021,0.888056671629092
corn_m5-protein,mae_ridge,5,13,-0.0568339226663499,0.5222254543904796,0.9792901794882046
corn_m5-protein,mae_ridge,5,14,-0.3081205730153566,0.5760837540377306,0.8802192939980527
corn_m5-protein,mae_ridge,5,15,-0.5083542270242449,0.6136452512732757,0.8197154098572156
corn_m5-protein,mae_ridge,5,16,-0.0322714986862064,0.5168519473677708,0.9908725641347922
corn_m5-protein,mae_ridge,5,17,0.4879921431314135,0.3481501198914167,1.406942857741855
corn_m5-protein,mae_ridge,5,18,-0.626382698737667,0.63175334611485,0.7894114094106355
corn_m5-protein,mae_ridge,5,19,0.3073863666629017,0.4151199668083273,1.2096765279864357
corn_m5-protein,mae_ridge,5,20,-0.3877305969347722,0.583662422153459,0.8545986254018365
corn_m5-protein,mae_ridge,5,21,-0.1623997294854966,0.5343112572121145,0.9337637751780408
corn_m5-protein,mae_ridge,5,22,-0.0061928110684805,0.5004882070921085,1.0036312299572634
corn_m5-protein,mae_ridge,5,23,-0.587155417986972,0.6402277872577435,0.7991072002620441
corn_m5-protein,mae_ridge,5,24,-0.4258272247530001,0.5964124569179174,0.8431043312476275
corn_m5-protein,mae_ridge,5,25,-0.0114664242726802,0.495062918775036,1.0010114297773505
corn_m5-protein,mae_ridge,5,26,-1.5745678877062663,0.7876846565458314,0.6274261246482258
corn_m5-protein,mae_ridge,5,27,-0.1638557658102495,0.5336755444929241,0.9331795019759942
corn_m5-protein,mae_ridge,5,28,-0.2822798658995664,0.5582776941950334,0.8890442148304808
corn_m5-protein,mae_ridge,5,29,0.2580127663427626,0.4186130740220503,1.1687363598128628
corn_m5-protein,mae_ridge,10,0,0.5096363072874088,0.3594557655127618,1.438352462492565
corn_m5-protein,mae_ridge,10,1,0.614889791621271,0.3066194852402469,1.6230502249305778
corn_m5-protein,mae_ridge,10,2,0.4407611022927619,0.3580283922788342,1.3468703396532402
corn_m5-protein,mae_ridge,10,3,-0.2435178444139911,0.5644527811318089,0.9032302285483405
corn_m5-protein,mae_ridge,10,4,0.3313741377208042,0.3994725523569797,1.2317792649226869
corn_m5-protein,mae_ridge,10,5,0.214221834472388,0.4582710399453336,1.1362515697157347
corn_m5-protein,mae_ridge,10,6,0.4762216422421619,0.3521560078098505,1.3917162552106912
corn_m5-protein,mae_ridge,10,7,-0.0459173233505367,0.5071517442205893,0.9848629425149472
corn_m5-protein,mae_ridge,10,8,0.1359064101362289,0.4406146054466818,1.083537840764064
corn_m5-protein,mae_ridge,10,9,-0.0298933485572803,0.5239211893289838,0.9924950466946332
corn_m5-protein,mae_ridge,10,10,0.7242559131136695,0.2591526219488639,1.9181005531687163
corn_m5-protein,mae_ridge,10,11,0.4770631130332009,0.3496602536053373,1.3928355278027016
corn_m5-protein,mae_ridge,10,12,0.3697007881629206,0.3802274728790887,1.2686770760946684
corn_m5-protein,mae_ridge,10,13,0.592907328122876,0.3010683804536277,1.5786208418377967
corn_m5-protein,mae_ridge,10,14,0.3480945421264672,0.3992355210168017,1.2474759053914135
corn_m5-protein,mae_ridge,10,15,0.3718554726479428,0.3992678824611744,1.2708511447067723
corn_m5-protein,mae_ridge,10,16,0.4232181784903577,0.3646577773620438,1.326229526289538
corn_m5-protein,mae_ridge,10,17,0.6039477044678461,0.3109821005094808,1.6004724665301506
corn_m5-protein,mae_ridge,10,18,0.1432275567211264,0.4559417249838864,1.0881574250358834
corn_m5-protein,mae_ridge,10,19,0.5746842109838828,0.3270948031018673,1.5444317529025164
corn_m5-protein,mae_ridge,10,20,0.1957646259742564,0.4170681105267672,1.1231373989329794
corn_m5-protein,mae_ridge,10,21,0.3465019484544162,0.3879924228570586,1.2459549106995915
corn_m5-protein,mae_ridge,10,22,0.4980290089458237,0.3505292252253315,1.4216253682804991
corn_m5-protein,mae_ridge,10,23,0.292544776496373,0.4256218765881618,1.1974985490187882
corn_m5-protein,mae_ridge,10,24,0.5088162050109066,0.349464377941998,1.4371511922868518
corn_m5-protein,mae_ridge,10,25,0.8086905495501793,0.2181118056359567,2.302800221492331
corn_m5-protein,mae_ridge,10,26,0.6608226008561513,0.2945931002259178,1.7294619910480389
corn_m5-protein,mae_ridge,10,27,0.5050771822454607,0.3433169527167525,1.4317122346323332
corn_m5-protein,mae_ridge,10,28,0.4361472043325546,0.3792817899836105,1.3413484310194612
corn_m5-protein,mae_ridge,10,29,0.4901467595256564,0.3509697501615875,1.4105935143016075
corn_m5-protein,mae_ridge,20,0,0.6167476765175808,0.2918529892378371,1.628948001316265
corn_m5-protein,mae_ridge,20,1,0.7758819289131025,0.233864080595788,2.1301548798522685
corn_m5-protein,mae_ridge,20,2,0.8462447954618355,0.1897928362601764,2.571785282687309
corn_m5-protein,mae_ridge,20,3,0.7445219406844777,0.2312655696484441,1.9951374245014504
corn_m5-protein,mae_ridge,20,4,0.704064396019719,0.2765919320686625,1.8537493436089771
corn_m5-protein,mae_ridge,20,5,0.8090908805523223,0.2079920776032972,2.308002538346539
corn_m5-protein,mae_ridge,20,6,0.6989188150525094,0.2759616900202682,1.837840471846891
corn_m5-protein,mae_ridge,20,7,0.8329603601855599,0.1980913815622477,2.4674016279656423
corn_m5-protein,mae_ridge,20,8,0.7211352985416637,0.2604971901927543,1.909645909268034
corn_m5-protein,mae_ridge,20,9,0.8491742369492183,0.187536095329779,2.5966406629662884
corn_m5-protein,mae_ridge,20,10,0.6790248749402661,0.2842386174514418,1.7799751162980793
corn_m5-protein,mae_ridge,20,11,0.5061187438362318,0.3421471615910681,1.4349552163001076
corn_m5-protein,mae_ridge,20,12,0.6976398146756202,0.2688176499798015,1.833949268850365
corn_m5-protein,mae_ridge,20,13,0.5804637748299908,0.3123102019164099,1.5569149404626288
corn_m5-protein,mae_ridge,20,14,0.8317347491344637,0.2080909607582182,2.4583991704607797
corn_m5-protein,mae_ridge,20,15,0.77427564996459,0.2374758655252853,2.122562141507354
corn_m5-protein,mae_ridge,20,16,0.8598595832871903,0.1834304009967765,2.6938159317848998
corn_m5-protein,mae_ridge,20,17,0.769034946646669,0.2306431334412178,2.098343011655488
corn_m5-protein,mae_ridge,20,18,0.8463905533512581,0.1839925367269282,2.573005159201402
corn_m5-protein,mae_ridge,20,19,0.6732189476350683,0.2890864114596401,1.7640918186987646
corn_m5-protein,mae_ridge,20,20,0.400560013422868,0.4054151191651807,1.3024970982572883
corn_m5-protein,mae_ridge,20,21,0.7564084430993516,0.2503818705415294,2.043235867829115
corn_m5-protein,mae_ridge,20,22,0.8366095092805704,0.205979791680056,2.494802846017007
corn_m5-protein,mae_ridge,20,23,0.6513983952905475,0.2806768716460067,1.707988445583987
corn_m5-protein,mae_ridge,20,24,0.8004514895230449,0.2192719541120876,2.257487603676871
corn_m5-protein,mae_ridge,20,25,0.29456315267415,0.3799194991992839,1.2006614009243648
corn_m5-protein,mae_ridge,20,26,0.4305059274736741,0.3427864055697536,1.33630322119667
corn_m5-protein,mae_ridge,20,27,0.8821222698843081,0.1779523771445938,2.93720147199833
corn_m5-protein,mae_ridge,20,28,0.6748823772560923,0.2876842865711993,1.768598954749336
corn_m5-protein,mae_ridge,20,29,0.8073267621969731,0.2077931168560202,2.297412192533381
diesel-BP50,mae_ridge,5,0,-1.4115361924456111,31.68195876582473,0.6447785937688917
diesel-BP50,mae_ridge,5,1,-0.1727174786218837,22.52623441518893,0.9246147213162166
diesel-BP50,mae_ridge,5,2,0.0257738145411633,20.30184881312025,1.014442892345372
diesel-BP50,mae_ridge,5,3,-0.8847003608588302,28.43002858024684,0.729350602405835
diesel-BP50,mae_ridge,5,4,-0.0083358372552455,20.867870578144657,0.9971371604956254
diesel-BP50,mae_ridge,5,5,-1.680868425523934,33.68531646001173,0.6115327961769627
diesel-BP50,mae_ridge,5,6,-0.0296832245489497,21.099092921295373,0.9867467034842065
diesel-BP50,mae_ridge,5,7,0.30085980158946,17.2963824036354,1.1974995699700517
diesel-BP50,mae_ridge,5,8,-0.2071957939930202,22.6586788697948,0.9113152671828672
diesel-BP50,mae_ridge,5,9,-0.4740592745381593,25.175430739959143,0.8247076612682511
diesel-BP50,mae_ridge,5,10,-0.3696986920129623,24.315504501732413,0.8555491858160392
diesel-BP50,mae_ridge,5,11,-1.7966310096862164,34.4879905435246,0.5987422684222349
diesel-BP50,mae_ridge,5,12,-0.0357806510763929,21.18310436244054,0.9838380295669372
diesel-BP50,mae_ridge,5,13,-1.0651677259810215,29.86198567590861,0.6967545896451401
diesel-BP50,mae_ridge,5,14,-0.23522674703726,23.065035812792747,0.9009157082687482
diesel-BP50,mae_ridge,5,15,0.0541778828075574,20.24432563142781,1.029562628932619
diesel-BP50,mae_ridge,5,16,-1.8713189049111687,34.76937523335166,0.5909038065325614
diesel-BP50,mae_ridge,5,17,-0.5276403202004973,25.59042353068913,0.8101155092295916
diesel-BP50,mae_ridge,5,18,-0.0111106531197362,20.783021916537127,0.99576798645346
diesel-BP50,mae_ridge,5,19,-0.0935667917109526,21.58863309093165,0.9574913209826784
diesel-BP50,mae_ridge,5,20,-0.0622930275379889,21.341846421638795,0.9714832954949544
diesel-BP50,mae_ridge,5,21,-0.6136259055102431,26.381145972582456,0.7882356518560064
diesel-BP50,mae_ridge,5,22,-0.4314412856433103,24.47698270428444,0.8368945378409894
diesel-BP50,mae_ridge,5,23,-1.377907588340074,31.961809166305525,0.6493218486672105
diesel-BP50,mae_ridge,5,24,-0.1741753747087218,22.380061569519988,0.9240405264807215
diesel-BP50,mae_ridge,5,25,-0.0856492305857328,21.529219103931084,0.9609764357446308
diesel-BP50,mae_ridge,5,26,-0.9387886814022236,28.64334159281993,0.7191049280884412
diesel-BP50,mae_ridge,5,27,-0.4938914444951061,25.39069687199674,0.8192151642732619
diesel-BP50,mae_ridge,5,28,-0.08865128898626,21.581912800474733,0.959650529548261
diesel-BP50,mae_ridge,5,29,-1.2609328244988212,30.986348705088297,0.6659071427842724
diesel-BP50,mae_ridge,10,0,0.1800575278706361,18.64844662096997,1.105791025906202
diesel-BP50,mae_ridge,10,1,0.0056615446994088,20.76573667124325,1.0041477851942626
diesel-BP50,mae_ridge,10,2,-0.0528897281789948,21.42278191455189,0.9758280735892808
diesel-BP50,mae_ridge,10,3,0.5226532999224937,14.209438788159392,1.4492649540116176
diesel-BP50,mae_ridge,10,4,-0.3834685583098425,24.491275078247494,0.8512950454876869
diesel-BP50,mae_ridge,10,5,0.039011901238108,20.37473072140624,1.021423270590739
diesel-BP50,mae_ridge,10,6,0.3245170713042343,16.953710411066545,1.2183093120786523
diesel-BP50,mae_ridge,10,7,0.2567065449197289,17.719100529727566,1.161407425026802
diesel-BP50,mae_ridge,10,8,0.5653951170345993,13.571274183530312,1.5188589751105817
diesel-BP50,mae_ridge,10,9,0.1740443083840213,18.68324629313529,1.1017584180805582
diesel-BP50,mae_ridge,10,10,0.0319949410902719,20.582629176399667,1.0177144457644518
diesel-BP50,mae_ridge,10,11,-0.2324034457585688,23.14632774143416,0.901962123933882
diesel-BP50,mae_ridge,10,12,0.6097822674633981,12.660310158526382,1.602917801496542
diesel-BP50,mae_ridge,10,13,0.4314350745877984,15.431665332227322,1.3279285868166248
diesel-BP50,mae_ridge,10,14,-0.1608400594546963,22.396731195159035,0.929348407723104
diesel-BP50,mae_ridge,10,15,-0.012298812033874,20.878712906298297,0.9952000495631044
diesel-BP50,mae_ridge,10,16,-0.1521209093423539,22.02934470957588,0.9328583930924592
diesel-BP50,mae_ridge,10,17,0.1315090839196466,19.251804142291515,1.074439862012068
diesel-BP50,mae_ridge,10,18,-0.1035830524718943,21.913118083864195,0.9531521708431046
diesel-BP50,mae_ridge,10,19,-0.2118389625646797,22.801080175403097,0.9095829202116228
diesel-BP50,mae_ridge,10,20,0.2022319687652453,18.33133136591126,1.1210537560334757
diesel-BP50,mae_ridge,10,21,0.4969306883800162,14.653936678045358,1.4117273871032694
diesel-BP50,mae_ridge,10,22,0.4423936442358273,15.37195432824993,1.3409139067234368
diesel-BP50,mae_ridge,10,23,-0.2278675819320141,23.115607444287296,0.9036265566832214
diesel-BP50,mae_ridge,10,24,0.0751524098087402,20.0065135569942,1.0411892318766014
diesel-BP50,mae_ridge,10,25,-2.4061539625739488,38.5020605650472,0.5425410645392099
diesel-BP50,mae_ridge,10,26,0.1990028561691579,18.657751442639253,1.1187917850638924
diesel-BP50,mae_ridge,10,27,0.2983999186038966,17.15232545796415,1.195418402603358
diesel-BP50,mae_ridge,10,28,0.4678235597713854,15.08016885311037,1.3725776740024798
diesel-BP50,mae_ridge,10,29,0.4137977318641191,15.928518161741064,1.3077990132027053
diesel-BP50,mae_ridge,20,0,-0.2897440127632906,23.863426611196807,0.8817146819132363
diesel-BP50,mae_ridge,20,1,0.5226049064259597,14.529034249251078,1.4492418179928304
diesel-BP50,mae_ridge,20,2,0.6192258593900182,12.825379383151596,1.622729418082974
diesel-BP50,mae_ridge,20,3,0.1369756878732115,19.553490363937208,1.077874797698509
diesel-BP50,mae_ridge,20,4,0.7411424750336071,10.54315480914468,1.96811030613762
diesel-BP50,mae_ridge,20,5,0.5204971158562732,14.217825794253685,1.4460530336451456
diesel-BP50,mae_ridge,20,6,0.6055339471794465,12.941616871319663,1.5943182430768597
diesel-BP50,mae_ridge,20,7,0.4708717273898953,14.953836546256476,1.3765733229927035
diesel-BP50,mae_ridge,20,8,0.5456977837699801,14.133859820714878,1.4856188630291856
diesel-BP50,mae_ridge,20,9,0.6165186756727378,12.966867894616238,1.616991449892386
diesel-BP50,mae_ridge,20,10,0.601062302890701,12.99600941131382,1.5853578032336124
diesel-BP50,mae_ridge,20,11,0.3394579878328171,16.715412091933352,1.2320536232054875
diesel-BP50,mae_ridge,20,12,0.2082230572844781,18.68965681909736,1.125326140926321
diesel-BP50,mae_ridge,20,13,0.6650961899415457,12.00438531771866,1.7302935488798497
diesel-BP50,mae_ridge,20,14,0.661983246237533,12.191697332063743,1.7223076058828002
diesel-BP50,mae_ridge,20,15,0.503599692727372,14.462692014899885,1.4212281861405371
diesel-BP50,mae_ridge,20,16,0.6940815676942397,11.505892608838463,1.810410293544794
diesel-BP50,mae_ridge,20,17,0.7647116553408022,10.091733523637416,2.064332384169577
diesel-BP50,mae_ridge,20,18,0.7216808298686765,10.64769707443268,1.898052725303029
diesel-BP50,mae_ridge,20,19,0.7268556904594645,10.775438594323528,1.915948160009761
diesel-BP50,mae_ridge,20,20,0.579710088295464,13.657121907419368,1.544562014208374
diesel-BP50,mae_ridge,20,21,-0.1172542662254987,22.219588648841132,0.9473355213028204
diesel-BP50,mae_ridge,20,22,0.6878245604726305,11.595588201179872,1.792175214627836
diesel-BP50,mae_ridge,20,23,0.677050403543199,11.345871090997342,1.762026597225581
diesel-BP50,mae_ridge,20,24,-0.0053677605205602,21.072760320435822,0.998659311084955
diesel-BP50,mae_ridge,20,25,0.8374859296884546,8.276194818016348,2.483901380750962
diesel-BP50,mae_ridge,20,26,-0.8684090541778116,28.47979619532482,0.7325610963993955
diesel-BP50,mae_ridge,20,27,0.6447900218525944,12.428452457673112,1.6801082109013858
diesel-BP50,mae_ridge,20,28,0.6762064041410145,11.796414158220978,1.7597286522097075
diesel-BP50,mae_ridge,20,29,0.711422809477466,10.929723586093017,1.8640125510190733
diesel-CN,mae_ridge,5,0,-0.1605299515506142,3.8032271446492527,0.9295015362248882
diesel-CN,mae_ridge,5,1,0.0085295030623099,3.514104395816957,1.005630393856958
diesel-CN,mae_ridge,5,2,0.1808807989356355,3.1854613884284118,1.1063810673108667
diesel-CN,mae_ridge,5,3,0.1091168829072101,3.306044005138347,1.0608840602477605
diesel-CN,mae_ridge,5,4,0.234191844393342,3.080764370118039,1.14424308104165
diesel-CN,mae_ridge,5,5,-0.0426230318623244,3.5604405668092265,0.9806513519575636
diesel-CN,mae_ridge,5,6,0.1549020050654415,3.2144508030049352,1.0892429380888586
diesel-CN,mae_ridge,5,7,0.1747160668347329,3.2076502440809795,1.1022410813745496
diesel-CN,mae_ridge,5,8,-3.610590081396509,7.571133938329532,0.4663371699361396
diesel-CN,mae_ridge,5,9,0.1324138668184613,3.291213867058642,1.0750334746129813
diesel-CN,mae_ridge,5,10,0.0106736474121701,3.5183216762447094,1.006719543916438
diesel-CN,mae_ridge,5,11,-0.0434300415382324,3.565267667064087,0.9802720509131132
diesel-CN,mae_ridge,5,12,-0.3080708381828809,4.0284554851782,0.875513116283849
diesel-CN,mae_ridge,5,13,0.1468932884427511,3.2527654274566884,1.0841181349170417
diesel-CN,mae_ridge,5,14,0.0267945123843125,3.456555338374193,1.015023305574408
diesel-CN,mae_ridge,5,15,-0.0370370758771849,3.5997918316814825,0.9832889232801536
diesel-CN,mae_ridge,5,16,-0.0030452954729169,3.5387802919052715,0.999811242550144
diesel-CN,mae_ridge,5,17,-0.3997495843138077,4.132950177084774,0.8463560733610326
diesel-CN,mae_ridge,5,18,-0.5491413039856996,4.3885918697889,0.8045124547739322
diesel-CN,mae_ridge,5,19,0.1218091432699844,3.3058268062298475,1.0685228972117535
diesel-CN,mae_ridge,5,20,0.0272590921385889,3.482990951281591,1.0152656635257902
diesel-CN,mae_ridge,5,21,0.2546425588798681,3.0303364517899496,1.1598344195613504
diesel-CN,mae_ridge,5,22,-0.1534758653357479,3.794272665095264,0.9323393892725118
diesel-CN,mae_ridge,5,23,0.1793551759112251,3.199220556906735,1.10535217783619
diesel-CN,mae_ridge,5,24,-0.0789545601916965,3.664249567646743,0.963999283586042
diesel-CN,mae_ridge,5,25,0.1778933576790285,3.207934300485042,1.1043690067901528
diesel-CN,mae_ridge,5,26,0.2474185608496067,3.046913699739655,1.1542543954154374
diesel-CN,mae_ridge,5,27,-0.0129023572662849,3.551425038158324,0.9949345162865622
diesel-CN,mae_ridge,5,28,-0.2109553705703921,3.873101311439976,0.909943065737826
diesel-CN,mae_ridge,5,29,-0.2255192743023173,3.89913136537905,0.9045200865204855
diesel-CN,mae_ridge,10,0,-0.1419935454964185,3.738419219068049,0.9370316669974617
diesel-CN,mae_ridge,10,1,-0.2167035285672429,3.888176904013767,0.907807379975958
diesel-CN,mae_ridge,10,2,-1.296875475835359,5.337710703598567,0.6607198696211457
diesel-CN,mae_ridge,10,3,0.3329314281264317,2.8909006596639943,1.226029310261683
diesel-CN,mae_ridge,10,4,0.1414627568204458,3.239312113989985,1.080703412970701
diesel-CN,mae_ridge,10,5,-0.1504122087813106,3.798893300057348,0.9335967942192503
diesel-CN,mae_ridge,10,6,0.0694725321615797,3.3896426525503616,1.0380576995487136
diesel-CN,mae_ridge,10,7,0.2232630411301079,3.096610723538711,1.1361851470603883
diesel-CN,mae_ridge,10,8,0.2948083872590942,2.955792191472824,1.1924289836029809
diesel-CN,mae_ridge,10,9,0.3428028973947534,2.8460358701608386,1.2352028149726022
diesel-CN,mae_ridge,10,10,0.1203125216662764,3.2556948831061185,1.0676327505822625
diesel-CN,mae_ridge,10,11,-1.490872056847865,5.555411537570816,0.634468963502607
diesel-CN,mae_ridge,10,12,0.0867684559198047,3.360089751074364,1.0478416108248498
diesel-CN,mae_ridge,10,13,0.0983593337820243,3.3492425268278367,1.0545552719422526
diesel-CN,mae_ridge,10,14,0.1859101516091911,3.170770083348349,1.109813295129745
diesel-CN,mae_ridge,10,15,0.326541670312665,2.8882189822791777,1.220199178703212
diesel-CN,mae_ridge,10,16,-0.3410492476097753,4.040592460542659,0.8646965562674405
diesel-CN,mae_ridge,10,17,-1.491645138434294,5.518002290233916,0.6343705276704544
diesel-CN,mae_ridge,10,18,0.1989233509694911,3.1681092020049637,1.118791238205934
diesel-CN,mae_ridge,10,19,-0.0600428991152246,3.6304817880710623,0.9725778448258312
diesel-CN,mae_ridge,10,20,0.3321057072785074,2.900703831400792,1.225271202981851
diesel-CN,mae_ridge,10,21,0.3395046162660022,2.8503072943818726,1.2321148713914023
diesel-CN,mae_ridge,10,22,-0.3952963930956863,4.138867643465194,0.8477208345309801
diesel-CN,mae_ridge,10,23,0.2042042212841888,3.1558823641317058,1.1224972280781342
diesel-CN,mae_ridge,10,24,0.0315688178261753,3.469917626631098,1.017540515139681
diesel-CN,mae_ridge,10,25,0.3004214198570155,2.940839442483816,1.1972031226453237
diesel-CN,mae_ridge,10,26,-0.1961037480050909,3.859979138718169,0.915591320696419
diesel-CN,mae_ridge,10,27,0.4158284572416021,2.6855177728798645,1.3101345335779082
diesel-CN,mae_ridge,10,28,-0.0101881187100731,3.541978187570155,0.9962881496665982
diesel-CN,mae_ridge,10,29,-1.2807628108639464,5.292755275643927,0.6630496212348699
diesel-CN,mae_ridge,20,0,-0.2929873192336374,3.9584741102771055,0.880653808816255
diesel-CN,mae_ridge,20,1,0.0051536828290944,3.499242406883403,1.0039783606202195
diesel-CN,mae_ridge,20,2,0.3348662603994722,2.8940729381727897,1.2278572003755648
diesel-CN,mae_ridge,20,3,0.3182544303221861,2.89666445386472,1.2128055854444422
diesel-CN,mae_ridge,20,4,-0.478265089230389,4.162609264921344,0.8236186841451488
diesel-CN,mae_ridge,20,5,0.415177692716859,2.638016066796422,1.3094544191126645
diesel-CN,mae_ridge,20,6,0.264401346468169,3.002249416510073,1.1675672046642376
diesel-CN,mae_ridge,20,7,0.2570313686293162,3.067635437064669,1.1617618516266068
diesel-CN,mae_ridge,20,8,0.399765266572328,2.716681784276476,1.2925334438545966
diesel-CN,mae_ridge,20,9,0.3825354364483428,2.7940990961697856,1.2743723246290852
diesel-CN,mae_ridge,20,10,-0.0196642998806915,3.6134538929753046,0.99168499822221
diesel-CN,mae_ridge,20,11,0.3327102283659029,2.907471748572487,1.2258719749115954
diesel-CN,mae_ridge,20,12,0.0965703464899823,3.3911727210587346,1.0535500689444774
diesel-CN,mae_ridge,20,13,0.3251438168587752,2.8897263005861467,1.218980434419546
diesel-CN,mae_ridge,20,14,-2.3657532438179176,6.420926507155049,0.5458347913966597
diesel-CN,mae_ridge,20,15,0.374202736037225,2.7933549020951998,1.2658595446228715
diesel-CN,mae_ridge,20,16,0.3253101885524567,2.8807324500663025,1.2191307192876402
diesel-CN,mae_ridge,20,17,0.1321965325295783,3.3018763669047635,1.0749584056400208
diesel-CN,mae_ridge,20,18,0.2686200104615188,2.9563121618328005,1.1709296779491596
diesel-CN,mae_ridge,20,19,0.2257546559599322,3.0736096996591464,1.1380544711792129
diesel-CN,mae_ridge,20,20,0.1072516843357606,3.370583693144814,1.0598339586140444
diesel-CN,mae_ridge,20,21,0.3205889100709697,2.8941919398871714,1.2148874194066508
diesel-CN,mae_ridge,20,22,0.2670661314452943,3.0131104494819936,1.1696877866131656
diesel-CN,mae_ridge,20,23,0.4038905294747332,2.72007465484093,1.2969980996494377
diesel-CN,mae_ridge,20,24,0.3344191226589202,2.8720192218257665,1.227444693381894
diesel-CN,mae_ridge,20,25,0.4247321457832953,2.652250425204482,1.3202838086714104
diesel-CN,mae_ridge,20,26,0.1939899514457582,3.186286176136336,1.1154038070342471
diesel-CN,mae_ridge,20,27,0.3182536530043659,2.8952325706669506,1.2128048940321106
diesel-CN,mae_ridge,20,28,0.3717720680291387,2.7580772017314463,1.2634083114833927
diesel-CN,mae_ridge,20,29,0.4005834284660998,2.777984482065844,1.2934152521432143
diesel-D4052,mae_ridge,5,0,-0.3207528686547241,0.0174930990059841,0.8712578849662048
diesel-D4052,mae_ridge,5,1,0.2309735006463766,0.0134762565976796,1.1417916174957086
diesel-D4052,mae_ridge,5,2,-0.9234593141326076,0.0213564204419884,0.7219647617348381
diesel-D4052,mae_ridge,5,3,0.2657577937237463,0.0131299540130972,1.1685245206504185
diesel-D4052,mae_ridge,5,4,0.2769802796207646,0.0131635827406632,1.1775583366302518
diesel-D4052,mae_ridge,5,5,-0.6302781237890442,0.0196493669437127,0.7841996649107315
diesel-D4052,mae_ridge,5,6,-0.8729006156488115,0.0209608816418414,0.7316445411522186
diesel-D4052,mae_ridge,5,7,0.1539462381376158,0.0141349276688177,1.0885754167305752
diesel-D4052,mae_ridge,5,8,0.1257512370135882,0.0144232711648354,1.070877982864024
diesel-D4052,mae_ridge,5,9,0.0111123618999737,0.0154008819172919,1.0068946398163403
diesel-D4052,mae_ridge,5,10,0.2627868073153065,0.0132960897564331,1.1661675530206157
diesel-D4052,mae_ridge,5,11,0.0373222917282929,0.0151704435883051,1.020509483990251
diesel-D4052,mae_ridge,5,12,0.4079298584419026,0.0117736464604578,1.3012805031969736
diesel-D4052,mae_ridge,5,13,0.318121167591992,0.0126752286297993,1.2125618450548905
diesel-D4052,mae_ridge,5,14,0.093386227904471,0.0146933320701166,1.051589756109652
diesel-D4052,mae_ridge,5,15,0.2100823305518838,0.0137280465323948,1.126591807050232
diesel-D4052,mae_ridge,5,16,-0.1520803897374425,0.0166046049738595,0.9328592252027712
diesel-D4052,mae_ridge,5,17,-1.7787147759469994,0.0255011700220356,0.6006694130637988
diesel-D4052,mae_ridge,5,18,-0.030296433873227,0.0157031326669724,0.9864530150276456
diesel-D4052,mae_ridge,5,19,-5.022613379895102,0.0377411302588389,0.4080045539745399
diesel-D4052,mae_ridge,5,20,0.3695964810537524,0.0122491450743633,1.2610961170255608
diesel-D4052,mae_ridge,5,21,0.388138437008411,0.0120394479654291,1.2800617397047138
diesel-D4052,mae_ridge,5,22,-0.2055782453368517,0.0167949827667284,0.911926427290708
diesel-D4052,mae_ridge,5,23,-0.7280929728566266,0.0201538538767768,0.7616824529348566
diesel-D4052,mae_ridge,5,24,-2.487373104753665e-05,0.0153024206315084,1.0012720694366144
diesel-D4052,mae_ridge,5,25,-0.2637982133745047,0.0173704724388116,0.89067371179201
diesel-D4052,mae_ridge,5,26,-0.2642200815280155,0.0172927271428158,0.8905250912189691
diesel-D4052,mae_ridge,5,27,0.32171401975878,0.0127298135421059,1.2157690479793144
diesel-D4052,mae_ridge,5,28,-0.3164860963039269,0.0177027241075388,0.8726686297646595
diesel-D4052,mae_ridge,5,29,0.3568459193610375,0.0123932213895824,1.2485328920017076
diesel-D4052,mae_ridge,10,0,0.5465276029568367,0.0101069350674386,1.486925893128331
diesel-D4052,mae_ridge,10,1,0.6861894556780872,0.0086519151459024,1.787437999609092
diesel-D4052,mae_ridge,10,2,0.6753040277739055,0.0087459139771496,1.7572206648042596
diesel-D4052,mae_ridge,10,3,0.6905223965235727,0.0085231415497928,1.7999073068303597
diesel-D4052,mae_ridge,10,4,0.3066984422142129,0.0129366088225862,1.202551445148471
diesel-D4052,mae_ridge,10,5,0.2647901158254074,0.0132581463590954,1.167774759325739
diesel-D4052,mae_ridge,10,6,0.6936855442240171,0.0085434467994072,1.8091767843909392
diesel-D4052,mae_ridge,10,7,0.7887265892686588,0.0071009613136398,2.17842358762523
diesel-D4052,mae_ridge,10,8,0.3357476407580008,0.0125703983383922,1.2285651726415847
diesel-D4052,mae_ridge,10,9,0.6075245167574772,0.0094559834217749,1.598300687031052
diesel-D4052,mae_ridge,10,10,0.427346483879412,0.0115904709910545,1.3231795700794884
diesel-D4052,mae_ridge,10,11,0.8040757775590838,0.0068179275279444,2.2621462894239714
diesel-D4052,mae_ridge,10,12,0.7193818819849191,0.0080626964565991,1.890196256562547
diesel-D4052,mae_ridge,10,13,0.5083691169448664,0.0108392087836389,1.428055789920365
diesel-D4052,mae_ridge,10,14,0.7973828892290825,0.0069409716498603,2.2244707190751485
diesel-D4052,mae_ridge,10,15,0.7666746848901818,0.0074717819000314,2.072926111102875
diesel-D4052,mae_ridge,10,16,0.4613828879760838,0.0112889601596146,1.364346493634615
diesel-D4052,mae_ridge,10,17,0.0072797363067375,0.0151314751369545,1.004965861517129
diesel-D4052,mae_ridge,10,18,0.4062318428903489,0.01191145166398,1.2994402082662722
diesel-D4052,mae_ridge,10,19,0.5973152989584923,0.0098024316727742,1.5779098511640055
diesel-D4052,mae_ridge,10,20,0.5722018820117498,0.0101685542843056,1.530894693765296
diesel-D4052,mae_ridge,10,21,0.6821288234990698,0.0086504614831715,1.775984527717354
diesel-D4052,mae_ridge,10,22,0.6095099984872158,0.0097064773031928,1.6023588871993686
diesel-D4052,mae_ridge,10,23,0.2373683093764423,0.0135699011980367,1.1465878318376068
diesel-D4052,mae_ridge,10,24,0.6020036152213009,0.0095353492578497,1.587176369793643
diesel-D4052,mae_ridge,10,25,0.8092182973603929,0.0067720487299557,2.292431631889208
diesel-D4052,mae_ridge,10,26,0.3275423226989469,0.0127206394293449,1.2210467006698138
diesel-D4052,mae_ridge,10,27,0.5722688976604011,0.0100331082884821,1.5310146171028152
diesel-D4052,mae_ridge,10,28,0.7006978058544994,0.0083627821734844,1.8302474155399864
diesel-D4052,mae_ridge,10,29,0.379801109472498,0.0122528028295985,1.2714499236910544
diesel-D4052,mae_ridge,20,0,0.7476323386763808,0.0077630673667051,1.9932555462129016
diesel-D4052,mae_ridge,20,1,0.8542357827943095,0.0058566257421959,2.622734749612277
diesel-D4052,mae_ridge,20,2,0.7672421258327149,0.0074543154008597,2.075523436597833
diesel-D4052,mae_ridge,20,3,0.8738843963230731,0.0054828676914861,2.819651415717129
diesel-D4052,mae_ridge,20,4,0.8119469459488134,0.0066891187241342,2.309083496537108
diesel-D4052,mae_ridge,20,5,0.5669116993556063,0.0098038087038391,1.5215688433699754
diesel-D4052,mae_ridge,20,6,0.880998236669324,0.0052805244861757,2.902706560063854
diesel-D4052,mae_ridge,20,7,0.8493348770152818,0.0059999585295046,2.5797253274865724
diesel-D4052,mae_ridge,20,8,0.8216400730178016,0.0064627794168802,2.370998011913406
diesel-D4052,mae_ridge,20,9,0.8609070529691257,0.0057497946990185,2.6848948283002465
diesel-D4052,mae_ridge,20,10,0.8754508225033265,0.0054416211959209,2.8373270653723885
diesel-D4052,mae_ridge,20,11,0.8976734625740445,0.0050063262968349,3.130298070379784
diesel-D4052,mae_ridge,20,12,0.8702016996981277,0.0055704023579269,2.779363373252296
diesel-D4052,mae_ridge,20,13,0.7146070658929914,0.008326376636026,1.8743825159013776
diesel-D4052,mae_ridge,20,14,0.8734986346271952,0.0054426042963986,2.8153489166413093
diesel-D4052,mae_ridge,20,15,0.7770128352831216,0.0070025411063851,2.120507925587958
diesel-D4052,mae_ridge,20,16,0.6253325338879777,0.009463090262692,1.6359003343516887
diesel-D4052,mae_ridge,20,17,0.4300683586967257,0.0115619782595489,1.3263814773788611
diesel-D4052,mae_ridge,20,18,0.7408252175528682,0.0078238204217968,1.966905349175799
diesel-D4052,mae_ridge,20,19,0.7006972998810974,0.0083901383339332,1.830309422029883
diesel-D4052,mae_ridge,20,20,0.8771621968417795,0.005489300280457,2.857023498055599
diesel-D4052,mae_ridge,20,21,0.4163095118975747,0.0118814949146339,1.310655410771556
diesel-D4052,mae_ridge,20,22,0.7981284766519868,0.0069052423241473,2.2286522214492424
diesel-D4052,mae_ridge,20,23,0.8031226849578447,0.0068230250938708,2.256742427139096
diesel-D4052,mae_ridge,20,24,0.770660176030589,0.0074069097167515,2.0909328962741065
diesel-D4052,mae_ridge,20,25,0.8370869441312587,0.0062157017106065,2.480857891395626
diesel-D4052,mae_ridge,20,26,0.8323260945499907,0.0062781376740632,2.445384148876052
diesel-D4052,mae_ridge,20,27,0.5354825016033793,0.0100988094542042,1.4691928072547964
diesel-D4052,mae_ridge,20,28,0.8625150889795801,0.0057525771063878,2.700550570555992
diesel-D4052,mae_ridge,20,29,0.8191280437992179,0.0065547685134412,2.354475712889109
diesel-FLASH,mae_ridge,5,0,-0.4906227726009133,10.511505206190956,0.8201128693411393
diesel-FLASH,mae_ridge,5,1,-0.870867304766868,11.791697813113307,0.7320420190532744
diesel-FLASH,mae_ridge,5,2,-0.3716888338467592,10.080113768285088,0.8549283153175836
diesel-FLASH,mae_ridge,5,3,-0.349385372112271,10.070076212125654,0.8619647463345939
diesel-FLASH,mae_ridge,5,4,-3.438615053558503,17.89454400737963,0.4752627339766091
diesel-FLASH,mae_ridge,5,5,-0.8488169845551672,11.656339086103875,0.7363945094280347
diesel-FLASH,mae_ridge,5,6,-0.6148909285398321,10.989746520774744,0.787926859606439
diesel-FLASH,mae_ridge,5,7,-0.7531103659780198,11.312621136011606,0.7562282099070023
diesel-FLASH,mae_ridge,5,8,-0.093473317692335,9.001806062970374,0.957532245003178
diesel-FLASH,mae_ridge,5,9,-0.2059871090297593,9.49087453947338,0.9117718297783196
diesel-FLASH,mae_ridge,5,10,-1.192786036143083,12.836944159824498,0.6761754121192538
diesel-FLASH,mae_ridge,5,11,-0.0660386771872094,8.9090833439556,0.9697750844618648
diesel-FLASH,mae_ridge,5,12,0.0014811289169394,8.668816863347676,1.002026862503398
diesel-FLASH,mae_ridge,5,13,-0.1981954433147907,9.4626978244151,0.9147315761840712
diesel-FLASH,mae_ridge,5,14,-0.043527312121145,8.843034606926622,0.9801794492222666
diesel-FLASH,mae_ridge,5,15,-0.3386268328001753,10.023602344046644,0.8654216183876794
diesel-FLASH,mae_ridge,5,16,-2.851821502681994,16.779278741543447,0.5101811709214333
diesel-FLASH,mae_ridge,5,17,-0.0459863325784746,8.80761570288959,0.9790266140947907
diesel-FLASH,mae_ridge,5,18,-0.4481160448809294,10.438295481912624,0.8320622523950972
diesel-FLASH,mae_ridge,5,19,-0.1948221631563367,9.401953519521827,0.9160219234649578
diesel-FLASH,mae_ridge,5,20,-0.098490170399299,9.099880317343196,0.9553431969285272
diesel-FLASH,mae_ridge,5,21,-0.3656357043329394,10.130626251346612,0.8568209393846654
diesel-FLASH,mae_ridge,5,22,-0.8310895293294669,11.717694942408473,0.7399505771113958
diesel-FLASH,mae_ridge,5,23,-0.161351392550219,9.32420363187678,0.9291282829579512
diesel-FLASH,mae_ridge,5,24,-1.3264496333957587,13.2215874151337,0.656463638458088
diesel-FLASH,mae_ridge,5,25,-0.8566437410939469,11.791164067990826,0.7348407198122988
diesel-FLASH,mae_ridge,5,26,-0.5414498791650533,10.683921453228791,0.8064785090172852
diesel-FLASH,mae_ridge,5,27,-0.142091317793094,9.275810994677208,0.9369298765670278
diesel-FLASH,mae_ridge,5,28,-1.138349989449242,12.632727529368514,0.6847280330642158
diesel-FLASH,mae_ridge,5,29,-0.0051401245632103,8.704525894958849,0.9987210367151784
diesel-FLASH,mae_ridge,10,0,-0.5773673971173807,10.930535274597217,0.7972569659479123
diesel-FLASH,mae_ridge,10,1,-0.0290322058384999,8.781229875211212,0.987075264701096
diesel-FLASH,mae_ridge,10,2,-0.6385071913239904,11.03034086521321,0.7822410027887547
diesel-FLASH,mae_ridge,10,3,0.0024651314831117,8.654557089367042,1.0025376928165115
diesel-FLASH,mae_ridge,10,4,-0.0862476472851203,9.07863943681842,0.9607277344371352
diesel-FLASH,mae_ridge,10,5,-0.2871575700627902,9.80009878373166,0.882569459396532
diesel-FLASH,mae_ridge,10,6,-0.1142107154252807,9.084645136735958,0.9485955591736212
diesel-FLASH,mae_ridge,10,7,-0.8852802521357466,11.816327332239831,0.7292505970542235
diesel-FLASH,mae_ridge,10,8,-0.5599897079995801,10.49300143086356,0.8016852367354341
diesel-FLASH,mae_ridge,10,9,-0.8260413282980872,11.543428500327623,0.7409850593359465
diesel-FLASH,mae_ridge,10,10,0.1293239913846122,8.132382132066743,1.073090780747506
diesel-FLASH,mae_ridge,10,11,-0.7005851782748052,11.27067826567813,0.767830850894872
diesel-FLASH,mae_ridge,10,12,-0.0629477748879112,8.863286030256424,0.9712002577699526
diesel-FLASH,mae_ridge,10,13,-0.0257266607577701,8.81837715764204,0.98866447818974
diesel-FLASH,mae_ridge,10,14,-0.068042001167035,8.96093416520443,0.9688813285963082
diesel-FLASH,mae_ridge,10,15,0.0204685664653756,8.52120368770853,1.0117088847603903
diesel-FLASH,mae_ridge,10,16,-0.0136114812694199,8.662222399475084,0.994555427961552
diesel-FLASH,mae_ridge,10,17,-0.1860733131214262,9.447106109485334,0.9194094969026062
diesel-FLASH,mae_ridge,10,18,-0.0451150340824784,8.826605010698282,0.9794509797371974
diesel-FLASH,mae_ridge,10,19,-0.0525585612000027,8.920598476853014,0.9759815741316265
diesel-FLASH,mae_ridge,10,20,-3.555573896083378,18.10275603554128,0.4691299984185021
diesel-FLASH,mae_ridge,10,21,-1.502429065126034,13.535558225907463,0.6329710754645831
diesel-FLASH,mae_ridge,10,22,0.004209244888901,8.678653481221021,1.0034152740026865
diesel-FLASH,mae_ridge,10,23,0.0016809398787495,8.671582028278436,1.00214386276627
diesel-FLASH,mae_ridge,10,24,-8.752361967141331,26.849325997643124,0.3206342019257287
diesel-FLASH,mae_ridge,10,25,-0.1977094296044566,9.49360806642754,0.914932422919276
diesel-FLASH,mae_ridge,10,26,0.0184342030051205,8.602189900303946,1.010659922412356
diesel-FLASH,mae_ridge,10,27,-0.0910779933796961,8.951172139222368,0.9585987413319088
diesel-FLASH,mae_ridge,10,28,-0.02809467064132,8.72487386921652,0.987525226630593
diesel-FLASH,mae_ridge,10,29,-0.2378016904671436,9.640650531163654,0.8999931766716097
diesel-FLASH,mae_ridge,20,0,-0.0628559947358382,9.02833121128639,0.9712759150386328
diesel-FLASH,mae_ridge,20,1,0.0255251140347801,8.575265255068407,1.0143655874295257
diesel-FLASH,mae_ridge,20,2,-0.5681604310770476,10.835405433030395,0.7996217289596403
diesel-FLASH,mae_ridge,20,3,0.034846687894483,8.577816573862872,1.019252252919716
diesel-FLASH,mae_ridge,20,4,0.067623598310366,8.389156819724137,1.0370129892400757
diesel-FLASH,mae_ridge,20,5,-0.0577622272920164,8.870404481201682,0.973611747968548
diesel-FLASH,mae_ridge,20,6,-0.1797905672194975,9.47066242588244,0.9218863253711528
diesel-FLASH,mae_ridge,20,7,-1.9918944684735729,14.928939500737895,0.578904195909077
diesel-FLASH,mae_ridge,20,8,-0.0785175583062913,8.933749449310362,0.964197992325574
diesel-FLASH,mae_ridge,20,9,-0.0198366180347224,8.72870127891713,0.9915498015846954
diesel-FLASH,mae_ridge,20,10,0.2053501764888323,7.685496154974908,1.1232901150937775
diesel-FLASH,mae_ridge,20,11,-0.3708565268257324,10.194358859482636,0.8552317800590478
diesel-FLASH,mae_ridge,20,12,0.0528358045578233,8.360785340217335,1.0288858546480657
diesel-FLASH,mae_ridge,20,13,0.1096109552743018,8.106445183254813,1.0611821321193715
diesel-FLASH,mae_ridge,20,14,-0.8882735388861576,11.861860631136896,0.7286976670904558
diesel-FLASH,mae_ridge,20,15,0.1867040219459923,7.853849144782032,1.110338810903694
diesel-FLASH,mae_ridge,20,16,-0.0052343531126732,8.734364749592816,0.9987255762944822
diesel-FLASH,mae_ridge,20,17,0.2634698304670673,7.389160116484964,1.1667681415832016
diesel-FLASH,mae_ridge,20,18,0.2837158263313463,7.2035501674285385,1.183142772301347
diesel-FLASH,mae_ridge,20,19,0.3171561598266864,7.174930823015624,1.2117670377662355
diesel-FLASH,mae_ridge,20,20,-0.084199078227511,9.060268695902144,0.9616683343495736
diesel-FLASH,mae_ridge,20,21,-0.1076391728750767,9.16489353650333,0.9514384085488236
diesel-FLASH,mae_ridge,20,22,-0.3215155377524097,9.700049821706545,0.8710512250852833
diesel-FLASH,mae_ridge,20,23,0.0228821064944941,8.506767343018508,1.0129927790335602
diesel-FLASH,mae_ridge,20,24,0.0954518629999331,8.147935210255206,1.0528439139842776
diesel-FLASH,mae_ridge,20,25,-0.0065502660048828,8.707693358713833,0.9980725211374746
diesel-FLASH,mae_ridge,20,26,-0.0173811310951459,8.81845662083433,0.9927456514983892
diesel-FLASH,mae_ridge,20,27,0.0048198114017476,8.680634958631213,1.0037578895806405
diesel-FLASH,mae_ridge,20,28,0.0352527994141416,8.527068400285149,1.0194667580922467
diesel-FLASH,mae_ridge,20,29,-0.1682666593112214,9.259907103931704,0.9264219607248138
diesel-FREEZE,mae_ridge,5,0,-0.411228115584638,13.825029234634162,0.842866693555447
diesel-FREEZE,mae_ridge,5,1,-0.0939328727703185,12.124927112616213,0.9573310969068698
diesel-FREEZE,mae_ridge,5,2,-0.1316955913676307,12.477856758994218,0.9412233459860576
diesel-FREEZE,mae_ridge,5,3,0.0771310202319086,11.270116548832409,1.0422873783174371
diesel-FREEZE,mae_ridge,5,4,0.0103357056615438,11.6701657400322,1.006499473247061
diesel-FREEZE,mae_ridge,5,5,-2.0089491233151917,19.649092418446163,0.5772315766865358
diesel-FREEZE,mae_ridge,5,6,-0.0594198192809993,12.080310783034758,0.972799763156336
diesel-FREEZE,mae_ridge,5,7,-0.2197976417157447,12.948349637916827,0.9065956025086052
diesel-FREEZE,mae_ridge,5,8,-0.5772362234619679,14.730153693830664,0.7972768087748182
diesel-FREEZE,mae_ridge,5,9,-0.1385903852713135,12.51795517527718,0.9383692048610502
diesel-FREEZE,mae_ridge,5,10,-0.641480492594904,15.002981066552186,0.7815191781465926
diesel-FREEZE,mae_ridge,5,11,-0.7967299702558581,15.604769772581417,0.7469922512833751
diesel-FREEZE,mae_ridge,5,12,-1.3696709559049367,18.059151221103807,0.6504493440335484
diesel-FREEZE,mae_ridge,5,13,-0.1227013607068039,12.423450654989011,0.9449860084360164
diesel-FREEZE,mae_ridge,5,14,-0.0004770675490683,11.736468042699672,1.0010457672920463
diesel-FREEZE,mae_ridge,5,15,-0.1144948326337482,12.381390422041026,0.9484588062944974
diesel-FREEZE,mae_ridge,5,16,-0.0373285679059298,11.956366453490707,0.9831037067891256
diesel-FREEZE,mae_ridge,5,17,-0.8553317050361955,15.808120761180277,0.7351005027735594
diesel-FREEZE,mae_ridge,5,18,0.0048407634654872,11.70950964923002,1.0037168471153874
diesel-FREEZE,mae_ridge,5,19,-2.368420557323125,21.257564028391744,0.5455622957768614
diesel-FREEZE,mae_ridge,5,20,-1.150019293426345,16.972521849473782,0.6828673123224894
diesel-FREEZE,mae_ridge,5,21,-0.103962089614769,12.31433491784219,0.9529726197564652
diesel-FREEZE,mae_ridge,5,22,-0.1022186712742041,12.31908141530323,0.9537259972486272
diesel-FREEZE,mae_ridge,5,23,-0.1783203665296659,12.73214690159076,0.9224138403927602
diesel-FREEZE,mae_ridge,5,24,-0.0023792499359114,11.75465507087632,1.000095490310384
diesel-FREEZE,mae_ridge,5,25,-0.1986992324927221,12.677271580619296,0.9145393343413846
diesel-FREEZE,mae_ridge,5,26,-0.7691087907601921,15.60030550158442,0.7528010784580149
diesel-FREEZE,mae_ridge,5,27,-0.0641454879294562,12.099535370578966,0.970637349979105
diesel-FREEZE,mae_ridge,5,28,-0.2403808920554757,13.059711767704025,0.8990419757682904
diesel-FREEZE,mae_ridge,5,29,-0.0458560079494039,11.991563450448764,0.9790876106874418
diesel-FREEZE,mae_ridge,10,0,0.1026166068123526,11.059485379048096,1.0570018280880076
diesel-FREEZE,mae_ridge,10,1,-0.3159911475910435,13.356693642799486,0.8728472915492469
diesel-FREEZE,mae_ridge,10,2,0.0286880956393035,11.47280577591098,1.0159805569561198
diesel-FREEZE,mae_ridge,10,3,-1.097601729755906,16.73927148739486,0.691358387969658
diesel-FREEZE,mae_ridge,10,4,0.0354364333135116,11.563811115317602,1.019528394531218
diesel-FREEZE,mae_ridge,10,5,-0.1969372795837876,12.894704288306022,0.915227489002538
diesel-FREEZE,mae_ridge,10,6,-0.1000035621350297,12.36904215012502,0.954701723976239
diesel-FREEZE,mae_ridge,10,7,-0.1368717192183235,12.584200433475395,0.9390939031695938
diesel-FREEZE,mae_ridge,10,8,0.0958092444647533,11.075531196484658,1.053015396808034
diesel-FREEZE,mae_ridge,10,9,0.6076938602702809,7.285944753960266,1.598645612362532
diesel-FREEZE,mae_ridge,10,10,0.3299261979628745,9.659583158046814,1.2232167890268544
diesel-FREEZE,mae_ridge,10,11,0.1216433610800712,10.969407944956965,1.0683887553333873
diesel-FREEZE,mae_ridge,10,12,-0.0278027397542044,11.821908660278046,0.9876654620260832
diesel-FREEZE,mae_ridge,10,13,0.4502757752956189,8.665502294680605,1.350492929699166
diesel-FREEZE,mae_ridge,10,14,-0.1640413168332539,12.721735190270593,0.928069616462164
diesel-FREEZE,mae_ridge,10,15,0.4057617372225565,8.884618647848383,1.298926108864091
diesel-FREEZE,mae_ridge,10,16,-0.3185857003747354,13.5205471614614,0.8719881272599052
diesel-FREEZE,mae_ridge,10,17,-0.1456642258830487,12.45363533485802,0.9354833807501852
diesel-FREEZE,mae_ridge,10,18,0.2194327616677551,10.387611630205273,1.1333383714430387
diesel-FREEZE,mae_ridge,10,19,-0.0434636078300991,12.062497192817505,0.9802257320038412
diesel-FREEZE,mae_ridge,10,20,-1.187845863854602,17.122653234803135,0.6769496865179734
diesel-FREEZE,mae_ridge,10,21,0.0042915198768918,11.608256318461974,1.0034567290449727
diesel-FREEZE,mae_ridge,10,22,0.0103745342475178,11.508028904007364,1.0065360204411835
diesel-FREEZE,mae_ridge,10,23,0.6485148318101748,6.850608201011873,1.6889284473954365
diesel-FREEZE,mae_ridge,10,24,-0.0239450028490126,11.472831629111305,0.9895242393656344
diesel-FREEZE,mae_ridge,10,25,0.0862308739969988,11.136495154244546,1.0474818642022268
diesel-FREEZE,mae_ridge,10,26,0.1928976945596114,10.413236480317874,1.1145523159798192
diesel-FREEZE,mae_ridge,10,27,0.5622462422918733,7.716942480204252,1.513386345300065
diesel-FREEZE,mae_ridge,10,28,0.296648269457888,9.872946693903476,1.1939289209749702
diesel-FREEZE,mae_ridge,10,29,-0.2583308274063165,12.874896504746363,0.8926214818861978
diesel-FREEZE,mae_ridge,20,0,0.4521080061782666,8.781505159508228,1.3527961407219782
diesel-FREEZE,mae_ridge,20,1,0.3990234469883047,9.039600242477448,1.2916685000474502
diesel-FREEZE,mae_ridge,20,2,0.0002841240701288,11.910818004822538,1.0014782880906294
diesel-FREEZE,mae_ridge,20,3,0.0631404946567552,11.433473740027082,1.0345288324705764
diesel-FREEZE,mae_ridge,20,4,0.1345886699944616,11.022534204354656,1.0763872489731032
diesel-FREEZE,mae_ridge,20,5,0.291229614626724,9.362775081214451,1.1893975818913265
diesel-FREEZE,mae_ridge,20,6,0.5326623143632048,7.858438254947388,1.4647531175107509
diesel-FREEZE,mae_ridge,20,7,0.5231840390998113,8.152783968877339,1.4501216633227272
diesel-FREEZE,mae_ridge,20,8,0.373107162576559,9.111949545856518,1.2646873624883723
diesel-FREEZE,mae_ridge,20,9,0.6886708181830425,6.395816576868268,1.7946093148394735
diesel-FREEZE,mae_ridge,20,10,0.5281280505190781,7.9176965019592735,1.4576986516544752
diesel-FREEZE,mae_ridge,20,11,-0.0213098583506126,12.044752360648452,0.9908343877906528
diesel-FREEZE,mae_ridge,20,12,0.6147409570897187,7.211905829197375,1.6132564571340486
diesel-FREEZE,mae_ridge,20,13,0.5911415413772884,7.441710358545806,1.566005702748238
diesel-FREEZE,mae_ridge,20,14,0.5864210496303057,7.471197294663841,1.5570430466824978
diesel-FREEZE,mae_ridge,20,15,0.63855605678739,6.990709221169761,1.6655564512847587
diesel-FREEZE,mae_ridge,20,16,0.4528046769097366,8.645361851395865,1.3536570341295957
diesel-FREEZE,mae_ridge,20,17,-0.0083895748895022,11.877507712558252,0.997161860428176
diesel-FREEZE,mae_ridge,20,18,0.6340080805014422,6.932475680270527,1.655175633446162
diesel-FREEZE,mae_ridge,20,19,0.5690480295258176,7.64798017210318,1.5253355681313392
diesel-FREEZE,mae_ridge,20,20,0.5330005652203234,7.99959220706446,1.4652834867980309
diesel-FREEZE,mae_ridge,20,21,0.0434714240578018,11.379691672094769,1.0238370896152034
diesel-FREEZE,mae_ridge,20,22,0.6744673470949467,6.573235215629932,1.7550219560126328
diesel-FREEZE,mae_ridge,20,23,0.4533231136818709,8.39427003387849,1.3542987470833838
diesel-FREEZE,mae_ridge,20,24,0.1833648498338307,10.76548512789871,1.1080664312422852
diesel-FREEZE,mae_ridge,20,25,0.3677720867285492,9.000696174346176,1.2593400048660266
diesel-FREEZE,mae_ridge,20,26,0.3981667877903384,9.143305723497091,1.2907488816890196
diesel-FREEZE,mae_ridge,20,27,0.587624696686284,7.495388047396474,1.5593137509373474
diesel-FREEZE,mae_ridge,20,28,0.1202836276840577,10.87192909735786,1.0675998287072697
diesel-FREEZE,mae_ridge,20,29,0.5380372066547313,7.899970876380359,1.4732496052517263
diesel-TOTAL,mae_ridge,5,0,0.7417730944116661,3.4099884243614222,1.970410700688125
diesel-TOTAL,mae_ridge,5,1,0.2406971510060751,5.900144130242115,1.149079265585475
diesel-TOTAL,mae_ridge,5,2,0.6356079214234576,4.071587251347446,1.658719839449748
diesel-TOTAL,mae_ridge,5,3,0.4760752733149699,4.884177214270186,1.3833212712038636
diesel-TOTAL,mae_ridge,5,4,0.7167982662791674,3.5813329604396604,1.8815230755049752
diesel-TOTAL,mae_ridge,5,5,0.46301471095155,4.943642651745214,1.3663951403694978
diesel-TOTAL,mae_ridge,5,6,0.1451007014355937,6.273294266223354,1.082929096094396
diesel-TOTAL,mae_ridge,5,7,0.7553132746634375,3.312267302062559,2.0241947701740277
diesel-TOTAL,mae_ridge,5,8,0.6603145956793405,3.9279433970153,1.7179837817270174
diesel-TOTAL,mae_ridge,5,9,0.7765822545547357,3.194007083250658,2.118354649756778
diesel-TOTAL,mae_ridge,5,10,0.4616419929012425,4.943222045785647,1.364651995068936
diesel-TOTAL,mae_ridge,5,11,0.6893239473787146,3.753214728436037,1.7964023462464438
diesel-TOTAL,mae_ridge,5,12,0.6146941108209861,4.172657630776668,1.6130754417961244
diesel-TOTAL,mae_ridge,5,13,0.5421407383104615,4.541132998755832,1.4797607410308913
diesel-TOTAL,mae_ridge,5,14,0.6646212546601902,3.905285399144564,1.7289790660723898
diesel-TOTAL,mae_ridge,5,15,0.4702882537806606,4.870991292110175,1.3757442335816117
diesel-TOTAL,mae_ridge,5,16,0.7809667910102384,3.1531087951285817,2.1394518652091405
diesel-TOTAL,mae_ridge,5,17,0.5901422980164939,4.322898484232511,1.5640151389034318
diesel-TOTAL,mae_ridge,5,18,0.6463688103260334,4.014031251099566,1.6837678849189857
diesel-TOTAL,mae_ridge,5,19,0.55997038369567,4.437091768945647,1.5094424134683304
diesel-TOTAL,mae_ridge,5,20,0.7083394922862912,3.633678036762509,1.8540382476206756
diesel-TOTAL,mae_ridge,5,21,0.6732191925161861,3.86176377330348,1.751576992854987
diesel-TOTAL,mae_ridge,5,22,0.3684865528290019,5.366725145586389,1.2599873981610148
diesel-TOTAL,mae_ridge,5,23,0.7983443114933295,3.0209948905174624,2.229729933048304
diesel-TOTAL,mae_ridge,5,24,0.4676185475981339,4.939265819871724,1.3722904609692337
diesel-TOTAL,mae_ridge,5,25,0.6237966807217092,4.1363682198029785,1.6324736925951642
diesel-TOTAL,mae_ridge,5,26,0.8496811011845815,2.599756315119272,2.5825617237637326
diesel-TOTAL,mae_ridge,5,27,0.0103477763299753,6.754232141285672,1.0065056113044928
diesel-TOTAL,mae_ridge,5,28,0.7361490163588489,3.470105159931854,1.949297581964128
diesel-TOTAL,mae_ridge,5,29,0.5505643821775354,4.549552092992312,1.4935637320940436
diesel-TOTAL,mae_ridge,10,0,0.7952588494072195,3.063524078123846,2.212902007534678
diesel-TOTAL,mae_ridge,10,1,0.774295517747384,3.22404809643087,2.107631402432555
diesel-TOTAL,mae_ridge,10,2,0.5896933410498494,4.345895471771662,1.5631853273158935
diesel-TOTAL,mae_ridge,10,3,0.8489789407253104,2.6383110735256814,2.576594031887329
diesel-TOTAL,mae_ridge,10,4,0.7827926888997523,3.12309027901149,2.1484612887193184
diesel-TOTAL,mae_ridge,10,5,0.8143688534266349,2.892213203399492,2.3240171521605064
diesel-TOTAL,mae_ridge,10,6,0.7628559938693724,3.303157844817642,2.0561683810446176
diesel-TOTAL,mae_ridge,10,7,0.7493722037679977,3.402926206553476,2.000092746678709
diesel-TOTAL,mae_ridge,10,8,0.8872841503197147,2.246562555730213,2.982443726001428
diesel-TOTAL,mae_ridge,10,9,0.8030104878484593,2.942123564441597,2.2560213236990743
diesel-TOTAL,mae_ridge,10,10,0.8572744218187527,2.560930875319349,2.650414794331656
diesel-TOTAL,mae_ridge,10,11,0.8066608446111849,2.956843497548458,2.277219237859576
diesel-TOTAL,mae_ridge,10,12,0.8298011321767947,2.782595419640037,2.4270930082005595
diesel-TOTAL,mae_ridge,10,13,0.6026321199479727,4.263589358968963,1.5884310682284848
diesel-TOTAL,mae_ridge,10,14,0.8303738438130666,2.7667338566326767,2.431186872982916
diesel-TOTAL,mae_ridge,10,15,0.7563893889176072,3.3435342194414908,2.0286945009050164
diesel-TOTAL,mae_ridge,10,16,0.4540330740381066,4.980138830731328,1.3551319517648823
diesel-TOTAL,mae_ridge,10,17,0.7840563645169663,3.1055458768680144,2.1547383846334176
diesel-TOTAL,mae_ridge,10,18,0.8124183250545716,2.939069183416648,2.3119026770079856
diesel-TOTAL,mae_ridge,10,19,0.7334986848165276,3.472773158438234,1.939612946454197
diesel-TOTAL,mae_ridge,10,20,0.7849434170819141,3.135528169358116,2.159177679787894
diesel-TOTAL,mae_ridge,10,21,0.9239485581549308,1.8552406125036336,3.630872732266775
diesel-TOTAL,mae_ridge,10,22,0.7841384288402392,3.064089436373432,2.1551479303053687
diesel-TOTAL,mae_ridge,10,23,0.8171737065002813,2.8652049542143776,2.3417764013494864
diesel-TOTAL,mae_ridge,10,24,0.7076863401895684,3.6433774351190498,1.8519966525581355
diesel-TOTAL,mae_ridge,10,25,0.7362046505030109,3.4531880900499794,1.9495356669846424
diesel-TOTAL,mae_ridge,10,26,0.782109773522019,3.175518960373988,2.1450917738816258
diesel-TOTAL,mae_ridge,10,27,0.8237440243621161,2.784595282556491,2.3850244064923447
diesel-TOTAL,mae_ridge,10,28,0.7371035518864802,3.4639053728381883,1.952865770682408
diesel-TOTAL,mae_ridge,10,29,0.8244005169286749,2.815524029938753,2.389478548597226
diesel-TOTAL,mae_ridge,20,0,0.918082996511033,1.9376891967057932,3.498588014641886
diesel-TOTAL,mae_ridge,20,1,0.8705272023445576,2.392854268010582,2.782854926117517
diesel-TOTAL,mae_ridge,20,2,0.7983576925554836,3.0366965733613496,2.2299185664117926
diesel-TOTAL,mae_ridge,20,3,0.8439767656494885,2.7083577626224047,2.535042207021537
diesel-TOTAL,mae_ridge,20,4,0.8877454195265351,2.2538180010912083,2.988668850812308
diesel-TOTAL,mae_ridge,20,5,0.8102921590799491,2.9259466781896406,2.298990581735694
diesel-TOTAL,mae_ridge,20,6,0.9139148796371052,1.9423701691601705,3.412838891900063
diesel-TOTAL,mae_ridge,20,7,0.8265413786888098,2.7774101435524687,2.404262527687427
diesel-TOTAL,mae_ridge,20,8,0.8867774056206335,2.249971313395467,2.97586538480542
diesel-TOTAL,mae_ridge,20,9,0.87453565068331,2.384439680286351,2.8269599997712835
diesel-TOTAL,mae_ridge,20,10,0.8987988716222031,2.135860700803428,3.1476552179044788
diesel-TOTAL,mae_ridge,20,11,0.7404907233413466,3.447360036540109,1.9656373201385464
diesel-TOTAL,mae_ridge,20,12,0.8687905742632087,2.4616149602859987,2.7643772831281623
diesel-TOTAL,mae_ridge,20,13,0.7765555923644573,3.174743716160446,2.11833717587592
diesel-TOTAL,mae_ridge,20,14,0.8620582450779741,2.486418728640174,2.6960749379223747
diesel-TOTAL,mae_ridge,20,15,0.9176636759879828,1.9277101707358837,3.489667879094048
diesel-TOTAL,mae_ridge,20,16,0.9106210316977704,2.0277262721893075,3.349362581195626
diesel-TOTAL,mae_ridge,20,17,0.8643705439838675,2.5084659613889864,2.718960027002154
diesel-TOTAL,mae_ridge,20,18,0.855007817781217,2.541086938179826,2.6297080729532194
diesel-TOTAL,mae_ridge,20,19,0.8367629018521744,2.6915323397808653,2.4783942902654643
diesel-TOTAL,mae_ridge,20,20,0.951183723436808,1.4929693516472688,4.532079373751549
diesel-TOTAL,mae_ridge,20,21,0.8048704858759732,2.977124091161108,2.2668268660678934
diesel-TOTAL,mae_ridge,20,22,0.8620676547297753,2.4578553088387056,2.696166898563277
diesel-TOTAL,mae_ridge,20,23,0.8963737124277136,2.1609531676275053,3.110604979448681
diesel-TOTAL,mae_ridge,20,24,0.6286458052925386,4.098224790446677,1.6431819883833587
diesel-TOTAL,mae_ridge,20,25,0.8164951143463676,2.922447610159282,2.33752366873435
diesel-TOTAL,mae_ridge,20,26,0.6848926623967342,3.835814344990877,1.7838181341672292
diesel-TOTAL,mae_ridge,20,27,0.9162831922997314,1.973567601228026,3.46077610139723
diesel-TOTAL,mae_ridge,20,28,0.8436627441133302,2.6867958811290538,2.532494963918189
diesel-TOTAL,mae_ridge,20,29,0.8719703124462465,2.41030844005323,2.798494707759807
diesel-VISC,mae_ridge,5,0,-0.7655541896856,0.6942121470601633,0.753558506929178
diesel-VISC,mae_ridge,5,1,-1.017398027504128,0.7484040461778396,0.7049555060159395
diesel-VISC,mae_ridge,5,2,-0.8749617201769915,0.7188405513093072,0.7312422901315068
diesel-VISC,mae_ridge,5,3,0.3925517073068031,0.4086073695246173,1.2847033156175347
diesel-VISC,mae_ridge,5,4,-0.8283112587240935,0.7118082854578422,0.7405125718312939
diesel-VISC,mae_ridge,5,5,-0.0160433111125615,0.5298063575117895,0.993347932714586
diesel-VISC,mae_ridge,5,6,-0.0388561517639485,0.5406641054676823,0.982380639487248
diesel-VISC,mae_ridge,5,7,-0.9250506465402276,0.7297261958880015,0.7216662959638731
diesel-VISC,mae_ridge,5,8,-0.3671534218592349,0.6191751107890637,0.856345216161951
diesel-VISC,mae_ridge,5,9,-1.3655708747079922,0.8080178432085994,0.6510127895357438
diesel-VISC,mae_ridge,5,10,-0.3710621963800595,0.6159697109653378,0.855123663462946
diesel-VISC,mae_ridge,5,11,-0.1828729467654486,0.576329949648924,0.9206370598020718
diesel-VISC,mae_ridge,5,12,0.1485897284452891,0.4841965128150609,1.0851457159908935
diesel-VISC,mae_ridge,5,13,-0.1797002733318102,0.575364495060756,0.921874204353762
diesel-VISC,mae_ridge,5,14,-0.189347553741312,0.577296267744358,0.9181277438270914
diesel-VISC,mae_ridge,5,15,-0.1189667917700532,0.5601143789503474,0.9465616475448184
diesel-VISC,mae_ridge,5,16,-1.384745928885276,0.812805530085901,0.6483902039981831
diesel-VISC,mae_ridge,5,17,-1.211898324534313,0.781991827445878,0.6732477691503879
diesel-VISC,mae_ridge,5,18,-0.8747150109413147,0.7227824675955759,0.7312904036555917
diesel-VISC,mae_ridge,5,19,-0.7133596410111263,0.689481868438316,0.7649503303383386
diesel-VISC,mae_ridge,5,20,-1.000781675983947,0.7454954556825719,0.7078767563840838
diesel-VISC,mae_ridge,5,21,-0.9790485242728382,0.7411200922962645,0.7117529591926354
diesel-VISC,mae_ridge,5,22,-0.0286659457734603,0.5375710626031811,0.9872344947024566
diesel-VISC,mae_ridge,5,23,-1.1989149200259592,0.7814780926090035,0.6752324260377871
diesel-VISC,mae_ridge,5,24,-0.6634104325370229,0.6820983800527983,0.7763504201480826
diesel-VISC,mae_ridge,5,25,0.0157490473857798,0.5217506767433161,1.0092635317635934
diesel-VISC,mae_ridge,5,26,-0.1623250876846569,0.5717056864632029,0.9287390298803954
diesel-VISC,mae_ridge,5,27,-0.8740565929394113,0.7208244970090214,0.7314188556149329
diesel-VISC,mae_ridge,5,28,-2.514698973681823,0.983599964290728,0.5340887566915467
diesel-VISC,mae_ridge,5,29,0.0089377541905828,0.5228279329906313,1.0057893594511975
diesel-VISC,mae_ridge,10,0,0.1602375367791746,0.4803876061198771,1.0926637205179217
diesel-VISC,mae_ridge,10,1,0.0028665341463316,0.530664342785718,1.0027394615979563
diesel-VISC,mae_ridge,10,2,-0.004400212751505,0.5326903145968832,0.999105511083578
diesel-VISC,mae_ridge,10,3,-0.5270555083023245,0.6479373937174606,0.8102841441812833
diesel-VISC,mae_ridge,10,4,-0.2530382242584679,0.5934082495849614,0.894504630000445
diesel-VISC,mae_ridge,10,5,0.2678505672927677,0.4508705462329885,1.1702129166034785
diesel-VISC,mae_ridge,10,6,-2.787744954449673,1.0165742715334505,0.5144869796951891
diesel-VISC,mae_ridge,10,7,0.0617028666332732,0.5124373944743752,1.033700098894788
diesel-VISC,mae_ridge,10,8,0.5382466551721958,0.3547912866526623,1.4735325289258567
diesel-VISC,mae_ridge,10,9,-0.6965058614210689,0.6848122728345782,0.7687534367732446
diesel-VISC,mae_ridge,10,10,-0.0384817815084612,0.5413974220536968,0.9825740985622048
diesel-VISC,mae_ridge,10,11,0.6786703747735521,0.2959506017346593,1.7664012721235678
diesel-VISC,mae_ridge,10,12,0.5877102639070761,0.3397226199274923,1.5594214042852623
diesel-VISC,mae_ridge,10,13,-0.1178734167450248,0.5580431271608244,0.947040252103976
diesel-VISC,mae_ridge,10,14,0.1963313407493276,0.4729157519529413,1.116930721134884
diesel-VISC,mae_ridge,10,15,-0.1504966319825307,0.5663622676039187,0.933516668094611
diesel-VISC,mae_ridge,10,16,-0.2313498361950432,0.5887081993556851,0.9023479252282328
diesel-VISC,mae_ridge,10,17,0.26847714373594,0.4514958503265673,1.1707139747035509
diesel-VISC,mae_ridge,10,18,-0.1180166154187847,0.5548335649398995,0.946979600388702
diesel-VISC,mae_ridge,10,19,0.0390406771215543,0.5201569715903812,1.021438563713064
diesel-VISC,mae_ridge,10,20,0.0134519627000327,0.5282562487514981,1.0081046874598782
diesel-VISC,mae_ridge,10,21,0.3685661025412446,0.4198197954290045,1.2600877985264525
diesel-VISC,mae_ridge,10,22,0.2231960687560691,0.4663240289577655,1.136080342068053
diesel-VISC,mae_ridge,10,23,0.5316198917751715,0.3611414319440326,1.463071435118657
diesel-VISC,mae_ridge,10,24,0.2298226294403903,0.4657353561077768,1.1409572584985817
diesel-VISC,mae_ridge,10,25,0.3506564648806226,0.4269325475198244,1.24258896377711
diesel-VISC,mae_ridge,10,26,0.4666069515873139,0.3845675214181817,1.3710114345002642
diesel-VISC,mae_ridge,10,27,0.1021478795158102,0.4885089916404217,1.0567258860496471
diesel-VISC,mae_ridge,10,28,-0.0441960190091752,0.5394166994385997,0.979881900861968
diesel-VISC,mae_ridge,10,29,0.5135600045804006,0.3699305992034883,1.4356550889071735
diesel-VISC,mae_ridge,20,0,0.7060451447820852,0.2887799212969222,1.846883553309616
diesel-VISC,mae_ridge,20,1,0.8075726348403944,0.232511273088334,2.282687266135137
diesel-VISC,mae_ridge,20,2,0.3754967680674754,0.4155955664743486,1.2671046585701995
diesel-VISC,mae_ridge,20,3,0.6360602814197911,0.3231937808330822,1.6598357155851715
diesel-VISC,mae_ridge,20,4,-0.1114341069264972,0.5563241194185133,0.9498127011155972
diesel-VISC,mae_ridge,20,5,0.6283242213933142,0.3229060707173137,1.6424709718847723
diesel-VISC,mae_ridge,20,6,0.5871462388266614,0.3364523500501024,1.5584099415622523
diesel-VISC,mae_ridge,20,7,0.4335183611246006,0.3860710121359766,1.330414329362864
diesel-VISC,mae_ridge,20,8,0.2836089655549944,0.4413414614651124,1.183054527010535
diesel-VISC,mae_ridge,20,9,0.4687026887618635,0.382987676676885,1.3737604964139702
diesel-VISC,mae_ridge,20,10,0.3243153211297047,0.4325539128667621,1.218169711570782
diesel-VISC,mae_ridge,20,11,0.5819029677914243,0.3437970979638521,1.548607257949841
diesel-VISC,mae_ridge,20,12,0.3554316356658399,0.4285821019790989,1.247226528112677
diesel-VISC,mae_ridge,20,13,0.6941811574209635,0.2926273954470398,1.810705049075152
diesel-VISC,mae_ridge,20,14,0.6018700931566465,0.3325202095849082,1.5869653032569138
diesel-VISC,mae_ridge,20,15,0.4367180001463124,0.3985588903122752,1.3341875882450434
diesel-VISC,mae_ridge,20,16,0.7347297237380306,0.2739945638940329,1.9441758221519156
diesel-VISC,mae_ridge,20,17,0.6711784751710894,0.3075621171621343,1.7462230368094165
diesel-VISC,mae_ridge,20,18,-1.20954051241337,0.7868578681349804,0.6736415218780253
diesel-VISC,mae_ridge,20,19,0.664263512814726,0.3010971335831726,1.7281465223266634
diesel-VISC,mae_ridge,20,20,0.7602965902891703,0.2587168751526216,2.0452326956894105
diesel-VISC,mae_ridge,20,21,0.2475175808421182,0.4516082988457765,1.1543344420299957
diesel-VISC,mae_ridge,20,22,0.6567022012119341,0.3148967198558725,1.7090088960068324
diesel-VISC,mae_ridge,20,23,0.5143041996180477,0.3681558638970408,1.4368044308242232
diesel-VISC,mae_ridge,20,24,0.4053025566995077,0.4069366681414266,1.2984696321635418
diesel-VISC,mae_ridge,20,25,0.6436224767987304,0.3141369439625051,1.6773538125948602
diesel-VISC,mae_ridge,20,26,0.1722183467229753,0.4734973004268532,1.1005808059308515
diesel-VISC,mae_ridge,20,27,0.5641174067863021,0.3522614912778719,1.5166838759883388
diesel-VISC,mae_ridge,20,28,-0.2143253661327726,0.5864281644007195,0.9086827824551224
diesel-VISC,mae_ridge,20,29,0.666519090215788,0.3032189011792056,1.7339810380597147
evoo-adulteration,mae_ridge,5,0,-0.4540757931694699,26.528800861187776,0.8294985369554562
evoo-adulteration,mae_ridge,5,1,-0.028234210362082,22.30537598082078,0.9864228457588936
evoo-adulteration,mae_ridge,5,2,-0.6146824356798681,27.94956296519432,0.7871646564057936
evoo-adulteration,mae_ridge,5,3,-0.3774307221510524,25.82462846836688,0.852264235447473
evoo-adulteration,mae_ridge,5,4,-0.0018315952182925,22.01821804143568,0.9993365796463752
evoo-adulteration,mae_ridge,5,5,-0.3782642543746959,25.823862043801544,0.8520064847516065
evoo-adulteration,mae_ridge,5,6,-0.1871687581780143,23.971300669749848,0.918021636621764
evoo-adulteration,mae_ridge,5,7,-0.183671651253467,23.938753151608704,0.9193767641411132
evoo-adulteration,mae_ridge,5,8,-1.414912457219473,34.05419631026112,0.6436628601810055
evoo-adulteration,mae_ridge,5,9,-0.7634596295221281,29.201327732544154,0.7532278783603226
evoo-adulteration,mae_ridge,5,10,0.2872391194324831,18.572159292742064,1.184778648089312
evoo-adulteration,mae_ridge,5,11,-0.1414664788006718,23.505473221996525,0.9362192477498356
evoo-adulteration,mae_ridge,5,12,-0.0427851421034204,22.47088401144872,0.9795164396559152
evoo-adulteration,mae_ridge,5,13,-0.4141480832726658,26.15486986612701,0.841127248044043
evoo-adulteration,mae_ridge,5,14,-0.0738934760258134,22.79188918841024,0.9652249615978952
evoo-adulteration,mae_ridge,5,15,0.2421824658481041,19.149927358080586,1.14901797254869
evoo-adulteration,mae_ridge,5,16,-1.2545657453610728,33.01135311940773,0.6661586852289862
evoo-adulteration,mae_ridge,5,17,-0.2751159626735469,24.84180982054464,0.8857972045345655
evoo-adulteration,mae_ridge,5,18,-0.01648685955609,22.18246595882212,0.9921064251880068
evoo-adulteration,mae_ridge,5,19,-0.5720614713445338,27.47581831165048,0.7977639086375833
evoo-adulteration,mae_ridge,5,20,-0.0375655618329935,22.40402640651231,0.981977127947346
evoo-adulteration,mae_ridge,5,21,-0.0042392078390915,22.04477385202231,0.9981379313815903
evoo-adulteration,mae_ridge,5,22,0.0107685548747347,21.87293328485132,1.0056808724355144
evoo-adulteration,mae_ridge,5,23,0.2611299967273601,18.902961380845912,1.163657382057987
evoo-adulteration,mae_ridge,5,24,-0.94003004970302,30.63532768719903,0.7181330563771399
evoo-adulteration,mae_ridge,5,25,0.0084462095896564,21.89842070743534,1.004502465680973
evoo-adulteration,mae_ridge,5,26,0.0179612895936508,21.800406769744612,1.0093571016414329
evoo-adulteration,mae_ridge,5,27,-0.4006624689346854,25.93502585275281,0.8451667456464683
evoo-adulteration,mae_ridge,5,28,-0.3193933182241,25.27054677183991,0.8708071904724277
evoo-adulteration,mae_ridge,5,29,0.0294999501781513,21.522326348683343,1.0153396955799945
evoo-adulteration,mae_ridge,10,0,-3.205238782540615,45.12360287707729,0.4877688828842575
evoo-adulteration,mae_ridge,10,1,0.0476859891360388,21.486772581619512,1.0249893069115623
evoo-adulteration,mae_ridge,10,2,0.3671837718203197,17.511546043885623,1.257391782391584
evoo-adulteration,mae_ridge,10,3,0.3650295820827477,17.535838097395942,1.2552570674180736
evoo-adulteration,mae_ridge,10,4,0.1848239825567346,19.861313503989013,1.107857046953837
evoo-adulteration,mae_ridge,10,5,-0.6946142114097251,28.54380884605394,0.7683763683801821
evoo-adulteration,mae_ridge,10,6,-1.208814919818832,32.71056585909782,0.673022770540456
evoo-adulteration,mae_ridge,10,7,0.012299236853977,21.883225798824927,1.0064604813081128
evoo-adulteration,mae_ridge,10,8,-0.2778079183578126,24.79312674804853,0.8848642191987333
evoo-adulteration,mae_ridge,10,9,-0.0692359776715916,22.758975330946928,0.9673255075521368
evoo-adulteration,mae_ridge,10,10,-0.1108502061688487,23.129808900473837,0.9490337813876052
evoo-adulteration,mae_ridge,10,11,0.1968855025254146,19.658462825066525,1.1161451817451526
evoo-adulteration,mae_ridge,10,12,-0.0142609986107884,22.171444761182656,0.9931950781323688
evoo-adulteration,mae_ridge,10,13,0.0387453223878456,21.520399881717758,1.0202114386795211
evoo-adulteration,mae_ridge,10,14,-0.1181023612379492,23.198143736376053,0.9459509971151616
evoo-adulteration,mae_ridge,10,15,-0.2280787570166893,24.39621065964808,0.9026020427702892
evoo-adulteration,mae_ridge,10,16,-0.2224121330545105,24.17717305066744,0.9046916786961574
evoo-adulteration,mae_ridge,10,17,-4.217454063896131,50.11426931071037,0.4379052022680273
evoo-adulteration,mae_ridge,10,18,0.5094042918969357,15.358274613846286,1.4280635994660391
evoo-adulteration,mae_ridge,10,19,-0.3054244267244499,25.05796861789861,0.8754544492194298
evoo-adulteration,mae_ridge,10,20,-0.0699733209938013,22.779372779040745,0.9669921469387498
evoo-adulteration,mae_ridge,10,21,-0.0735654584196676,22.804196345326616,0.9653730192201856
evoo-adulteration,mae_ridge,10,22,-0.0911509242364203,23.00945384118161,0.9575622338534988
evoo-adulteration,mae_ridge,10,23,-0.1895160571712895,23.92365026161583,0.917115993605954
evoo-adulteration,mae_ridge,10,24,-0.6233039344608611,27.851506111981948,0.7850720229725673
evoo-adulteration,mae_ridge,10,25,0.2458663611927224,19.11641423275863,1.1518217231398622
evoo-adulteration,mae_ridge,10,26,-0.2199705850409323,24.22489048303224,0.9055965136779088
evoo-adulteration,mae_ridge,10,27,0.1936208213044763,19.629914923299435,1.113883495247024
evoo-adulteration,mae_ridge,10,28,0.1681116963362748,20.0754929816158,1.0966723971135075
evoo-adulteration,mae_ridge,10,29,0.3243675957076307,18.028777007487648,1.216898024990736
evoo-adulteration,mae_ridge,20,0,0.0574777392376868,21.339664759839582,1.0303011098897072
evoo-adulteration,mae_ridge,20,1,0.2781345262446918,18.657891245024373,1.1772856235042897
evoo-adulteration,mae_ridge,20,2,0.2225623282117929,19.30877095826574,1.1344286478159045
evoo-adulteration,mae_ridge,20,3,0.0736015565755371,21.219718536177343,1.039228545656942
evoo-adulteration,mae_ridge,20,4,0.4121478503860474,16.781648837695414,1.3045956331968744
evoo-adulteration,mae_ridge,20,5,0.0843606879218694,21.096976565183414,1.0453163915766208
evoo-adulteration,mae_ridge,20,6,0.184636477133272,19.90415237032939,1.1077310687183053
evoo-adulteration,mae_ridge,20,7,0.497941587904816,15.610241008946822,1.4116689152940771
evoo-adulteration,mae_ridge,20,8,0.1811948870300673,19.95790671392809,1.105400617506907
evoo-adulteration,mae_ridge,20,9,0.5005489391802286,15.527067253619352,1.4153488809588592
evoo-adulteration,mae_ridge,20,10,-0.2994422954066451,25.131590098787647,0.8774683823756543
evoo-adulteration,mae_ridge,20,11,0.2145376689440702,19.54021887316569,1.128618837644377
evoo-adulteration,mae_ridge,20,12,0.2410317352164338,19.19388074396275,1.1481487765987872
evoo-adulteration,mae_ridge,20,13,0.3823692855049876,17.32247267508079,1.2727571142025134
evoo-adulteration,mae_ridge,20,14,0.0500996454722083,21.478108001271185,1.0262920173990175
evoo-adulteration,mae_ridge,20,15,0.5646480993572185,14.451989668754916,1.5159670204134978
evoo-adulteration,mae_ridge,20,16,0.5487519008100641,14.751714484190646,1.4890260068058765
evoo-adulteration,mae_ridge,20,17,0.3094318029828437,18.323064253187898,1.2036679283561085
evoo-adulteration,mae_ridge,20,18,0.4938575458750885,15.68254621859376,1.4059620314759902
evoo-adulteration,mae_ridge,20,19,0.2559599037753131,18.954002897378125,1.1596096096665631
evoo-adulteration,mae_ridge,20,20,0.2187103656619945,19.48260250342182,1.1316286772104134
evoo-adulteration,mae_ridge,20,21,0.1585450989605789,20.218788794309383,1.0904218708436937
evoo-adulteration,mae_ridge,20,22,0.111539493700334,20.711309227614155,1.061184534721891
evoo-adulteration,mae_ridge,20,23,0.3224587627559521,18.138942234704192,1.2151841867312028
evoo-adulteration,mae_ridge,20,24,-0.2706151085869492,24.746530233543453,0.8873663755999011
evoo-adulteration,mae_ridge,20,25,0.1503152285579549,20.26533634355831,1.085128221356456
evoo-adulteration,mae_ridge,20,26,0.0133189468874842,21.83423400285488,1.0069817077342709
evoo-adulteration,mae_ridge,20,27,0.3473311490294668,17.80289106542935,1.2381222626501365
evoo-adulteration,mae_ridge,20,28,0.4601924754229072,16.084325853864783,1.3614149293364766
evoo-adulteration,mae_ridge,20,29,0.4236791672143453,16.666276893756756,1.317582495516432
gasoline-octane,mae_ridge,5,0,0.8796048426636875,0.5306420544766571,2.908572914545972
gasoline-octane,mae_ridge,5,1,0.940496990951814,0.3657197862990101,4.137280827396006
gasoline-octane,mae_ridge,5,2,0.5941488907459039,0.9392130085977924,1.5841674887380714
gasoline-octane,mae_ridge,5,3,-0.0129824987717093,1.5507186600947211,1.0027288115382356
gasoline-octane,mae_ridge,5,4,0.5902197183123472,0.9559741448583045,1.5765543112924392
gasoline-octane,mae_ridge,5,5,0.9200282776498178,0.4098265498254576,3.568750940794485
gasoline-octane,mae_ridge,5,6,-0.5747607996472912,1.9281049184316728,0.8042242551190913
gasoline-octane,mae_ridge,5,7,0.797072912416732,0.6637626606278955,2.2403426855732365
gasoline-octane,mae_ridge,5,8,0.3116078344242292,1.1783697502328132,1.2163722544534803
gasoline-octane,mae_ridge,5,9,0.4800521733858172,1.114222548311676,1.399602086469299
gasoline-octane,mae_ridge,5,10,-0.0693066008453557,1.6010809481798844,0.975962972234532
gasoline-octane,mae_ridge,5,11,0.558858245213945,0.9509770596548028,1.5194813768793756
gasoline-octane,mae_ridge,5,12,0.8882157766013407,0.5055060164966259,3.0185210433655767
gasoline-octane,mae_ridge,5,13,0.7080644732059878,0.82235540160523,1.8678456710937308
gasoline-octane,mae_ridge,5,14,0.8938027256996603,0.4948906119954671,3.096904262233391
gasoline-octane,mae_ridge,5,15,0.0551704115173161,1.4943286311681818,1.0382638238760344
gasoline-octane,mae_ridge,5,16,0.5287648218149411,1.0734571313584178,1.4701634215807649
gasoline-octane,mae_ridge,5,17,0.1742768802692282,1.3563378719925343,1.110624481675328
gasoline-octane,mae_ridge,5,18,-0.4761682001879381,1.8659745746617111,0.8306470788229364
gasoline-octane,mae_ridge,5,19,0.3021020334993531,1.2523040980945916,1.208059982522449
gasoline-octane,mae_ridge,5,20,-0.001810519229054,1.552798780216864,1.008304420205018
gasoline-octane,mae_ridge,5,21,0.757078512504076,0.7590221389135713,2.047630071314124
gasoline-octane,mae_ridge,5,22,-0.037640944084458,1.5863043890239787,0.990742776901753
gasoline-octane,mae_ridge,5,23,0.9240712889154736,0.4139596197476924,3.662532195223117
gasoline-octane,mae_ridge,5,24,0.7205423440717873,0.8241633086738968,1.909090246679099
gasoline-octane,mae_ridge,5,25,0.6463897871812664,0.899618389449269,1.6971571769646223
gasoline-octane,mae_ridge,5,26,0.6348628613941283,0.920833720594922,1.6701537803196689
gasoline-octane,mae_ridge,5,27,0.9203312721273472,0.4351700371174908,3.575530800974424
gasoline-octane,mae_ridge,5,28,0.1084910573040347,1.4245204630466206,1.0688619396793615
gasoline-octane,mae_ridge,5,29,0.0012969799450434,1.467887712803333,1.0098718889758924
gasoline-octane,mae_ridge,10,0,0.9311200245817606,0.3991849911155736,3.848934056523707
gasoline-octane,mae_ridge,10,1,0.89887976689459,0.4793806856302772,3.176639494644049
gasoline-octane,mae_ridge,10,2,0.9213345961157798,0.4157920595463008,3.6015966506028225
gasoline-octane,mae_ridge,10,3,0.9395702891107864,0.3815254084289492,4.109241863600165
gasoline-octane,mae_ridge,10,4,0.9452003443095264,0.354167015246934,4.315171365677753
gasoline-octane,mae_ridge,10,5,0.9113331036470708,0.4150313862099144,3.3923933928529157
gasoline-octane,mae_ridge,10,6,0.9303891834172634,0.3974835397956,3.828675841722746
gasoline-octane,mae_ridge,10,7,0.918549400890445,0.4466128848900392,3.539482917112305
gasoline-octane,mae_ridge,10,8,0.8224152452927891,0.6338235023243085,2.397088797472012
gasoline-octane,mae_ridge,10,9,0.9365953090341644,0.3760661488575789,4.011679849952374
gasoline-octane,mae_ridge,10,10,0.8791743348558797,0.5234698146082689,2.906078656701181
gasoline-octane,mae_ridge,10,11,0.8935163949811992,0.5022889218144925,3.095605354862967
gasoline-octane,mae_ridge,10,12,0.9269280295124686,0.424496876678023,3.736900658281008
gasoline-octane,mae_ridge,10,13,0.8779217037759324,0.539556495383199,2.891130747011045
gasoline-octane,mae_ridge,10,14,0.9549941527563526,0.3222425113439027,4.7615954140808725
gasoline-octane,mae_ridge,10,15,0.9177895103371648,0.4281913206708033,3.5230868116489367
gasoline-octane,mae_ridge,10,16,0.7616205486414955,0.6833081422789291,2.068962190676599
gasoline-octane,mae_ridge,10,17,0.9597284114664868,0.3110392964301646,5.033702931579803
gasoline-octane,mae_ridge,10,18,0.940983107420324,0.3859895196113768,4.158136986719972
gasoline-octane,mae_ridge,10,19,0.7872904353234713,0.7182326442204958,2.190248808565738
gasoline-octane,mae_ridge,10,20,0.9087998096642168,0.4594959819675011,3.3449458366029523
gasoline-octane,mae_ridge,10,21,0.940186702575434,0.3615275415787039,4.1303617442814105
gasoline-octane,mae_ridge,10,22,0.8958684327540687,0.4898213575400643,3.13037062631763
gasoline-octane,mae_ridge,10,23,0.8804472712558177,0.5374373586149639,2.921508912782666
gasoline-octane,mae_ridge,10,24,0.8441595438841818,0.6050654011577813,2.558861952369562
gasoline-octane,mae_ridge,10,25,0.9448169714193518,0.3590696416456576,4.300155852325646
gasoline-octane,mae_ridge,10,26,0.943261237187849,0.3631284941236492,4.240792579206359
gasoline-octane,mae_ridge,10,27,0.8853695360946788,0.524066346668531,2.9835748468709293
gasoline-octane,mae_ridge,10,28,0.9278487897196064,0.396481218991908,3.760669361971445
gasoline-octane,mae_ridge,10,29,0.7812502225915335,0.641155246761988,2.159798087487906
gasoline-octane,mae_ridge,20,0,0.9362447581703062,0.4023649719635027,4.010880690473884
gasoline-octane,mae_ridge,20,1,0.9344935473603186,0.3714513949914965,3.956905252328149
gasoline-octane,mae_ridge,20,2,0.9315097132534558,0.4115015986347005,3.869752592984021
gasoline-octane,mae_ridge,20,3,0.943037569772054,0.3744739427006081,4.243297068798376
gasoline-octane,mae_ridge,20,4,0.9582708841957204,0.2882984350585703,4.9576755438565
gasoline-octane,mae_ridge,20,5,0.9293158457908458,0.4007057907063437,3.8092252925579353
gasoline-octane,mae_ridge,20,6,0.918459545238998,0.4605606950677147,3.546591162391057
gasoline-octane,mae_ridge,20,7,0.9527960331133432,0.3377522359949866,4.661314905271952
gasoline-octane,mae_ridge,20,8,0.944221329654292,0.3474217970679228,4.288087250942073
gasoline-octane,mae_ridge,20,9,0.95658954957807,0.2754116098207194,4.8607193475423305
gasoline-octane,mae_ridge,20,10,0.9245388828181924,0.4527119940734368,3.6866853815871385
gasoline-octane,mae_ridge,20,11,0.9341875750814216,0.4174028385804754,3.947696400147431
gasoline-octane,mae_ridge,20,12,0.902140353811978,0.4908908984009644,3.23739634104052
gasoline-octane,mae_ridge,20,13,0.9160636729321232,0.4294580416290081,3.4956078950189964
gasoline-octane,mae_ridge,20,14,0.937248919160119,0.3857490432075708,4.0428449604839
gasoline-octane,mae_ridge,20,15,0.882841343622673,0.508638057933953,2.958765192705294
gasoline-octane,mae_ridge,20,16,0.8574126941693615,0.5367605706098282,2.6819906568002048
gasoline-octane,mae_ridge,20,17,0.9462846961836698,0.3529858720888219,4.369670340878225
gasoline-octane,mae_ridge,20,18,0.905614368056744,0.4689658765132381,3.296436757662379
gasoline-octane,mae_ridge,20,19,0.9627471286273824,0.2906987309857244,5.247081570165103
gasoline-octane,mae_ridge,20,20,0.8786598148733624,0.4983790250480792,2.9073369344507163
gasoline-octane,mae_ridge,20,21,0.790315899218879,0.6778955411759805,2.211642573542174
gasoline-octane,mae_ridge,20,22,0.9639719050248176,0.2816681758732489,5.335523568957084
gasoline-octane,mae_ridge,20,23,0.9455956255486012,0.3646397756530974,4.341909645473963
gasoline-octane,mae_ridge,20,24,0.9690660782447336,0.2605153565205148,5.758113230405714
gasoline-octane,mae_ridge,20,25,0.9558819922460042,0.3042682330343145,4.8215840945202855
gasoline-octane,mae_ridge,20,26,0.919265880689906,0.4382997955182129,3.564258024902487
gasoline-octane,mae_ridge,20,27,0.8269916253097407,0.6085704120289587,2.4348046866911672
gasoline-octane,mae_ridge,20,28,0.9540820985277038,0.328714709169088,4.726141021489852
gasoline-octane,mae_ridge,20,29,0.9242479012844786,0.390436376876898,3.679597858295983
corn_m5-oil,rand_ridge,5,0,-1.2983407627321952,0.2708791863223498,0.6640603683969922
corn_m5-oil,rand_ridge,5,1,-1.0723576348770516,0.2518046525388577,0.6993304186971302
corn_m5-oil,rand_ridge,5,2,-0.1316676681093074,0.1865609988026454,0.9463576948301884
corn_m5-oil,rand_ridge,5,3,-0.5829292276996123,0.2233850085950143,0.8001732390619443
corn_m5-oil,rand_ridge,5,4,-1.350934410624708,0.263657119657087,0.6565903800575654
corn_m5-oil,rand_ridge,5,5,-0.9910594454396882,0.249805431649687,0.7134649761255629
corn_m5-oil,rand_ridge,5,6,-4.8299979962973225,0.4255396423199096,0.416946727071334
corn_m5-oil,rand_ridge,5,7,-0.4592751434480748,0.2121470502382892,0.8333859594015163
corn_m5-oil,rand_ridge,5,8,-1.484282675379621,0.2744897188687547,0.6387255169268337
corn_m5-oil,rand_ridge,5,9,-0.3541806599075718,0.2017457587520646,0.8651202312571883
corn_m5-oil,rand_ridge,5,10,-2.455298603100564,0.3282633702784902,0.5415916743850013
corn_m5-oil,rand_ridge,5,11,-0.0561800099729761,0.1766731326483997,0.979593286527432
corn_m5-oil,rand_ridge,5,12,-0.0117135242616301,0.1795846800444196,1.000889179252731
corn_m5-oil,rand_ridge,5,13,0.0226532929742045,0.1752825089885632,1.0183344704551802
corn_m5-oil,rand_ridge,5,14,-0.9381306206201604,0.2423039868173336,0.7231414409769887
corn_m5-oil,rand_ridge,5,15,-0.5456028625083662,0.2170029670383787,0.8097777043219795
corn_m5-oil,rand_ridge,5,16,-0.4143809868270174,0.2089633245476993,0.846508975025965
corn_m5-oil,rand_ridge,5,17,-0.0091916896760617,0.1715212363515815,1.0021389428551557
corn_m5-oil,rand_ridge,5,18,-4.539124936713832,0.3952794928668961,0.4277541102973815
corn_m5-oil,rand_ridge,5,19,0.1643414683076189,0.1582755718458189,1.1012865775507763
corn_m5-oil,rand_ridge,5,20,-0.394429041238483,0.2092121969180408,0.8525435288764944
corn_m5-oil,rand_ridge,5,21,-0.401380357222828,0.2081529573745188,0.8504264495195686
corn_m5-oil,rand_ridge,5,22,-1.0123476158603792,0.2539210835904358,0.709681150127901
corn_m5-oil,rand_ridge,5,23,-1.876883470348812,0.3045936568115604,0.593544980197994
corn_m5-oil,rand_ridge,5,24,-0.7950206862670126,0.230884145177086,0.7514153158521611
corn_m5-oil,rand_ridge,5,25,-0.797569261648065,0.2286529200555399,0.7508824524243216
corn_m5-oil,rand_ridge,5,26,-8.536301081906975,0.5467134609359705,0.3260054006506897
corn_m5-oil,rand_ridge,5,27,-0.6089456777555649,0.2241233998521084,0.7936775227965068
corn_m5-oil,rand_ridge,5,28,-1.4416048054128514,0.2766854126630514,0.6442836142935254
corn_m5-oil,rand_ridge,5,29,-0.7444290558710054,0.2334711991714119,0.7622336472662935
corn_m5-oil,rand_ridge,10,0,-0.4891869632906944,0.2115831350779313,0.8253722472049575
corn_m5-oil,rand_ridge,10,1,-0.6095206158408344,0.2242348530621508,0.7939190131131261
corn_m5-oil,rand_ridge,10,2,-0.0376557922148288,0.1788407820759392,0.988775774196908
corn_m5-oil,rand_ridge,10,3,0.2596451737561001,0.1551048547171211,1.1705892155944728
corn_m5-oil,rand_ridge,10,4,0.3551367175222011,0.1456604110193969,1.25426888820183
corn_m5-oil,rand_ridge,10,5,0.527413583848059,0.1217251479632649,1.4651559648457773
corn_m5-oil,rand_ridge,10,6,-0.343278998045059,0.2029903229292841,0.8690431932057311
corn_m5-oil,rand_ridge,10,7,0.1534822247126667,0.1617306454693504,1.0947285229209325
corn_m5-oil,rand_ridge,10,8,-1.3655883361556975,0.2664479610103495,0.6548696893201842
corn_m5-oil,rand_ridge,10,9,-0.6079697028919928,0.2189625013484352,0.7943017947403556
corn_m5-oil,rand_ridge,10,10,-0.1674776884882682,0.188047652722269,0.9321808563804512
corn_m5-oil,rand_ridge,10,11,0.2596514121291819,0.1502901695434564,1.1705941474313055
corn_m5-oil,rand_ridge,10,12,0.3377669121923851,0.1385303042547943,1.2377103898882933
corn_m5-oil,rand_ridge,10,13,0.3358937883134852,0.1411492853441545,1.2359636648034862
corn_m5-oil,rand_ridge,10,14,-0.4019756252958826,0.2104448704673945,0.8506565357243392
corn_m5-oil,rand_ridge,10,15,-0.6259705304440633,0.2234831071755859,0.7898927716867634
corn_m5-oil,rand_ridge,10,16,-0.0030336850368599,0.1780926294150269,1.0056959831495151
corn_m5-oil,rand_ridge,10,17,0.0512271595900442,0.1703506559317115,1.0340543182885154
corn_m5-oil,rand_ridge,10,18,-0.0983522554565994,0.1863675955742884,0.9610669697646872
corn_m5-oil,rand_ridge,10,19,-0.4499536726377011,0.213600608487583,0.8364643025159008
corn_m5-oil,rand_ridge,10,20,-0.5373180115133014,0.2136856727093875,0.8123489377180568
corn_m5-oil,rand_ridge,10,21,-0.1385447266908035,0.1828490137627574,0.943950947137888
corn_m5-oil,rand_ridge,10,22,0.4380110712937528,0.1289600016727571,1.3435709174434836
corn_m5-oil,rand_ridge,10,23,0.2438276698390596,0.1590151104280377,1.1582814038574616
corn_m5-oil,rand_ridge,10,24,-0.3638724649522242,0.1968618042531158,0.8624572828662116
corn_m5-oil,rand_ridge,10,25,0.1334507922903451,0.1604125796196445,1.082001492617291
corn_m5-oil,rand_ridge,10,26,0.3020298982929479,0.1532190935133554,1.2056078437553006
corn_m5-oil,rand_ridge,10,27,-0.2115573817655665,0.1978751210820984,0.9150661296599872
corn_m5-oil,rand_ridge,10,28,0.4343293757444032,0.1370539603410789,1.339191430526474
corn_m5-oil,rand_ridge,10,29,-0.9538178794635096,0.2492452978119739,0.7205803831825709
corn_m5-oil,rand_ridge,20,0,-0.0477783026788449,0.1788002544729492,0.9851784851973509
corn_m5-oil,rand_ridge,20,1,0.4819863341574738,0.1348562486408371,1.4011318674442537
corn_m5-oil,rand_ridge,20,2,0.277004529335724,0.1398228627923484,1.1859921953449508
corn_m5-oil,rand_ridge,20,3,0.1293926102918847,0.1624627614362058,1.0807828504475472
corn_m5-oil,rand_ridge,20,4,0.6238606673819798,0.1003177407791791,1.6442779941527337
corn_m5-oil,rand_ridge,20,5,0.5891561853744347,0.1099403966579377,1.57329891408791
corn_m5-oil,rand_ridge,20,6,0.5801505126149312,0.1176884286369567,1.556334001760049
corn_m5-oil,rand_ridge,20,7,0.2815814363945959,0.1589849424369987,1.189764061975258
corn_m5-oil,rand_ridge,20,8,0.4898007062858215,0.1304089530066427,1.4118211799574676
corn_m5-oil,rand_ridge,20,9,0.6027261401079721,0.1094616235972493,1.5999434190269015
corn_m5-oil,rand_ridge,20,10,0.6081049814877584,0.1133741086420257,1.61088578004415
corn_m5-oil,rand_ridge,20,11,0.5541010206435865,0.1203571856714731,1.5101892699501414
corn_m5-oil,rand_ridge,20,12,0.2473592169167209,0.1523848628505651,1.1624003861914085
corn_m5-oil,rand_ridge,20,13,0.5105763744643037,0.1179921435835856,1.441475132012847
corn_m5-oil,rand_ridge,20,14,0.5875409054988248,0.1124123189107819,1.5702152009619457
corn_m5-oil,rand_ridge,20,15,0.2758890094728239,0.1421270087558,1.1850783107380694
corn_m5-oil,rand_ridge,20,16,0.5791090959292267,0.1148273749917717,1.554407378955687
corn_m5-oil,rand_ridge,20,17,0.4218954832491476,0.1345249652988195,1.3263142572102151
corn_m5-oil,rand_ridge,20,18,0.5604979130197358,0.1232031480903865,1.5211398662568705
corn_m5-oil,rand_ridge,20,19,0.4931091531851167,0.1165825554520294,1.4164211233932764
corn_m5-oil,rand_ridge,20,20,-0.3143689862731584,0.1853824877922217,0.8796116401782915
corn_m5-oil,rand_ridge,20,21,-0.1423021288282002,0.1891487479628281,0.943537414891946
corn_m5-oil,rand_ridge,20,22,0.1624094515367571,0.1661848996015653,1.1018785665192548
corn_m5-oil,rand_ridge,20,23,0.2265025011590489,0.153687195424087,1.1466217155866925
corn_m5-oil,rand_ridge,20,24,0.7277723648945552,0.0897515545961882,1.9327848562969805
corn_m5-oil,rand_ridge,20,25,0.5342953235353138,0.1175116791322215,1.4777273788642904
corn_m5-oil,rand_ridge,20,26,0.4621319591249739,0.1282266005893427,1.3750286567898051
corn_m5-oil,rand_ridge,20,27,0.3894126151636697,0.139517206563502,1.2905525870962935
corn_m5-oil,rand_ridge,20,28,-0.4449574586767195,0.1978005320866613,0.8389229760269905
corn_m5-oil,rand_ridge,20,29,0.6458112427191935,0.1062298935624333,1.6944635597325866
corn_m5-protein,rand_ridge,5,0,0.3985265634855413,0.3766496275958726,1.2980952055490802
corn_m5-protein,rand_ridge,5,1,-0.4873221058298811,0.6194513548793482,0.8254908341155944
corn_m5-protein,rand_ridge,5,2,0.0041592972666344,0.5067625995974246,1.0088342897948848
corn_m5-protein,rand_ridge,5,3,0.3908470811842101,0.3855446891131561,1.289886825626333
corn_m5-protein,rand_ridge,5,4,-0.0542056443027554,0.5125733512068482,0.980510171509232
corn_m5-protein,rand_ridge,5,5,-0.3941112122187626,0.5798009902810346,0.8526407046361897
corn_m5-protein,rand_ridge,5,6,0.0061265788929374,0.5064468682547733,1.0098322438487477
corn_m5-protein,rand_ridge,5,7,-0.7964478867790714,0.6583293759804082,0.7511167729848608
corn_m5-protein,rand_ridge,5,8,-2.952099734211272,0.9876157598280167,0.5064083102643125
corn_m5-protein,rand_ridge,5,9,-0.5985639811003347,0.6177950183611787,0.796250577319322
corn_m5-protein,rand_ridge,5,10,-0.2873962521724365,0.5721986043962312,0.8872758307837518
corn_m5-protein,rand_ridge,5,11,-0.0684120649797332,0.521558617709733,0.9739695514113283
corn_m5-protein,rand_ridge,5,12,-0.501895893962959,0.6143165725066727,0.8214759566944525
corn_m5-protein,rand_ridge,5,13,-0.9614261604194814,0.7114438764345563,0.7188342972692733
corn_m5-protein,rand_ridge,5,14,-0.4528444904919864,0.6071154785081008,0.8352283102860687
corn_m5-protein,rand_ridge,5,15,-0.4511988182810842,0.6019066803588142,0.8357017542230061
corn_m5-protein,rand_ridge,5,16,-0.0792078966489875,0.5284717126235136,0.9690857658661692
corn_m5-protein,rand_ridge,5,17,0.2127676495795513,0.4316976680639683,1.1346536264602136
corn_m5-protein,rand_ridge,5,18,0.2406897370873031,0.4316639822817483,1.1553275691899103
corn_m5-protein,rand_ridge,5,19,0.331108265773439,0.407949137835082,1.2309399225879625
corn_m5-protein,rand_ridge,5,20,0.1009441290774207,0.4697886194732092,1.061747950025634
corn_m5-protein,rand_ridge,5,21,-0.2591624018873171,0.556105829687637,0.8971682547092723
corn_m5-protein,rand_ridge,5,22,-0.0487078615984586,0.510952473071749,0.9830769422509944
corn_m5-protein,rand_ridge,5,23,-0.2082544419295255,0.5586039363562886,0.9158736652352978
corn_m5-protein,rand_ridge,5,24,0.166106008056435,0.4561090365795788,1.1024511362642198
corn_m5-protein,rand_ridge,5,25,-0.0085683067470427,0.4943531672221347,1.002448599525344
corn_m5-protein,rand_ridge,5,26,-0.8381444506793458,0.6655643178265364,0.7425487188305443
corn_m5-protein,rand_ridge,5,27,0.372525090687637,0.3918554603510759,1.270915246097341
corn_m5-protein,rand_ridge,5,28,-0.4737975375785568,0.5985187742289554,0.8292698168614656
corn_m5-protein,rand_ridge,5,29,0.0419569789624089,0.4756714407883853,1.028542557635404
corn_m5-protein,rand_ridge,10,0,0.3826096333840685,0.4033352922026107,1.2818716722232928
corn_m5-protein,rand_ridge,10,1,0.4370558853926282,0.370714758712083,1.3424305690343163
corn_m5-protein,rand_ridge,10,2,0.7316691003232123,0.2480013964155419,1.9444157544424088
corn_m5-protein,rand_ridge,10,3,0.7621476499219024,0.2468626176072497,2.0652410618020505
corn_m5-protein,rand_ridge,10,4,0.7195678784721744,0.2587076301507551,1.9020003647064203
corn_m5-protein,rand_ridge,10,5,0.4032347936727048,0.3993688446390132,1.303835277796431
corn_m5-protein,rand_ridge,10,6,-0.3780671393119967,0.5712109385839532,0.8580039479881912
corn_m5-protein,rand_ridge,10,7,0.3384326797249828,0.403344618975558,1.2383330175155869
corn_m5-protein,rand_ridge,10,8,-0.2205431032234834,0.5236668204041459,0.911691517569036
corn_m5-protein,rand_ridge,10,9,0.4537159259813569,0.3815742914324542,1.3627469065468352
corn_m5-protein,rand_ridge,10,10,0.5555826852611949,0.3290015837338895,1.5108765796012067
corn_m5-protein,rand_ridge,10,11,0.4502082804605795,0.3585260587045874,1.3583928198739463
corn_m5-protein,rand_ridge,10,12,0.4707011413392504,0.3484340507002324,1.3844395447967204
corn_m5-protein,rand_ridge,10,13,0.557106182097139,0.3140279565557485,1.5134729576794037
corn_m5-protein,rand_ridge,10,14,0.7353694954368828,0.2543646868328254,1.9579631876030383
corn_m5-protein,rand_ridge,10,15,0.8212683239985719,0.2129782970860242,2.382449537877017
corn_m5-protein,rand_ridge,10,16,0.2601933423906344,0.4129893154692412,1.1710228163630991
corn_m5-protein,rand_ridge,10,17,0.5923534447181459,0.3155011987046319,1.5775480140571296
corn_m5-protein,rand_ridge,10,18,-0.0425582915709272,0.5029522628780402,0.9864482378225063
corn_m5-protein,rand_ridge,10,19,0.6474198971352034,0.2978151532475081,1.6962723172788972
corn_m5-protein,rand_ridge,10,20,0.1398583627012318,0.431320782460423,1.0860241655012468
corn_m5-protein,rand_ridge,10,21,0.1151915727976061,0.451466698443412,1.070779010367202
corn_m5-protein,rand_ridge,10,22,0.1719449046052669,0.4502093807649037,1.1068655167899752
corn_m5-protein,rand_ridge,10,23,0.336432686190098,0.4122085124458538,1.236465439834718
corn_m5-protein,rand_ridge,10,24,0.5893109980214066,0.3195489792296104,1.5716937936461006
corn_m5-protein,rand_ridge,10,25,0.219350653108208,0.4405943882488605,1.1399780108975832
corn_m5-protein,rand_ridge,10,26,0.257242909324088,0.4359458234264802,1.168694691604615
corn_m5-protein,rand_ridge,10,27,0.3179093687834672,0.4030394456665692,1.219560732444794
corn_m5-protein,rand_ridge,10,28,0.5992391880343191,0.3197582414562048,1.591042756527196
corn_m5-protein,rand_ridge,10,29,-0.0922249425228967,0.5136923990140881,0.9637589620640142
corn_m5-protein,rand_ridge,20,0,0.8477819627366514,0.1839309468217969,2.5847381950235957
corn_m5-protein,rand_ridge,20,1,0.7653628502917293,0.2392894064344113,2.081858616001158
corn_m5-protein,rand_ridge,20,2,0.8694635394193473,0.174876245123377,2.7911533822620678
corn_m5-protein,rand_ridge,20,3,0.5512543695188891,0.3065026917175478,1.5053916506203435
corn_m5-protein,rand_ridge,20,4,0.8176462319196206,0.2171192198340095,2.3615233737105923
corn_m5-protein,rand_ridge,20,5,0.8196037621179726,0.2021841906592526,2.374301578670002
corn_m5-protein,rand_ridge,20,6,0.4424787049103421,0.3755240168972446,1.3505755684790042
corn_m5-protein,rand_ridge,20,7,0.7531838413432277,0.2407923043743096,2.02984476029127
corn_m5-protein,rand_ridge,20,8,0.8213686152896622,0.2084899634114922,2.3860016352230318
corn_m5-protein,rand_ridge,20,9,0.7422448165919189,0.2451606745340119,1.986304907313625
corn_m5-protein,rand_ridge,20,10,0.7932830705539197,0.2281053211196936,2.2180002801822187
corn_m5-protein,rand_ridge,20,11,0.6181275291592842,0.3008575018687503,1.6318883565069413
corn_m5-protein,rand_ridge,20,12,0.7980347689833438,0.2197018854752788,2.243940381158009
corn_m5-protein,rand_ridge,20,13,0.6591043826284148,0.2815218753779421,1.727185209922969
corn_m5-protein,rand_ridge,20,14,0.7907802383226834,0.2320370568255439,2.2046937342987096
corn_m5-protein,rand_ridge,20,15,0.4096587376776971,0.3840447596188757,1.3124961845225704
corn_m5-protein,rand_ridge,20,16,0.7957531785058722,0.2214457076107621,2.231371932696676
corn_m5-protein,rand_ridge,20,17,0.8025510015463483,0.213252858194112,2.269458010275176
corn_m5-protein,rand_ridge,20,18,0.7860984635637054,0.2171191833537582,2.1804326036064428
corn_m5-protein,rand_ridge,20,19,0.5269396864062514,0.3478223638106258,1.466193742592685
corn_m5-protein,rand_ridge,20,20,0.7157260700850769,0.2791872639297761,1.891390061529101
corn_m5-protein,rand_ridge,20,21,0.6350544447021058,0.3064684722447948,1.6693045610772053
corn_m5-protein,rand_ridge,20,22,0.8552601774335757,0.1938676044727767,2.650669625298609
corn_m5-protein,rand_ridge,20,23,0.4553800746820661,0.3508235181861735,1.3664786676577287
corn_m5-protein,rand_ridge,20,24,0.8360778844695668,0.1987364907888616,2.4907540446003704
corn_m5-protein,rand_ridge,20,25,0.4720432485871971,0.3286712282466306,1.3878752958710547
corn_m5-protein,rand_ridge,20,26,0.8409202478274985,0.1811700644665236,2.528378953190309
corn_m5-protein,rand_ridge,20,27,0.8754707936482846,0.18290413410837,2.8576827234807927
corn_m5-protein,rand_ridge,20,28,0.7965505415256783,0.2275747922549401,2.2357402745979518
corn_m5-protein,rand_ridge,20,29,0.8315256044362256,0.1943065376402765,2.456872763969113
diesel-BP50,rand_ridge,5,0,-1.5519761488104011,32.59143162061076,0.6267858699387096
diesel-BP50,rand_ridge,5,1,-0.4921592292566328,25.40969691731476,0.8196905308977116
diesel-BP50,rand_ridge,5,2,0.0150366050663681,20.413418321010425,1.0088984562052885
diesel-BP50,rand_ridge,5,3,-0.7441676675700137,27.34955441986181,0.7581643983332914
diesel-BP50,rand_ridge,5,4,-0.0036815508666925,20.81965381370264,0.999446455742041
diesel-BP50,rand_ridge,5,5,-1.725856747732398,33.966781391303016,0.6064653441132711
diesel-BP50,rand_ridge,5,6,-0.0606138518567953,21.413645737154724,0.972252022945883
diesel-BP50,rand_ridge,5,7,0.0479354877745548,20.183957842810536,1.0261818148698054
diesel-BP50,rand_ridge,5,8,-0.2298597218362621,22.87038717353213,0.9028793361283858
diesel-BP50,rand_ridge,5,9,-0.4728067883843305,25.164732873241046,0.825058255597469
diesel-BP50,rand_ridge,5,10,-0.7706792174892769,27.646535082654925,0.7524671723587888
diesel-BP50,rand_ridge,5,11,-2.7421792420401623,39.89446073954437,0.5176011232779063
diesel-BP50,rand_ridge,5,12,-0.0329267776869042,21.153901462571454,0.98519621512508
diesel-BP50,rand_ridge,5,13,-0.4235932924579078,24.79327997584914,0.8391981857936551
diesel-BP50,rand_ridge,5,14,-0.2446566671482986,23.152909521935378,0.8974964056175876
diesel-BP50,rand_ridge,5,15,-0.0013306385540436,20.82990715053256,1.0006190122421128
diesel-BP50,rand_ridge,5,16,-0.273736451479541,23.15772863667462,0.8871921982715102
diesel-BP50,rand_ridge,5,17,-0.5209286234997965,25.53414581063404,0.8119010184915354
diesel-BP50,rand_ridge,5,18,-0.4412613843012463,24.81308297791397,0.8340385555744485
diesel-BP50,rand_ridge,5,19,-0.0849048695918321,21.5029635053186,0.9613060456217448
diesel-BP50,rand_ridge,5,20,-0.0600821660965444,21.31962635633889,0.9724958095936004
diesel-BP50,rand_ridge,5,21,-1.440535031723527,32.444026778541875,0.6409364637240493
diesel-BP50,rand_ridge,5,22,-0.915523612680344,28.314889194747145,0.7234587070834889
diesel-BP50,rand_ridge,5,23,-1.0093739928928231,29.38084325223338,0.7063616532870113
diesel-BP50,rand_ridge,5,24,-0.1761086629800647,22.398478458606583,0.9232807448768432
diesel-BP50,rand_ridge,5,25,-0.0905720758062074,21.57797570759079,0.958805057491228
diesel-BP50,rand_ridge,5,26,-0.3945063740657968,24.292303382979963,0.8479051068804289
diesel-BP50,rand_ridge,5,27,-0.0117806046966051,20.895765009168667,0.9954382574592778
diesel-BP50,rand_ridge,5,28,-0.0075574096940889,20.76253791472252,0.9975222746229848
diesel-BP50,rand_ridge,5,29,-2.775575889690267,40.04222267594637,0.5153068324530719
diesel-BP50,rand_ridge,10,0,-1.6197199072935335,33.3333068661772,0.6186390388252639
diesel-BP50,rand_ridge,10,1,-0.0077233712058035,20.905034567544178,0.997456780996166
diesel-BP50,rand_ridge,10,2,-0.05792654291101,21.47396193953108,0.9735023311239488
diesel-BP50,rand_ridge,10,3,-0.087622521124254,21.448605386909257,0.9601203099396572
diesel-BP50,rand_ridge,10,4,-0.4944373870339122,25.454561000605104,0.8190791870774171
diesel-BP50,rand_ridge,10,5,0.0050232765786002,20.731910892370813,1.003825657890645
diesel-BP50,rand_ridge,10,6,-0.1549678601065391,22.16881715055813,0.9317079539161228
diesel-BP50,rand_ridge,10,7,-0.0240561988875089,20.79808808284701,0.9894705146957384
diesel-BP50,rand_ridge,10,8,-0.2342671942949745,22.87061889001785,0.9012808834105608
diesel-BP50,rand_ridge,10,9,-0.1465394724061712,22.012454400780378,0.935126247430384
diesel-BP50,rand_ridge,10,10,-0.0221118026105051,21.15004218043692,0.990411218376213
diesel-BP50,rand_ridge,10,11,-0.3270110294682691,24.018335808193434,0.8692155483899857
diesel-BP50,rand_ridge,10,12,0.012070372517601,20.144377426433397,1.007399538639524
diesel-BP50,rand_ridge,10,13,0.3614602154364829,16.35372703394479,1.253056841068521
diesel-BP50,rand_ridge,10,14,-0.170980060420776,22.494336842636027,0.92531585260925
diesel-BP50,rand_ridge,10,15,-0.1236310137467702,21.996886698644342,0.944610771688998
diesel-BP50,rand_ridge,10,16,0.0214088846673028,20.30267131061872,1.0121948384155048
diesel-BP50,rand_ridge,10,17,0.0131305861696943,20.52195065884769,1.0079405281685108
diesel-BP50,rand_ridge,10,18,-0.2066364925695347,22.913418938268705,0.9115416659489838
diesel-BP50,rand_ridge,10,19,-0.1267614602217637,21.986138419039836,0.9432976675868764
diesel-BP50,rand_ridge,10,20,-0.2406200060834773,22.859939867447217,0.8989703385052674
diesel-BP50,rand_ridge,10,21,0.0054758915073904,20.60383463841312,1.004054055971935
diesel-BP50,rand_ridge,10,22,-0.1010133363619074,21.60038627202328,0.9542638299466444
diesel-BP50,rand_ridge,10,23,-0.2290066829052568,23.12632721052737,0.9032076978922086
diesel-BP50,rand_ridge,10,24,0.001431619996982,20.78859952556507,1.002018748656874
diesel-BP50,rand_ridge,10,25,-1.8245672786916347,35.061282442878735,0.5957839380218273
diesel-BP50,rand_ridge,10,26,0.014439719557126,20.69595234131361,1.0086097367029334
diesel-BP50,rand_ridge,10,27,-0.9060741510960864,28.271450377027403,0.7252618888118156
diesel-BP50,rand_ridge,10,28,-0.1085259801243516,21.764631591174343,0.9510247394382864
diesel-BP50,rand_ridge,10,29,0.4633573671558262,15.240324480193673,1.3668541218252075
diesel-BP50,rand_ridge,20,0,-0.3564239137622789,24.472524047890744,0.859769656888527
diesel-BP50,rand_ridge,20,1,0.4284126194800913,15.89787536302651,1.3244589939379323
diesel-BP50,rand_ridge,20,2,-0.0707654266975907,21.507189783375853,0.967681999960862
diesel-BP50,rand_ridge,20,3,0.178440064406311,19.07798059042638,1.1047403246077798
diesel-BP50,rand_ridge,20,4,0.5189514895226703,14.372576317110513,1.4437280541261854
diesel-BP50,rand_ridge,20,5,0.4015540479352475,15.883640306356092,1.294396607142472
diesel-BP50,rand_ridge,20,6,0.3566168188547333,16.527934128234484,1.248374764369916
diesel-BP50,rand_ridge,20,7,-0.779180477438923,27.420927955934754,0.7507059024060037
diesel-BP50,rand_ridge,20,8,0.3338046279753383,17.115482928230417,1.2268148579337386
diesel-BP50,rand_ridge,20,9,0.2619656550081113,17.98876147858894,1.165578549831505
diesel-BP50,rand_ridge,20,10,0.4206109139535895,15.661834631329953,1.3155115869956202
diesel-BP50,rand_ridge,20,11,0.366824497267486,16.365486390859385,1.2583973087864857
diesel-BP50,rand_ridge,20,12,0.3187638797310439,17.335993484636763,1.2131960825960597
diesel-BP50,rand_ridge,20,13,-0.0006640237742636,20.750283083211823,1.0010037159599818
diesel-BP50,rand_ridge,20,14,0.5463022392453181,14.124672180168464,1.4866081687273531
diesel-BP50,rand_ridge,20,15,0.0674105754381416,19.823409856407807,1.0368945447799018
diesel-BP50,rand_ridge,20,16,0.5637558933815299,13.73985913231486,1.5160553114020654
diesel-BP50,rand_ridge,20,17,-0.8314699970606272,28.155644389992407,0.7399117575394298
diesel-BP50,rand_ridge,20,18,0.4032446019035807,15.591299160975998,1.296228764624828
diesel-BP50,rand_ridge,20,19,0.481207425685367,14.850317991595762,1.3902181596229828
diesel-BP50,rand_ridge,20,20,0.4441706651192193,15.70563264493466,1.343102325038542
diesel-BP50,rand_ridge,20,21,-0.1361630449758901,22.40682557187053,0.9394193536370236
diesel-BP50,rand_ridge,20,22,0.4516938615233308,15.367561922221482,1.3522851496134698
diesel-BP50,rand_ridge,20,23,-0.8473505747786461,27.13595634024397,0.7367246018663958
diesel-BP50,rand_ridge,20,24,-0.0140782926446343,21.16385091173453,0.9943610164347008
diesel-BP50,rand_ridge,20,25,0.5991618219974321,12.997797334695848,1.581595035411114
diesel-BP50,rand_ridge,20,26,0.4165286010719389,15.915148002185164,1.310901458359919
diesel-BP50,rand_ridge,20,27,0.5227138832965808,14.406678938470671,1.4494072584052964
diesel-BP50,rand_ridge,20,28,0.0074453045771343,20.653473816067265,1.0050845766877603
diesel-BP50,rand_ridge,20,29,0.4527857906290172,15.050705616967896,1.3536336742031725
diesel-CN,rand_ridge,5,0,-0.165889144158414,3.811998460830065,0.927362775690603
diesel-CN,rand_ridge,5,1,0.012242270966297,3.507518576405863,1.0075185948811234
diesel-CN,rand_ridge,5,2,-0.3612556902995856,4.10646992217214,0.8582393728925123
diesel-CN,rand_ridge,5,3,-0.169157575920021,3.787344316208344,0.9260656266500372
diesel-CN,rand_ridge,5,4,0.0885842051964316,3.360909085019745,1.0488660138233086
diesel-CN,rand_ridge,5,5,0.0046580250127252,3.478774220569768,1.003672740461484
diesel-CN,rand_ridge,5,6,-0.04475206823832,3.5740437747500517,0.9796516376613348
diesel-CN,rand_ridge,5,7,-0.7507291960721978,4.6719135683610125,0.7567785281069546
diesel-CN,rand_ridge,5,8,-5.768030371265773,9.173051311461196,0.3848993158466962
diesel-CN,rand_ridge,5,9,0.0332136028720604,3.474282019995435,1.0183874132368584
diesel-CN,rand_ridge,5,10,0.0039771754134424,3.5302088601615607,1.0033296423992015
diesel-CN,rand_ridge,5,11,-0.045513513652736,3.568825371523769,0.97929483351406
diesel-CN,rand_ridge,5,12,-0.322455512130305,4.050545105779474,0.8707385113689315
diesel-CN,rand_ridge,5,13,0.131008037016847,3.2829097664012874,1.074163543764587
diesel-CN,rand_ridge,5,14,0.034237938432282,3.443311476295368,1.0189273464253052
diesel-CN,rand_ridge,5,15,-0.0407729488120656,3.606270035399251,0.981522570262796
diesel-CN,rand_ridge,5,16,-0.0501069088615466,3.620846259877219,0.9771506622547806
diesel-CN,rand_ridge,5,17,-0.4180400666471529,4.159865101170985,0.8408800281262956
diesel-CN,rand_ridge,5,18,-0.2772856280150979,3.9849574658666183,0.8860011301016394
diesel-CN,rand_ridge,5,19,0.0744347277787854,3.3938228315086576,1.0408179248127565
diesel-CN,rand_ridge,5,20,0.0025131878323259,3.5270152492477878,1.0025930905633
diesel-CN,rand_ridge,5,21,0.0513942803631407,3.41862468058136,1.028100142025448
diesel-CN,rand_ridge,5,22,-0.0153089245597399,3.559781837351934,0.9937546796238028
diesel-CN,rand_ridge,5,23,-0.0889492245434144,3.685279059158961,0.9595651654022096
diesel-CN,rand_ridge,5,24,-0.0653123199457503,3.641010594077942,0.970152068175034
diesel-CN,rand_ridge,5,25,0.1865327172257305,3.191034002470496,1.1102179464499409
diesel-CN,rand_ridge,5,26,0.2998616865115671,2.9388358158085706,1.1967029636218007
diesel-CN,rand_ridge,5,27,-0.0273021326497155,3.5765801027081783,0.9879368701381882
diesel-CN,rand_ridge,5,28,-0.2220904694660717,3.8908677288175575,0.9057880984085596
diesel-CN,rand_ridge,5,29,-0.2495439884976242,3.9371645760784086,0.8957823763314181
diesel-CN,rand_ridge,10,0,-1.6504239780689058,5.695263891328973,0.6150754837035767
diesel-CN,rand_ridge,10,1,-0.2009925110521502,3.862991762798656,0.9137259162982436
diesel-CN,rand_ridge,10,2,-0.1390004560684283,3.7587916685472256,0.93826203502258
diesel-CN,rand_ridge,10,3,0.3947843578057718,2.753613615131441,1.2871555116979283
diesel-CN,rand_ridge,10,4,0.2670391104720285,2.993047616696028,1.1696224402639852
diesel-CN,rand_ridge,10,5,0.0041652027488362,3.5344675883955983,1.0034423906329988
diesel-CN,rand_ridge,10,6,-0.4701008544830918,4.260522686097139,0.8258715921594798
diesel-CN,rand_ridge,10,7,0.0993817111731001,3.334417750369924,1.0551536651105815
diesel-CN,rand_ridge,10,8,0.3397519001823746,2.8600518616950934,1.2323455828981456
diesel-CN,rand_ridge,10,9,0.1822532121938146,3.174694742828768,1.1073289884882886
diesel-CN,rand_ridge,10,10,-1.8408536784410423,5.850647389858194,0.5941028832351885
diesel-CN,rand_ridge,10,11,-0.7158450712082356,4.610834795297712,0.7644464303226883
diesel-CN,rand_ridge,10,12,0.0114162309200052,3.495965706409246,1.0071156735968485
diesel-CN,rand_ridge,10,13,-0.2130415838133832,3.88479133069677,0.9091765974070992
diesel-CN,rand_ridge,10,14,0.0101825148930403,3.49627949377739,1.0064878395913797
diesel-CN,rand_ridge,10,15,-0.2765181515634529,3.976383388826021,0.8862833598981906
diesel-CN,rand_ridge,10,16,-0.3672471703452284,4.079868847221646,0.8563722307619586
diesel-CN,rand_ridge,10,17,-0.7690528731775372,4.649531432596244,0.7528625357819876
diesel-CN,rand_ridge,10,18,0.0189127055816176,3.506040531270911,1.0109560301055367
diesel-CN,rand_ridge,10,19,-0.0568070708188004,3.6249364490810314,0.9740656705903687
diesel-CN,rand_ridge,10,20,0.1594504057651342,3.254102240038868,1.0922056563754623
diesel-CN,rand_ridge,10,21,0.2182567270678911,3.100907898800775,1.1325412169776048
diesel-CN,rand_ridge,10,22,-1.4518388189703215,5.486485818333721,0.6394993897564051
diesel-CN,rand_ridge,10,23,0.1471617064329434,3.2670316150945387,1.0843082110106852
diesel-CN,rand_ridge,10,24,0.0149229391921237,3.499611908482456,1.0089066621177225
diesel-CN,rand_ridge,10,25,0.255590803251845,3.0336042746938627,1.1605937508429498
diesel-CN,rand_ridge,10,26,-0.0006312230861165,3.5305109028718977,1.001034551289652
diesel-CN,rand_ridge,10,27,0.2052983456748366,3.132275048579955,1.1232696746673756
diesel-CN,rand_ridge,10,28,-0.0190416352481315,3.5574656755334817,0.9919507920830558
diesel-CN,rand_ridge,10,29,-0.0617727833358487,3.611249931675061,0.9717852397927954
diesel-CN,rand_ridge,20,0,-0.3837864943536457,4.095106679713083,0.8512709374790486
diesel-CN,rand_ridge,20,1,-0.0291702268868276,3.559095468222946,0.9870945262476116
diesel-CN,rand_ridge,20,2,0.3294191970524105,2.905899172687164,1.2228601490882085
diesel-CN,rand_ridge,20,3,0.2353089571525297,3.0678210945272752,1.1451420146606834
diesel-CN,rand_ridge,20,4,-0.0134405427227521,3.446582061504017,0.9947254132370312
diesel-CN,rand_ridge,20,5,0.3748663959449805,2.727419202649207,1.266531302926034
diesel-CN,rand_ridge,20,6,0.1672097620257173,3.1944354674407034,1.097323140400729
diesel-CN,rand_ridge,20,7,0.1383092352304153,3.303651489752037,1.0787644630599758
diesel-CN,rand_ridge,20,8,0.364569692111975,2.7951953940627288,1.256227764952135
diesel-CN,rand_ridge,20,9,0.4141127383085151,2.721716044770811,1.308263794553835
diesel-CN,rand_ridge,20,10,-0.0279491937016318,3.6281040660981714,0.9876806045657376
diesel-CN,rand_ridge,20,11,0.3720012036901358,2.820575148717241,1.2636387780850893
diesel-CN,rand_ridge,20,12,-0.3316417373760978,4.117147618426667,0.8677780311018736
diesel-CN,rand_ridge,20,13,0.2983403040766702,2.9465537004777373,1.1954711094085837
diesel-CN,rand_ridge,20,14,0.1895222897959347,3.15084544159479,1.1123252935035537
diesel-CN,rand_ridge,20,15,0.2849715754928194,2.985870311405345,1.1842426480579544
diesel-CN,rand_ridge,20,16,0.1219550798832431,3.286315204639029,1.0686708989347649
diesel-CN,rand_ridge,20,17,0.0935602287925513,3.3745789529647685,1.0517992924332284
diesel-CN,rand_ridge,20,18,0.2440894067688034,3.005480875525766,1.151773639872688
diesel-CN,rand_ridge,20,19,0.3661577295097868,2.780993771386836,1.257800465914933
diesel-CN,rand_ridge,20,20,-0.155044835831712,3.833893255693452,0.9317575686387974
diesel-CN,rand_ridge,20,21,0.3230830495854401,2.8888747205872423,1.217123522892785
diesel-CN,rand_ridge,20,22,0.3064598087214555,2.9310179166044525,1.2024486348273726
diesel-CN,rand_ridge,20,23,0.344308547101034,2.8527753567690266,1.2366664798412037
diesel-CN,rand_ridge,20,24,0.2070849086443456,3.1347309092666547,1.1245765123570168
diesel-CN,rand_ridge,20,25,0.4394731731884025,2.618048428576114,1.3375319015178928
diesel-CN,rand_ridge,20,26,-0.0515297422572949,3.639362634157132,0.9765434468681796
diesel-CN,rand_ridge,20,27,0.2216376699231512,3.093591393273609,1.1350407292639788
diesel-CN,rand_ridge,20,28,0.3560652777559744,2.7923427116498822,1.2479047238157497
diesel-CN,rand_ridge,20,29,0.3575578767573318,2.87595738904232,1.2493535241555205
diesel-D4052,rand_ridge,5,0,-0.0951934337411513,0.0159294722787006,0.9567799971526334
diesel-D4052,rand_ridge,5,1,-4.227748878635832,0.0351362960638551,0.4379254088276155
diesel-D4052,rand_ridge,5,2,-0.839924409630944,0.0208875234536675,0.7381719058322292
diesel-D4052,rand_ridge,5,3,0.1070064573316035,0.0144799709832164,1.0595790031002137
diesel-D4052,rand_ridge,5,4,0.2444807275308357,0.0134561806754729,1.1519529181444508
diesel-D4052,rand_ridge,5,5,0.1242921512635861,0.014401155294867,1.069985473905675
diesel-D4052,rand_ridge,5,6,-1.681685209423084,0.0250816485332368,0.6114396591862267
diesel-D4052,rand_ridge,5,7,-0.5338749572837878,0.0190322261061294,0.8084674221364099
diesel-D4052,rand_ridge,5,8,-0.2631582360762037,0.017337047312364,0.8908993124962367
diesel-D4052,rand_ridge,5,9,0.0015143412944673,0.0154754409625784,1.0020435274486683
diesel-D4052,rand_ridge,5,10,0.0499423021358247,0.0150939316678567,1.0272650491072337
diesel-D4052,rand_ridge,5,11,0.0016992943795273,0.0154485780440425,1.0021363464046926
diesel-D4052,rand_ridge,5,12,-3.966689253849106,0.0341002768630313,0.4492871612763169
diesel-D4052,rand_ridge,5,13,-0.3609449146900971,0.0179069850418239,0.8582962781252518
diesel-D4052,rand_ridge,5,14,0.1699947973576758,0.0140588418364966,1.0990491014658463
diesel-D4052,rand_ridge,5,15,0.2365368347418389,0.0134962114094374,1.1459441676636444
diesel-D4052,rand_ridge,5,16,-0.2600544618640708,0.01736528095628,0.8919958720916018
diesel-D4052,rand_ridge,5,17,-0.554767022671919,0.0190752738625157,0.8030171907349016
diesel-D4052,rand_ridge,5,18,0.1524951524472424,0.0142421743160775,1.0876430958457943
diesel-D4052,rand_ridge,5,19,-2.7219191892517367,0.0296692029627228,0.5190079772988764
diesel-D4052,rand_ridge,5,20,-0.7109828336577553,0.02017991302301,0.7654814603288269
diesel-D4052,rand_ridge,5,21,0.3439089611017883,0.0124670023456652,1.236162172783266
diesel-D4052,rand_ridge,5,22,0.287366677199405,0.0129126364660347,1.1861085589421023
diesel-D4052,rand_ridge,5,23,-2.181902548718901,0.0273475226431003,0.5613245871405111
diesel-D4052,rand_ridge,5,24,0.0343533789899165,0.0150370916600371,1.0189394810846175
diesel-D4052,rand_ridge,5,25,-0.2636752589649367,0.0173696274351908,0.8907170415936515
diesel-D4052,rand_ridge,5,26,0.1860304782234746,0.0138757420708333,1.1098222594271616
diesel-D4052,rand_ridge,5,27,0.0938186559452202,0.0147137434923093,1.051840634514913
diesel-D4052,rand_ridge,5,28,-0.3138695787943553,0.0176851232663177,0.8735371395149086
diesel-D4052,rand_ridge,5,29,0.0661427586647879,0.0149336833541802,1.036137179004903
diesel-D4052,rand_ridge,10,0,0.0309731852654756,0.0147744711636013,1.0171777578723178
diesel-D4052,rand_ridge,10,1,0.5073291748661216,0.0108406895592602,1.4265478055285985
diesel-D4052,rand_ridge,10,2,-0.0184020271612936,0.0154891069421617,0.9922134846531588
diesel-D4052,rand_ridge,10,3,0.3184977158475637,0.0126479094140202,1.2129170324082224
diesel-D4052,rand_ridge,10,4,-0.5753150441168293,0.0195003797273634,0.7977761383329194
diesel-D4052,rand_ridge,10,5,0.2092762797567705,0.0137495829029655,1.1260362429073263
diesel-D4052,rand_ridge,10,6,-0.042624238794124,0.0157620710771772,0.9806202200513487
diesel-D4052,rand_ridge,10,7,0.1537442484941817,0.0142116839752424,1.0884636646434651
diesel-D4052,rand_ridge,10,8,0.3207203560544605,0.0127117922755738,1.214899777308002
diesel-D4052,rand_ridge,10,9,0.1628403798486051,0.013810346395609,1.0943610222827087
diesel-D4052,rand_ridge,10,10,0.4356672538408083,0.0115059569369657,1.3328986460648635
diesel-D4052,rand_ridge,10,11,0.4873582646877825,0.0110284707246165,1.398484871023432
diesel-D4052,rand_ridge,10,12,0.3569827932567406,0.0122048867316527,1.248686611776542
diesel-D4052,rand_ridge,10,13,0.342019616750945,0.0125396229050867,1.23440672648554
diesel-D4052,rand_ridge,10,14,0.3144503223264931,0.0127673768336797,1.2093312822345064
diesel-D4052,rand_ridge,10,15,-0.1138549189544337,0.0163251646257595,0.9487470510773164
diesel-D4052,rand_ridge,10,16,0.5106381660627595,0.0107604123536312,1.4313627307557193
diesel-D4052,rand_ridge,10,17,0.0849016010190368,0.0145278625702624,1.046720801046226
diesel-D4052,rand_ridge,10,18,0.5046302307360016,0.0108798019768093,1.4226563373109342
diesel-D4052,rand_ridge,10,19,0.2591080610464055,0.0132962353441413,1.1632881865804077
diesel-D4052,rand_ridge,10,20,0.4066419793985684,0.011975624917277,1.2998892253755965
diesel-D4052,rand_ridge,10,21,-0.01668603442008,0.015470599062783,0.9930504752518547
diesel-D4052,rand_ridge,10,22,-0.0058671682739586,0.0155785488581785,0.9983766980969304
diesel-D4052,rand_ridge,10,23,0.0106355952779612,0.0154560104313404,1.0066688077123718
diesel-D4052,rand_ridge,10,24,0.342093447463999,0.012259680360601,1.2344759875164113
diesel-D4052,rand_ridge,10,25,0.5049004106047134,0.0109093279490396,1.4230444619287794
diesel-D4052,rand_ridge,10,26,0.3064105662319122,0.0129189643170187,1.202301858296046
diesel-D4052,rand_ridge,10,27,-1.3055975045223849,0.0232938798403278,0.6594365365467371
diesel-D4052,rand_ridge,10,28,0.4817464791701924,0.0110044151244309,1.390892681407752
diesel-D4052,rand_ridge,10,29,0.0623743118242591,0.0150655399376376,1.0340701552803049
diesel-D4052,rand_ridge,20,0,0.707438452131502,0.0083584380100152,1.8512761673614653
diesel-D4052,rand_ridge,20,1,0.7641638403992128,0.0074495014113199,2.061933410226638
diesel-D4052,rand_ridge,20,2,0.397294163649959,0.0119952214969018,1.2898141415956874
diesel-D4052,rand_ridge,20,3,0.5206428414877282,0.0106893909985134,1.446272818595438
diesel-D4052,rand_ridge,20,4,0.8093994706101371,0.006734273648687,2.293600536308324
diesel-D4052,rand_ridge,20,5,0.6536912498007195,0.0087667442072642,1.7015632619645182
diesel-D4052,rand_ridge,20,6,0.6074267594494425,0.0095909297275807,1.5981571653602682
diesel-D4052,rand_ridge,20,7,0.8250064678707064,0.006466255815693,2.393695118722
diesel-D4052,rand_ridge,20,8,0.5787265050114789,0.0099323669942148,1.5427578499448429
diesel-D4052,rand_ridge,20,9,0.7593435194377596,0.0075630777367612,2.041178814829157
diesel-D4052,rand_ridge,20,10,0.4387556813310092,0.0115513795300517,1.336607377371957
diesel-D4052,rand_ridge,20,11,0.5075437435524981,0.0109826929664737,1.426908099362587
diesel-D4052,rand_ridge,20,12,0.5303590941139553,0.0105958309754469,1.4611569704892649
diesel-D4052,rand_ridge,20,13,0.3030475333797615,0.0130117593777841,1.1994392406320906
diesel-D4052,rand_ridge,20,14,0.7546084908120382,0.0075803440846654,2.021389786325195
diesel-D4052,rand_ridge,20,15,-1.5513696341308152,0.0236865835954469,0.6268925974702222
diesel-D4052,rand_ridge,20,16,0.7778735634302743,0.0072863514598822,2.124612381103601
diesel-D4052,rand_ridge,20,17,0.0902158604368783,0.0146079725730759,1.0498098711923836
diesel-D4052,rand_ridge,20,18,0.7245598195385103,0.0080655901446451,1.907946469216497
diesel-D4052,rand_ridge,20,19,0.6625640682264324,0.0089086001613064,1.7237892560754546
diesel-D4052,rand_ridge,20,20,0.6428951028804174,0.0093594185903987,1.675644671479612
diesel-D4052,rand_ridge,20,21,0.7447502951766318,0.0078571022092011,1.98197060230211
diesel-D4052,rand_ridge,20,22,0.8761779447421878,0.0054080462594645,2.8456457114107536
diesel-D4052,rand_ridge,20,23,0.4234345696305543,0.0116762511886339,1.318728927805345
diesel-D4052,rand_ridge,20,24,0.4755509645155421,0.0112007978477809,1.3827007144456718
diesel-D4052,rand_ridge,20,25,0.4305465026999892,0.0116209424875768,1.326938211406191
diesel-D4052,rand_ridge,20,26,0.8613597732186755,0.0057087723541972,2.6892749263908677
diesel-D4052,rand_ridge,20,27,0.6317652396082771,0.0089914871894564,1.6501272703087284
diesel-D4052,rand_ridge,20,28,0.7988881276857118,0.0069575091270278,2.232857349259352
diesel-D4052,rand_ridge,20,29,0.7801930172900916,0.0072259089242418,2.135792663637383
diesel-FLASH,rand_ridge,5,0,-0.4910541463414926,10.513026066933625,0.8199942281944707
diesel-FLASH,rand_ridge,5,1,-0.974071745366152,12.112570408805013,0.7126495850049017
diesel-FLASH,rand_ridge,5,2,-2.054099270863861,15.041086427748192,0.5729489504316159
diesel-FLASH,rand_ridge,5,3,-0.3354569113602157,10.017969345653883,0.8664481182027773
diesel-FLASH,rand_ridge,5,4,-0.3024262251050396,9.693340340628934,0.8773662751286605
diesel-FLASH,rand_ridge,5,5,-0.8509349404060393,11.663013771984495,0.7359730744429838
diesel-FLASH,rand_ridge,5,6,-0.2346252483044824,9.609120844114726,0.9011351407125098
diesel-FLASH,rand_ridge,5,7,-0.7651818779652553,11.351502363711788,0.753637972925095
diesel-FLASH,rand_ridge,5,8,-0.0939358289558376,9.003709628638092,0.957329803389388
diesel-FLASH,rand_ridge,5,9,-0.2029893103083571,9.479071165115228,0.9129071714218868
diesel-FLASH,rand_ridge,5,10,-0.0339030334088021,8.814616627345204,0.984730972949352
diesel-FLASH,rand_ridge,5,11,-0.0670320035068681,8.91323308383647,0.9693235856279836
diesel-FLASH,rand_ridge,5,12,0.0007685173219601,8.671909642969409,1.0016694962036587
diesel-FLASH,rand_ridge,5,13,-0.406872279531018,10.253649698187914,0.8441704905727876
diesel-FLASH,rand_ridge,5,14,-0.0192026306802661,8.739361063779231,0.991807150112472
diesel-FLASH,rand_ridge,5,15,-0.3399431966846138,10.028529582008815,0.864996417642492
diesel-FLASH,rand_ridge,5,16,-2.0485093948625392,14.927393485758625,0.5734740015894141
diesel-FLASH,rand_ridge,5,17,-0.1063659976028388,9.05825958330496,0.9519367490572612
diesel-FLASH,rand_ridge,5,18,-0.3618380960292857,10.122566609107292,0.8580147689057038
diesel-FLASH,rand_ridge,5,19,-0.7089629811928513,11.244309538485645,0.7659336945326045
diesel-FLASH,rand_ridge,5,20,0.0019698672143059,8.673800316459424,1.0022721802277148
diesel-FLASH,rand_ridge,5,21,-0.415744553851995,10.314811877032993,0.8415211837804797
diesel-FLASH,rand_ridge,5,22,-0.7515562868235768,11.460391314592204,0.7565636196043762
diesel-FLASH,rand_ridge,5,23,-0.160193228739206,9.319553166498974,0.9295919188033874
diesel-FLASH,rand_ridge,5,24,-0.1115201488579935,9.138931943631372,0.949727105340662
diesel-FLASH,rand_ridge,5,25,-0.2995439138398108,9.8647906536972,0.8783387093876034
diesel-FLASH,rand_ridge,5,26,-0.5527144903838912,10.722888385894802,0.8035477694043652
diesel-FLASH,rand_ridge,5,27,-0.1427101774585326,9.278323774424194,0.9366761347839836
diesel-FLASH,rand_ridge,5,28,-0.7684556591432286,11.488274982303125,0.7529400790584627
diesel-FLASH,rand_ridge,5,29,-0.0048131199723886,8.703109847880041,0.9988835344925596
diesel-FLASH,rand_ridge,10,0,-0.0210715714839211,8.794336770522072,0.9909155876793512
diesel-FLASH,rand_ridge,10,1,-0.7406332474617099,11.420746714333909,0.7589464174524254
diesel-FLASH,rand_ridge,10,2,-1.1612858531877657,12.668373610244847,0.6810964978589227
diesel-FLASH,rand_ridge,10,3,-1.3807089598944584,13.370078515849164,0.6489505417965568
diesel-FLASH,rand_ridge,10,4,-0.086158110424662,9.078265263568914,0.960767332158489
diesel-FLASH,rand_ridge,10,5,-0.5565334426019644,10.77689927445588,0.8025748098148907
diesel-FLASH,rand_ridge,10,6,-0.1194037926332254,9.10579123599464,0.946392664847279
diesel-FLASH,rand_ridge,10,7,-1.4175826945956027,13.38089685735186,0.6439825262751031
diesel-FLASH,rand_ridge,10,8,-0.697555214744848,10.94588346320591,0.7685157954078299
diesel-FLASH,rand_ridge,10,9,-0.4061185673884628,10.129557813920329,0.8444108034509705
diesel-FLASH,rand_ridge,10,10,-0.0334427579417664,8.859979188145605,0.9849666806342788
diesel-FLASH,rand_ridge,10,11,-0.4872502240029273,10.540055051568356,0.8210559091539347
diesel-FLASH,rand_ridge,10,12,0.0105967785449877,8.551168441249656,1.0066490604663956
diesel-FLASH,rand_ridge,10,13,0.0359536229755521,8.549127831187487,1.0198018351340397
diesel-FLASH,rand_ridge,10,14,-0.0480877258128493,8.876830723806098,0.978060984779568
diesel-FLASH,rand_ridge,10,15,-0.1498136929167388,9.232206207280312,0.93379386098519
diesel-FLASH,rand_ridge,10,16,-0.1467924214346059,9.213740500024375,0.93502311092713
diesel-FLASH,rand_ridge,10,17,-0.007713651077408,8.70786318853419,0.9974615915812908
diesel-FLASH,rand_ridge,10,18,-0.0290936912708945,8.758688937039283,0.9870457767854068
diesel-FLASH,rand_ridge,10,19,0.0076133420436446,8.661863116087423,1.0051347645364157
diesel-FLASH,rand_ridge,10,20,-0.3556460495636937,9.875209257517556,0.8599864254885548
diesel-FLASH,rand_ridge,10,21,-0.5661003500101209,10.707918989878763,0.8001196922916891
diesel-FLASH,rand_ridge,10,22,-0.0110149592203734,8.744743878613482,0.9958317340924224
diesel-FLASH,rand_ridge,10,23,0.0014929222007791,8.672398567811783,1.0020495070842
diesel-FLASH,rand_ridge,10,24,-0.0369127352379972,8.754867671858719,0.9833172283311408
diesel-FLASH,rand_ridge,10,25,-0.0008742019077208,8.678512864588333,1.0008638537490435
diesel-FLASH,rand_ridge,10,26,-0.0342882753189541,8.830191416180924,0.9845639995172
diesel-FLASH,rand_ridge,10,27,-0.0849423277177057,8.92596824444609,0.9613054977472968
diesel-FLASH,rand_ridge,10,28,-1.875738863751362,14.592084190728633,0.590459384170477
diesel-FLASH,rand_ridge,10,29,-0.6683236252722222,11.192341540148368,0.7752193466933641
diesel-FLASH,rand_ridge,20,0,-0.059991625467977,9.01615744483368,0.9725873480102918
diesel-FLASH,rand_ridge,20,1,0.1243700333450655,8.128727132239312,1.0700880760682152
diesel-FLASH,rand_ridge,20,2,0.0281630095348197,8.529952901436149,1.0157413207849824
diesel-FLASH,rand_ridge,20,3,0.0442600982278982,8.535883153538043,1.0242594364026572
diesel-FLASH,rand_ridge,20,4,-0.2873502440843316,9.857596474339008,0.8825340551799409
diesel-FLASH,rand_ridge,20,5,-0.0606564833219236,8.882531820962425,0.9722824737592736
diesel-FLASH,rand_ridge,20,6,-0.1290751829335117,9.264869957518137,0.942363381532689
diesel-FLASH,rand_ridge,20,7,0.0982561204690609,8.195914596642853,1.054479718589305
diesel-FLASH,rand_ridge,20,8,-0.0855876921760199,8.96298384949865,0.9610530854015292
diesel-FLASH,rand_ridge,20,9,-0.0862573819355463,9.00846302974464,0.9607567897681316
diesel-FLASH,rand_ridge,20,10,0.2292350001689449,7.56911330875523,1.1405618476458357
diesel-FLASH,rand_ridge,20,11,-1.6228247163954816,14.100955732739372,0.6182942375823146
diesel-FLASH,rand_ridge,20,12,0.0420717705196759,8.408159138832753,1.023088838860004
diesel-FLASH,rand_ridge,20,13,0.0066757460598353,8.56221376464728,1.004695166452613
diesel-FLASH,rand_ridge,20,14,-0.0148899976382801,8.696206612797448,0.9939632938966038
diesel-FLASH,rand_ridge,20,15,0.1604981907654659,7.979378405551027,1.09287128360371
diesel-FLASH,rand_ridge,20,16,0.3111252172627669,7.230491282307143,1.206451004159131
diesel-FLASH,rand_ridge,20,17,0.2740630270093974,7.335830110950828,1.1752503106774397
diesel-FLASH,rand_ridge,20,18,-0.1111564278706425,8.972046355631395,0.9499313732539728
diesel-FLASH,rand_ridge,20,19,0.001974884840572,8.674166523972696,1.002326234521189
diesel-FLASH,rand_ridge,20,20,-0.5360523313222447,10.784240550686112,0.8079357526009066
diesel-FLASH,rand_ridge,20,21,-0.023070257202143,8.808074930744741,0.9899815554989664
diesel-FLASH,rand_ridge,20,22,-0.0916631763359312,8.816214712749685,0.9583750573096624
diesel-FLASH,rand_ridge,20,23,-0.1526688699312233,9.239391166561846,0.9326690185586018
diesel-FLASH,rand_ridge,20,24,0.1272587177538117,8.003399299216085,1.0718575541389823
diesel-FLASH,rand_ridge,20,25,-0.1668961620506983,9.375652423690164,0.9269658335310712
diesel-FLASH,rand_ridge,20,26,-0.0177292048502195,8.819965008754787,0.9925758724179372
diesel-FLASH,rand_ridge,20,27,0.0035707843499898,8.686080679995912,1.0031285855267575
diesel-FLASH,rand_ridge,20,28,0.0419610305019246,8.497370813086357,1.0230297075751724
diesel-FLASH,rand_ridge,20,29,-0.170686040134437,9.269490384720548,0.9254641775662908
diesel-FREEZE,rand_ridge,5,0,-0.7610455177236444,15.44374915163194,0.7545225297881862
diesel-FREEZE,rand_ridge,5,1,-0.4919108515331525,14.15973861417022,0.8197587603079454
diesel-FREEZE,rand_ridge,5,2,-0.2322533660698356,13.020425901337576,0.9020019912120376
diesel-FREEZE,rand_ridge,5,3,0.0154517172684772,11.64064091704718,1.0091111232382397
diesel-FREEZE,rand_ridge,5,4,0.0317394519190846,11.543278968225062,1.0175631813439936
diesel-FREEZE,rand_ridge,5,5,-3.311511353604724,23.52067819870292,0.4822172431143847
diesel-FREEZE,rand_ridge,5,6,-0.0630799358506597,12.101160507359287,0.9711236754065332
diesel-FREEZE,rand_ridge,5,7,-0.2170513201691464,12.93376510004467,0.9076179094545906
diesel-FREEZE,rand_ridge,5,8,-0.2592696884162733,13.161890754303442,0.8922737735032533
diesel-FREEZE,rand_ridge,5,9,-0.1403672994176552,12.527719292515826,0.9376378389423652
diesel-FREEZE,rand_ridge,5,10,-0.9580245644783104,16.385842126102176,0.7155639205264267
diesel-FREEZE,rand_ridge,5,11,-1.1218414661700593,16.957913894432824,0.6873865603838308
diesel-FREEZE,rand_ridge,5,12,-1.4056906904307205,18.195885932025444,0.6455614807353366
diesel-FREEZE,rand_ridge,5,13,-0.0088472616269321,11.77667864887188,0.9968843844256956
diesel-FREEZE,rand_ridge,5,14,0.0037649718128064,11.7115602026496,1.0031747652584209
diesel-FREEZE,rand_ridge,5,15,-0.1185915760674043,12.404125768453088,0.9467203895837027
diesel-FREEZE,rand_ridge,5,16,-0.0397347037077044,11.970225118437725,0.981965507236005
diesel-FREEZE,rand_ridge,5,17,-0.0186764146295266,11.713524422588744,0.9920632851577362
diesel-FREEZE,rand_ridge,5,18,-0.1760009887085627,12.72905793458226,0.9233230115530988
diesel-FREEZE,rand_ridge,5,19,-0.1926341125592208,12.648934825951956,0.916861822242824
diesel-FREEZE,rand_ridge,5,20,-5.925895968385278,30.46233429677136,0.3804692137435208
diesel-FREEZE,rand_ridge,5,21,-0.4337703694964183,14.033748254810238,0.8362145161890159
diesel-FREEZE,rand_ridge,5,22,-0.0080313217881675,11.780981040090488,0.9972877613515676
diesel-FREEZE,rand_ridge,5,23,-0.267743249942914,13.206435119157854,0.8892868070736432
diesel-FREEZE,rand_ridge,5,24,-0.0032017389371628,11.759476645180948,0.999685435095875
diesel-FREEZE,rand_ridge,5,25,-5.602749292921841,29.75315907551218,0.3896683200321626
diesel-FREEZE,rand_ridge,5,26,-0.332877335126958,13.541005812882512,0.8672861505379779
diesel-FREEZE,rand_ridge,5,27,0.0073155329873401,11.68621313206729,1.0049672049751206
diesel-FREEZE,rand_ridge,5,28,-0.2352650033279428,13.032751877480251,0.9009017574322964
diesel-FREEZE,rand_ridge,5,29,-0.0566906913333595,12.05351750090422,0.974055183993052
diesel-FREEZE,rand_ridge,10,0,0.0599569485252778,11.319305371699969,1.0327397202829245
diesel-FREEZE,rand_ridge,10,1,-0.0058762182671365,11.677362200635962,0.998372206827296
diesel-FREEZE,rand_ridge,10,2,-0.13809303529556,12.418786718280218,0.9385898853469958
diesel-FREEZE,rand_ridge,10,3,-1.053802023888387,16.56358442169065,0.6986915064203554
diesel-FREEZE,rand_ridge,10,4,-0.2444255278150524,13.134695773880656,0.8975947356547529
diesel-FREEZE,rand_ridge,10,5,-0.1427887923074005,12.59965566299167,0.9366595518860712
diesel-FREEZE,rand_ridge,10,6,-0.1152844977902971,12.45465943527654,0.9481388010668572
diesel-FREEZE,rand_ridge,10,7,-0.1435282825222648,12.620987902564806,0.9363566461338048
diesel-FREEZE,rand_ridge,10,8,0.0497394993694414,11.354182542555934,1.0271725713422135
diesel-FREEZE,rand_ridge,10,9,0.0472501822690627,11.354362580948456,1.0258298103301748
diesel-FREEZE,rand_ridge,10,10,0.3460840318357379,9.542409233001118,1.238237011787411
diesel-FREEZE,rand_ridge,10,11,0.0212140628785374,11.579547918576898,1.012094097581752
diesel-FREEZE,rand_ridge,10,12,0.319362537704574,9.620344817196798,1.2136873574543956
diesel-FREEZE,rand_ridge,10,13,-0.0067476890209121,11.726856872039365,0.9979400029313136
diesel-FREEZE,rand_ridge,10,14,-0.1646417765468084,12.725015960677782,0.9278303410582736
diesel-FREEZE,rand_ridge,10,15,0.1281675970283643,10.761553976710362,1.072378873345463
diesel-FREEZE,rand_ridge,10,16,-0.6341962918412252,15.051930241333626,0.7832720727389819
diesel-FREEZE,rand_ridge,10,17,0.2643404792177025,9.979433729882016,1.1674178316148491
diesel-FREEZE,rand_ridge,10,18,-0.1503438926816012,12.610270129466263,0.9335786408453326
diesel-FREEZE,rand_ridge,10,19,-0.0405206730326928,12.045474937395529,0.981610953663268
diesel-FREEZE,rand_ridge,10,20,-0.588029338870824,14.58787258113512,0.794576088815413
diesel-FREEZE,rand_ridge,10,21,0.4745949564267079,8.43233796999481,1.3813942179130494
diesel-FREEZE,rand_ridge,10,22,0.0055566993570541,11.536007401443989,1.0040948495500956
diesel-FREEZE,rand_ridge,10,23,-0.694596546640917,15.042110920847607,0.7691863950167878
diesel-FREEZE,rand_ridge,10,24,-0.1615499594321507,12.21943854829964,0.929064371189632
diesel-FREEZE,rand_ridge,10,25,-0.0235218343359995,11.786336828943169,0.9897287744400156
diesel-FREEZE,rand_ridge,10,26,0.0666615683101605,11.19801414400492,1.0364424161937127
diesel-FREEZE,rand_ridge,10,27,-0.0117658631547512,11.731953498314912,0.9954621264638132
diesel-FREEZE,rand_ridge,10,28,0.2034213236048494,10.506906083321825,1.1218903547455004
diesel-FREEZE,rand_ridge,10,29,-0.3768027787012582,13.467351498307613,0.8533533262752022
diesel-FREEZE,rand_ridge,20,0,0.4972272671078893,8.412156464351842,1.4121927403341747
diesel-FREEZE,rand_ridge,20,1,0.6317075212159784,7.0764735192925015,1.649997962176616
diesel-FREEZE,rand_ridge,20,2,-0.0209768124959184,12.03680524517764,0.9909959812640204
diesel-FREEZE,rand_ridge,20,3,0.0246401702679871,11.666038288574086,1.0139053161635865
diesel-FREEZE,rand_ridge,20,4,-0.0813738825609129,12.321344627568212,0.9629237414876908
diesel-FREEZE,rand_ridge,20,5,0.3875210028255296,8.703569656078544,1.2794821528901592
diesel-FREEZE,rand_ridge,20,6,0.259765615647719,9.890209033517175,1.1638451617848649
diesel-FREEZE,rand_ridge,20,7,0.271879804443491,10.074699028229295,1.173487030881276
diesel-FREEZE,rand_ridge,20,8,0.3005659534776179,9.624718511008432,1.1973095550894193
diesel-FREEZE,rand_ridge,20,9,0.497891501789751,8.122409312052932,1.413126519962518
diesel-FREEZE,rand_ridge,20,10,0.3951608310328722,8.9641006425714,1.2875374759073002
diesel-FREEZE,rand_ridge,20,11,0.0050350626080822,11.888388846090844,1.0038664604478678
diesel-FREEZE,rand_ridge,20,12,0.2508226734753483,10.056941852227318,1.1568778877466233
diesel-FREEZE,rand_ridge,20,13,-0.0803023322686322,12.09647761271098,0.9634011844437752
diesel-FREEZE,rand_ridge,20,14,0.3644260052095263,9.261771270768149,1.256020631254977
diesel-FREEZE,rand_ridge,20,15,0.5921275394180366,7.426136943137505,1.567897405007436
diesel-FREEZE,rand_ridge,20,16,-0.0837632191126538,12.166879052463363,0.9618616929021137
diesel-FREEZE,rand_ridge,20,17,-0.0091093430194437,11.881745919069196,0.9968061738213324
diesel-FREEZE,rand_ridge,20,18,0.2394916787416674,9.993200278086984,1.1482272451401787
diesel-FREEZE,rand_ridge,20,19,0.4068778257698443,8.972312642518373,1.3001927870402263
diesel-FREEZE,rand_ridge,20,20,0.5691831198751244,7.6834457080987955,1.5255746975311415
diesel-FREEZE,rand_ridge,20,21,-0.2558201678820537,13.039028884521146,0.893544335660374
diesel-FREEZE,rand_ridge,20,22,0.4779931439574424,8.323768594710707,1.3859313836279112
diesel-FREEZE,rand_ridge,20,23,-0.0390137615509946,11.572527717482854,0.9823566352221248
diesel-FREEZE,rand_ridge,20,24,0.142557083135837,11.031185285368572,1.081377238952256
diesel-FREEZE,rand_ridge,20,25,-0.8293885633249214,15.31060135003573,0.740332564662608
diesel-FREEZE,rand_ridge,20,26,0.0075448932759221,11.741419408616895,1.0051350034292736
diesel-FREEZE,rand_ridge,20,27,0.5757097283594813,7.602900991035961,1.537263429406334
diesel-FREEZE,rand_ridge,20,28,0.3217926627530736,9.545891989188387,1.2159020503482223
diesel-FREEZE,rand_ridge,20,29,0.3762908838479077,9.17937340521456,1.267911050281047
diesel-TOTAL,rand_ridge,5,0,0.7553740011359629,3.318971057443126,2.0244459997673614
diesel-TOTAL,rand_ridge,5,1,0.0059163032057959,6.750976275643938,1.0042596814459073
diesel-TOTAL,rand_ridge,5,2,0.5555426338040054,4.4967043696787,1.5019049500786368
diesel-TOTAL,rand_ridge,5,3,0.2052777160992981,6.01540206868004,1.1231811532610876
diesel-TOTAL,rand_ridge,5,4,0.5823871229381425,4.348942710792449,1.5494250106840168
diesel-TOTAL,rand_ridge,5,5,0.4113455867185566,5.17602158314853,1.305050449762431
diesel-TOTAL,rand_ridge,5,6,-0.1445469534080021,7.258635464436016,0.9359242412076774
diesel-TOTAL,rand_ridge,5,7,0.5479992466990209,4.501836855041629,1.4893196635379775
diesel-TOTAL,rand_ridge,5,8,0.484825913765491,4.837308465427118,1.3950202059355694
diesel-TOTAL,rand_ridge,5,9,0.7515778038617577,3.368001225419054,2.0089184365775488
diesel-TOTAL,rand_ridge,5,10,-0.1044440859705586,7.080214215443125,0.9527646511226264
diesel-TOTAL,rand_ridge,5,11,0.7443431990266156,3.4046948815794678,1.980290151874462
diesel-TOTAL,rand_ridge,5,12,0.7628415293052231,3.273627415461076,2.0560713535816477
diesel-TOTAL,rand_ridge,5,13,0.561855988483679,4.442287475631662,1.51268695873926
diesel-TOTAL,rand_ridge,5,14,0.6822340832634473,3.801357076800033,1.776248998908318
diesel-TOTAL,rand_ridge,5,15,0.646451726741165,3.979439548296695,1.6839653173812184
diesel-TOTAL,rand_ridge,5,16,0.6585039195905147,3.937103525545152,1.7134231927546568
diesel-TOTAL,rand_ridge,5,17,0.6305600783050023,4.10421778901995,1.647348903211306
diesel-TOTAL,rand_ridge,5,18,0.6600892643947145,3.93539118960362,1.717414250333618
diesel-TOTAL,rand_ridge,5,19,0.6258939356250983,4.091238817353638,1.6370431567302128
diesel-TOTAL,rand_ridge,5,20,0.6887956522395597,3.7534484707697873,1.7948769277536465
diesel-TOTAL,rand_ridge,5,21,0.5839757443760554,4.357292950242344,1.55238049275136
diesel-TOTAL,rand_ridge,5,22,0.4272258684882216,5.111045533897186,1.3230181590021248
diesel-TOTAL,rand_ridge,5,23,0.6539474855189787,3.957452916696767,1.7021055908342226
diesel-TOTAL,rand_ridge,5,24,0.3120443927960378,5.614759369411626,1.207194631657319
diesel-TOTAL,rand_ridge,5,25,0.6624265064367612,3.918249170683085,1.7233493858017868
diesel-TOTAL,rand_ridge,5,26,0.7911006880080408,3.0647450611237312,2.190730718749665
diesel-TOTAL,rand_ridge,5,27,0.0170937414895864,6.731172663506785,1.0099536722796678
diesel-TOTAL,rand_ridge,5,28,0.7210890884736781,3.5677632673130897,1.8959407030698616
diesel-TOTAL,rand_ridge,5,29,0.5768009693723943,4.414761337915134,1.5391649702574448
diesel-TOTAL,rand_ridge,10,0,0.7713816230584262,3.2372355192908184,2.094156740284445
diesel-TOTAL,rand_ridge,10,1,0.6724984795649825,3.883632084850953,1.7496778434539553
diesel-TOTAL,rand_ridge,10,2,0.579573401591617,4.399163321788381,1.5442572913524666
diesel-TOTAL,rand_ridge,10,3,0.6133824102844808,4.221317796819228,1.6103636100155077
diesel-TOTAL,rand_ridge,10,4,0.7256863310331668,3.509708466393101,1.9117937087599328
diesel-TOTAL,rand_ridge,10,5,0.7598397652796249,3.289693452978293,2.043215633456731
diesel-TOTAL,rand_ridge,10,6,0.8102985197754882,2.954327323441059,2.2989492952333728
diesel-TOTAL,rand_ridge,10,7,0.7308571911196997,3.526381577393253,1.930071341922592
diesel-TOTAL,rand_ridge,10,8,0.7776449784257368,3.1553641894718454,2.1234462956014006
diesel-TOTAL,rand_ridge,10,9,0.4930291743076799,4.719878728499388,1.4062847543644537
diesel-TOTAL,rand_ridge,10,10,0.8609507929824828,2.52773306173644,2.685223840267528
diesel-TOTAL,rand_ridge,10,11,0.6580750197327377,3.932184121675701,1.7123768083087398
diesel-TOTAL,rand_ridge,10,12,0.7303747590383767,3.502289205872379,1.928343860448552
diesel-TOTAL,rand_ridge,10,13,0.6586220754538821,3.95181592292831,1.7137482949702485
diesel-TOTAL,rand_ridge,10,14,0.5890777394966213,4.306265559207249,1.5620139865505758
diesel-TOTAL,rand_ridge,10,15,0.7314067392804569,3.5107930305784025,1.9320448187887624
diesel-TOTAL,rand_ridge,10,16,0.617234154466181,4.169892621994233,1.6184458127656696
diesel-TOTAL,rand_ridge,10,17,0.7604172698794736,3.2711126439799605,2.045676696106021
diesel-TOTAL,rand_ridge,10,18,0.7649731754834129,3.2898289714311537,2.065408862302257
diesel-TOTAL,rand_ridge,10,19,0.3257770660594964,5.523679840488278,1.2194471752023202
diesel-TOTAL,rand_ridge,10,20,0.7144252497162815,3.613218616466675,1.873720678502621
diesel-TOTAL,rand_ridge,10,21,0.6617106476777104,3.912827309135324,1.7215537562842098
diesel-TOTAL,rand_ridge,10,22,0.7068869871599792,3.570518769722056,1.8494696241534652
diesel-TOTAL,rand_ridge,10,23,0.7227394764352936,3.5284208973026225,1.9016068496641705
diesel-TOTAL,rand_ridge,10,24,0.1933128985726775,6.052463310275721,1.11483911061312
diesel-TOTAL,rand_ridge,10,25,0.8296713829748533,2.774792276342966,2.426168403218849
diesel-TOTAL,rand_ridge,10,26,0.6816452720349587,3.838411104628346,1.7746352368274851
diesel-TOTAL,rand_ridge,10,27,0.7335807911375024,3.423520441005585,1.9399118029363749
diesel-TOTAL,rand_ridge,10,28,0.4846855530176843,4.849643552411319,1.3948534902395344
diesel-TOTAL,rand_ridge,10,29,0.8128592076402179,2.906577141361732,2.314624365843174
diesel-TOTAL,rand_ridge,20,0,0.5576009455142719,4.503023197244835,1.5054721911811997
diesel-TOTAL,rand_ridge,20,1,0.774934207551397,3.154871896303116,2.1106930823459304
diesel-TOTAL,rand_ridge,20,2,0.8972243716180617,2.167981842416487,3.12345146855555
diesel-TOTAL,rand_ridge,20,3,0.8216225308715867,2.89588554336528,2.3708814237124627
diesel-TOTAL,rand_ridge,20,4,0.8334369802821271,2.745402978969869,2.4535252955064566
diesel-TOTAL,rand_ridge,20,5,0.8248251856115053,2.811639265190183,2.39245622263844
diesel-TOTAL,rand_ridge,20,6,0.8370762143293259,2.6721461052279865,2.48077619813036
diesel-TOTAL,rand_ridge,20,7,0.7594366994931419,3.2708208610950704,2.041574092787977
diesel-TOTAL,rand_ridge,20,8,0.808299500566245,2.927669525572111,2.287010774219926
diesel-TOTAL,rand_ridge,20,9,0.7460831818671868,3.39212544615782,1.987165777041645
diesel-TOTAL,rand_ridge,20,10,0.7646262851498398,3.2573110185781387,2.063957982905694
diesel-TOTAL,rand_ridge,20,11,0.8186571222222403,2.881777531052468,2.35141660685467
diesel-TOTAL,rand_ridge,20,12,0.7376556197541932,3.4807552593622018,1.9549873429681852
diesel-TOTAL,rand_ridge,20,13,0.8213090930387474,2.8390638119842486,2.368801155307901
diesel-TOTAL,rand_ridge,20,14,0.833684304594774,2.7301908887236257,2.4553489088089115
diesel-TOTAL,rand_ridge,20,15,0.7780589398529785,3.1649352546953216,2.1254994878773625
diesel-TOTAL,rand_ridge,20,16,0.8459676179554246,2.661936402217992,2.5513721872991555
diesel-TOTAL,rand_ridge,20,17,0.7186980787951184,3.612580650398284,1.887963020939128
diesel-TOTAL,rand_ridge,20,18,0.8286890354838989,2.762102626199712,2.4192862249298286
diesel-TOTAL,rand_ridge,20,19,0.7882229586262911,3.065699675303829,2.1759073260549044
diesel-TOTAL,rand_ridge,20,20,0.8801718478338532,2.3390957409232573,2.8926800583088244
diesel-TOTAL,rand_ridge,20,21,0.7894888271072656,3.092238841427808,2.1824397207124706
diesel-TOTAL,rand_ridge,20,22,0.8008497806429538,2.953341357450564,2.243827354542393
diesel-TOTAL,rand_ridge,20,23,0.8083665317679389,2.93863782830913,2.287410724391727
diesel-TOTAL,rand_ridge,20,24,0.6240866169205544,4.12330540065191,1.633187092797796
diesel-TOTAL,rand_ridge,20,25,0.8974608554064122,2.184579046496166,3.127051168205667
diesel-TOTAL,rand_ridge,20,26,0.5364438935035962,4.652425999555021,1.470715533905957
diesel-TOTAL,rand_ridge,20,27,0.8192680843040847,2.899767000789045,2.355387721483589
diesel-TOTAL,rand_ridge,20,28,0.894681624967059,2.205238197237134,3.085515681054468
diesel-TOTAL,rand_ridge,20,29,0.5701635980048789,4.416404816279261,1.5273136621657104
diesel-VISC,rand_ridge,5,0,-1.794127950962384,0.8733228583417357,0.5990103935033524
diesel-VISC,rand_ridge,5,1,-2.4790412639534694,0.982811253822588,0.5368187950897372
diesel-VISC,rand_ridge,5,2,0.0002909007231004,0.5248959095608526,1.0014301910231842
diesel-VISC,rand_ridge,5,3,-0.0911545617569351,0.5476393844266435,0.9585491061122736
diesel-VISC,rand_ridge,5,4,-0.8359541322997728,0.7132945168349782,0.7389696284980088
diesel-VISC,rand_ridge,5,5,-0.0190255959243026,0.5305833301604724,0.991893299426142
diesel-VISC,rand_ridge,5,6,-0.0390297692543755,0.5407092824748168,0.9822985602283978
diesel-VISC,rand_ridge,5,7,-0.3239696399950795,0.6051706681612333,0.8701988192097847
diesel-VISC,rand_ridge,5,8,-0.3681693711782059,0.6194051265654891,0.8560272128046398
diesel-VISC,rand_ridge,5,9,-1.3629321876172753,0.8075670638272765,0.6513761812039347
diesel-VISC,rand_ridge,5,10,-0.8829963331613204,0.72186422006364,0.7296805426600238
diesel-VISC,rand_ridge,5,11,-0.4223195419547019,0.6319762065117486,0.8395738713792823
diesel-VISC,rand_ridge,5,12,-1.1326078948306355,0.7663156959078581,0.6856492361891673
diesel-VISC,rand_ridge,5,13,-0.0322193253383173,0.5381994027923906,0.9855337693530376
diesel-VISC,rand_ridge,5,14,-0.1842544225791493,0.576058866571852,0.920099924818737
diesel-VISC,rand_ridge,5,15,-0.1487324463655241,0.5675152900836574,0.9342176301093656
diesel-VISC,rand_ridge,5,16,-0.9441301335495672,0.7338854164593492,0.718116386623198
diesel-VISC,rand_ridge,5,17,0.0075487974195431,0.5238105190998368,1.0050853011247527
diesel-VISC,rand_ridge,5,18,-1.386967140909002,0.8155736788460409,0.6480884513475482
diesel-VISC,rand_ridge,5,19,-0.8481330020339635,0.7160860191638835,0.7365307643347239
diesel-VISC,rand_ridge,5,20,-0.6427644117919247,0.6755115713378077,0.7812137163284113
diesel-VISC,rand_ridge,5,21,-7.995586319606781,1.5800655478502288,0.3338433772742353
diesel-VISC,rand_ridge,5,22,-0.1581744062711347,0.5704080987568011,0.9304017553614484
diesel-VISC,rand_ridge,5,23,-0.9228815222139946,0.7307837100001193,0.722073222414432
diesel-VISC,rand_ridge,5,24,-1.2006551604038926,0.7845548380955358,0.6749653921219375
diesel-VISC,rand_ridge,5,25,0.00919081053557,0.5234860489380615,1.005917792419162
diesel-VISC,rand_ridge,5,26,-0.1280106333877211,0.5632034453208552,0.9427594753445644
diesel-VISC,rand_ridge,5,27,-0.2617670558408052,0.5914632683121336,0.8913903144080204
diesel-VISC,rand_ridge,5,28,-2.173271683263998,0.9346049248125406,0.5620874318795753
diesel-VISC,rand_ridge,5,29,0.0063726693179811,0.5235040920236808,1.0044902797093205
diesel-VISC,rand_ridge,10,0,-0.150987160501772,0.5624045228941161,0.9333177235000047
diesel-VISC,rand_ridge,10,1,0.002630053093492,0.5307272654671912,1.0026205774556705
diesel-VISC,rand_ridge,10,2,-0.0167166806137539,0.5359464232059122,0.9930355087193348
diesel-VISC,rand_ridge,10,3,-1.0040805861978803,0.7422722474636806,0.7073057066936788
diesel-VISC,rand_ridge,10,4,-0.2569007652565209,0.5943221483075586,0.8931291358496001
diesel-VISC,rand_ridge,10,5,-0.0757960582531644,0.5465337355734219,0.9653832921481728
diesel-VISC,rand_ridge,10,6,-2.431095149959854,0.9675315388925678,0.5405655584062113
diesel-VISC,rand_ridge,10,7,-0.0502923405218891,0.5421578104879978,0.9770339467557586
diesel-VISC,rand_ridge,10,8,0.4219036449704154,0.3969794593669671,1.3169359006529453
diesel-VISC,rand_ridge,10,9,-0.3674787856703383,0.6148287275984547,0.8562576285958861
diesel-VISC,rand_ridge,10,10,-0.802670478309419,0.7133044210222121,0.7457728681619196
diesel-VISC,rand_ridge,10,11,0.189033358936787,0.47015963284667,1.1118936694429578
diesel-VISC,rand_ridge,10,12,-0.6456931029892219,0.6787309096911045,0.7805313084619958
diesel-VISC,rand_ridge,10,13,-0.5402482730834888,0.655038482216746,0.8068064979064944
diesel-VISC,rand_ridge,10,14,-0.949274803694778,0.7365153425195503,0.717180079450719
diesel-VISC,rand_ridge,10,15,0.0016399538845796,0.5275883928329178,1.0021232918889398
diesel-VISC,rand_ridge,10,16,-0.242546438143651,0.5913786894160126,0.8982731906995695
diesel-VISC,rand_ridge,10,17,-0.1633120635159992,0.5693612796546469,0.9283604635330792
diesel-VISC,rand_ridge,10,18,0.1611798373631341,0.4805881163114318,1.0932772779353197
diesel-VISC,rand_ridge,10,19,0.0957143955367489,0.504585457887012,1.0529601708925742
diesel-VISC,rand_ridge,10,20,-0.0180661715209564,0.5366282454134764,0.992377134632621
diesel-VISC,rand_ridge,10,21,-0.2391872128103509,0.5881220035104587,0.8994898994466076
diesel-VISC,rand_ridge,10,22,-0.0709546194532071,0.5475422312503205,0.9675629240928632
diesel-VISC,rand_ridge,10,23,-0.8768219489273013,0.7229189868753301,0.730892012394029
diesel-VISC,rand_ridge,10,24,-0.073044303267324,0.5497340759760607,0.9666203321071366
diesel-VISC,rand_ridge,10,25,-0.0223495017383568,0.5357000650851631,0.9902960749893578
diesel-VISC,rand_ridge,10,26,-1.1478394132622318,0.7717023651044655,0.6832251565412513
diesel-VISC,rand_ridge,10,27,-0.2215871555595738,0.5698130408638852,0.9059464421028528
diesel-VISC,rand_ridge,10,28,-1.7158317622459665,0.8699309903299962,0.6075937823551733
diesel-VISC,rand_ridge,10,29,0.2595463404112098,0.4564093786217857,1.1636324145938957
diesel-VISC,rand_ridge,20,0,-0.0904753011727319,0.5562046194954572,0.9588969031813066
diesel-VISC,rand_ridge,20,1,0.6195250222317903,0.3269442077240875,1.6233672589162882
diesel-VISC,rand_ridge,20,2,0.1395432752234714,0.4878295201210817,1.079481779270067
diesel-VISC,rand_ridge,20,3,0.4635683764541241,0.3923787269633143,1.3671703984398518
diesel-VISC,rand_ridge,20,4,-0.9569281435973612,0.7381990275191992,0.715801152348323
diesel-VISC,rand_ridge,20,5,0.1284736732765028,0.4944636100795296,1.072604408064034
diesel-VISC,rand_ridge,20,6,0.1804969246832543,0.4740244436909253,1.1061258425777256
diesel-VISC,rand_ridge,20,7,-0.2945296109986541,0.5836201390098746,0.8800834179038446
diesel-VISC,rand_ridge,20,8,-0.275204039225615,0.5888294157409395,0.8867271233159024
diesel-VISC,rand_ridge,20,9,0.4724987503708182,0.3816170213064732,1.3786946374426463
diesel-VISC,rand_ridge,20,10,0.5983469092912301,0.3334984085958792,1.5799897741467892
diesel-VISC,rand_ridge,20,11,-0.2708988308582054,0.5994033338247743,0.8882277610497147
diesel-VISC,rand_ridge,20,12,-0.4543408844107286,0.6437728304247956,0.8303223463312478
diesel-VISC,rand_ridge,20,13,0.2111905470732124,0.4699686784812961,1.1274408842434245
diesel-VISC,rand_ridge,20,14,0.2775320321855263,0.4479349429716476,1.178068475172225
diesel-VISC,rand_ridge,20,15,0.3937861710781549,0.4134685528396009,1.2860768273364696
diesel-VISC,rand_ridge,20,16,0.5524771916234172,0.3558813577249426,1.496829195912956
diesel-VISC,rand_ridge,20,17,0.1939641470376328,0.4815372655772314,1.1153281223096894
diesel-VISC,rand_ridge,20,18,-0.3369324737997239,0.612068520341012,0.8660143663275239
diesel-VISC,rand_ridge,20,19,0.4701926322672197,0.3782390349464607,1.3756908098021663
diesel-VISC,rand_ridge,20,20,0.336652549249103,0.4303860472435946,1.2294455533063569
diesel-VISC,rand_ridge,20,21,-0.6481669422204706,0.6683659779615673,0.7799723966413973
diesel-VISC,rand_ridge,20,22,0.2914521056996022,0.4523944134815764,1.1895843085581648
diesel-VISC,rand_ridge,20,23,-0.2824603253711035,0.5982345857535004,0.8842149703112392
diesel-VISC,rand_ridge,20,24,-1.2757911788832712,0.7960585185860864,0.6637638985811749
diesel-VISC,rand_ridge,20,25,0.6097887864464115,0.32871061935246,1.6029868510801506
diesel-VISC,rand_ridge,20,26,0.3277494502455519,0.4267025045856292,1.2212772011168072
diesel-VISC,rand_ridge,20,27,0.1366145320789104,0.4957728885611593,1.0776493355724248
diesel-VISC,rand_ridge,20,28,-0.3125922803883807,0.6096944045604492,0.8740069978530741
diesel-VISC,rand_ridge,20,29,0.6153344456836538,0.3256585087934007,1.6145004992318488
evoo-adulteration,rand_ridge,5,0,-0.6152450772865055,27.960395518242876,0.7870275471310935
evoo-adulteration,rand_ridge,5,1,-0.0275670074175986,22.29813802502883,0.9867430377382308
evoo-adulteration,rand_ridge,5,2,-0.6941931765311526,28.62944473365236,0.7684713529329614
evoo-adulteration,rand_ridge,5,3,-0.1375863264215073,23.46882687021752,0.9378145468889282
evoo-adulteration,rand_ridge,5,4,-2.1936438165547925,39.31226305017102,0.5597136618503759
evoo-adulteration,rand_ridge,5,5,-0.3448239494579188,25.50866109920139,0.862534408885091
evoo-adulteration,rand_ridge,5,6,-0.1865534290513848,23.965087504510198,0.9182596420169388
evoo-adulteration,rand_ridge,5,7,-0.3405347797089026,25.475630796118143,0.8639131877139807
evoo-adulteration,rand_ridge,5,8,-1.591543004986815,35.27760956692456,0.6213408920648422
evoo-adulteration,rand_ridge,5,9,0.0193531470662187,21.775902182644455,1.0100731509906875
evoo-adulteration,rand_ridge,5,10,0.1631207261557752,20.12435075540204,1.0933966539540525
evoo-adulteration,rand_ridge,5,11,-0.1518754519891905,23.612402595545344,0.9319795547638656
evoo-adulteration,rand_ridge,5,12,-0.0416836957456805,22.45901339136465,0.980034159081904
evoo-adulteration,rand_ridge,5,13,-0.9763781101191084,30.920046364732983,0.7114987297864444
evoo-adulteration,rand_ridge,5,14,-0.0753608858915135,22.80745573502139,0.9645661761757278
evoo-adulteration,rand_ridge,5,15,0.0633300473067408,21.29011956628803,1.0335127822522048
evoo-adulteration,rand_ridge,5,16,-0.954127208498966,30.733235931128878,0.7155380462029562
evoo-adulteration,rand_ridge,5,17,-0.404872051029145,26.07514773424485,0.8438995597987943
evoo-adulteration,rand_ridge,5,18,-0.1434624342426669,23.527180807916658,0.9354017884223684
evoo-adulteration,rand_ridge,5,19,-1.9261562447066467,37.4856140893253,0.5847367514664848
evoo-adulteration,rand_ridge,5,20,-0.0345898166441522,22.371875886839707,0.9833883227496866
evoo-adulteration,rand_ridge,5,21,-0.2249244755269264,24.346790434364102,0.9037628606428354
evoo-adulteration,rand_ridge,5,22,0.001254499803669,21.9778644044,1.000879349507189
evoo-adulteration,rand_ridge,5,23,-0.7262770537516532,28.89356155241,0.7612966132153293
evoo-adulteration,rand_ridge,5,24,-0.2805517653347982,24.88954005821334,0.8839151488403483
evoo-adulteration,rand_ridge,5,25,0.0136315787723559,21.841086328908407,1.0071393548783
evoo-adulteration,rand_ridge,5,26,0.0156468665239948,21.826080743228296,1.0081697969774404
evoo-adulteration,rand_ridge,5,27,-1.39224752190173,33.894013339226504,0.6467048082753938
evoo-adulteration,rand_ridge,5,28,-0.3131271898407848,25.21046728488484,0.8728824256772799
evoo-adulteration,rand_ridge,5,29,-0.5295930290171365,27.019628858519543,0.8087628589374626
evoo-adulteration,rand_ridge,10,0,-0.1514330587760834,23.611728731599225,0.93215916620325
evoo-adulteration,rand_ridge,10,1,-0.0879295377339173,22.965795027420395,0.9589788687874712
evoo-adulteration,rand_ridge,10,2,-0.0131177308461631,22.15723911559053,0.9937553130010888
evoo-adulteration,rand_ridge,10,3,0.3321138271530129,17.984609273090417,1.2239345526283372
evoo-adulteration,rand_ridge,10,4,-0.0026252830717294,22.02680948667548,0.9989415916301472
evoo-adulteration,rand_ridge,10,5,-0.8978857550266732,30.207274023392134,0.7260631384309909
evoo-adulteration,rand_ridge,10,6,-1.0865242145844562,31.792165314625343,0.6924648083126483
evoo-adulteration,rand_ridge,10,7,-0.3688980933256005,25.76227466808398,0.8549168213529295
evoo-adulteration,rand_ridge,10,8,0.0148107539803564,21.769995756500617,1.0077425364153434
evoo-adulteration,rand_ridge,10,9,0.0280719536928922,21.698663284472275,1.014594174523605
evoo-adulteration,rand_ridge,10,10,-1.1403874668171436,32.106317363253446,0.6836962880306184
evoo-adulteration,rand_ridge,10,11,0.3491827300779918,17.696621293407322,1.2398806641631834
evoo-adulteration,rand_ridge,10,12,-0.6656480656324555,28.41258536020209,0.7750287252188894
evoo-adulteration,rand_ridge,10,13,0.0344663468238225,21.568245170078335,1.01794828235468
evoo-adulteration,rand_ridge,10,14,-0.1159359643233197,23.17565887446379,0.9468687521469006
evoo-adulteration,rand_ridge,10,15,0.3628963965651828,17.57172087675446,1.2531538448452648
evoo-adulteration,rand_ridge,10,16,0.1361825786837766,20.32392915481216,1.0762135169201237
evoo-adulteration,rand_ridge,10,17,0.0150551990151058,21.773990622344368,1.0078675801624004
evoo-adulteration,rand_ridge,10,18,0.4685859150268895,15.984427531431772,1.372122516337165
evoo-adulteration,rand_ridge,10,19,-2.1100977248692296,38.67737679390896,0.567181953208236
evoo-adulteration,rand_ridge,10,20,-0.1168446403041194,23.272962486297157,0.94648348281798
evoo-adulteration,rand_ridge,10,21,-0.1126943483636468,23.21605627656521,0.9482470069216642
evoo-adulteration,rand_ridge,10,22,-0.1528587792703903,23.651133168635106,0.9315825953375388
evoo-adulteration,rand_ridge,10,23,-0.4271232349990426,26.20432812145215,0.8372953574185082
evoo-adulteration,rand_ridge,10,24,-0.4162282978748537,26.014494932806528,0.8405098120353004
evoo-adulteration,rand_ridge,10,25,0.1813859839412235,19.91690556181529,1.1055282214143598
evoo-adulteration,rand_ridge,10,26,-0.3339721271330493,25.331477429232184,0.8660361965444234
evoo-adulteration,rand_ridge,10,27,-0.5915258618790826,27.577545812960388,0.7928710696181882
evoo-adulteration,rand_ridge,10,28,0.3093162769405536,18.29251081128908,1.2035657236182609
evoo-adulteration,rand_ridge,10,29,0.194078110120603,19.690534611001475,1.1141994652167682
evoo-adulteration,rand_ridge,20,0,0.0534767992192131,21.384909475758413,1.0281212698917566
evoo-adulteration,rand_ridge,20,1,0.0460895761409136,21.448070049981705,1.024132571205048
evoo-adulteration,rand_ridge,20,2,-0.2521796714344897,24.505025842830207,0.8938747124635784
evoo-adulteration,rand_ridge,20,3,-0.0539763608102805,22.63373078311802,0.9743041235627586
evoo-adulteration,rand_ridge,20,4,0.521034540586001,15.147908441867395,1.445299585452333
evoo-adulteration,rand_ridge,20,5,0.0279447393403724,21.737194067739544,1.0145290761802248
evoo-adulteration,rand_ridge,20,6,0.1931497493568522,19.799969330685503,1.1135597034964504
evoo-adulteration,rand_ridge,20,7,0.2299266604514978,19.332967827067755,1.1398401005833243
evoo-adulteration,rand_ridge,20,8,0.3860773757203042,17.281503933427956,1.2765950516058613
evoo-adulteration,rand_ridge,20,9,0.3026318309532101,18.34737866683016,1.1977851256601273
evoo-adulteration,rand_ridge,20,10,-0.1378670811651878,23.51728785944198,0.9377006329264052
evoo-adulteration,rand_ridge,20,11,0.233822158453943,19.29885471984377,1.142734086146202
evoo-adulteration,rand_ridge,20,12,0.2636435014306301,18.905799406806132,1.1656439497834892
evoo-adulteration,rand_ridge,20,13,0.4061297240309701,16.986004576605833,1.2979685854525562
evoo-adulteration,rand_ridge,20,14,-0.3360598650783306,25.472405283173394,0.8653603986546046
evoo-adulteration,rand_ridge,20,15,0.2816462625409849,18.56421535586151,1.1801597480537485
evoo-adulteration,rand_ridge,20,16,0.4917810552044565,15.655258043807777,1.4030868383305273
evoo-adulteration,rand_ridge,20,17,0.3119525707832641,18.289591514618888,1.205870824022617
evoo-adulteration,rand_ridge,20,18,0.3463587828561595,17.821731973423137,1.2372009955649157
evoo-adulteration,rand_ridge,20,19,0.1865498638684714,19.818384073587605,1.1090330987549977
evoo-adulteration,rand_ridge,20,20,-0.037826762953216,22.45449910217516,0.9818554223473116
evoo-adulteration,rand_ridge,20,21,0.2217191205716393,19.44499760388861,1.1338139480601117
evoo-adulteration,rand_ridge,20,22,0.2877255301802709,18.54437403317614,1.185185383279428
evoo-adulteration,rand_ridge,20,23,0.1849979481908799,19.89406086789072,1.1079766928440244
evoo-adulteration,rand_ridge,20,24,0.4559891687740909,16.192394638869317,1.3561452355725316
evoo-adulteration,rand_ridge,20,25,0.2462228589443682,19.087382661655,1.1520955372185668
evoo-adulteration,rand_ridge,20,26,0.2894747833376395,18.52845956012921,1.186643399679966
evoo-adulteration,rand_ridge,20,27,0.0896000637302283,21.026171414527347,1.0483199881274616
evoo-adulteration,rand_ridge,20,28,0.1860890248584717,19.750215935786997,1.1087190852473905
evoo-adulteration,rand_ridge,20,29,0.2226304204714053,19.356204613172896,1.13447833082419
gasoline-octane,rand_ridge,5,0,-0.1145481162581256,1.614531666836445,0.9559497275107848
gasoline-octane,rand_ridge,5,1,0.4564645528754321,1.1053324732641765,1.3688962340769202
gasoline-octane,rand_ridge,5,2,0.4315818696628083,1.1115133709161735,1.33859902377432
gasoline-octane,rand_ridge,5,3,-2.115624171983299e-05,1.540765820591708,1.0092061092514302
gasoline-octane,rand_ridge,5,4,0.77605486723539,0.7067103181882087,2.132620850116249
gasoline-octane,rand_ridge,5,5,0.6502876408408962,0.85701289315772,1.7065891271054616
gasoline-octane,rand_ridge,5,6,-0.4358101231149482,1.8410766512600665,0.8422401863365601
gasoline-octane,rand_ridge,5,7,0.3457614196446456,1.1918205846795762,1.247717853517469
gasoline-octane,rand_ridge,5,8,0.5973312718807728,0.9012340199444432,1.5904151840149467
gasoline-octane,rand_ridge,5,9,0.8259403585173676,0.6446754048708847,2.418997516619221
gasoline-octane,rand_ridge,5,10,-0.0832033712906055,1.6114512340487193,0.96968228883213
gasoline-octane,rand_ridge,5,11,0.8299539928246672,0.5904242366878099,2.4473790915006552
gasoline-octane,rand_ridge,5,12,0.7315350287516794,0.7833933594337248,1.9477833580896744
gasoline-octane,rand_ridge,5,13,0.6125100197194309,0.947428213154055,1.6212658179930213
gasoline-octane,rand_ridge,5,14,0.7270199241624192,0.7934471515304525,1.9316079749884023
gasoline-octane,rand_ridge,5,15,0.1691944335548547,1.4012611255216365,1.1072221518644854
gasoline-octane,rand_ridge,5,16,0.2146991401857952,1.3857468186781994,1.1388497436086458
gasoline-octane,rand_ridge,5,17,0.7251385122719423,0.782541921591579,1.9249857477214245
gasoline-octane,rand_ridge,5,18,-0.2990538323598215,1.7504567040498529,0.8854639626416483
gasoline-octane,rand_ridge,5,19,0.4586223225664705,1.1029707810303195,1.371621526949005
gasoline-octane,rand_ridge,5,20,0.8437854844885714,0.6131730809697037,2.5534289132614147
gasoline-octane,rand_ridge,5,21,0.0022740807152143,1.5382506414250416,1.010366265794488
gasoline-octane,rand_ridge,5,22,0.3997868321324634,1.206467799942068,1.3026618824543197
gasoline-octane,rand_ridge,5,23,-0.0206321151824395,1.5177127423498198,0.9989640282658874
gasoline-octane,rand_ridge,5,24,0.5918891258252755,0.9959656345149672,1.579775526116777
gasoline-octane,rand_ridge,5,25,0.2409464279537712,1.3180507688876162,1.1583725317893
gasoline-octane,rand_ridge,5,26,0.8134585088547518,0.6581743189037734,2.33666655675498
gasoline-octane,rand_ridge,5,27,0.6953222685626781,0.8510114443561746,1.828370090312855
gasoline-octane,rand_ridge,5,28,0.3355305028265973,1.2298251349898723,1.2380749603540118
gasoline-octane,rand_ridge,5,29,0.0087008813498951,1.4624364858647274,1.0136361829462188
gasoline-octane,rand_ridge,10,0,0.9317784342591634,0.397272545897643,3.8674625846249806
gasoline-octane,rand_ridge,10,1,0.8496459185127643,0.5845465640886891,2.605129706504673
gasoline-octane,rand_ridge,10,2,0.9146831769065148,0.4330137035122278,3.4583554212318783
gasoline-octane,rand_ridge,10,3,0.9018534062272968,0.486223363858049,3.224403220576411
gasoline-octane,rand_ridge,10,4,0.8738220683099729,0.5374163792620543,2.8437751840754792
gasoline-octane,rand_ridge,10,5,0.8469560797047377,0.5452657617194748,2.582134862026151
gasoline-octane,rand_ridge,10,6,0.9231736964878756,0.4175762150009767,3.644449974944804
gasoline-octane,rand_ridge,10,7,0.9221885044242611,0.4365218511500853,3.6213048040223614
gasoline-octane,rand_ridge,10,8,0.2855885774135336,1.271275548484712,1.1951234481045687
gasoline-octane,rand_ridge,10,9,0.7175452391528484,0.7937395072935408,1.9006953512560991
gasoline-octane,rand_ridge,10,10,0.4617411602690868,1.104860969029397,1.376865052076918
gasoline-octane,rand_ridge,10,11,0.7386665630891838,0.7868821919927294,1.976011519741771
gasoline-octane,rand_ridge,10,12,0.8529043139394028,0.6022808544195377,2.6338254756996595
gasoline-octane,rand_ridge,10,13,0.681854970022734,0.8710242914477506,1.790912594365302
gasoline-octane,rand_ridge,10,14,0.8631030888939291,0.5620114803235822,2.730172813113347
gasoline-octane,rand_ridge,10,15,0.8811262707715845,0.5148932354330497,2.929840772619748
gasoline-octane,rand_ridge,10,16,0.8566803659107705,0.5298281553262613,2.6682966859056565
gasoline-octane,rand_ridge,10,17,0.8107138169860981,0.6743344345418466,2.321814426310272
gasoline-octane,rand_ridge,10,18,0.8410923060000975,0.6333733795100467,2.534046030200866
gasoline-octane,rand_ridge,10,19,0.8708415176322861,0.559671378252098,2.8107712032548693
gasoline-octane,rand_ridge,10,20,0.7453333864462138,0.7678384437533857,2.0017090630482004
gasoline-octane,rand_ridge,10,21,0.5920822892785328,0.9441234749859352,1.5816146582554056
gasoline-octane,rand_ridge,10,22,0.9344505925712764,0.3886251477742988,3.945504809886745
gasoline-octane,rand_ridge,10,23,0.9098357843782108,0.4667294551293931,3.364107441688459
gasoline-octane,rand_ridge,10,24,0.797299497465889,0.6900644066789667,2.2436729365149914
gasoline-octane,rand_ridge,10,25,0.7908378956943467,0.6990647820855632,2.2087443974914183
gasoline-octane,rand_ridge,10,26,0.8736278598290608,0.5419335873156114,2.8415891895645027
gasoline-octane,rand_ridge,10,27,0.9255950625797096,0.4222183701225704,3.703276031210716
gasoline-octane,rand_ridge,10,28,0.8912632668681039,0.4867309358833254,3.0633655330619387
gasoline-octane,rand_ridge,10,29,0.4632412031027323,1.0043358751430065,1.3787876247497408
gasoline-octane,rand_ridge,20,0,0.8974170705944703,0.5103871900691888,3.1619874635817267
gasoline-octane,rand_ridge,20,1,0.9086845227779032,0.4385631619190891,3.351394060082125
gasoline-octane,rand_ridge,20,2,0.9051216827036818,0.4843290528949446,3.287866727827931
gasoline-octane,rand_ridge,20,3,0.9461023518124994,0.3642606481813758,4.362272431392729
gasoline-octane,rand_ridge,20,4,0.8151765349713106,0.6067380726948652,2.35569542302446
gasoline-octane,rand_ridge,20,5,0.8770089767719569,0.5285685185513406,2.887759257809017
gasoline-octane,rand_ridge,20,6,0.9596677445733028,0.3239116450334609,5.042796441304549
gasoline-octane,rand_ridge,20,7,0.926160562507102,0.4224284640374372,3.726949450529532
gasoline-octane,rand_ridge,20,8,0.879788804311906,0.5100296712832284,2.92095747088221
gasoline-octane,rand_ridge,20,9,0.9254773859473312,0.3608520176267824,3.7098269512183326
gasoline-octane,rand_ridge,20,10,0.854254740117198,0.6291549313728865,2.6527753457765058
gasoline-octane,rand_ridge,20,11,0.8235740035375638,0.6834122217003347,2.4111065488056007
gasoline-octane,rand_ridge,20,12,0.9311019810490756,0.411895006224991,3.858285180241531
gasoline-octane,rand_ridge,20,13,0.9184310010018132,0.4233585403173561,3.5459705614357566
gasoline-octane,rand_ridge,20,14,0.932998081058564,0.3986005308818786,3.912497486877065
gasoline-octane,rand_ridge,20,15,0.918352736905136,0.4246122084298292,3.5442706347641515
gasoline-octane,rand_ridge,20,16,0.8685136767721362,0.5154427851025,2.792912961286348
gasoline-octane,rand_ridge,20,17,0.9520500576297126,0.3335050005375302,4.62491384995586
gasoline-octane,rand_ridge,20,18,0.9423973835489798,0.3663611423461,4.219651526163145
gasoline-octane,rand_ridge,20,19,0.9578534932424329,0.309203251226361,4.933065702821231
gasoline-octane,rand_ridge,20,20,0.9513318337341408,0.3156311960977966,4.590660761013206
gasoline-octane,rand_ridge,20,21,0.8862542993045797,0.499283853868172,3.002826203298509
gasoline-octane,rand_ridge,20,22,0.9123589269346608,0.4393098844148553,3.420927332419588
gasoline-octane,rand_ridge,20,23,0.9287731305229464,0.4172237849192322,3.794685289425996
gasoline-octane,rand_ridge,20,24,0.9263363842508404,0.4020150884771148,3.731394577221276
gasoline-octane,rand_ridge,20,25,0.88611864926217,0.48884926991595,3.0010372586181413
gasoline-octane,rand_ridge,20,26,0.8960156215101861,0.4974240305221701,3.140607344299346
gasoline-octane,rand_ridge,20,27,0.904081263983838,0.4531364460046202,3.2699865668597647
gasoline-octane,rand_ridge,20,28,0.933968899386168,0.3941870842659832,3.941154171157096
gasoline-octane,rand_ridge,20,29,0.9259946610191272,0.3859086074857037,3.722769661752877
corn_m5-oil,simclr_cont60_ridge,5,0,-2.648818102161854,0.3413064795936663,0.5270340383647237
corn_m5-oil,simclr_cont60_ridge,5,1,-0.5472949108213165,0.2175794857897821,0.8093348159670777
corn_m5-oil,simclr_cont60_ridge,5,2,-0.6101132630429507,0.2225305379539914,0.7933897001075502
corn_m5-oil,simclr_cont60_ridge,5,3,-0.5686147155704675,0.2223726735661063,0.8038159681172139
corn_m5-oil,simclr_cont60_ridge,5,4,-1.084529330553926,0.2482694327936011,0.6972857127540496
corn_m5-oil,simclr_cont60_ridge,5,5,-0.699167449613987,0.2307692049679595,0.7723189337707572
corn_m5-oil,simclr_cont60_ridge,5,6,0.0667456417380475,0.1702573364244504,1.0421128676773566
corn_m5-oil,simclr_cont60_ridge,5,7,-0.4331091288396238,0.2102364605298561,0.8409596154323128
corn_m5-oil,simclr_cont60_ridge,5,8,-0.7876189933138302,0.2328429308485123,0.7529693383288162
corn_m5-oil,simclr_cont60_ridge,5,9,-3.61960360346192,0.3726219769362081,0.4683951786789614
corn_m5-oil,simclr_cont60_ridge,5,10,-2.094905699480506,0.3106728791025909,0.5722569310264215
corn_m5-oil,simclr_cont60_ridge,5,11,-0.0639842925165399,0.1773246642731351,0.9759940353563256
corn_m5-oil,simclr_cont60_ridge,5,12,-0.0190443563975073,0.1802341370688666,0.9972825677709652
corn_m5-oil,simclr_cont60_ridge,5,13,0.0639861874469883,0.1715360411477549,1.0405756118457568
corn_m5-oil,simclr_cont60_ridge,5,14,-0.3876541088663905,0.2050263364253242,0.8546221779921208
corn_m5-oil,simclr_cont60_ridge,5,15,-5.160041891822198,0.4332200498799897,0.4056233420592501
corn_m5-oil,simclr_cont60_ridge,5,16,-0.201503083884865,0.192596907425998,0.9184432504393022
corn_m5-oil,simclr_cont60_ridge,5,17,-0.8940631526241094,0.2349785899349197,0.7315054129918379
corn_m5-oil,simclr_cont60_ridge,5,18,-4.847341929386675,0.4061280149757048,0.4163279103023564
corn_m5-oil,simclr_cont60_ridge,5,19,-0.3730247574955421,0.2028797259986904,0.8591630433742754
corn_m5-oil,simclr_cont60_ridge,5,20,-0.3614672616751104,0.206724710183141,0.8628020544157307
corn_m5-oil,simclr_cont60_ridge,5,21,-0.4359067206847744,0.2107015288151857,0.8401399908791358
corn_m5-oil,simclr_cont60_ridge,5,22,-0.0403810771838191,0.1825759139008133,0.9870031747017898
corn_m5-oil,simclr_cont60_ridge,5,23,-0.0151415883896166,0.1809351853262246,0.999197782756788
corn_m5-oil,simclr_cont60_ridge,5,24,-0.1741944841206435,0.1867365797076671,0.9290621213320482
corn_m5-oil,simclr_cont60_ridge,5,25,-5.638443731276923,0.4394071047087461,0.3907343862341259
corn_m5-oil,simclr_cont60_ridge,5,26,-0.0454219787230407,0.1810154328333653,0.9846206927429676
corn_m5-oil,simclr_cont60_ridge,5,27,-0.8515432993764775,0.2404271163257096,0.7398570823200069
corn_m5-oil,simclr_cont60_ridge,5,28,-0.6675413671940624,0.2286582554244894,0.7796083170577457
corn_m5-oil,simclr_cont60_ridge,5,29,-1.1994401220451092,0.2621577672813033,0.6788263629248278
corn_m5-oil,simclr_cont60_ridge,10,0,0.3427750349601537,0.140560554277199,1.2424171814629117
corn_m5-oil,simclr_cont60_ridge,10,1,0.4029369205927317,0.1365730325119775,1.3035099973565922
corn_m5-oil,simclr_cont60_ridge,10,2,-0.2254085754809482,0.1943481275035432,0.9098797864769416
corn_m5-oil,simclr_cont60_ridge,10,3,0.5371394880362395,0.1226395366558413,1.4804693100539488
corn_m5-oil,simclr_cont60_ridge,10,4,0.0534243292782249,0.1764758877391169,1.0352537342347907
corn_m5-oil,simclr_cont60_ridge,10,5,-0.0085500593142153,0.1778232009557791,1.002941830152205
corn_m5-oil,simclr_cont60_ridge,10,6,0.0525017809860183,0.1704831351193032,1.0347496149978626
corn_m5-oil,simclr_cont60_ridge,10,7,0.6655896742648287,0.1016515764699477,1.74174525151663
corn_m5-oil,simclr_cont60_ridge,10,8,-0.4662672710394973,0.2097729020603248,0.8317980622524164
corn_m5-oil,simclr_cont60_ridge,10,9,0.0378609991738074,0.1693751623679485,1.0268465893722534
corn_m5-oil,simclr_cont60_ridge,10,10,0.296372710919406,0.145987260599394,1.2007514986941676
corn_m5-oil,simclr_cont60_ridge,10,11,-0.58847759653881,0.2201420443421343,0.7991603485366408
corn_m5-oil,simclr_cont60_ridge,10,12,0.4080114036260874,0.1309772960662677,1.309084872265155
corn_m5-oil,simclr_cont60_ridge,10,13,0.4889652611168691,0.1238183818694819,1.4089619438109695
corn_m5-oil,simclr_cont60_ridge,10,14,-0.0255317714568095,0.179987635910864,0.994603343539698
corn_m5-oil,simclr_cont60_ridge,10,15,0.1131405742565686,0.1650500875203942,1.0695401232688295
corn_m5-oil,simclr_cont60_ridge,10,16,0.1010184760188592,0.1686023291841425,1.0623046721710008
corn_m5-oil,simclr_cont60_ridge,10,17,0.2965028172632622,0.1466877575277121,1.2008625283959973
corn_m5-oil,simclr_cont60_ridge,10,18,0.3888113258070054,0.1390231831110606,1.2883587926326368
corn_m5-oil,simclr_cont60_ridge,10,19,0.2107644266953289,0.1575900336946377,1.133760046918612
corn_m5-oil,simclr_cont60_ridge,10,20,0.1316971055008792,0.1605939465901633,1.0809082964629744
corn_m5-oil,simclr_cont60_ridge,10,21,-0.1327527044353358,0.1823833245838992,0.9463611879998634
corn_m5-oil,simclr_cont60_ridge,10,22,0.1331597951557411,0.1601624387822533,1.0818198641227117
corn_m5-oil,simclr_cont60_ridge,10,23,0.4535401039805453,0.1351783533690683,1.362527658835072
corn_m5-oil,simclr_cont60_ridge,10,24,-0.0647416008355388,0.1739388889991369,0.9761180939653162
corn_m5-oil,simclr_cont60_ridge,10,25,0.4773344424260917,0.1245815555053615,1.3931970096133188
corn_m5-oil,simclr_cont60_ridge,10,26,0.1485923141963853,0.1692245087287621,1.0915803055977906
corn_m5-oil,simclr_cont60_ridge,10,27,-0.1732183104465279,0.1947191279125289,0.9298974535564696
corn_m5-oil,simclr_cont60_ridge,10,28,0.3605472244527046,0.1457182727919113,1.25956399078782
corn_m5-oil,simclr_cont60_ridge,10,29,-0.2040023882208039,0.1956584497638217,0.9179326138002314
corn_m5-oil,simclr_cont60_ridge,20,0,0.5305100948579559,0.1196868842719642,1.4717582876858537
corn_m5-oil,simclr_cont60_ridge,20,1,0.3995110296853577,0.1451954420746957,1.301358946222683
corn_m5-oil,simclr_cont60_ridge,20,2,-0.0253770697090007,0.1665145553921484,0.9958818531628042
corn_m5-oil,simclr_cont60_ridge,20,3,-0.0270955145350948,0.1764607304174886,0.9950483939468066
corn_m5-oil,simclr_cont60_ridge,20,4,0.4457241587611327,0.1217773006299734,1.3545238130013435
corn_m5-oil,simclr_cont60_ridge,20,5,0.6001504149107382,0.1084594125735288,1.5947818872711026
corn_m5-oil,simclr_cont60_ridge,20,6,0.5322336790232551,0.1242228318320857,1.4744672971953412
corn_m5-oil,simclr_cont60_ridge,20,7,0.3358488411577859,0.1528624051257155,1.2374172102760232
corn_m5-oil,simclr_cont60_ridge,20,8,0.4895519182608835,0.1304407447319882,1.4114770832468702
corn_m5-oil,simclr_cont60_ridge,20,9,0.1992149548432324,0.1554085353928332,1.1269162524936531
corn_m5-oil,simclr_cont60_ridge,20,10,0.1236825164577176,0.1695351490034944,1.077255899499964
corn_m5-oil,simclr_cont60_ridge,20,11,0.4254854976733113,0.1366168548299423,1.3304517263899036
corn_m5-oil,simclr_cont60_ridge,20,12,0.1327312844271645,0.1635779627444651,1.082861165742298
corn_m5-oil,simclr_cont60_ridge,20,13,0.274575902377125,0.1436503257829718,1.184005255968514
corn_m5-oil,simclr_cont60_ridge,20,14,0.4802210487099954,0.1261922863810909,1.3987505654350432
corn_m5-oil,simclr_cont60_ridge,20,15,0.1722159959914766,0.1519611463841444,1.1083861859056916
corn_m5-oil,simclr_cont60_ridge,20,16,0.6009240792550917,0.1118120033345116,1.596326992365316
corn_m5-oil,simclr_cont60_ridge,20,17,0.4877003085506854,0.1266373326860335,1.4089240166554102
corn_m5-oil,simclr_cont60_ridge,20,18,0.6086332371472012,0.1162607992584983,1.6119725772050113
corn_m5-oil,simclr_cont60_ridge,20,19,0.2365331439992415,0.1430775319816476,1.1541294560672422
corn_m5-oil,simclr_cont60_ridge,20,20,0.3561513447125547,0.1297483820675675,1.2567755493269352
corn_m5-oil,simclr_cont60_ridge,20,21,0.296304472608533,0.1484586042529692,1.2021460230003858
corn_m5-oil,simclr_cont60_ridge,20,22,0.4097264387917317,0.139509036933086,1.3125714503924817
corn_m5-oil,simclr_cont60_ridge,20,23,0.3648605040635199,0.1392652581603508,1.2653627904668945
corn_m5-oil,simclr_cont60_ridge,20,24,0.2558173070785976,0.1483937662481896,1.1689874173184185
corn_m5-oil,simclr_cont60_ridge,20,25,0.4363880638242197,0.1292753801325884,1.3432582863952802
corn_m5-oil,simclr_cont60_ridge,20,26,0.5554962613802175,0.1165676303148002,1.5125575590490543
corn_m5-oil,simclr_cont60_ridge,20,27,0.4240880325247167,0.1354976958903057,1.3288365583776516
corn_m5-oil,simclr_cont60_ridge,20,28,-0.096985563177447,0.1723456717127374,0.962829001673154
corn_m5-oil,simclr_cont60_ridge,20,29,0.647792543110967,0.1059323565940484,1.6992228756471144
corn_m5-protein,simclr_cont60_ridge,5,0,0.1720796161150243,0.4418995955466734,1.1064211886168345
corn_m5-protein,simclr_cont60_ridge,5,1,0.0518906901248428,0.4945769777065615,1.0339167383096008
corn_m5-protein,simclr_cont60_ridge,5,2,0.0272217575363176,0.5008602235295103,1.0207228748508426
corn_m5-protein,simclr_cont60_ridge,5,3,0.1438646974864931,0.4570700483501621,1.0880367614818445
corn_m5-protein,simclr_cont60_ridge,5,4,-0.7366183006751279,0.6578782696739403,0.7639458660824601
corn_m5-protein,simclr_cont60_ridge,5,5,0.0264655839630399,0.4845135167642675,1.0203263847074588
corn_m5-protein,simclr_cont60_ridge,5,6,0.1184490774755684,0.4769710869534036,1.07223769186213
corn_m5-protein,simclr_cont60_ridge,5,7,0.0805988182875445,0.4709648029360505,1.0499345882428588
corn_m5-protein,simclr_cont60_ridge,5,8,-0.0117822527579798,0.4997094843691423,1.0008551844004088
corn_m5-protein,simclr_cont60_ridge,5,9,-1.2533907680780407,0.7334958242461456,0.6706509073049773
corn_m5-protein,simclr_cont60_ridge,5,10,0.0604507107414793,0.4888216787103955,1.038615949743418
corn_m5-protein,simclr_cont60_ridge,5,11,-0.0108932544252333,0.5073251390920585,1.0012951730217403
corn_m5-protein,simclr_cont60_ridge,5,12,0.1992229205312295,0.4485678397672779,1.1250166627527114
corn_m5-protein,simclr_cont60_ridge,5,13,-0.5423644842621975,0.6308820516693403,0.8106273710119809
corn_m5-protein,simclr_cont60_ridge,5,14,-0.3134143236154181,0.5772482356061741,0.8784436295943794
corn_m5-protein,simclr_cont60_ridge,5,15,-1.99604231761058,0.8648477841531033,0.5816219661671227
corn_m5-protein,simclr_cont60_ridge,5,16,-0.0777183922581123,0.5281068928640484,0.9697552167685936
corn_m5-protein,simclr_cont60_ridge,5,17,-2.928650899885531,0.9643839100776374,0.5079173547843264
corn_m5-protein,simclr_cont60_ridge,5,18,-0.0312493395755941,0.5030579535196112,0.9913635116335892
corn_m5-protein,simclr_cont60_ridge,5,19,-0.4879774993886225,0.6084519496224446,0.8253090165265172
corn_m5-protein,simclr_cont60_ridge,5,20,-0.3989428579128837,0.5860155481932885,0.8511670129041212
corn_m5-protein,simclr_cont60_ridge,5,21,-2.77828794111466,0.963305633862946,0.5179254424722827
corn_m5-protein,simclr_cont60_ridge,5,22,-0.0416923399037674,0.5092405505322257,0.9863817685727908
corn_m5-protein,simclr_cont60_ridge,5,23,-0.277785876311222,0.5744521156886943,0.8906062326746654
corn_m5-protein,simclr_cont60_ridge,5,24,-0.0401953784152757,0.5094138098777378,0.9870912721392836
corn_m5-protein,simclr_cont60_ridge,5,25,-0.0216967812799948,0.4975602474730078,0.9959872049055346
corn_m5-protein,simclr_cont60_ridge,5,26,-0.6947716673059332,0.6390808576080892,0.7733198790386743
corn_m5-protein,simclr_cont60_ridge,5,27,-0.1478036373693338,0.5299824872142751,0.9396821420352404
corn_m5-protein,simclr_cont60_ridge,5,28,-0.4364564249593248,0.5908878944051978,0.8399792227806869
corn_m5-protein,simclr_cont60_ridge,5,29,-0.1210875350834659,0.514557998451823,0.9508127786850656
corn_m5-protein,simclr_cont60_ridge,10,0,0.0299578232257484,0.5055703652567478,1.022655046681517
corn_m5-protein,simclr_cont60_ridge,10,1,0.1897719414602765,0.4447447951138449,1.1189761633070738
corn_m5-protein,simclr_cont60_ridge,10,2,-0.4067552295870309,0.5678427064846014,0.8492102069944849
corn_m5-protein,simclr_cont60_ridge,10,3,-0.2337101664485446,0.5622224432247279,0.9068133452343236
corn_m5-protein,simclr_cont60_ridge,10,4,-5.80617929592431,1.2745211645979804,0.3860759794085335
corn_m5-protein,simclr_cont60_ridge,10,5,-0.0386112458806158,0.5268645100282254,0.9883208653876718
corn_m5-protein,simclr_cont60_ridge,10,6,0.092004347863662,0.4636638227890987,1.0570185042493572
corn_m5-protein,simclr_cont60_ridge,10,7,-0.1125982165752446,0.5230683291832453,0.9548942867456568
corn_m5-protein,simclr_cont60_ridge,10,8,0.1023809776375401,0.4490808345980591,1.0631106059605395
corn_m5-protein,simclr_cont60_ridge,10,9,-0.0366481670093612,0.5256365167595681,0.9892562040266816
corn_m5-protein,simclr_cont60_ridge,10,10,0.1095431737807453,0.4657028940907866,1.0673774928663755
corn_m5-protein,simclr_cont60_ridge,10,11,0.3323768762032695,0.3950820648247471,1.2327039550581764
corn_m5-protein,simclr_cont60_ridge,10,12,-0.0486391476027241,0.4904369065070705,0.9835839679739776
corn_m5-protein,simclr_cont60_ridge,10,13,0.009583863918163,0.469599210080702,1.0120818135975376
corn_m5-protein,simclr_cont60_ridge,10,14,0.1446295509139581,0.4573134634234288,1.0890488316625675
corn_m5-protein,simclr_cont60_ridge,10,15,-5.761270110847602,1.3099319332418515,0.3873560393437251
corn_m5-protein,simclr_cont60_ridge,10,16,-0.6535383329258679,0.6174287272227234,0.7832805472204801
corn_m5-protein,simclr_cont60_ridge,10,17,-0.4621567714729819,0.5975250201197088,0.8329664410528326
corn_m5-protein,simclr_cont60_ridge,10,18,-3.1988016681255718,1.009344157959249,0.4915433150452886
corn_m5-protein,simclr_cont60_ridge,10,19,-0.1175184963193913,0.5302067488022983,0.952789833892304
corn_m5-protein,simclr_cont60_ridge,10,20,-0.452899028446881,0.5605742124139194,0.8356160209685993
corn_m5-protein,simclr_cont60_ridge,10,21,-1.583053637856633,0.7713789939022047,0.6266972116099297
corn_m5-protein,simclr_cont60_ridge,10,22,-0.2891196634536421,0.5617350713005143,0.887110782936055
corn_m5-protein,simclr_cont60_ridge,10,23,-0.0234820180604995,0.5119347045926326,0.9955988040516848
corn_m5-protein,simclr_cont60_ridge,10,24,0.3034227224839061,0.4161649973571211,1.2068125637922096
corn_m5-protein,simclr_cont60_ridge,10,25,0.0970330282369479,0.4738565559448105,1.059957719329459
corn_m5-protein,simclr_cont60_ridge,10,26,0.2944017557758842,0.4249011081731802,1.1990732899149663
corn_m5-protein,simclr_cont60_ridge,10,27,-0.061796006251257,0.5028599575708309,0.9774711113123968
corn_m5-protein,simclr_cont60_ridge,10,28,0.3652537556079711,0.4024196628505209,1.2642250885681598
corn_m5-protein,simclr_cont60_ridge,10,29,0.0531336633249914,0.4782901454759189,1.035094822623556
corn_m5-protein,simclr_cont60_ridge,20,0,0.5647362856255926,0.3110269198666783,1.5285279605409656
corn_m5-protein,simclr_cont60_ridge,20,1,0.3579054843591629,0.3958444547895502,1.258491072631373
corn_m5-protein,simclr_cont60_ridge,20,2,0.5808883604971001,0.3133500471168167,1.5577033657551629
corn_m5-protein,simclr_cont60_ridge,20,3,-0.0534886483237997,0.4696227275911584,0.9825048190724416
corn_m5-protein,simclr_cont60_ridge,20,4,0.2863472134004178,0.4295209799890978,1.1937300770100598
corn_m5-protein,simclr_cont60_ridge,20,5,0.5627323085648839,0.314780014193303,1.5250213527520493
corn_m5-protein,simclr_cont60_ridge,20,6,0.4239655725445214,0.3817079522483517,1.3286953012404927
corn_m5-protein,simclr_cont60_ridge,20,7,-1.5802324636099954,0.7785477000039681,0.6277983961036195
corn_m5-protein,simclr_cont60_ridge,20,8,0.8043892467783574,0.2181738188283753,2.280096650912689
corn_m5-protein,simclr_cont60_ridge,20,9,0.3792567743562318,0.3804548266147707,1.279951828289726
corn_m5-protein,simclr_cont60_ridge,20,10,0.4876459038340512,0.359114135329017,1.408849210825411
corn_m5-protein,simclr_cont60_ridge,20,11,0.4921293892848047,0.346959042345246,1.415054212015138
corn_m5-protein,simclr_cont60_ridge,20,12,0.5986657456419493,0.3097052683581529,1.5918293390618463
corn_m5-protein,simclr_cont60_ridge,20,13,0.1471851352958149,0.4452755192541293,1.0919989947730542
corn_m5-protein,simclr_cont60_ridge,20,14,0.8688918570866399,0.1836837891011877,2.7850614788144226
corn_m5-protein,simclr_cont60_ridge,20,15,0.1267944510093259,0.4670770376061652,1.0791737574363018
corn_m5-protein,simclr_cont60_ridge,20,16,0.8087434779765243,0.2142879450659257,2.305905432182808
corn_m5-protein,simclr_cont60_ridge,20,17,0.3481462768427843,0.3874739127261526,1.2490348158864273
corn_m5-protein,simclr_cont60_ridge,20,18,0.5704131490333191,0.3076923754497422,1.538594336505638
corn_m5-protein,simclr_cont60_ridge,20,19,0.6117815152970554,0.3150919802608894,1.618495567328269
corn_m5-protein,simclr_cont60_ridge,20,20,-0.1631780707459051,0.5647421317432666,0.935032090969148
corn_m5-protein,simclr_cont60_ridge,20,21,-0.3918730321021808,0.5985102248153685,0.8547710587608033
corn_m5-protein,simclr_cont60_ridge,20,22,0.8367856307299952,0.2058687471492465,2.4961485296884454
corn_m5-protein,simclr_cont60_ridge,20,23,-0.0550452388822035,0.4882896033086712,0.9817797685341916
corn_m5-protein,simclr_cont60_ridge,20,24,0.6567208654377469,0.2875958037862501,1.7211785141689453
corn_m5-protein,simclr_cont60_ridge,20,25,-0.1774138685419406,0.4908254656781795,0.9293622887248136
corn_m5-protein,simclr_cont60_ridge,20,26,-1.960875859330796,0.7816081613926448,0.5860565441501038
corn_m5-protein,simclr_cont60_ridge,20,27,0.3442984032256733,0.4197019937356118,1.2453645488850418
corn_m5-protein,simclr_cont60_ridge,20,28,0.6866721436596437,0.2824199615512548,1.8015657453281424
corn_m5-protein,simclr_cont60_ridge,20,29,0.7925937014327865,0.21559139872667,2.214311159949253
diesel-BP50,simclr_cont60_ridge,5,0,-2.058499377451057,35.67954689493434,0.5725366659230967
diesel-BP50,simclr_cont60_ridge,5,1,-0.1748346167764967,22.5465588522806,0.9237812338709463
diesel-BP50,simclr_cont60_ridge,5,2,0.0291610083673438,20.266525305160464,1.0162110139667626
diesel-BP50,simclr_cont60_ridge,5,3,-0.5557446981037939,25.8300534125754,0.8027648313465373
diesel-BP50,simclr_cont60_ridge,5,4,-0.019019813422958,20.978133623401774,0.9918961137071428
diesel-BP50,simclr_cont60_ridge,5,5,-1.8131731237350937,34.50651594724988,0.5969793008482098
diesel-BP50,simclr_cont60_ridge,5,6,0.046338673563918,20.30528323195144,1.025322333540989
diesel-BP50,simclr_cont60_ridge,5,7,0.0153879664811673,20.52606554458001,1.0090784541930955
diesel-BP50,simclr_cont60_ridge,5,8,-0.213318356073245,22.71606546541212,0.9090130515638226
diesel-BP50,simclr_cont60_ridge,5,9,-0.4743396659465193,25.177825025911723,0.8246292356708722
diesel-BP50,simclr_cont60_ridge,5,10,-0.129098853596465,22.07683173285354,0.9423050522328956
diesel-BP50,simclr_cont60_ridge,5,11,-1.5448590984672572,32.89896059765593,0.627661704693059
diesel-BP50,simclr_cont60_ridge,5,12,0.2509906878966081,18.01355033640348,1.1569481455267236
diesel-BP50,simclr_cont60_ridge,5,13,-1.4563614696841198,32.567705061788274,0.6388683370882959
diesel-BP50,simclr_cont60_ridge,5,14,-0.2418570799515311,23.12685612074768,0.8985074740394253
diesel-BP50,simclr_cont60_ridge,5,15,0.0036668211773668,20.777862987921687,1.0031253517350112
diesel-BP50,simclr_cont60_ridge,5,16,-1.5411473187278633,32.709288203420854,0.6281199409896591
diesel-BP50,simclr_cont60_ridge,5,17,-0.5344699489269955,25.64756335119436,0.8083106650753134
diesel-BP50,simclr_cont60_ridge,5,18,-0.1013767105260157,21.69088625129236,0.9540904712925355
diesel-BP50,simclr_cont60_ridge,5,19,-0.0823053931121684,21.477187065300654,0.9624597836577602
diesel-BP50,simclr_cont60_ridge,5,20,-1.55366261123736,33.089605071554594,0.6265788681613533
diesel-BP50,simclr_cont60_ridge,5,21,-5.847826148879118,54.34612598448975,0.3826318696265802
diesel-BP50,simclr_cont60_ridge,5,22,-0.5833164284246917,25.74275186197522,0.7957444968539681
diesel-BP50,simclr_cont60_ridge,5,23,-1.520015837529645,32.903000407404306,0.6307479791400376
diesel-BP50,simclr_cont60_ridge,5,24,-0.355636199065428,24.047302777097958,0.8599751941854122
diesel-BP50,simclr_cont60_ridge,5,25,-0.1000116987942976,21.671160327762475,0.9546822563236989
diesel-BP50,simclr_cont60_ridge,5,26,-0.8629824788461711,28.077784062254327,0.7335895186973553
diesel-BP50,simclr_cont60_ridge,5,27,-0.431008929354407,24.85056529947065,0.8370209553924509
diesel-BP50,simclr_cont60_ridge,5,28,0.1765732047603707,18.7697304401689,1.1034305534466484
diesel-BP50,simclr_cont60_ridge,5,29,-0.2988098670025236,23.485475848911477,0.878586879153179
diesel-BP50,simclr_cont60_ridge,10,0,0.1606559202720908,18.867787921865776,1.0929360138006183
diesel-BP50,simclr_cont60_ridge,10,1,-0.02128718778282,21.04525374250353,0.9908109800664092
diesel-BP50,simclr_cont60_ridge,10,2,-0.0465715509335513,21.35840831610978,0.9787691899696804
diesel-BP50,simclr_cont60_ridge,10,3,0.492747107108458,14.647794196899351,1.405893704883695
diesel-BP50,simclr_cont60_ridge,10,4,-0.388842235672433,24.53879356318672,0.8496465434660337
diesel-BP50,simclr_cont60_ridge,10,5,-0.1434919129223637,22.22539160324775,0.9363715367707294
diesel-BP50,simclr_cont60_ridge,10,6,0.2781311331012661,17.52615820539764,1.178516308367339
diesel-BP50,simclr_cont60_ridge,10,7,0.0289154725321787,20.253031351460315,1.0160994945844546
diesel-BP50,simclr_cont60_ridge,10,8,0.4601213659997807,15.12590589645819,1.3627515428459829
diesel-BP50,simclr_cont60_ridge,10,9,0.2760166575037913,17.491950949955836,1.1767940545583435
diesel-BP50,simclr_cont60_ridge,10,10,-0.1216175590606136,22.155646948917017,0.9454582433513068
diesel-BP50,simclr_cont60_ridge,10,11,-0.56071079987395,26.0475490247448,0.8015000148805068
diesel-BP50,simclr_cont60_ridge,10,12,0.2594973334075917,17.440308315199182,1.1635939089381675
diesel-BP50,simclr_cont60_ridge,10,13,0.3783006350161081,16.13663500142632,1.2699146714938043
diesel-BP50,simclr_cont60_ridge,10,14,-0.1607180723418935,22.39555438172449,0.9293972419547976
diesel-BP50,simclr_cont60_ridge,10,15,0.2856879192129952,17.538536727015114,1.1847337347793774
diesel-BP50,simclr_cont60_ridge,10,16,0.3461967271942231,16.59495559176239,1.2383437239721096
diesel-BP50,simclr_cont60_ridge,10,17,0.4829838384380583,14.853912254215148,1.3925560776257595
diesel-BP50,simclr_cont60_ridge,10,18,-0.1074375180763633,21.951352513676024,0.9514919893233832
diesel-BP50,simclr_cont60_ridge,10,19,0.0439117869731189,20.25265421997784,1.0240372873924066
diesel-BP50,simclr_cont60_ridge,10,20,0.4530757480423057,15.178165509837502,1.35394543349324
diesel-BP50,simclr_cont60_ridge,10,21,0.3593902691293928,16.536255108283754,1.2510307564685856
diesel-BP50,simclr_cont60_ridge,10,22,0.3543637452542523,16.54090177085049,1.2461513657370578
diesel-BP50,simclr_cont60_ridge,10,23,-0.2290380138931764,23.126621987631008,0.9031961854045956
diesel-BP50,simclr_cont60_ridge,10,24,0.1226910664244939,19.48554709507186,1.0690265139234356
diesel-BP50,simclr_cont60_ridge,10,25,-0.0244908167429473,21.115718827457425,0.989260611803151
diesel-BP50,simclr_cont60_ridge,10,26,0.0654247745629996,20.15352189309139,1.0357563880159537
diesel-BP50,simclr_cont60_ridge,10,27,0.4483032366493424,15.20997188612716,1.3480764891218544
diesel-BP50,simclr_cont60_ridge,10,28,0.4869813578664639,14.806245828536984,1.3979710540853645
diesel-BP50,simclr_cont60_ridge,10,29,0.0887212873544612,19.859908372599097,1.0489122075934387
diesel-BP50,simclr_cont60_ridge,20,0,0.2597944821857801,18.0782839791784,1.1638678553830024
diesel-BP50,simclr_cont60_ridge,20,1,0.6631117755188545,12.205081602072688,1.725189941006945
diesel-BP50,simclr_cont60_ridge,20,2,-1.5672954721710577,33.30231503165458,0.6249451548137895
diesel-BP50,simclr_cont60_ridge,20,3,-0.1306416238885615,22.380782224774045,0.9417103593009626
diesel-BP50,simclr_cont60_ridge,20,4,0.4721467673771713,15.055555322645455,1.3782348903378745
diesel-BP50,simclr_cont60_ridge,20,5,0.6013558224866592,12.963739319110948,1.5859413411152057
diesel-BP50,simclr_cont60_ridge,20,6,0.5703939785429966,13.505756064611134,1.5277231259137432
diesel-BP50,simclr_cont60_ridge,20,7,0.321352624662979,16.935352176427568,1.215507788177118
diesel-BP50,simclr_cont60_ridge,20,8,0.5731659866999954,13.699914662562705,1.532675879685847
diesel-BP50,simclr_cont60_ridge,20,9,0.521636865558681,14.48244302109842,1.4477746942924463
diesel-BP50,simclr_cont60_ridge,20,10,0.637896744213583,12.381512312278469,1.664039449421051
diesel-BP50,simclr_cont60_ridge,20,11,0.5009932969071991,14.528475826077765,1.4175116700317436
diesel-BP50,simclr_cont60_ridge,20,12,0.5146525468855228,14.632760996469797,1.4373199554442366
diesel-BP50,simclr_cont60_ridge,20,13,0.6771484254475424,11.786404379737734,1.7622940639322249
diesel-BP50,simclr_cont60_ridge,20,14,0.6862731122855465,11.745484328431576,1.7877383730193412
diesel-BP50,simclr_cont60_ridge,20,15,0.3765058501147064,16.208741965565476,1.2681296045499912
diesel-BP50,simclr_cont60_ridge,20,16,0.7000383292759098,11.393322103421358,1.828297859603816
diesel-BP50,simclr_cont60_ridge,20,17,0.4788567574054877,15.01910738779265,1.3870792575986928
diesel-BP50,simclr_cont60_ridge,20,18,0.4080056245427335,15.528979508538113,1.301430685719965
diesel-BP50,simclr_cont60_ridge,20,19,0.6726962805702865,11.795445492263982,1.7502672333683733
diesel-BP50,simclr_cont60_ridge,20,20,0.5811039488115701,13.634456680797856,1.5471296154632384
diesel-BP50,simclr_cont60_ridge,20,21,-0.1109812167757622,22.15712266214962,0.9500062763899504
diesel-BP50,simclr_cont60_ridge,20,22,0.5131690084897523,14.48046560850464,1.4351282848930142
diesel-BP50,simclr_cont60_ridge,20,23,0.4204235152802531,15.19937919798472,1.31529889284431
diesel-BP50,simclr_cont60_ridge,20,24,0.4954234505556916,14.928716872384818,1.4096662482221098
diesel-BP50,simclr_cont60_ridge,20,25,0.7171521731918271,10.91846646371541,1.8827966183851244
diesel-BP50,simclr_cont60_ridge,20,26,0.2237552044004871,18.35693821712368,1.1365288960125677
diesel-BP50,simclr_cont60_ridge,20,27,0.6868278224124424,11.669871203876736,1.7893209494889175
diesel-BP50,simclr_cont60_ridge,20,28,0.2808269634736497,17.58055505180478,1.1807640843184126
diesel-BP50,simclr_cont60_ridge,20,29,0.2666668781439902,17.423236378730174,1.1693087036641234
diesel-CN,simclr_cont60_ridge,5,0,-0.1605063962203683,3.803188547314535,0.9295109694363812
diesel-CN,simclr_cont60_ridge,5,1,0.0126009374897931,3.5068817078301966,1.007701565675675
diesel-CN,simclr_cont60_ridge,5,2,0.1547528603242246,3.2358668805050685,1.08914683482186
diesel-CN,simclr_cont60_ridge,5,3,0.1113818566053695,3.3018387014038453,1.0622352285221337
diesel-CN,simclr_cont60_ridge,5,4,0.4130663539930137,2.6970748074623945,1.307024671719772
diesel-CN,simclr_cont60_ridge,5,5,0.1194078087573937,3.272107011253829,1.067064996162245
diesel-CN,simclr_cont60_ridge,5,6,0.0263114021672161,3.450351097208465,1.0147714648054098
diesel-CN,simclr_cont60_ridge,5,7,-3.731734580681498,7.680606230007562,0.4603287511204276
diesel-CN,simclr_cont60_ridge,5,8,-3.8248528828188126,7.745058655930226,0.4558650012682178
diesel-CN,simclr_cont60_ridge,5,9,0.2119846569394301,3.1366577921104257,1.128004810756837
diesel-CN,simclr_cont60_ridge,5,10,-0.5152741260945524,4.354229933088762,0.8134534114388918
diesel-CN,simclr_cont60_ridge,5,11,-0.0364411049268931,3.553307452413456,0.9835715864309226
diesel-CN,simclr_cont60_ridge,5,12,-0.3061155108600477,4.025443456050386,0.8761682170291014
diesel-CN,simclr_cont60_ridge,5,13,0.4200160554068262,2.6820017180023745,1.314832113964312
diesel-CN,simclr_cont60_ridge,5,14,0.2312365001379072,3.0721160500705884,1.1420415662282108
diesel-CN,simclr_cont60_ridge,5,15,-0.0317017897147697,3.590519894299028,0.9858281080205
diesel-CN,simclr_cont60_ridge,5,16,-0.0032136803575884,3.539077313439643,0.9997273321285726
diesel-CN,simclr_cont60_ridge,5,17,-0.8773205490480711,4.786347357064967,0.73081772431561
diesel-CN,simclr_cont60_ridge,5,18,-0.1461638427549583,3.774878949040292,0.9353086193829904
diesel-CN,simclr_cont60_ridge,5,19,0.2797261308062577,2.993880564995186,1.1798572321066103
diesel-CN,simclr_cont60_ridge,5,20,-1.6289193060743936,5.7258818709231285,0.6175749341187728
diesel-CN,simclr_cont60_ridge,5,21,0.4218433845720833,2.668893868148284,1.3169083123099004
diesel-CN,simclr_cont60_ridge,5,22,0.1027798408065072,3.3463687237816235,1.0571309234896962
diesel-CN,simclr_cont60_ridge,5,23,0.2459107457795515,3.0667469389357005,1.1530998417438418
diesel-CN,simclr_cont60_ridge,5,24,-0.0692802966791978,3.647785141280107,0.9683503334991744
diesel-CN,simclr_cont60_ridge,5,25,0.1435728564985439,3.274210510511722,1.082014490485842
diesel-CN,simclr_cont60_ridge,5,26,0.2998105661217318,2.938943102959867,1.196659277559357
diesel-CN,simclr_cont60_ridge,5,27,0.3509963686296313,2.8427745889265443,1.2429530523566037
diesel-CN,simclr_cont60_ridge,5,28,0.2615924123667345,3.0244253100418512,1.165279787053534
diesel-CN,simclr_cont60_ridge,5,29,-0.3749065414389469,4.129946096495449,0.8539682014155516
diesel-CN,simclr_cont60_ridge,10,0,-0.8377795656293896,4.742451358577336,0.7386511590557535
diesel-CN,simclr_cont60_ridge,10,1,0.3869502463837626,2.7599517743246964,1.278904842088923
diesel-CN,simclr_cont60_ridge,10,2,0.0363602871425055,3.4573524231170643,1.0200671174208569
diesel-CN,simclr_cont60_ridge,10,3,0.3434512053643411,2.8680150927660875,1.2358125139378282
diesel-CN,simclr_cont60_ridge,10,4,0.329033673649493,2.86367407484992,1.2224630198008064
diesel-CN,simclr_cont60_ridge,10,5,0.0200924825138852,3.506088702441552,1.0115644262065422
diesel-CN,simclr_cont60_ridge,10,6,0.2513379575576615,3.0404105056805277,1.1572926246717656
diesel-CN,simclr_cont60_ridge,10,7,0.1600699735080979,3.220113515820645,1.0926084105503848
diesel-CN,simclr_cont60_ridge,10,8,0.3964491145936966,2.734495884019244,1.28892945102519
diesel-CN,simclr_cont60_ridge,10,9,0.1133908086667729,3.3056636639168504,1.0634571074814867
diesel-CN,simclr_cont60_ridge,10,10,0.3584045173384541,2.7804183151392925,1.250130767798891
diesel-CN,simclr_cont60_ridge,10,11,-1.1621000834833808,5.175811162448028,0.6810016999163215
diesel-CN,simclr_cont60_ridge,10,12,-0.0168966471271292,3.5456742517727773,0.992996425298085
diesel-CN,simclr_cont60_ridge,10,13,0.2066401606285585,3.141701775963381,1.1242191702286686
diesel-CN,simclr_cont60_ridge,10,14,0.1677915142577198,3.205860734202971,1.0976655213859496
diesel-CN,simclr_cont60_ridge,10,15,-0.1187982091829453,3.722636530695903,0.946695279281878
diesel-CN,simclr_cont60_ridge,10,16,-0.3938042704405038,4.119301510646058,0.8481744725123196
diesel-CN,simclr_cont60_ridge,10,17,0.2084061003554214,3.110212058195575,1.1254724626633004
diesel-CN,simclr_cont60_ridge,10,18,0.2322930914964747,3.101421770465657,1.1428477257224423
diesel-CN,simclr_cont60_ridge,10,19,-0.0631855006297998,3.635859265809784,0.9711393909893736
diesel-CN,simclr_cont60_ridge,10,20,0.2915418538928598,2.987491109799831,1.1896768031663365
diesel-CN,simclr_cont60_ridge,10,21,0.3343699839682128,2.861364863393828,1.2273534390430276
diesel-CN,simclr_cont60_ridge,10,22,-7.9295639047378845,10.470403714799277,0.3350973303705937
diesel-CN,simclr_cont60_ridge,10,23,0.172679435918441,3.217784094271879,1.1009033241803314
diesel-CN,simclr_cont60_ridge,10,24,0.0473241101958594,3.4415760427284483,1.0259200219488096
diesel-CN,simclr_cont60_ridge,10,25,0.3220933357074871,2.894929649814901,1.2161891961572442
diesel-CN,simclr_cont60_ridge,10,26,-0.5326931693867358,4.369463771824726,0.8088322920237183
diesel-CN,simclr_cont60_ridge,10,27,0.2536871496983828,3.03541651132938,1.1591126165569428
diesel-CN,simclr_cont60_ridge,10,28,-0.0109051176211321,3.5432349554858327,0.9959347711870444
diesel-CN,simclr_cont60_ridge,10,29,0.2118042589727976,3.111421111690557,1.1278959854128496
diesel-CN,simclr_cont60_ridge,20,0,-0.3101886260208593,3.984717971282532,0.8748537104607286
diesel-CN,simclr_cont60_ridge,20,1,0.2187884338867329,3.1008471770015227,1.1329689773595135
diesel-CN,simclr_cont60_ridge,20,2,0.4442650166838745,2.645384784139293,1.343285981250437
diesel-CN,simclr_cont60_ridge,20,3,0.4728751988397338,2.547086845264767,1.3792583615029137
diesel-CN,simclr_cont60_ridge,20,4,0.3257499624443305,2.811253284355091,1.2195282383356674
diesel-CN,simclr_cont60_ridge,20,5,0.3318692925597237,2.8196563913247186,1.2251002664668198
diesel-CN,simclr_cont60_ridge,20,6,-1.777146020118238,5.8334524730609765,0.6009010916137901
diesel-CN,simclr_cont60_ridge,20,7,0.1354385699454026,3.309149861443164,1.0769720244478134
diesel-CN,simclr_cont60_ridge,20,8,0.4295257878134084,2.6484770743225594,1.3258193157613372
diesel-CN,simclr_cont60_ridge,20,9,0.3500826551240423,2.866585167618908,1.2421478352194169
diesel-CN,simclr_cont60_ridge,20,10,-0.0101354666589168,3.5965302741250267,0.9963514121407012
diesel-CN,simclr_cont60_ridge,20,11,0.40713386504816,2.740542814991942,1.30054094208074
diesel-CN,simclr_cont60_ridge,20,12,0.0932924111417693,3.397319287086036,1.051643943992828
diesel-CN,simclr_cont60_ridge,20,13,0.4552278610660333,2.596321915671622,1.356734617529458
diesel-CN,simclr_cont60_ridge,20,14,0.5028247196482839,2.467807763932914,1.4201937167993828
diesel-CN,simclr_cont60_ridge,20,15,0.4596083879438731,2.595754328791481,1.3622225050791177
diesel-CN,simclr_cont60_ridge,20,16,0.3502123121215558,2.8270701683209936,1.242271756562151
diesel-CN,simclr_cont60_ridge,20,17,0.1370879433816564,3.292557634276477,1.0780007973249546
diesel-CN,simclr_cont60_ridge,20,18,0.2960075467840548,2.9004324463440203,1.1934888026561128
diesel-CN,simclr_cont60_ridge,20,19,0.3690881464076565,2.77455769680166,1.2607181553258362
diesel-CN,simclr_cont60_ridge,20,20,0.0077965765948878,3.5533742935695742,1.005314600494019
diesel-CN,simclr_cont60_ridge,20,21,0.293724319639738,2.9508568379688245,1.191558103353234
diesel-CN,simclr_cont60_ridge,20,22,0.3017005878276976,2.941057358274885,1.198344018201289
diesel-CN,simclr_cont60_ridge,20,23,0.4304714087710173,2.6587382193744413,1.3269195261590483
diesel-CN,simclr_cont60_ridge,20,24,0.4007369537611063,2.7251830125864047,1.293580921662619
diesel-CN,simclr_cont60_ridge,20,25,0.4070564976337808,2.6926885996797094,1.3004560918614447
diesel-CN,simclr_cont60_ridge,20,26,0.2935530215181324,2.983007444711811,1.191413631053279
diesel-CN,simclr_cont60_ridge,20,27,0.0515489221601965,3.414911973176996,1.028240920599581
diesel-CN,simclr_cont60_ridge,20,28,0.377853316381991,2.744695641612237,1.2695679650416622
diesel-CN,simclr_cont60_ridge,20,29,0.3838191266899987,2.8165635162777445,1.275699084560184
diesel-D4052,simclr_cont60_ridge,5,0,0.0358490229072897,0.0149461210617694,1.0197294922522089
diesel-D4052,simclr_cont60_ridge,5,1,-1.2583264687004996,0.0230936181994683,0.6662912968226928
diesel-D4052,simclr_cont60_ridge,5,2,-0.9436314585451022,0.0214681153371324,0.7182085038103159
diesel-D4052,simclr_cont60_ridge,5,3,0.2287318014606041,0.0134569377874629,1.1401310953232149
diesel-D4052,simclr_cont60_ridge,5,4,0.2210504636628365,0.0136632400241587,1.1344956663852883
diesel-D4052,simclr_cont60_ridge,5,5,-1.5315527889554454,0.024485625707065,0.6293090957655806
diesel-D4052,simclr_cont60_ridge,5,6,-2.2539901868892724,0.0276286903415912,0.5550720805576845
diesel-D4052,simclr_cont60_ridge,5,7,-0.8072418409421089,0.0206586884611638,0.744816632791844
diesel-D4052,simclr_cont60_ridge,5,8,-0.3067165495716728,0.0176334362088087,0.8759247686270026
diesel-D4052,simclr_cont60_ridge,5,9,0.0045498582544524,0.0154518994521822,1.0035701758838234
diesel-D4052,simclr_cont60_ridge,5,10,0.1128498880847527,0.0145856552679378,1.0630628635578796
diesel-D4052,simclr_cont60_ridge,5,11,-0.0989244130175852,0.0162084592289466,0.9551544252001462
diesel-D4052,simclr_cont60_ridge,5,12,-0.1468354953777257,0.0163860763390062,0.9349899435081584
diesel-D4052,simclr_cont60_ridge,5,13,-0.0442136138379118,0.0156854460293311,0.9798572884125656
diesel-D4052,simclr_cont60_ridge,5,14,0.2249008361710285,0.0135858799277805,1.1373100285140156
diesel-D4052,simclr_cont60_ridge,5,15,-1.1947145074013368,0.0228826777984514,0.6758782729199228
diesel-D4052,simclr_cont60_ridge,5,16,-0.1568133950869847,0.0166386777409244,0.9309489114398866
diesel-D4052,simclr_cont60_ridge,5,17,-1.3250187240305782,0.0233265949894668,0.6566656143553331
diesel-D4052,simclr_cont60_ridge,5,18,0.0021883357860987,0.0154535936990516,1.0023818968182585
diesel-D4052,simclr_cont60_ridge,5,19,-3.807882988914842,0.033720915319126,0.4566469466212486
diesel-D4052,simclr_cont60_ridge,5,20,-0.704804324076171,0.0201434443494414,0.7668673252789916
diesel-D4052,simclr_cont60_ridge,5,21,0.2606510534186318,0.0132344140371333,1.1644819834463724
diesel-D4052,simclr_cont60_ridge,5,22,0.3046655983716005,0.0127549487986433,1.2007722549619897
diesel-D4052,simclr_cont60_ridge,5,23,-0.2831250261788953,0.0173663696587142,0.8839404641632254
diesel-D4052,simclr_cont60_ridge,5,24,0.0422197452860113,0.014975718714126,1.0231152618169492
diesel-D4052,simclr_cont60_ridge,5,25,-0.263582743743602,0.0173689915976494,0.8907496486296221
diesel-D4052,simclr_cont60_ridge,5,26,0.0065727147136284,0.0153292246427538,1.0045914111879248
diesel-D4052,simclr_cont60_ridge,5,27,0.1667830213652354,0.0141089494577078,1.0969288207766197
diesel-D4052,simclr_cont60_ridge,5,28,-0.3165713366688585,0.0177032972097699,0.8726403791889186
diesel-D4052,simclr_cont60_ridge,5,29,0.2214384585895414,0.0136355659021365,1.134778318245548
diesel-D4052,simclr_cont60_ridge,10,0,0.6118902685503362,0.0093502088905148,1.607264995671524
diesel-D4052,simclr_cont60_ridge,10,1,0.516572688228527,0.0107385112558087,1.4401215897421658
diesel-D4052,simclr_cont60_ridge,10,2,0.5216875618329315,0.0106150632925609,1.447801143495577
diesel-D4052,simclr_cont60_ridge,10,3,0.4701691141389282,0.011152024741464,1.375612510576941
diesel-D4052,simclr_cont60_ridge,10,4,0.0019916384947364,0.0155212412066656,1.002299843664603
diesel-D4052,simclr_cont60_ridge,10,5,0.1607283354883529,0.0141653862428252,1.0929831639034937
diesel-D4052,simclr_cont60_ridge,10,6,0.0354924350954872,0.0151601044027211,1.019557992317795
diesel-D4052,simclr_cont60_ridge,10,7,0.1531324098140057,0.0142168205352373,1.0880704009807558
diesel-D4052,simclr_cont60_ridge,10,8,0.7366428703361672,0.0079150748719161,1.9511569826807824
diesel-D4052,simclr_cont60_ridge,10,9,0.7728915943053637,0.0071931156017141,2.1011068967076563
diesel-D4052,simclr_cont60_ridge,10,10,0.7653492909018355,0.0074193533320586,2.0670634941585946
diesel-D4052,simclr_cont60_ridge,10,11,0.0363809094766901,0.0151203210366714,1.020027909559272
diesel-D4052,simclr_cont60_ridge,10,12,0.5982780211398513,0.0096468439357433,1.5797994413070824
diesel-D4052,simclr_cont60_ridge,10,13,0.2085145234435573,0.0137530644618961,1.1254942419936278
diesel-D4052,simclr_cont60_ridge,10,14,0.6905767961738988,0.008577458998199,1.8000655206031184
diesel-D4052,simclr_cont60_ridge,10,15,0.3661079730987815,0.0123154674450894,1.2576422182997824
diesel-D4052,simclr_cont60_ridge,10,16,0.4967166029055038,0.0109123972806897,1.4114270965744795
diesel-D4052,simclr_cont60_ridge,10,17,0.4584852876364315,0.0111756542019276,1.3606913449784095
diesel-D4052,simclr_cont60_ridge,10,18,0.6668275311228293,0.0089225870687998,1.7347232491705873
diesel-D4052,simclr_cont60_ridge,10,19,0.2155185564823702,0.0136817797946658,1.130507414529704
diesel-D4052,simclr_cont60_ridge,10,20,0.2124285821819856,0.0137970027187642,1.1282875066724738
diesel-D4052,simclr_cont60_ridge,10,21,0.2307302846571026,0.0134571477226923,1.141630163264192
diesel-D4052,simclr_cont60_ridge,10,22,0.010573004160218,0.0154507143001769,1.0066369662917072
diesel-D4052,simclr_cont60_ridge,10,23,0.7192609057251124,0.0082332387378085,1.88978895042328
diesel-D4052,simclr_cont60_ridge,10,24,0.4809329181189027,0.0108895212107881,1.3898022444545213
diesel-D4052,simclr_cont60_ridge,10,25,0.0633410865114821,0.0150052228425259,1.034603676611069
diesel-D4052,simclr_cont60_ridge,10,26,0.3189965614484205,0.0128012127930786,1.2133611913716598
diesel-D4052,simclr_cont60_ridge,10,27,-0.1185344873176146,0.0162246289585329,0.9467603532814836
diesel-D4052,simclr_cont60_ridge,10,28,0.7210665221897008,0.008073208250689,1.8958956569016308
diesel-D4052,simclr_cont60_ridge,10,29,0.4679770330785685,0.0113484132683378,1.3727756342959034
diesel-D4052,simclr_cont60_ridge,20,0,0.6713547007534912,0.0088589084931668,1.7466911523292996
diesel-D4052,simclr_cont60_ridge,20,1,0.4803258850206742,0.0110582792366291,1.3890385222550583
diesel-D4052,simclr_cont60_ridge,20,2,0.8139082254812263,0.0066652917195069,2.321219680902574
diesel-D4052,simclr_cont60_ridge,20,3,0.7522506151881392,0.007684748286612,2.01174782463882
diesel-D4052,simclr_cont60_ridge,20,4,0.6707684892278336,0.0088507363961138,1.7451354283986444
diesel-D4052,simclr_cont60_ridge,20,5,0.6655207921791852,0.0086157118469899,1.7313914549420129
diesel-D4052,simclr_cont60_ridge,20,6,0.7007068552033948,0.0083743044797811,1.8303386392992165
diesel-D4052,simclr_cont60_ridge,20,7,0.6580670869665175,0.0090388324589065,1.712416404751519
diesel-D4052,simclr_cont60_ridge,20,8,0.6688589085873855,0.0088059705381059,1.7400963451501414
diesel-D4052,simclr_cont60_ridge,20,9,0.6036240596760911,0.0097062936554364,1.590472594298307
diesel-D4052,simclr_cont60_ridge,20,10,0.6648172119166077,0.0089268601045716,1.7295733234111692
diesel-D4052,simclr_cont60_ridge,20,11,0.7305565083607646,0.0081237932439186,1.9290611018941617
diesel-D4052,simclr_cont60_ridge,20,12,0.5128175937270311,0.0107918987308284,1.4346105976396406
diesel-D4052,simclr_cont60_ridge,20,13,0.6824000154592121,0.0087836430784044,1.7768042995449105
diesel-D4052,simclr_cont60_ridge,20,14,0.8177436622307126,0.0065328167083904,2.345516611524299
diesel-D4052,simclr_cont60_ridge,20,15,-0.3173455271922847,0.0170202362785243,0.872428776683977
diesel-D4052,simclr_cont60_ridge,20,16,0.3429116773504875,0.0125320426898587,1.235287247885418
diesel-D4052,simclr_cont60_ridge,20,17,0.2714583763693874,0.0130721778744506,1.1731475774435325
diesel-D4052,simclr_cont60_ridge,20,18,0.6930458219539553,0.0085145024904287,1.807353307597456
diesel-D4052,simclr_cont60_ridge,20,19,0.7649641467141177,0.0074349981047687,2.0654409091083186
diesel-D4052,simclr_cont60_ridge,20,20,0.6030261343924314,0.0098680632920502,1.5892743515116368
diesel-D4052,simclr_cont60_ridge,20,21,0.4744614870632471,0.0112741044058723,1.3812667540854364
diesel-D4052,simclr_cont60_ridge,20,22,0.4257556470030176,0.0116463479264182,1.3213913702893436
diesel-D4052,simclr_cont60_ridge,20,23,0.6704151341805618,0.0088280088555961,1.7441996788451657
diesel-D4052,simclr_cont60_ridge,20,24,0.5268146709212811,0.0106392974065317,1.4556742418893258
diesel-D4052,simclr_cont60_ridge,20,25,0.6345533516817516,0.0093094540176677,1.6564099903232088
diesel-D4052,simclr_cont60_ridge,20,26,0.6929354688854379,0.0084959690617931,1.807028514458316
diesel-D4052,simclr_cont60_ridge,20,27,0.7195289734073533,0.0078471714371508,1.8907574953326929
diesel-D4052,simclr_cont60_ridge,20,28,0.7589294347948757,0.0076174045881312,2.039425004551873
diesel-D4052,simclr_cont60_ridge,20,29,0.7320338933173728,0.007978324094911,1.9343715653706617
diesel-FLASH,simclr_cont60_ridge,5,0,-0.4635894388002137,10.415752877568586,0.8276521915481498
diesel-FLASH,simclr_cont60_ridge,5,1,-0.9685734472870332,12.095690333151666,0.7136441193041339
diesel-FLASH,simclr_cont60_ridge,5,2,-0.1608417205551353,9.273082769556618,0.929332229236815
diesel-FLASH,simclr_cont60_ridge,5,3,-0.2654878694492939,9.752001326423985,0.8900789076223244
diesel-FLASH,simclr_cont60_ridge,5,4,-0.7581042015292236,11.262095380281448,0.755153425809421
diesel-FLASH,simclr_cont60_ridge,5,5,-0.8269499516869683,11.587200895547229,0.7407884078662047
diesel-FLASH,simclr_cont60_ridge,5,6,-0.3719454991713553,10.12941834046605,0.8548483410338082
diesel-FLASH,simclr_cont60_ridge,5,7,-5.060124220155449,21.032910656293776,0.4067398645314098
diesel-FLASH,simclr_cont60_ridge,5,8,-0.111429601934673,9.075415906575529,0.9497657911538832
diesel-FLASH,simclr_cont60_ridge,5,9,-0.2071488787467599,9.495444885350055,0.911332975920179
diesel-FLASH,simclr_cont60_ridge,5,10,-4.287697740974988,19.93410926625448,0.4354358597961128
diesel-FLASH,simclr_cont60_ridge,5,11,-0.0632758170910761,8.897530986372967,0.9710342189979052
diesel-FLASH,simclr_cont60_ridge,5,12,0.0040145326151356,8.65781278466857,1.0033004384870563
diesel-FLASH,simclr_cont60_ridge,5,13,-0.3190298662916186,9.9283814533595,0.8718267460354179
diesel-FLASH,simclr_cont60_ridge,5,14,0.0587835702257218,8.398353759625957,1.0320785523634362
diesel-FLASH,simclr_cont60_ridge,5,15,-1.8532536294910789,14.634040583934764,0.5927714982683865
diesel-FLASH,simclr_cont60_ridge,5,16,-1.9244315342790184,14.620456777533628,0.5855133123290723
diesel-FLASH,simclr_cont60_ridge,5,17,-0.0462287162128447,8.808636126473479,0.9789132001869016
diesel-FLASH,simclr_cont60_ridge,5,18,-0.651950375388779,11.14875578348796,0.7790386495602768
diesel-FLASH,simclr_cont60_ridge,5,19,-0.2991271740562966,9.803751589511394,0.8784795767871698
diesel-FLASH,simclr_cont60_ridge,5,20,-0.0055382372955694,8.706365353999868,0.9985233103092404
diesel-FLASH,simclr_cont60_ridge,5,21,-0.7379602708072641,11.428488195315724,0.7595171428528529
diesel-FLASH,simclr_cont60_ridge,5,22,-1.0486461112731948,12.39426762979945,0.6995584889746914
diesel-FLASH,simclr_cont60_ridge,5,23,-0.1586335717140787,9.313286884954053,0.9302173784028888
diesel-FLASH,simclr_cont60_ridge,5,24,-1.4809093369583617,13.65344421249062,0.6356997725738719
diesel-FLASH,simclr_cont60_ridge,5,25,-0.2332602740172149,9.609919828166534,0.9016336916517654
diesel-FLASH,simclr_cont60_ridge,5,26,-0.5356914420894408,10.663946669805432,0.8079891348720474
diesel-FLASH,simclr_cont60_ridge,5,27,-0.4020360849154101,10.277348216291132,0.8456251814573923
diesel-FLASH,simclr_cont60_ridge,5,28,-0.18190743775813,9.391813665176857,0.9210130206791948
diesel-FLASH,simclr_cont60_ridge,5,29,-0.0023335220964877,8.692364793800492,1.0001183029188627
diesel-FLASH,simclr_cont60_ridge,10,0,-0.4277550709133932,10.399246094136902,0.837988187828848
diesel-FLASH,simclr_cont60_ridge,10,1,-0.0324760609439556,8.795911642867658,0.9854276799726251
diesel-FLASH,simclr_cont60_ridge,10,2,-0.6857176016365292,11.188121352403185,0.771209448640169
diesel-FLASH,simclr_cont60_ridge,10,3,-0.0093975260962815,8.705864881460393,0.9966292625560884
diesel-FLASH,simclr_cont60_ridge,10,4,-0.0912915559542484,9.09969301222184,0.9585049392536092
diesel-FLASH,simclr_cont60_ridge,10,5,-0.2944239115750895,9.82772191548992,0.880088789646984
diesel-FLASH,simclr_cont60_ridge,10,6,-0.7214551864139283,11.292033631777295,0.7631622712426868
diesel-FLASH,simclr_cont60_ridge,10,7,0.0169787584575361,8.532494266638967,1.0099114623159755
diesel-FLASH,simclr_cont60_ridge,10,8,-1.4136780660879924,13.052044249000248,0.6445032039185314
diesel-FLASH,simclr_cont60_ridge,10,9,-0.0090309524335618,8.580878650564456,0.996810280226124
diesel-FLASH,simclr_cont60_ridge,10,10,0.1105946434816576,8.219385671888537,1.0617319395637326
diesel-FLASH,simclr_cont60_ridge,10,11,-0.0812464072450396,8.986968023603062,0.9629470651469416
diesel-FLASH,simclr_cont60_ridge,10,12,-0.1762938002088845,9.323880639931932,0.9232234956341848
diesel-FLASH,simclr_cont60_ridge,10,13,0.0168857613904838,8.633260401686647,1.0098636952196192
diesel-FLASH,simclr_cont60_ridge,10,14,-0.0633480294716455,8.941221134987051,0.971017455934993
diesel-FLASH,simclr_cont60_ridge,10,15,-0.7395035958667191,11.355451937458296,0.7591928112759346
diesel-FLASH,simclr_cont60_ridge,10,16,0.0248461270337706,8.4963059776641,1.013977171756311
diesel-FLASH,simclr_cont60_ridge,10,17,-1.2665826225651986,13.05956777567818,0.665087790384885
diesel-FLASH,simclr_cont60_ridge,10,18,-0.0177551948217666,8.710303920840703,0.9925287342496388
diesel-FLASH,simclr_cont60_ridge,10,19,0.0477273636477978,8.484993429880998,1.026086798485276
diesel-FLASH,simclr_cont60_ridge,10,20,-3.1189869605788134,17.2134673181116,0.4933663714217735
diesel-FLASH,simclr_cont60_ridge,10,21,-0.2311360385190444,9.493979853399226,0.9024262721811634
diesel-FLASH,simclr_cont60_ridge,10,22,0.0172781460732603,8.621515441424593,1.010065286085578
diesel-FLASH,simclr_cont60_ridge,10,23,0.0126271600589962,8.62391055712624,1.0076835389871388
diesel-FLASH,simclr_cont60_ridge,10,24,-4.894036565498151,20.87300104543203,0.4124376842007597
diesel-FLASH,simclr_cont60_ridge,10,25,-0.0325677210382586,8.814848169229174,0.9853839412440036
diesel-FLASH,simclr_cont60_ridge,10,26,-0.0086407764303388,8.72002194784672,0.9970030613700882
diesel-FLASH,simclr_cont60_ridge,10,27,0.0537617602577331,8.335895438449787,1.0293534041376518
diesel-FLASH,simclr_cont60_ridge,10,28,-0.7796978631894371,11.479308907259442,0.750570710713487
diesel-FLASH,simclr_cont60_ridge,10,29,-0.3902510971350523,10.217094909567738,0.8492159242445466
diesel-FLASH,simclr_cont60_ridge,20,0,-0.0759325932013983,9.08370040007243,0.9653555569098377
diesel-FLASH,simclr_cont60_ridge,20,1,0.0388295785101201,8.516525204928847,1.0213618545727228
diesel-FLASH,simclr_cont60_ridge,20,2,0.1404532878523694,8.02203702772146,1.0800530583937469
diesel-FLASH,simclr_cont60_ridge,20,3,-1.0021455052236918,12.354535473115703,0.7076720032952332
diesel-FLASH,simclr_cont60_ridge,20,4,0.1208598279835123,8.146137549850115,1.0679496310476568
diesel-FLASH,simclr_cont60_ridge,20,5,-0.0473917483673111,8.826813906377332,0.9784198583694058
diesel-FLASH,simclr_cont60_ridge,20,6,-1.2369299088011396,13.040795519017962,0.6695047223073773
diesel-FLASH,simclr_cont60_ridge,20,7,-0.0911961164091759,9.015861436655316,0.9585801399201712
diesel-FLASH,simclr_cont60_ridge,20,8,-0.068799904162609,8.893410964367785,0.9685713746364693
diesel-FLASH,simclr_cont60_ridge,20,9,-0.07975616888267,8.981464902779773,0.963644807933686
diesel-FLASH,simclr_cont60_ridge,20,10,0.0982491550329379,8.187047176707345,1.0544756459979965
diesel-FLASH,simclr_cont60_ridge,20,11,-0.1929466437006533,9.50986660700164,0.9167888503858754
diesel-FLASH,simclr_cont60_ridge,20,12,0.0017910103693161,8.58311982025654,1.0022339138266183
diesel-FLASH,simclr_cont60_ridge,20,13,0.1422192285937936,7.95662151270458,1.0811642566809814
diesel-FLASH,simclr_cont60_ridge,20,14,-0.6917340476219165,11.227586467913676,0.7698636028289493
diesel-FLASH,simclr_cont60_ridge,20,15,0.2117017884650212,7.732207737404953,1.1278064191484056
diesel-FLASH,simclr_cont60_ridge,20,16,0.0123682322442501,8.657553594196918,1.007586424177657
diesel-FLASH,simclr_cont60_ridge,20,17,0.2028988421541769,7.686993731697306,1.121561551614306
diesel-FLASH,simclr_cont60_ridge,20,18,-3.003184685634533,17.02968914728428,0.5004688131293556
diesel-FLASH,simclr_cont60_ridge,20,19,0.1903942063855184,7.812568240999386,1.1128663969879282
diesel-FLASH,simclr_cont60_ridge,20,20,-0.0916353985285389,9.091286950589492,0.958387250661232
diesel-FLASH,simclr_cont60_ridge,20,21,-0.0606136797666816,8.968233005230047,0.9723020929323472
diesel-FLASH,simclr_cont60_ridge,20,22,-0.502727246870861,10.343747452986422,0.8168451829463725
diesel-FLASH,simclr_cont60_ridge,20,23,-0.089715048899345,8.983540834815956,0.9592313376035088
diesel-FLASH,simclr_cont60_ridge,20,24,-0.1651547287943719,9.247482673481192,0.9276582936733464
diesel-FLASH,simclr_cont60_ridge,20,25,-0.1045558491559202,9.12177242217746,0.9527654343462506
diesel-FLASH,simclr_cont60_ridge,20,26,-0.031953988981118,8.881389373654608,0.985711142136095
diesel-FLASH,simclr_cont60_ridge,20,27,0.0122242099880013,8.648281579696103,1.0075129661309865
diesel-FLASH,simclr_cont60_ridge,20,28,0.1153652269444526,8.165353409819222,1.06462786627407
diesel-FLASH,simclr_cont60_ridge,20,29,-0.1576683566747201,9.217809314057622,0.9306529353206812
diesel-FREEZE,simclr_cont60_ridge,5,0,-0.4083085709605862,13.810721240568364,0.8437399087510606
diesel-FREEZE,simclr_cont60_ridge,5,1,0.025122643967241,11.446133093259888,1.0141040365389338
diesel-FREEZE,simclr_cont60_ridge,5,2,-0.1713063767879585,12.694349104943154,0.9251715068133756
diesel-FREEZE,simclr_cont60_ridge,5,3,0.1346981646575336,10.912950757391984,1.0764000032766354
diesel-FREEZE,simclr_cont60_ridge,5,4,-0.6271001925648398,14.963742332493736,0.7849651116045923
diesel-FREEZE,simclr_cont60_ridge,5,5,-6.089337443087408,30.16045558311372,0.3760578670936706
diesel-FREEZE,simclr_cont60_ridge,5,6,-0.0583358645505194,12.074129163182072,0.9732978097025788
diesel-FREEZE,simclr_cont60_ridge,5,7,-0.2249790805994509,12.97582140199833,0.9046762033632372
diesel-FREEZE,simclr_cont60_ridge,5,8,-1.9545796789594012,20.160753524209724,0.5825184021855783
diesel-FREEZE,simclr_cont60_ridge,5,9,-0.136367370793653,12.505729008581117,0.9392865970669116
diesel-FREEZE,simclr_cont60_ridge,5,10,-1.3160964751599966,17.82124419086612,0.6579292280215877
diesel-FREEZE,simclr_cont60_ridge,5,11,-1.348294143619511,17.839891432678723,0.6534031973886888
diesel-FREEZE,simclr_cont60_ridge,5,12,-1.1803334690655567,17.322667626386703,0.678103587675879
diesel-FREEZE,simclr_cont60_ridge,5,13,-0.0595656960844186,12.06907704033004,0.9727327952443692
diesel-FREEZE,simclr_cont60_ridge,5,14,0.2171408902645626,10.381871667372664,1.1316593032088718
diesel-FREEZE,simclr_cont60_ridge,5,15,-0.1002361816576731,12.301932795920914,0.954584858718216
diesel-FREEZE,simclr_cont60_ridge,5,16,-0.0334240084478423,11.933843041611963,0.984959173601478
diesel-FREEZE,simclr_cont60_ridge,5,17,-3.8112081787312873,25.45637361578299,0.45648911721833
diesel-FREEZE,simclr_cont60_ridge,5,18,0.0562155616230606,11.403254728030468,1.0306734688213273
diesel-FREEZE,simclr_cont60_ridge,5,19,-0.4785974175504404,14.08397718729532,0.8234410834188644
diesel-FREEZE,simclr_cont60_ridge,5,20,-0.6358524182990242,14.804619778665408,0.7828624140274739
diesel-FREEZE,simclr_cont60_ridge,5,21,0.2306805451354211,10.279860915204557,1.1415742006642773
diesel-FREEZE,simclr_cont60_ridge,5,22,-0.2003464745548611,12.855759945205545,0.9139116052317712
diesel-FREEZE,simclr_cont60_ridge,5,23,-0.1791599690377916,12.736682187238207,0.9220853867036564
diesel-FREEZE,simclr_cont60_ridge,5,24,-0.0011334249916972,11.747348058314325,1.0007175635029566
diesel-FREEZE,simclr_cont60_ridge,5,25,0.1836443101380018,10.461895857862638,1.108199094133704
diesel-FREEZE,simclr_cont60_ridge,5,26,-0.6930866189558873,15.2614367690673,0.7695164605779764
diesel-FREEZE,simclr_cont60_ridge,5,27,0.1729252285191501,10.666957783910188,1.1009944152766789
diesel-FREEZE,simclr_cont60_ridge,5,28,-0.397057893599156,13.860000951526496,0.8471304664165896
diesel-FREEZE,simclr_cont60_ridge,5,29,-0.0047055954706407,11.753285139939184,0.9989369837723078
diesel-FREEZE,simclr_cont60_ridge,10,0,0.0698346716883067,11.259678191449352,1.0382087360404124
diesel-FREEZE,simclr_cont60_ridge,10,1,-0.0532048011585226,11.948926673479075,0.9756821000539376
diesel-FREEZE,simclr_cont60_ridge,10,2,0.1087088554544728,10.990060456864176,1.060608142039767
diesel-FREEZE,simclr_cont60_ridge,10,3,-0.8294944881935102,15.632937425649631,0.740285426609827
diesel-FREEZE,simclr_cont60_ridge,10,4,-0.2348499623786892,13.084063968977024,0.9010681856199896
diesel-FREEZE,simclr_cont60_ridge,10,5,-0.1869993525601283,12.841061655451544,0.9190507875340924
diesel-FREEZE,simclr_cont60_ridge,10,6,-0.0919564036845219,12.32371577367905,0.9582130975367188
diesel-FREEZE,simclr_cont60_ridge,10,7,-0.6899590778767344,15.342918900887092,0.7702410460279256
diesel-FREEZE,simclr_cont60_ridge,10,8,0.6385650831613059,7.002443064579728,1.665519415176569
diesel-FREEZE,simclr_cont60_ridge,10,9,-0.1158879302381643,12.288068153084245,0.9478824065531316
diesel-FREEZE,simclr_cont60_ridge,10,10,0.4146367843343156,9.028378964690344,1.3087359691185894
diesel-FREEZE,simclr_cont60_ridge,10,11,-0.5028065524900063,14.348261520609482,0.8167952670937182
diesel-FREEZE,simclr_cont60_ridge,10,12,0.3672626477436354,9.275652082079128,1.2587892231902782
diesel-FREEZE,simclr_cont60_ridge,10,13,-0.0074573598023814,11.73098935810182,0.9975884577182552
diesel-FREEZE,simclr_cont60_ridge,10,14,-0.1639819312562758,12.721410675492042,0.928093290904704
diesel-FREEZE,simclr_cont60_ridge,10,15,0.430064540439691,8.701043188674914,1.3263309787971005
diesel-FREEZE,simclr_cont60_ridge,10,16,0.305216081095094,9.81442737173251,1.2012679041070478
diesel-FREEZE,simclr_cont60_ridge,10,17,0.4747462724441942,8.432416320083457,1.3815931808224151
diesel-FREEZE,simclr_cont60_ridge,10,18,0.1060332854151119,11.116580537853022,1.0590197955272769
diesel-FREEZE,simclr_cont60_ridge,10,19,-0.0404037624415705,12.044798216984882,0.9816661041237152
diesel-FREEZE,simclr_cont60_ridge,10,20,0.2281283496443634,10.170334699644824,1.1397043540819498
diesel-FREEZE,simclr_cont60_ridge,10,21,0.4974410847511955,8.24696928241187,1.4124440768903723
diesel-FREEZE,simclr_cont60_ridge,10,22,0.038794666040173,11.34158100289728,1.0213078417552788
diesel-FREEZE,simclr_cont60_ridge,10,23,0.3067696449064476,9.62087149765746,1.2026132014616968
diesel-FREEZE,simclr_cont60_ridge,10,24,-0.5264575634851398,14.00795288105591,0.8104428311234154
diesel-FREEZE,simclr_cont60_ridge,10,25,0.3706605904841422,9.242144544354188,1.2621828893569067
diesel-FREEZE,simclr_cont60_ridge,10,26,0.320663365864461,9.553531827564308,1.214848816695974
diesel-FREEZE,simclr_cont60_ridge,10,27,0.0799055830697444,11.18784702486926,1.0438751397875508
diesel-FREEZE,simclr_cont60_ridge,10,28,0.4945755064736626,8.369290725554759,1.4084343559847163
diesel-FREEZE,simclr_cont60_ridge,10,29,-0.3630812187194014,13.400073959923413,0.8576377437594244
diesel-FREEZE,simclr_cont60_ridge,20,0,0.574248226715881,7.741047216606208,1.5346226365896087
diesel-FREEZE,simclr_cont60_ridge,20,1,0.6133154360512616,7.251016257111592,1.6102800589886634
diesel-FREEZE,simclr_cont60_ridge,20,2,0.0328056277150311,11.715482367126477,1.018176226247394
diesel-FREEZE,simclr_cont60_ridge,20,3,0.0116829278899639,11.743271820829642,1.0072370306861862
diesel-FREEZE,simclr_cont60_ridge,20,4,0.1939845640914327,10.637555680126871,1.1153422483233228
diesel-FREEZE,simclr_cont60_ridge,20,5,0.5315503815140051,7.61172788049664,1.463013683124763
diesel-FREEZE,simclr_cont60_ridge,20,6,0.6005415735750343,7.265351607571355,1.584324139344399
diesel-FREEZE,simclr_cont60_ridge,20,7,0.6313420901908517,7.168731600436708,1.6491799817054196
diesel-FREEZE,simclr_cont60_ridge,20,8,0.5450924762107829,7.762046002388659,1.484630139364045
diesel-FREEZE,simclr_cont60_ridge,20,9,0.5693110859686681,7.522599342685157,1.5258013197278022
diesel-FREEZE,simclr_cont60_ridge,20,10,0.0460089783244945,11.257939580689062,1.025197855468413
diesel-FREEZE,simclr_cont60_ridge,20,11,-0.0746860499679125,12.355488451500824,0.9659152592954316
diesel-FREEZE,simclr_cont60_ridge,20,12,0.2548527507187011,10.029855537259316,1.1600021160797849
diesel-FREEZE,simclr_cont60_ridge,20,13,0.6684477589325201,6.701349260588025,1.7390170854429965
diesel-FREEZE,simclr_cont60_ridge,20,14,0.5069640352107965,8.157372452431789,1.4260689782016174
diesel-FREEZE,simclr_cont60_ridge,20,15,0.6048624554537274,7.30928524533321,1.5929629849661662
diesel-FREEZE,simclr_cont60_ridge,20,16,-3.3502282286885583,24.376312458294866,0.4800912731472387
diesel-FREEZE,simclr_cont60_ridge,20,17,0.5914336826803008,7.560359161794183,1.566565481142286
diesel-FREEZE,simclr_cont60_ridge,20,18,0.4226494120154984,8.707077547901962,1.317831931818127
diesel-FREEZE,simclr_cont60_ridge,20,19,0.6137591384048879,7.240381108168922,1.6112047151372206
diesel-FREEZE,simclr_cont60_ridge,20,20,0.2357006087446809,10.233906104454531,1.14537599255749
diesel-FREEZE,simclr_cont60_ridge,20,21,0.6284047195167964,7.092782059961292,1.642648865252101
diesel-FREEZE,simclr_cont60_ridge,20,22,0.6332218537010734,6.977239329601643,1.6534006618524018
diesel-FREEZE,simclr_cont60_ridge,20,23,0.3800415649914237,8.939204371731506,1.2717406288988564
diesel-FREEZE,simclr_cont60_ridge,20,24,0.2102153407078875,10.587024488316397,1.126744601320896
diesel-FREEZE,simclr_cont60_ridge,20,25,-0.3283394482697133,13.046493552297008,0.8688109735050668
diesel-FREEZE,simclr_cont60_ridge,20,26,0.4024695842142884,9.110562138377832,1.2953878650177362
diesel-FREEZE,simclr_cont60_ridge,20,27,0.5095907070627477,8.173859030598864,1.429882948453596
diesel-FREEZE,simclr_cont60_ridge,20,28,0.1651424285945604,10.5911097686975,1.095906840316343
diesel-FREEZE,simclr_cont60_ridge,20,29,0.5340667944217239,7.933847017725837,1.4669590866983473
diesel-TOTAL,simclr_cont60_ridge,5,0,0.8503485595408232,2.5959278036567803,2.588314540612219
diesel-TOTAL,simclr_cont60_ridge,5,1,0.0967228079460356,6.435253038029036,1.0535301788387064
diesel-TOTAL,simclr_cont60_ridge,5,2,0.7312273341307591,3.496808358995673,1.9313676525871728
diesel-TOTAL,simclr_cont60_ridge,5,3,0.3529240520005097,5.427934447465197,1.2447435204351738
diesel-TOTAL,simclr_cont60_ridge,5,4,0.7803251817562238,3.154182978434467,2.1363252075750707
diesel-TOTAL,simclr_cont60_ridge,5,5,0.692394728573773,3.741646577961837,1.8053466981233772
diesel-TOTAL,simclr_cont60_ridge,5,6,0.0961171578810577,6.450512938493153,1.0531771587830334
diesel-TOTAL,simclr_cont60_ridge,5,7,0.7634342571031468,3.2568375773553058,2.0586455391177214
diesel-TOTAL,simclr_cont60_ridge,5,8,0.6075701720040256,4.221898447064481,1.5983669754790168
diesel-TOTAL,simclr_cont60_ridge,5,9,-4.203606157237842,15.414493249897715,0.4389401355250528
diesel-TOTAL,simclr_cont60_ridge,5,10,0.7119185264639049,3.616031421158917,1.8655196930473985
diesel-TOTAL,simclr_cont60_ridge,5,11,0.4848479537833691,4.83300492046971,1.395050047553839
diesel-TOTAL,simclr_cont60_ridge,5,12,0.6306005196876764,4.085620919793093,1.6474390755689372
diesel-TOTAL,simclr_cont60_ridge,5,13,-2.5327689495098107,12.614087435176415,0.532721083938228
diesel-TOTAL,simclr_cont60_ridge,5,14,0.7748742037677422,3.19961438611796,2.110303270123558
diesel-TOTAL,simclr_cont60_ridge,5,15,0.6376854948407805,4.028472581438287,1.663468733242382
diesel-TOTAL,simclr_cont60_ridge,5,16,-2.3436447291562024,12.319527068971416,0.5475798263340658
diesel-TOTAL,simclr_cont60_ridge,5,17,0.7160814649675931,3.5979519521769427,1.879146459749567
diesel-TOTAL,simclr_cont60_ridge,5,18,0.1304059156355259,6.294536506318927,1.0737402035682435
diesel-TOTAL,simclr_cont60_ridge,5,19,0.8036229245084029,2.9641682501919897,2.25949876767757
diesel-TOTAL,simclr_cont60_ridge,5,20,0.6038165478160662,4.235023222576486,1.5907771234364765
diesel-TOTAL,simclr_cont60_ridge,5,21,0.7048462167722631,3.67013137592415,1.8430339092305643
diesel-TOTAL,simclr_cont60_ridge,5,22,0.47127790534152,4.910568595276271,1.3770311770692722
diesel-TOTAL,simclr_cont60_ridge,5,23,0.4992313633714698,4.760617760126767,1.414942991514908
diesel-TOTAL,simclr_cont60_ridge,5,24,0.5276458264551147,4.6524832649912575,1.4568794733352113
diesel-TOTAL,simclr_cont60_ridge,5,25,0.4388771160872579,5.051692088591697,1.3366832703371494
diesel-TOTAL,simclr_cont60_ridge,5,26,0.8292387357230391,2.7708979401449163,2.4230524889664244
diesel-TOTAL,simclr_cont60_ridge,5,27,-0.0331478433837508,6.901061814034487,0.9850908068135176
diesel-TOTAL,simclr_cont60_ridge,5,28,0.6710846983098162,3.874407674750624,1.7458843171044949
diesel-TOTAL,simclr_cont60_ridge,5,29,0.571974170247782,4.439866250992285,1.5304618696221333
diesel-TOTAL,simclr_cont60_ridge,10,0,0.7503879780390718,3.38260648705136,2.0041582160272577
diesel-TOTAL,simclr_cont60_ridge,10,1,0.7041865965427301,3.690968546019983,1.841008647531784
diesel-TOTAL,simclr_cont60_ridge,10,2,0.8091798002159337,2.96371997236078,2.2922003761747654
diesel-TOTAL,simclr_cont60_ridge,10,3,0.6145968823302058,4.214682422479855,1.6128988817878165
diesel-TOTAL,simclr_cont60_ridge,10,4,0.6270097682081235,4.09256935558932,1.6395173746947047
diesel-TOTAL,simclr_cont60_ridge,10,5,0.8607182602121828,2.505255200441844,2.6829813949573063
diesel-TOTAL,simclr_cont60_ridge,10,6,0.8130708095398252,2.932660663131528,2.315934060663229
diesel-TOTAL,simclr_cont60_ridge,10,7,0.7967501687298537,3.064453322308253,2.221005610907416
diesel-TOTAL,simclr_cont60_ridge,10,8,0.8774757914483157,2.3422700994173957,2.8605780354169625
diesel-TOTAL,simclr_cont60_ridge,10,9,0.7818053601479965,3.0964309153641763,2.143594893528288
diesel-TOTAL,simclr_cont60_ridge,10,10,0.797268027398468,3.052165462648485,2.2238404707316595
diesel-TOTAL,simclr_cont60_ridge,10,11,-0.5372698276913022,8.337646569042413,0.8075877095772216
diesel-TOTAL,simclr_cont60_ridge,10,12,0.837435760739998,2.7194698015320324,2.4834318380202416
diesel-TOTAL,simclr_cont60_ridge,10,13,0.3939165047806311,5.2655679155485045,1.2861704394613624
diesel-TOTAL,simclr_cont60_ridge,10,14,0.8462643414118078,2.633954572703165,2.553744511386757
diesel-TOTAL,simclr_cont60_ridge,10,15,0.8061947346972217,2.9822253507423597,2.2744791847739534
diesel-TOTAL,simclr_cont60_ridge,10,16,0.4412261422086228,5.03821065710005,1.3395123215497986
diesel-TOTAL,simclr_cont60_ridge,10,17,0.800380027969313,2.985862058188649,2.241107852848028
diesel-TOTAL,simclr_cont60_ridge,10,18,0.8434829867695226,2.684697635677254,2.5309523958136637
diesel-TOTAL,simclr_cont60_ridge,10,19,0.7903424647296889,3.080221697610241,2.186802262782372
diesel-TOTAL,simclr_cont60_ridge,10,20,0.7189967012831809,3.584181925441269,1.888900334430074
diesel-TOTAL,simclr_cont60_ridge,10,21,0.6930695015513872,3.7270613276025175,1.807360265806645
diesel-TOTAL,simclr_cont60_ridge,10,22,0.8037714254650835,2.921426034539404,2.2603913051359767
diesel-TOTAL,simclr_cont60_ridge,10,23,0.8411817461106191,2.670463057955386,2.5125490228447718
diesel-TOTAL,simclr_cont60_ridge,10,24,0.0074958502406458,6.713450246094095,1.0050752692733596
diesel-TOTAL,simclr_cont60_ridge,10,25,0.8432057793046421,2.662267511266544,2.5287140822134297
diesel-TOTAL,simclr_cont60_ridge,10,26,0.813197840275109,2.9402670805125597,2.3167213770648063
diesel-TOTAL,simclr_cont60_ridge,10,27,0.6101726961819383,4.141200761589245,1.603720295982939
diesel-TOTAL,simclr_cont60_ridge,10,28,0.719658014659984,3.576990053011893,1.8911269350057909
diesel-TOTAL,simclr_cont60_ridge,10,29,0.7867355752284507,3.1028217678378707,2.168230976826832
diesel-TOTAL,simclr_cont60_ridge,20,0,0.6352891792506252,4.088569773040784,1.65808010527214
diesel-TOTAL,simclr_cont60_ridge,20,1,0.8830296355902851,2.274389830695456,2.9278034035081903
diesel-TOTAL,simclr_cont60_ridge,20,2,0.8931727447690126,2.2103019412447376,3.063647523959603
diesel-TOTAL,simclr_cont60_ridge,20,3,0.8987848603046307,2.181394096237346,3.1474373437632983
diesel-TOTAL,simclr_cont60_ridge,20,4,0.7224584015109285,3.54389503561401,1.9007096958486245
diesel-TOTAL,simclr_cont60_ridge,20,5,0.7396770813713835,3.4275197746952983,1.962563106267365
diesel-TOTAL,simclr_cont60_ridge,20,6,0.8490773544432392,2.571847178092827,2.577523467273867
diesel-TOTAL,simclr_cont60_ridge,20,7,0.789936981182392,3.056447028531052,2.184766518061158
diesel-TOTAL,simclr_cont60_ridge,20,8,0.8352791062535043,2.713843346952613,2.467206427319134
diesel-TOTAL,simclr_cont60_ridge,20,9,0.886443007588351,2.268470374836859,2.971480550422313
diesel-TOTAL,simclr_cont60_ridge,20,10,0.8792511017112362,2.3330381258753854,2.881630182137932
diesel-TOTAL,simclr_cont60_ridge,20,11,0.8987287602989651,2.153541584771137,3.146565449070515
diesel-TOTAL,simclr_cont60_ridge,20,12,0.5843521156609155,4.381273779001615,1.553163034147047
diesel-TOTAL,simclr_cont60_ridge,20,13,0.8809578772190316,2.317257299014677,2.902214458739977
diesel-TOTAL,simclr_cont60_ridge,20,14,0.8758246215491248,2.359087997967896,2.8415943895446043
diesel-TOTAL,simclr_cont60_ridge,20,15,0.8620873259849356,2.4948709808199903,2.6963591763807067
diesel-TOTAL,simclr_cont60_ridge,20,16,0.8569135857988777,2.56561129913293,2.647162687221341
diesel-TOTAL,simclr_cont60_ridge,20,17,0.8447468086967045,2.683808168212665,2.54132123111257
diesel-TOTAL,simclr_cont60_ridge,20,18,0.83898320121671,2.677828902506062,2.4954233741945866
diesel-TOTAL,simclr_cont60_ridge,20,19,0.8421791465137387,2.646502833846545,2.520563476322556
diesel-TOTAL,simclr_cont60_ridge,20,20,0.8184763804877121,2.878956735116249,2.35024567118776
diesel-TOTAL,simclr_cont60_ridge,20,21,0.860423833880138,2.517915132907214,2.680243184237079
diesel-TOTAL,simclr_cont60_ridge,20,22,0.7723774314159347,3.157409508244238,2.098805399757582
diesel-TOTAL,simclr_cont60_ridge,20,23,0.7065194234549549,3.63663795285434,1.848375277033456
diesel-TOTAL,simclr_cont60_ridge,20,24,0.9110349236364208,2.0059097394197067,3.35714465495156
diesel-TOTAL,simclr_cont60_ridge,20,25,0.8446150473714102,2.6892266014053523,2.5402435242212467
diesel-TOTAL,simclr_cont60_ridge,20,26,0.8298728471025398,2.81848117119412,2.427688805525909
diesel-TOTAL,simclr_cont60_ridge,20,27,0.8295664079417253,2.815939215503303,2.4255053344967346
diesel-TOTAL,simclr_cont60_ridge,20,28,0.905075103891169,2.093598973702237,3.2500479430418405
diesel-TOTAL,simclr_cont60_ridge,20,29,0.8978597460430067,2.1528597853263816,3.13315128998759
diesel-VISC,simclr_cont60_ridge,5,0,-0.5807876080932939,0.6568836374762589,0.7963807274003877
diesel-VISC,simclr_cont60_ridge,5,1,-0.9781578243847204,0.7410897387015198,0.711913180719626
diesel-VISC,simclr_cont60_ridge,5,2,-1.920810578066106,0.8971975154765143,0.5858761330827297
diesel-VISC,simclr_cont60_ridge,5,3,-12.774177425499456,1.9457380583493609,0.2697892659093895
diesel-VISC,simclr_cont60_ridge,5,4,-1.8348043920652355,0.8863383088209043,0.5946972830458108
diesel-VISC,simclr_cont60_ridge,5,5,-0.0165411964131576,0.5299361504485878,0.993104640111618
diesel-VISC,simclr_cont60_ridge,5,6,-0.1581979430949345,0.5708752628359065,0.930392301531226
diesel-VISC,simclr_cont60_ridge,5,7,-2.8856769955747024,1.0367456100225003,0.5079537311403445
diesel-VISC,simclr_cont60_ridge,5,8,-0.189161926286173,0.5774645939990762,0.918199400622662
diesel-VISC,simclr_cont60_ridge,5,9,-1.3699790324683092,0.8087703491583401,0.6504070662942912
diesel-VISC,simclr_cont60_ridge,5,10,-0.9129966127073744,0.7275919400085784,0.7239363809014727
diesel-VISC,simclr_cont60_ridge,5,11,-0.0738881642946767,0.5491382142578758,0.9662243430603714
diesel-VISC,simclr_cont60_ridge,5,12,-0.0724262568913132,0.5434203951983699,0.966882686446085
diesel-VISC,simclr_cont60_ridge,5,13,-11.488449354973602,1.872024279723288,0.2833369694200447
diesel-VISC,simclr_cont60_ridge,5,14,-0.1875683286529019,0.57686429795161,0.9188152598557754
diesel-VISC,simclr_cont60_ridge,5,15,-0.1241340606231418,0.5614061634568402,0.9443836278679242
diesel-VISC,simclr_cont60_ridge,5,16,-0.8389486314863188,0.7137570167825443,0.738367723288962
diesel-VISC,simclr_cont60_ridge,5,17,0.0054293858653621,0.524369527943054,1.0040138209155185
diesel-VISC,simclr_cont60_ridge,5,18,-1.115848739725795,0.7678604331999309,0.6883593158726138
diesel-VISC,simclr_cont60_ridge,5,19,-0.7341323884908475,0.6936489102964997,0.7603549507469706
diesel-VISC,simclr_cont60_ridge,5,20,-6.145360847623979,1.4088255939787842,0.3745807198017163
diesel-VISC,simclr_cont60_ridge,5,21,-0.5659152889116632,0.6592414383369497,0.8001536131279626
diesel-VISC,simclr_cont60_ridge,5,22,-0.7480681445383388,0.7007738391211584,0.7573180771435143
diesel-VISC,simclr_cont60_ridge,5,23,-0.924494268755128,0.7310901048222119,0.7217706065055853
diesel-VISC,simclr_cont60_ridge,5,24,-1.31440414576686,0.8045756910377941,0.6581697282617025
diesel-VISC,simclr_cont60_ridge,5,25,0.0091300390725151,0.5235021027482308,1.005886944762198
diesel-VISC,simclr_cont60_ridge,5,26,-0.1206632469794737,0.5613662136189392,0.9458449257214558
diesel-VISC,simclr_cont60_ridge,5,27,-1.085553137656623,0.760411745786915,0.6933409848317739
diesel-VISC,simclr_cont60_ridge,5,28,-0.0389021680551522,0.5347635076911927,0.98235888286013
diesel-VISC,simclr_cont60_ridge,5,29,0.004779902290852,0.5239235079095249,1.0036861562559425
diesel-VISC,simclr_cont60_ridge,10,0,0.2765996251026243,0.445864535885445,1.177268131342262
diesel-VISC,simclr_cont60_ridge,10,1,0.003574709683459,0.5304758673872156,1.0030957298680845
diesel-VISC,simclr_cont60_ridge,10,2,-0.0124740273113459,0.5348270297764218,0.9951139328860712
diesel-VISC,simclr_cont60_ridge,10,3,-0.2165331965093642,0.5783192051977356,0.9078263212301486
diesel-VISC,simclr_cont60_ridge,10,4,-0.256301392046022,0.5941804254041003,0.8933421634905051
diesel-VISC,simclr_cont60_ridge,10,5,-0.0744420180939131,0.5461896826161844,0.9659914013584024
diesel-VISC,simclr_cont60_ridge,10,6,0.0192316079263648,0.5172874955838801,1.0110706929165916
diesel-VISC,simclr_cont60_ridge,10,7,-0.8657663366285551,0.7226021444307622,0.7330542670376814
diesel-VISC,simclr_cont60_ridge,10,8,0.4857825471825755,0.3744047300488233,1.3963405371347262
diesel-VISC,simclr_cont60_ridge,10,9,-0.9470513509573606,0.7336392454243278,0.7175894577198985
diesel-VISC,simclr_cont60_ridge,10,10,-0.4776916428874642,0.6458157779771696,0.8237071655395792
diesel-VISC,simclr_cont60_ridge,10,11,0.1554687167331701,0.4797905770350507,1.0895743776803006
diesel-VISC,simclr_cont60_ridge,10,12,-0.162959056965535,0.5705653788505314,0.9285013508917798
diesel-VISC,simclr_cont60_ridge,10,13,-0.0274203048115175,0.5349898242395186,0.9878492634556544
diesel-VISC,simclr_cont60_ridge,10,14,-0.2852109003594518,0.5980430720839316,0.8832376069908108
diesel-VISC,simclr_cont60_ridge,10,15,-0.1978658161210549,0.5779040284404845,0.9148726967951354
diesel-VISC,simclr_cont60_ridge,10,16,-0.221585942982363,0.5863694959379266,0.905946891735457
diesel-VISC,simclr_cont60_ridge,10,17,-0.5913633680861357,0.6659237304231003,0.7937433032490704
diesel-VISC,simclr_cont60_ridge,10,18,-1.7211174272305172,0.8655900170068023,0.6070033818387903
diesel-VISC,simclr_cont60_ridge,10,19,0.3165622001106626,0.4386634187903943,1.211198306509552
diesel-VISC,simclr_cont60_ridge,10,20,-0.0510181319836902,0.5452436655672533,0.9766965380373972
diesel-VISC,simclr_cont60_ridge,10,21,0.4775752507421064,0.3818658644357797,1.3853288577694438
diesel-VISC,simclr_cont60_ridge,10,22,-0.0329608246492427,0.5377420676159819,0.9851964245267568
diesel-VISC,simclr_cont60_ridge,10,23,-0.149336525457628,0.5657202162589389,0.93398768141833
diesel-VISC,simclr_cont60_ridge,10,24,-2.3394531537235115,0.9697985026362074,0.5479325175756881
diesel-VISC,simclr_cont60_ridge,10,25,-0.9832868892956784,0.7461304682592944,0.7110038986385706
diesel-VISC,simclr_cont60_ridge,10,26,-1.9751783396018,0.9082500475902464,0.5805080556842619
diesel-VISC,simclr_cont60_ridge,10,27,0.5206870159701991,0.3569272881979936,1.4462892418247617
diesel-VISC,simclr_cont60_ridge,10,28,0.333100333444276,0.4310857042442045,1.226124307994122
diesel-VISC,simclr_cont60_ridge,10,29,0.2391533982969094,0.4626517089098027,1.1479320989442372
diesel-VISC,simclr_cont60_ridge,20,0,0.5155547888522745,0.3707225539781145,1.4386577817998538
diesel-VISC,simclr_cont60_ridge,20,1,0.6232230484356049,0.3253514611330156,1.6313143960174783
diesel-VISC,simclr_cont60_ridge,20,2,-2.4253493009421296,0.973320775464758,0.5410375403826314
diesel-VISC,simclr_cont60_ridge,20,3,0.6475279211186602,0.3180611520418206,1.6866208810412051
diesel-VISC,simclr_cont60_ridge,20,4,0.6995028007788384,0.2892718968732798,1.8266679904689456
diesel-VISC,simclr_cont60_ridge,20,5,0.6515714263610122,0.3126446212967929,1.6963792487416118
diesel-VISC,simclr_cont60_ridge,20,6,0.5439829104173216,0.3536030502120342,1.4828228627147118
diesel-VISC,simclr_cont60_ridge,20,7,0.232264788035824,0.4494485722712386,1.1428101864952709
diesel-VISC,simclr_cont60_ridge,20,8,0.2390222306606995,0.4548682696092336,1.147873019132104
diesel-VISC,simclr_cont60_ridge,20,9,0.5393861287104671,0.3566025933505861,1.4754052568395488
diesel-VISC,simclr_cont60_ridge,20,10,0.6006562067915038,0.3325383049147257,1.5845515162857355
diesel-VISC,simclr_cont60_ridge,20,11,0.2657431861493118,0.4556041347154305,1.1685729794824058
diesel-VISC,simclr_cont60_ridge,20,12,0.2643028193676365,0.4578772683450797,1.1674284879758847
diesel-VISC,simclr_cont60_ridge,20,13,0.2982573488976562,0.4432735300615059,1.1953384682368595
diesel-VISC,simclr_cont60_ridge,20,14,0.5411623911170148,0.3569728185902477,1.478258309209492
diesel-VISC,simclr_cont60_ridge,20,15,0.544193420759812,0.3585253423779253,1.483165237671901
diesel-VISC,simclr_cont60_ridge,20,16,0.3678419112945883,0.4229709115555384,1.2594095526918792
diesel-VISC,simclr_cont60_ridge,20,17,0.0304553365855426,0.5281248858747281,1.01694138754482
diesel-VISC,simclr_cont60_ridge,20,18,0.5860748767698372,0.3405698521638098,1.5563918192535562
diesel-VISC,simclr_cont60_ridge,20,19,0.550929409692257,0.3482287765678852,1.494247458273596
diesel-VISC,simclr_cont60_ridge,20,20,0.6043767462913656,0.3323751576801107,1.5919848393061793
diesel-VISC,simclr_cont60_ridge,20,21,-0.8725174251145149,0.7124045246481262,0.7317570223487014
diesel-VISC,simclr_cont60_ridge,20,22,0.5066811569761773,0.3774822018018947,1.4256600522837055
diesel-VISC,simclr_cont60_ridge,20,23,0.5345904461125714,0.3603854055612331,1.4677841231040387
diesel-VISC,simclr_cont60_ridge,20,24,0.3587565957646175,0.4225618105857963,1.250455892033743
diesel-VISC,simclr_cont60_ridge,20,25,0.6072050098446946,0.3297970995487591,1.5977059875704065
diesel-VISC,simclr_cont60_ridge,20,26,0.3951270169736455,0.4047545154592571,1.287501486965685
diesel-VISC,simclr_cont60_ridge,20,27,0.5652434362935546,0.3518061928269366,1.5186467289266203
diesel-VISC,simclr_cont60_ridge,20,28,-0.2182297680878087,0.5873701745974937,0.90722545880519
diesel-VISC,simclr_cont60_ridge,20,29,-0.8788064064270289,0.719717059572474,0.7305312803594874
evoo-adulteration,simclr_cont60_ridge,5,0,-0.200996823037078,24.10987877391004,0.9127213665358936
evoo-adulteration,simclr_cont60_ridge,5,1,-0.0010500386058047,22.008549302896316,0.9997266129588916
evoo-adulteration,simclr_cont60_ridge,5,2,-4.931582521228267,53.56939594443658,0.4106992012941331
evoo-adulteration,simclr_cont60_ridge,5,3,-0.2357409341405203,24.4603640261014,0.8997988424792753
evoo-adulteration,simclr_cont60_ridge,5,4,-0.2807209641007158,24.894996258637654,0.8838567589582181
evoo-adulteration,simclr_cont60_ridge,5,5,-0.7081598049903799,28.748765187333586,0.7653232331642436
evoo-adulteration,simclr_cont60_ridge,5,6,-0.1977347238498941,24.077738307890517,0.9139634458766628
evoo-adulteration,simclr_cont60_ridge,5,7,-0.3454088627909524,25.52190250766894,0.8623468961017149
evoo-adulteration,simclr_cont60_ridge,5,8,-1.4167200773966542,34.06693911947953,0.6434220967534637
evoo-adulteration,simclr_cont60_ridge,5,9,-1.3897038784646027,33.99318687348716,0.64704889880283
evoo-adulteration,simclr_cont60_ridge,5,10,-0.335443327697605,25.42161887191473,0.865558479568889
evoo-adulteration,simclr_cont60_ridge,5,11,-0.4491027862204735,26.484209439273787,0.830920647579085
evoo-adulteration,simclr_cont60_ridge,5,12,-0.046666527294068,22.51266498060448,0.9776985675297992
evoo-adulteration,simclr_cont60_ridge,5,13,-0.6771419982021067,28.483282427477604,0.772367923867604
evoo-adulteration,simclr_cont60_ridge,5,14,-9.346756240172848,70.74599052018624,0.3109617973381771
evoo-adulteration,simclr_cont60_ridge,5,15,0.0733014370947886,21.17649357641533,1.0390582665650696
evoo-adulteration,simclr_cont60_ridge,5,16,-0.0956103326218078,23.01229505634644,0.9556108826959318
evoo-adulteration,simclr_cont60_ridge,5,17,-0.2420156356962726,24.517259453396967,0.8975230586617993
evoo-adulteration,simclr_cont60_ridge,5,18,0.0194989254685776,21.786274751929497,1.010148235751621
evoo-adulteration,simclr_cont60_ridge,5,19,-0.6877647664360933,28.4689750667667,0.769933450639247
evoo-adulteration,simclr_cont60_ridge,5,20,-0.0483220995278452,22.519859270200957,0.9769262427956168
evoo-adulteration,simclr_cont60_ridge,5,21,0.0037055193463964,21.957400504798887,1.0021097427094574
evoo-adulteration,simclr_cont60_ridge,5,22,-0.0089352026394977,22.089694488642568,0.9958123522234744
evoo-adulteration,simclr_cont60_ridge,5,23,-0.2974118588821814,25.048675176663743,0.8781530519454853
evoo-adulteration,simclr_cont60_ridge,5,24,-1.1133178786604931,31.97427568861025,0.6880606685004688
evoo-adulteration,simclr_cont60_ridge,5,25,0.0166853927788289,21.80724992508392,1.0087020449944892
evoo-adulteration,simclr_cont60_ridge,5,26,0.0151829399860834,21.83122346333017,1.0079323052450266
evoo-adulteration,simclr_cont60_ridge,5,27,-1.0275105805111262,31.203370223959773,0.7024696768619276
evoo-adulteration,simclr_cont60_ridge,5,28,-1.347703405390492,33.70925182654652,0.6528111021069334
evoo-adulteration,simclr_cont60_ridge,5,29,-7.557725535912372,63.91026351582583,0.341924302622132
evoo-adulteration,simclr_cont60_ridge,10,0,0.0042536840199186,21.95749497739424,1.0023861733647013
evoo-adulteration,simclr_cont60_ridge,10,1,-0.0625210277045267,22.696028446078746,0.9703773586874244
evoo-adulteration,simclr_cont60_ridge,10,2,-0.0032416300186852,22.0489777407018,0.9986346918890214
evoo-adulteration,simclr_cont60_ridge,10,3,0.0018758973896855,21.98578882555384,1.0011914914451954
evoo-adulteration,simclr_cont60_ridge,10,4,-2.959433149342276,43.772240521947445,0.5026815137808871
evoo-adulteration,simclr_cont60_ridge,10,5,-0.8595479393898924,29.900619865281108,0.7335094817327074
evoo-adulteration,simclr_cont60_ridge,10,6,-1.5892944059607583,35.4159674636343,0.6216110200304815
evoo-adulteration,simclr_cont60_ridge,10,7,0.0905250555938604,20.99877771972461,1.0488516171763302
evoo-adulteration,simclr_cont60_ridge,10,8,-0.0003319973892965,21.936664513150458,1.0000859851895718
evoo-adulteration,simclr_cont60_ridge,10,9,-0.2118170761664013,24.228942392659786,0.9086379837216666
evoo-adulteration,simclr_cont60_ridge,10,10,-1.663853656172459,35.817846904147586,0.6128500705900198
evoo-adulteration,simclr_cont60_ridge,10,11,-0.1025495387864106,23.033497005988508,0.9525995361021192
evoo-adulteration,simclr_cont60_ridge,10,12,-0.0140379418164537,22.16900664942709,0.993304308132335
evoo-adulteration,simclr_cont60_ridge,10,13,-4.248873885465022,50.28797790965288,0.436592582102441
evoo-adulteration,simclr_cont60_ridge,10,14,-0.1026160892850458,23.036930674660898,0.952570787686706
evoo-adulteration,simclr_cont60_ridge,10,15,-0.4194169748170935,26.2279448969528,0.8395651913929018
evoo-adulteration,simclr_cont60_ridge,10,16,-0.1204520555999493,23.146926464909303,0.9449586020198006
evoo-adulteration,simclr_cont60_ridge,10,17,-6.374710158095937,59.58055763658,0.3683298731925179
evoo-adulteration,simclr_cont60_ridge,10,18,0.1829593674099034,19.81994221836038,1.1065921729236814
evoo-adulteration,simclr_cont60_ridge,10,19,-1.405429912599149,34.01467668231223,0.6449307256343133
evoo-adulteration,simclr_cont60_ridge,10,20,0.0021463695047203,21.99827911848056,1.0013271706793485
evoo-adulteration,simclr_cont60_ridge,10,21,-0.0856368882284281,22.932045908175944,0.9599909212168916
evoo-adulteration,simclr_cont60_ridge,10,22,-0.1402598028937434,23.52154285421772,0.9367150852504572
evoo-adulteration,simclr_cont60_ridge,10,23,-0.2452382625423559,24.477582263972888,0.8963614969709023
evoo-adulteration,simclr_cont60_ridge,10,24,-1.008737138876561,30.98206203730306,0.7057450927520589
evoo-adulteration,simclr_cont60_ridge,10,25,-0.0586106756273525,22.64907191143738,0.972167922285256
evoo-adulteration,simclr_cont60_ridge,10,26,-0.0112531679766818,22.05550926749301,0.9946710411260784
evoo-adulteration,simclr_cont60_ridge,10,27,-0.0886167839808389,22.807951330363828,0.9586761182297604
evoo-adulteration,simclr_cont60_ridge,10,28,-0.0291810140735582,22.329530549165444,0.9859696316905706
evoo-adulteration,simclr_cont60_ridge,10,29,-0.0354499846352875,22.319044326273044,0.9829804006251388
evoo-adulteration,simclr_cont60_ridge,20,0,-0.5264107682217352,27.1567312816524,0.8096070200315802
evoo-adulteration,simclr_cont60_ridge,20,1,-1.4865972113997792,34.628776170709806,0.6343183200985617
evoo-adulteration,simclr_cont60_ridge,20,2,-1.934116807417655,37.51116392327898,0.5839441019205162
evoo-adulteration,simclr_cont60_ridge,20,3,-0.2152395101530717,24.30365833426837,0.9073587576940024
evoo-adulteration,simclr_cont60_ridge,20,4,0.0201336919910072,21.66626178589388,1.0104773037384216
evoo-adulteration,simclr_cont60_ridge,20,5,-0.1937697965079834,24.08897376105777,0.9154817318098027
evoo-adulteration,simclr_cont60_ridge,20,6,-0.0327237274164273,22.40062450106169,0.9842782720665652
evoo-adulteration,simclr_cont60_ridge,20,7,-1.7801509949959944,36.73386927257716,0.5998957482279148
evoo-adulteration,simclr_cont60_ridge,20,8,-0.8639787524977982,30.112387753649934,0.7326380951987866
evoo-adulteration,simclr_cont60_ridge,20,9,0.1189843937364087,20.622189101227104,1.0656587985935704
evoo-adulteration,simclr_cont60_ridge,20,10,-0.2360968321914165,24.511377306445038,0.8996710154150659
evoo-adulteration,simclr_cont60_ridge,20,11,0.0633935309836278,21.337587717621457,1.0335497809687426
evoo-adulteration,simclr_cont60_ridge,20,12,-0.1235758731657825,23.353511208451856,0.9436452830437034
evoo-adulteration,simclr_cont60_ridge,20,13,-0.6886394810251066,28.642697204421005,0.7697354818031842
evoo-adulteration,simclr_cont60_ridge,20,14,-1.6691484547146729,36.00338724525046,0.6122426937328365
evoo-adulteration,simclr_cont60_ridge,20,15,-0.1766755569548399,23.759417334954943,0.9221076177216192
evoo-adulteration,simclr_cont60_ridge,20,16,0.2184503590473336,19.413913457772768,1.1314404259456707
evoo-adulteration,simclr_cont60_ridge,20,17,-0.2083701868621292,24.23789046690732,0.9099341719066972
evoo-adulteration,simclr_cont60_ridge,20,18,-0.1610310917617763,23.752105735521223,0.9282993594641954
evoo-adulteration,simclr_cont60_ridge,20,19,-0.0697935578276935,22.72755731736358,0.9670746219900932
evoo-adulteration,simclr_cont60_ridge,20,20,-0.0211417525194477,22.27326866605824,0.989844464686074
evoo-adulteration,simclr_cont60_ridge,20,21,-0.0016201680135281,22.059275456575023,0.9994439548427227
evoo-adulteration,simclr_cont60_ridge,20,22,-3.9360936758727023,48.81802278081903,0.4502132571993977
evoo-adulteration,simclr_cont60_ridge,20,23,-2.2891174990136784,39.96536516420404,0.5515314492205836
evoo-adulteration,simclr_cont60_ridge,20,24,-1.498037191173911,34.69818486593582,0.6328641952556667
evoo-adulteration,simclr_cont60_ridge,20,25,0.2352771285509848,19.22546879492196,1.143820658744308
evoo-adulteration,simclr_cont60_ridge,20,26,-13.306630457535304,83.14157470393094,0.2644486145656916
evoo-adulteration,simclr_cont60_ridge,20,27,-0.2367179279623827,24.506394452723864,0.8994450738220822
evoo-adulteration,simclr_cont60_ridge,20,28,0.1648137003366721,20.00668234451846,1.094506373854822
evoo-adulteration,simclr_cont60_ridge,20,29,0.1376909378647589,20.386276424850017,1.077155741588814
gasoline-octane,simclr_cont60_ridge,5,0,0.8733514097598205,0.5442486198418723,2.835856721911872
gasoline-octane,simclr_cont60_ridge,5,1,0.788130711216873,0.6901015414588527,2.192554818607773
gasoline-octane,simclr_cont60_ridge,5,2,0.5982487031184864,0.9344571130108044,1.59223006867228
gasoline-octane,simclr_cont60_ridge,5,3,-0.0059445821837234,1.5453222927909531,1.0062304066413246
gasoline-octane,simclr_cont60_ridge,5,4,0.8667566624369905,0.545121573172124,2.764787221298572
gasoline-octane,simclr_cont60_ridge,5,5,0.8565844953941595,0.548819985265637,2.6649337205609496
gasoline-octane,simclr_cont60_ridge,5,6,0.9639904255184744,0.2915629659571235,5.3183323085182215
gasoline-octane,simclr_cont60_ridge,5,7,0.4148996415725995,1.1270884226946272,1.3193781355140743
gasoline-octane,simclr_cont60_ridge,5,8,0.1594289865091472,1.302119463269639,1.1007717111234523
gasoline-octane,simclr_cont60_ridge,5,9,0.8749197625860028,0.5464952704865937,2.853580419862786
gasoline-octane,simclr_cont60_ridge,5,10,-0.0628108033487222,1.5962104364701912,0.978940924875292
gasoline-octane,simclr_cont60_ridge,5,11,0.809202335079876,0.6254138362326195,2.310457249697819
gasoline-octane,simclr_cont60_ridge,5,12,0.8060706871336437,0.6658214791791762,2.291726230016002
gasoline-octane,simclr_cont60_ridge,5,13,0.7619670529716823,0.7425652328716005,2.068549548231376
gasoline-octane,simclr_cont60_ridge,5,14,0.9416153740321036,0.3669456819456074,4.176718574536151
gasoline-octane,simclr_cont60_ridge,5,15,0.260403214895279,1.3221078451800454,1.1735104396970215
gasoline-octane,simclr_cont60_ridge,5,16,0.6863708557143509,0.8757377283917703,1.8020890935649616
gasoline-octane,simclr_cont60_ridge,5,17,0.0282426205768774,1.4713960630303804,1.0237774069857786
gasoline-octane,simclr_cont60_ridge,5,18,-0.2546048408618739,1.720248859481527,0.90101285116839
gasoline-octane,simclr_cont60_ridge,5,19,0.8248760163993338,0.6273164111177872,2.4116354044703665
gasoline-octane,simclr_cont60_ridge,5,20,0.940080396014634,0.3797579327975423,4.122873384757788
gasoline-octane,simclr_cont60_ridge,5,21,0.9056449917484204,0.4730466333913634,3.285503894806856
gasoline-octane,simclr_cont60_ridge,5,22,0.1321783690620401,1.4507020048888952,1.0833511018091004
gasoline-octane,simclr_cont60_ridge,5,23,0.8370829018999395,0.6063708263666541,2.500351878623327
gasoline-octane,simclr_cont60_ridge,5,24,0.8991009496764499,0.4952207224698123,3.177173455935144
gasoline-octane,simclr_cont60_ridge,5,25,0.8406576059302505,0.6038952221851788,2.528242897267044
gasoline-octane,simclr_cont60_ridge,5,26,0.5004149466904293,1.077104719850719,1.427840665028915
gasoline-octane,simclr_cont60_ridge,5,27,0.9071010040249357,0.4699163479694086,3.3111507571472374
gasoline-octane,simclr_cont60_ridge,5,28,0.8766212311456203,0.5299392129232715,2.8731893547673906
gasoline-octane,simclr_cont60_ridge,5,29,0.0101799350808102,1.461345074842061,1.0143932209121902
gasoline-octane,simclr_cont60_ridge,10,0,-0.9639358457139198,2.131529564390493,0.720814166890144
gasoline-octane,simclr_cont60_ridge,10,1,0.722041993684894,0.7947876226714341,1.916008220943593
gasoline-octane,simclr_cont60_ridge,10,2,0.9476224587161612,0.3392789042322465,4.413817865858564
gasoline-octane,simclr_cont60_ridge,10,3,0.886949476513997,0.5218365527255829,3.004351021703599
gasoline-octane,simclr_cont60_ridge,10,4,0.9561587004624336,0.3167822987965195,4.824421593842911
gasoline-octane,simclr_cont60_ridge,10,5,0.7182816262262917,0.7397888370942164,1.9031778553665708
gasoline-octane,simclr_cont60_ridge,10,6,0.8724131007762082,0.5381258143221418,2.8280294046381305
gasoline-octane,simclr_cont60_ridge,10,7,0.9409335825535408,0.3803246042815985,4.156393404040997
gasoline-octane,simclr_cont60_ridge,10,8,0.9524924143064316,0.3278287058144701,4.63452769708312
gasoline-octane,simclr_cont60_ridge,10,9,0.9496204015844788,0.3352207537665003,4.500488035630402
gasoline-octane,simclr_cont60_ridge,10,10,0.8845860494487393,0.5116125622667554,2.9734306149957974
gasoline-octane,simclr_cont60_ridge,10,11,0.7481286253200778,0.7725055941170471,2.0127857816155803
gasoline-octane,simclr_cont60_ridge,10,12,0.8201026335746535,0.6660571466687607,2.381631464852709
gasoline-octane,simclr_cont60_ridge,10,13,0.2221492933910976,1.3619646033236723,1.1453516264263524
gasoline-octane,simclr_cont60_ridge,10,14,0.9286156651816144,0.4058353012459646,3.7808156646951807
gasoline-octane,simclr_cont60_ridge,10,15,0.9578008622363248,0.3067792851870138,4.917395885443265
gasoline-octane,simclr_cont60_ridge,10,16,0.8913730675629812,0.4612654707795394,3.064913375300669
gasoline-octane,simclr_cont60_ridge,10,17,0.9584738517163474,0.3158469632203637,4.957082386714853
gasoline-octane,simclr_cont60_ridge,10,18,0.9557286044695076,0.3343096781894686,4.800929804588889
gasoline-octane,simclr_cont60_ridge,10,19,0.9525252555507516,0.3393149139729203,4.636130416013796
gasoline-octane,simclr_cont60_ridge,10,20,0.9589795160096763,0.3081656555501833,4.987542070753847
gasoline-octane,simclr_cont60_ridge,10,21,0.5167336652873518,1.0276276628028764,1.4530939379034844
gasoline-octane,simclr_cont60_ridge,10,22,0.916082613623407,0.4397162239277818,3.48707258533693
gasoline-octane,simclr_cont60_ridge,10,23,0.9052258781345728,0.4785121726041923,3.281270828934049
gasoline-octane,simclr_cont60_ridge,10,24,0.9639892322367573,0.2908562529632745,5.323175341577988
gasoline-octane,simclr_cont60_ridge,10,25,0.9029428215662596,0.4762003970200489,3.24244883157886
gasoline-octane,simclr_cont60_ridge,10,26,0.946463676037432,0.3527318461623611,4.365788459228366
gasoline-octane,simclr_cont60_ridge,10,27,0.9520089082367594,0.3390912333996194,4.611122364726769
gasoline-octane,simclr_cont60_ridge,10,28,0.857671503869857,0.5568609192762238,2.677571223345897
gasoline-octane,simclr_cont60_ridge,10,29,0.6318908420908558,0.83172106638693,1.6649402446362502
gasoline-octane,simclr_cont60_ridge,20,0,0.9330091916752606,0.4124485929560107,3.9128219228610654
gasoline-octane,simclr_cont60_ridge,20,1,0.8506728212525962,0.5608276056614366,2.620766098154173
gasoline-octane,simclr_cont60_ridge,20,2,0.9586067333303476,0.3199056314062042,4.977747254194848
gasoline-octane,simclr_cont60_ridge,20,3,0.9571577050549354,0.3247608817012314,4.892843544083889
gasoline-octane,simclr_cont60_ridge,20,4,0.9588750920923363,0.2862036465749796,4.993961879683913
gasoline-octane,simclr_cont60_ridge,20,5,0.9135944178247656,0.4430323976762461,3.4452979981578222
gasoline-octane,simclr_cont60_ridge,20,6,0.7990476084193888,0.7230143164246514,2.259181393460091
gasoline-octane,simclr_cont60_ridge,20,7,0.9508889312924445,0.3445074966278486,4.569913709695149
gasoline-octane,simclr_cont60_ridge,20,8,0.940419079218142,0.3590679060360959,4.149006228801138
gasoline-octane,simclr_cont60_ridge,20,9,0.9426002732990736,0.3166941273122057,4.22710250977791
gasoline-octane,simclr_cont60_ridge,20,10,0.9606257736441004,0.327014042485014,5.10377682235523
gasoline-octane,simclr_cont60_ridge,20,11,0.9636558057044972,0.3101837016522323,5.31227035623844
gasoline-octane,simclr_cont60_ridge,20,12,0.9462349814166816,0.3638589479168078,4.3676496275054655
gasoline-octane,simclr_cont60_ridge,20,13,0.9422481083462128,0.3562286669994173,4.2141945889498365
gasoline-octane,simclr_cont60_ridge,20,14,0.9634806709764836,0.294276543991575,5.299517094328328
gasoline-octane,simclr_cont60_ridge,20,15,0.916722839072764,0.4288294634100439,3.509415070347404
gasoline-octane,simclr_cont60_ridge,20,16,0.7940496686226155,0.6450916520783256,2.2316004720822438
gasoline-octane,simclr_cont60_ridge,20,17,0.9597116293810092,0.3057019134627062,5.045542170620816
gasoline-octane,simclr_cont60_ridge,20,18,0.9710326160740104,0.2598022673432821,5.95035743619952
gasoline-octane,simclr_cont60_ridge,20,19,0.9526504599762028,0.3277337306626773,4.654143931847912
gasoline-octane,simclr_cont60_ridge,20,20,0.8078548576077179,0.6271510220321235,2.3103777176075493
gasoline-octane,simclr_cont60_ridge,20,21,0.95021833312786,0.3303046926423609,4.539029183283644
gasoline-octane,simclr_cont60_ridge,20,22,0.9558222216502712,0.3119026522072708,4.818321294678095
gasoline-octane,simclr_cont60_ridge,20,23,0.9596245288467092,0.314127481019729,5.040096950104819
gasoline-octane,simclr_cont60_ridge,20,24,0.971892848888426,0.248327177046766,6.040727957947738
gasoline-octane,simclr_cont60_ridge,20,25,0.783049111455764,0.6747290093975498,2.174287532376802
gasoline-octane,simclr_cont60_ridge,20,26,0.91604853884418,0.4469478388426499,3.4952928009098043
gasoline-octane,simclr_cont60_ridge,20,27,0.9345481413978308,0.3743158888366178,3.958555155099068
gasoline-octane,simclr_cont60_ridge,20,28,0.95497663433363,0.325497082851786,4.772860198192738
gasoline-octane,simclr_cont60_ridge,20,29,0.9480555369417152,0.3233125552432263,4.4435294357074815
corn_m5-oil,simclr_ridge,5,0,-2.780903012637927,0.3474291028702443,0.5177462992427484
corn_m5-oil,simclr_ridge,5,1,-0.4030029437209608,0.2071861348906963,0.8499345440407281
corn_m5-oil,simclr_ridge,5,2,-0.4232580974660849,0.2092200183091283,0.8438649331883076
corn_m5-oil,simclr_ridge,5,3,-0.9625284712663886,0.2487317687101504,0.7186323918825511
corn_m5-oil,simclr_ridge,5,4,-1.1077826016689154,0.2496503358148533,0.6934287824427997
corn_m5-oil,simclr_ridge,5,5,-0.7741656541471647,0.2358070839385869,0.7558187962427668
corn_m5-oil,simclr_ridge,5,6,0.5871287950534126,0.1132434570422275,1.5667780350279426
corn_m5-oil,simclr_ridge,5,7,-0.4398520419989142,0.2107304712742337,0.838988172559817
corn_m5-oil,simclr_ridge,5,8,-1.624958099240177,0.2821543594302368,0.6213747252730139
corn_m5-oil,simclr_ridge,5,9,-2.473527024697191,0.323110782442692,0.5401687190606184
corn_m5-oil,simclr_ridge,5,10,-1.584432918480601,0.2838979547764461,0.62622750659964
corn_m5-oil,simclr_ridge,5,11,-0.0621563388770523,0.1771722745206338,0.9768335091955204
corn_m5-oil,simclr_ridge,5,12,-0.0149216849134248,0.1798691877031884,0.9993060251799716
corn_m5-oil,simclr_ridge,5,13,0.0347219700359417,0.1741969171726115,1.0246807111635172
corn_m5-oil,simclr_ridge,5,14,-0.0608693003466973,0.1792668467354614,0.9774258730624228
corn_m5-oil,simclr_ridge,5,15,-2.7453578802568352,0.3378029020802683,0.5201973203819341
corn_m5-oil,simclr_ridge,5,16,-0.0952167237407177,0.1838810172876567,0.9619771104712338
corn_m5-oil,simclr_ridge,5,17,-1.357326576214827,0.2621446156440298,0.6556995651132987
corn_m5-oil,simclr_ridge,5,18,-1.0826073449129274,0.2423747650526592,0.6976073922272553
corn_m5-oil,simclr_ridge,5,19,-0.6368078133253354,0.2215125365733018,0.7868934441563458
corn_m5-oil,simclr_ridge,5,20,-0.3264774624657032,0.2040510003354131,0.8741074748534603
corn_m5-oil,simclr_ridge,5,21,-0.2897938166477947,0.1996938628403633,0.8864507801049457
corn_m5-oil,simclr_ridge,5,22,-0.8480954529470892,0.2433377343949717,0.7405469073353345
corn_m5-oil,simclr_ridge,5,23,-0.0078386912752552,0.1802831895434693,1.002811390559854
corn_m5-oil,simclr_ridge,5,24,-0.3408269667473769,0.1995472513263846,0.8694175525862381
corn_m5-oil,simclr_ridge,5,25,-1.9528278694785488,0.2930576083854621,0.5858625077546474
corn_m5-oil,simclr_ridge,5,26,0.4194032848517918,0.1348984864971804,1.321227135319132
corn_m5-oil,simclr_ridge,5,27,-0.6027372216782287,0.2236905682127599,0.7952132547053254
corn_m5-oil,simclr_ridge,5,28,-0.8995955872552468,0.2440501919053456,0.7304394079804112
corn_m5-oil,simclr_ridge,5,29,-0.6742088059246183,0.2287238585895095,0.7780543961329563
corn_m5-oil,simclr_ridge,10,0,0.1677812493774142,0.1581703892377587,1.1040931776897531
corn_m5-oil,simclr_ridge,10,1,0.4337599090646608,0.1330010752303745,1.3385178498768469
corn_m5-oil,simclr_ridge,10,2,-0.2058768545973262,0.1927930539181378,0.9172188995470903
corn_m5-oil,simclr_ridge,10,3,0.382887688039817,0.1416079190766112,1.282160428612623
corn_m5-oil,simclr_ridge,10,4,-0.5370678753789437,0.2248817588221068,0.8124150341995661
corn_m5-oil,simclr_ridge,10,5,-0.021188254188162,0.1789338883010812,0.9967163196611468
corn_m5-oil,simclr_ridge,10,6,0.0747857569858583,0.1684664316604721,1.0471365523065133
corn_m5-oil,simclr_ridge,10,7,0.7190446129316667,0.0931736182019533,1.9002283483502125
corn_m5-oil,simclr_ridge,10,8,-0.2060838173699346,0.1902530208463719,0.917140199249412
corn_m5-oil,simclr_ridge,10,9,0.1062975432509311,0.1632402648626716,1.0654375496646886
corn_m5-oil,simclr_ridge,10,10,-0.051355553449415,0.1784507709373363,0.9823124945564607
corn_m5-oil,simclr_ridge,10,11,-0.1012029473374751,0.1832931060505037,0.9598222032178017
corn_m5-oil,simclr_ridge,10,12,-0.0478309681169846,0.1742548862327054,0.9839632081339276
corn_m5-oil,simclr_ridge,10,13,0.5851772827571773,0.1115555491356622,1.5638432095045294
corn_m5-oil,simclr_ridge,10,14,0.0866563499133845,0.1698576924244891,1.053919324568321
corn_m5-oil,simclr_ridge,10,15,-3.12032708290303,0.3557576210473198,0.4962021345668189
corn_m5-oil,simclr_ridge,10,16,0.3952622999954631,0.1382839284755102,1.295212278142266
corn_m5-oil,simclr_ridge,10,17,0.2220206574987294,0.1542576535160455,1.1419325224673182
corn_m5-oil,simclr_ridge,10,18,0.3734102059478513,0.1407638826937968,1.272426825072261
corn_m5-oil,simclr_ridge,10,19,0.3636286756620691,0.1415079121028584,1.2626098522722042
corn_m5-oil,simclr_ridge,10,20,0.0039352427842095,0.172003519604833,1.009208007079419
corn_m5-oil,simclr_ridge,10,21,-0.140892036785033,0.1830374044047258,0.9429793887534345
corn_m5-oil,simclr_ridge,10,22,0.0550637366156595,0.1672216129442907,1.0361513964029434
corn_m5-oil,simclr_ridge,10,23,0.5548316962992577,0.1220085095097588,1.509601634190973
corn_m5-oil,simclr_ridge,10,24,-0.0416030910405154,0.1720385249851812,0.9869004446004576
corn_m5-oil,simclr_ridge,10,25,0.4587126884796703,0.126781454954614,1.3690223908944714
corn_m5-oil,simclr_ridge,10,26,0.3644235549376012,0.1462104371530069,1.2633991426991589
corn_m5-oil,simclr_ridge,10,27,-0.1768425188880624,0.1950196510723971,0.9284644917007822
corn_m5-oil,simclr_ridge,10,28,0.0959661231876514,0.1732615235698495,1.0593320745820074
corn_m5-oil,simclr_ridge,10,29,0.0213595940545143,0.1763991570508848,1.0181526669767338
corn_m5-oil,simclr_ridge,20,0,0.3950456047772978,0.1358609823079881,1.2965471091268854
corn_m5-oil,simclr_ridge,20,1,0.4910270195916951,0.1336742727031578,1.413520969096689
corn_m5-oil,simclr_ridge,20,2,0.0231934846381456,0.1625229420105896,1.0203410174036116
corn_m5-oil,simclr_ridge,20,3,0.1663715643812762,0.1589750302865887,1.104493995566894
corn_m5-oil,simclr_ridge,20,4,0.607393996780073,0.1024900809529989,1.609426512815101
corn_m5-oil,simclr_ridge,20,5,0.7005842813378196,0.0938547422025471,1.8429447742027172
corn_m5-oil,simclr_ridge,20,6,0.6555965589039447,0.106591038040538,1.7183668202175462
corn_m5-oil,simclr_ridge,20,7,0.2002406377916208,0.1677439584900037,1.1276386500561708
corn_m5-oil,simclr_ridge,20,8,0.6499143148075072,0.1080250953142603,1.7043643551088028
corn_m5-oil,simclr_ridge,20,9,0.4738395044185045,0.1259725757768985,1.3902423065523717
corn_m5-oil,simclr_ridge,20,10,0.5729915477892145,0.1183442740255746,1.5432325808779923
corn_m5-oil,simclr_ridge,20,11,0.6054034141327242,0.1132219020732775,1.605361922332118
corn_m5-oil,simclr_ridge,20,12,0.2466399958242069,0.152457654705283,1.1618453909030495
corn_m5-oil,simclr_ridge,20,13,0.2869807071524066,0.1424168142566484,1.1942602538638651
corn_m5-oil,simclr_ridge,20,14,0.6862579401433849,0.0980414750313754,1.8003761354325218
corn_m5-oil,simclr_ridge,20,15,0.6655945247949933,0.0965852339245621,1.7438652742522909
corn_m5-oil,simclr_ridge,20,16,-0.0040002995334698,0.1773485278615267,1.006427970649326
corn_m5-oil,simclr_ridge,20,17,0.4970571244947028,0.1254755296734196,1.4219695257786211
corn_m5-oil,simclr_ridge,20,18,0.7126152637961874,0.0996261122863637,1.8811254992059707
corn_m5-oil,simclr_ridge,20,19,0.4278700123690018,0.1238578970349464,1.3332213618549582
corn_m5-oil,simclr_ridge,20,20,-0.99239090244331,0.2282429277432593,0.7144343781406124
corn_m5-oil,simclr_ridge,20,21,0.6417740541130466,0.1059232986058422,1.6848882449082978
corn_m5-oil,simclr_ridge,20,22,0.4548694168342421,0.1340682525738648,1.36583848476157
corn_m5-oil,simclr_ridge,20,23,0.4988623596274049,0.1237048538213581,1.4245283854047823
corn_m5-oil,simclr_ridge,20,24,0.4718062035983,0.1250179930187516,1.3875638327245037
corn_m5-oil,simclr_ridge,20,25,0.6654462164899817,0.0995998548096904,1.7434787020703992
corn_m5-oil,simclr_ridge,20,26,0.1796535572512927,0.1583575990067704,1.113399366237857
corn_m5-oil,simclr_ridge,20,27,0.5272036466237836,0.1227696217113041,1.4666029703860928
corn_m5-oil,simclr_ridge,20,28,-0.181009221893686,0.1788243146894433,0.9279465788869043
corn_m5-oil,simclr_ridge,20,29,0.7189752923242994,0.0946240675516547,1.9022928125294565
corn_m5-protein,simclr_ridge,5,0,0.2589786272717687,0.4180658405271117,1.1694977880459994
corn_m5-protein,simclr_ridge,5,1,0.0171739145850162,0.5035504960151218,1.0154918318619472
corn_m5-protein,simclr_ridge,5,2,0.025823698173274,0.501220007951506,1.0199901822533406
corn_m5-protein,simclr_ridge,5,3,0.1068404907134884,0.4668486137329158,1.0652468499387489
corn_m5-protein,simclr_ridge,5,4,-0.9289704315580414,0.693355779667634,0.724856414615605
corn_m5-protein,simclr_ridge,5,5,0.0179917543524038,0.4866175972277001,1.0159146067022686
corn_m5-protein,simclr_ridge,5,6,0.0484543325584243,0.4955450812638894,1.032048135873923
corn_m5-protein,simclr_ridge,5,7,0.069945541952652,0.4736855236259383,1.0439040498058914
corn_m5-protein,simclr_ridge,5,8,-0.1371686941144676,0.5297689630952562,0.9440659286697076
corn_m5-protein,simclr_ridge,5,9,-1.2090550551569486,0.7262441719964442,0.6773474528309168
corn_m5-protein,simclr_ridge,5,10,0.0307217228256713,0.4964950395386225,1.0225640774996612
corn_m5-protein,simclr_ridge,5,11,-0.0280760556466157,0.5116186365781584,0.992892315891738
corn_m5-protein,simclr_ridge,5,12,0.0704486333134054,0.4832913402315607,1.0441865022273795
corn_m5-protein,simclr_ridge,5,13,0.0462854602683148,0.4960938758191748,1.030873961342288
corn_m5-protein,simclr_ridge,5,14,-0.3352420472031161,0.5820251346818569,0.8712339125010746
corn_m5-protein,simclr_ridge,5,15,-3.3672121315108807,1.044161916568865,0.481739910901292
corn_m5-protein,simclr_ridge,5,16,-0.0684527215829782,0.5258317960078105,0.973951020563155
corn_m5-protein,simclr_ridge,5,17,-1.178333910158027,0.718109153356464,0.6821070617380819
corn_m5-protein,simclr_ridge,5,18,-0.6552852002187899,0.6373420810076953,0.7824892066877148
corn_m5-protein,simclr_ridge,5,19,-0.5908419021300959,0.6291317685486286,0.7981807711045947
corn_m5-protein,simclr_ridge,5,20,-0.5892345685487714,0.6246016868133933,0.7985843045282611
corn_m5-protein,simclr_ridge,5,21,-3.109085804920354,1.0045907599035109,0.4966405391807799
corn_m5-protein,simclr_ridge,5,22,-0.023545976616057,0.5047855582983246,0.9950870951147526
corn_m5-protein,simclr_ridge,5,23,-0.4054592490569788,0.6024679113596652,0.8491915087243119
corn_m5-protein,simclr_ridge,5,24,-0.0034894739714732,0.5003451160994717,1.0049821802149217
corn_m5-protein,simclr_ridge,5,25,-0.020034975536632,0.4971554380489827,0.9967981887063684
corn_m5-protein,simclr_ridge,5,26,-1.2066974172688043,0.7292418853166103,0.6777091956077784
corn_m5-protein,simclr_ridge,5,27,-0.2310054692996834,0.548855109882039,0.9073707611717576
corn_m5-protein,simclr_ridge,5,28,-0.5187532455993846,0.6075786073119099,0.8169042627898091
corn_m5-protein,simclr_ridge,5,29,-0.5092615120214317,0.597030915046893,0.8194689889118659
corn_m5-protein,simclr_ridge,10,0,0.07493649937423,0.493710169924183,1.0472218661443176
corn_m5-protein,simclr_ridge,10,1,0.2174114070676909,0.4370931409364535,1.138564708247464
corn_m5-protein,simclr_ridge,10,2,0.307722090269256,0.3983446783848805,1.2105541971071048
corn_m5-protein,simclr_ridge,10,3,-0.3062024562793184,0.578504650314641,0.8812907799948364
corn_m5-protein,simclr_ridge,10,4,-0.7323725670642971,0.6430074545842787,0.7652508588989861
corn_m5-protein,simclr_ridge,10,5,0.0902635139489123,0.4930945940768343,1.056006686644003
corn_m5-protein,simclr_ridge,10,6,-0.8933442240862586,0.6695393658492967,0.7319976470948634
corn_m5-protein,simclr_ridge,10,7,-0.2080023108260638,0.5450334137552271,0.9164116300197884
corn_m5-protein,simclr_ridge,10,8,0.1155955669454207,0.4457629334165565,1.0710235472823977
corn_m5-protein,simclr_ridge,10,9,-0.0337941679379329,0.5249124523516892,0.9906207843569824
corn_m5-protein,simclr_ridge,10,10,-0.0948012292073767,0.5163808656673611,0.9626243351848852
corn_m5-protein,simclr_ridge,10,11,0.3374099066400137,0.3935900390132129,1.237376903904997
corn_m5-protein,simclr_ridge,10,12,-0.1438507093461301,0.5122179385656866,0.941759048685184
corn_m5-protein,simclr_ridge,10,13,0.2126651318717967,0.418695455017587,1.1351277271029474
corn_m5-protein,simclr_ridge,10,14,-0.4590696018086901,0.5972757342448222,0.8338471906523214
corn_m5-protein,simclr_ridge,10,15,-0.0911492899160122,0.5262312967580133,0.96423388079817
corn_m5-protein,simclr_ridge,10,16,-0.1515075352137544,0.515244174911868,0.9386227634914688
corn_m5-protein,simclr_ridge,10,17,-0.4588924009651329,0.5968576385534952,0.8338978297326868
corn_m5-protein,simclr_ridge,10,18,-0.4755506624519854,0.5983477411781222,0.8291773149306331
corn_m5-protein,simclr_ridge,10,19,0.4109882148720252,0.3849283371560866,1.3123887003285863
corn_m5-protein,simclr_ridge,10,20,-0.3532038152716219,0.5409996766635357,0.8658504118224335
corn_m5-protein,simclr_ridge,10,21,-0.5518792359506566,0.5979020699302626,0.8085288358833903
corn_m5-protein,simclr_ridge,10,22,-0.0239730014014041,0.5006441847086244,0.9953600863137232
corn_m5-protein,simclr_ridge,10,23,0.086175648811376,0.4837331237332128,1.0536420903152286
corn_m5-protein,simclr_ridge,10,24,0.3475882044558926,0.4027557972663677,1.2469917275677778
corn_m5-protein,simclr_ridge,10,25,0.4381229527842299,0.3737933809397836,1.3437046773428196
corn_m5-protein,simclr_ridge,10,26,0.351421533603289,0.40737125480047,1.2506713806188332
corn_m5-protein,simclr_ridge,10,27,0.1220962392620729,0.4572460530930453,1.0749815733483057
corn_m5-protein,simclr_ridge,10,28,0.4102701324053789,0.3878874110652335,1.3115894442452252
corn_m5-protein,simclr_ridge,10,29,0.3100062929685162,0.4082908615063847,1.2125562925102336
corn_m5-protein,simclr_ridge,20,0,0.8268802458651713,0.1961530479774055,2.4236857311129527
corn_m5-protein,simclr_ridge,20,1,0.6000994792547452,0.3123928390843251,1.59468031970096
corn_m5-protein,simclr_ridge,20,2,0.519564242710568,0.335492306041423,1.4548960267158493
corn_m5-protein,simclr_ridge,20,3,0.7220770262494711,0.2412106063987684,1.912878541673504
corn_m5-protein,simclr_ridge,20,4,0.7268294147268093,0.2657405719823388,1.9294461086427488
corn_m5-protein,simclr_ridge,20,5,0.725656838904629,0.2493334377512927,1.9253183503739315
corn_m5-protein,simclr_ridge,20,6,0.5877212567436603,0.3229255882815111,1.5705586085559304
corn_m5-protein,simclr_ridge,20,7,0.5046915755073099,0.3411093830387462,1.4328864043506366
corn_m5-protein,simclr_ridge,20,8,0.7229529550518932,0.2596468342636602,1.9159000919004607
corn_m5-protein,simclr_ridge,20,9,0.7175309758208303,0.2566448291656885,1.897423191771556
corn_m5-protein,simclr_ridge,20,10,0.609392887024337,0.3135576980520151,1.613539292122903
corn_m5-protein,simclr_ridge,20,11,0.7344310335202822,0.2508940321540758,1.956865414661889
corn_m5-protein,simclr_ridge,20,12,0.150055495383835,0.4507033268912855,1.0938413435617853
corn_m5-protein,simclr_ridge,20,13,0.7501969263188217,0.240990724258097,2.017672758648601
corn_m5-protein,simclr_ridge,20,14,0.822753520633968,0.2135722413771363,2.395304942298348
corn_m5-protein,simclr_ridge,20,15,0.3236320362194818,0.4110756840447198,1.2261909454873694
corn_m5-protein,simclr_ridge,20,16,0.5841235847339663,0.3159888505524907,1.5637505428272285
corn_m5-protein,simclr_ridge,20,17,0.5320482111805395,0.3282977822659794,1.4741750733198782
corn_m5-protein,simclr_ridge,20,18,0.6127238715854749,0.2921471196071565,1.6204635078707204
corn_m5-protein,simclr_ridge,20,19,0.726058575667307,0.2646842499287049,1.926729578697268
corn_m5-protein,simclr_ridge,20,20,0.3355329537111292,0.4268387206651901,1.237123041413297
corn_m5-protein,simclr_ridge,20,21,0.8130116297161828,0.2193709228617282,2.332073968011973
corn_m5-protein,simclr_ridge,20,22,0.8152883429241997,0.2190071926716851,2.346402253901098
corn_m5-protein,simclr_ridge,20,23,0.4073807436964847,0.3659567954150939,1.3099711761610502
corn_m5-protein,simclr_ridge,20,24,0.6206412685415297,0.3023318377697734,1.6372861088450374
corn_m5-protein,simclr_ridge,20,25,-0.6148716964429841,0.574819543183109,0.7935615334529207
corn_m5-protein,simclr_ridge,20,26,-2.9406737548601347,0.901704478582958,0.5080007794406748
corn_m5-protein,simclr_ridge,20,27,0.8219934081906901,0.2186784335049644,2.3901853315719723
corn_m5-protein,simclr_ridge,20,28,0.8354098885552448,0.2046905323475303,2.485694490567729
corn_m5-protein,simclr_ridge,20,29,0.2977293806760566,0.3967095992846923,1.2033649829757354
diesel-BP50,simclr_ridge,5,0,-1.7671655759117837,33.937723376931004,0.6019216019292034
diesel-BP50,simclr_ridge,5,1,-0.1746266500386561,22.544563191890724,0.923863007627291
diesel-BP50,simclr_ridge,5,2,0.0292961527836971,20.26511466803079,1.016281751537774
diesel-BP50,simclr_ridge,5,3,-0.5206142142609531,25.53675220482797,0.8119849503609902
diesel-BP50,simclr_ridge,5,4,-0.0156322029103133,20.943234936521566,0.9935489563551332
diesel-BP50,simclr_ridge,5,5,-3.489005994005521,43.58910726993046,0.4725876957591956
diesel-BP50,simclr_ridge,5,6,0.0215044064140285,20.56796872450632,1.0122273456099338
diesel-BP50,simclr_ridge,5,7,-0.0070669374948453,20.758803158746915,0.9977651568830254
diesel-BP50,simclr_ridge,5,8,-0.2137338698478434,22.71995481155489,0.9088574409371664
diesel-BP50,simclr_ridge,5,9,-0.4750537265313701,25.18392142165553,0.8244296136152601
diesel-BP50,simclr_ridge,5,10,-0.1366951758848484,22.15097121442148,0.9391511495269992
diesel-BP50,simclr_ridge,5,11,-2.088545423893595,36.24326402478685,0.5697449787423207
diesel-BP50,simclr_ridge,5,12,0.2016245850113427,18.5977020783674,1.1206085336906202
diesel-BP50,simclr_ridge,5,13,-1.1846084192773674,30.713394609083657,0.6774397893957682
diesel-BP50,simclr_ridge,5,14,-0.2399515263656073,23.10910593726069,0.8991976207102628
diesel-BP50,simclr_ridge,5,15,0.0045595010675202,20.768552780607184,1.003575036654598
diesel-BP50,simclr_ridge,5,16,-1.7626208208168794,34.10490248307737,0.6024165055549106
diesel-BP50,simclr_ridge,5,17,-0.5336308999856134,25.64055034210118,0.8085317480851808
diesel-BP50,simclr_ridge,5,18,-0.6886110612593037,26.85803079260815,0.7705355633125563
diesel-BP50,simclr_ridge,5,19,-0.0889520987778873,21.54303448812125,0.9595179744916802
diesel-BP50,simclr_ridge,5,20,-2.6947003613763774,39.8014997025434,0.5209162330211381
diesel-BP50,simclr_ridge,5,21,-2.5755505573234982,39.27025214883396,0.5295244785695739
diesel-BP50,simclr_ridge,5,22,-0.766898510882327,27.194239235466693,0.7532717849053839
diesel-BP50,simclr_ridge,5,23,-2.0716947391858445,36.326444660466656,0.571305593173001
diesel-BP50,simclr_ridge,5,24,-0.5039087849461235,25.328270816031672,0.816482263063953
diesel-BP50,simclr_ridge,5,25,-0.1001952685110312,21.67296849162649,0.9546026077071204
diesel-BP50,simclr_ridge,5,26,-1.4141569987289988,31.962533737657058,0.644428513251756
diesel-BP50,simclr_ridge,5,27,-0.2833661224620791,23.53370938283136,0.8838574306598704
diesel-BP50,simclr_ridge,5,28,0.1103707019738318,19.50967687023878,1.0615805779558505
diesel-BP50,simclr_ridge,5,29,-0.3248553066208433,23.71978778554277,0.8699079063472459
diesel-BP50,simclr_ridge,10,0,-1.0220119467641675,29.284838201584204,0.7041625013807963
diesel-BP50,simclr_ridge,10,1,-0.0151139536480637,20.98155266057273,0.993819133582986
diesel-BP50,simclr_ridge,10,2,-0.0521855748018258,21.41561713423173,0.976154545328745
diesel-BP50,simclr_ridge,10,3,0.5883818778343859,13.1949335277926,1.560693095457965
diesel-BP50,simclr_ridge,10,4,-0.3885278908809406,24.53601640165397,0.8497427125286198
diesel-BP50,simclr_ridge,10,5,-0.2195516289297727,22.95265708730912,0.906702174467252
diesel-BP50,simclr_ridge,10,6,0.012184454851045,20.50196557490793,1.0074577089996857
diesel-BP50,simclr_ridge,10,7,0.4371281607323261,15.419357523333282,1.334627262444671
diesel-BP50,simclr_ridge,10,8,0.1736717943602935,18.71326693125476,1.1015100502261377
diesel-BP50,simclr_ridge,10,9,0.075316247148808,19.768357084116364,1.0412814677995437
diesel-BP50,simclr_ridge,10,10,0.3904302806730837,16.333292093571398,1.2824872612716836
diesel-BP50,simclr_ridge,10,11,-0.4784095364796408,25.35146282313561,0.8235071513065254
diesel-BP50,simclr_ridge,10,12,0.5023048492218545,14.297909686898787,1.4193289068096695
diesel-BP50,simclr_ridge,10,13,0.4767337848950991,14.804171631795782,1.3842145340195562
diesel-BP50,simclr_ridge,10,14,-0.1632748153746448,22.42020644058324,0.92837532649775
diesel-BP50,simclr_ridge,10,15,0.2236029823761202,18.284845210047397,1.1363780158086467
diesel-BP50,simclr_ridge,10,16,0.2383939659600302,17.910913544188922,1.1473596283045102
diesel-BP50,simclr_ridge,10,17,0.2327664787255685,18.09474966937415,1.1431440701905269
diesel-BP50,simclr_ridge,10,18,-0.1043721054671484,21.92095053556012,0.9528116053952294
diesel-BP50,simclr_ridge,10,19,-0.3339074615398594,23.92190805511736,0.8669656718911231
diesel-BP50,simclr_ridge,10,20,-0.2084705727963616,22.56179938560931,0.9108496857727064
diesel-BP50,simclr_ridge,10,21,0.2295245477778439,18.1350935891114,1.1407365302870431
diesel-BP50,simclr_ridge,10,22,0.6756449185330966,11.723993820519665,1.7581438243503107
diesel-BP50,simclr_ridge,10,23,-0.2294207305990718,23.130222468477445,0.9030555926986432
diesel-BP50,simclr_ridge,10,24,-2.296306947562169,37.77027535803827,0.5515068737380131
diesel-BP50,simclr_ridge,10,25,-0.0253864714636078,21.12494695387607,0.9888284676653863
diesel-BP50,simclr_ridge,10,26,0.0379214569091834,20.447917478617725,1.0208442528984556
diesel-BP50,simclr_ridge,10,27,0.4315740282460826,15.438857180647672,1.328090885223944
diesel-BP50,simclr_ridge,10,28,-0.1247466418722362,21.92329031086245,0.9441421791377356
diesel-BP50,simclr_ridge,10,29,0.5559182015852235,13.863826488134702,1.5025649918177146
diesel-BP50,simclr_ridge,20,0,0.1359727127366651,19.531912688043,1.0772490098592298
diesel-BP50,simclr_ridge,20,1,0.6563913852295082,12.326216564317903,1.7082357671711013
diesel-BP50,simclr_ridge,20,2,-1.0404771236417307,29.68946436505163,0.7009934624355683
diesel-BP50,simclr_ridge,20,3,-0.1692455981673499,22.759653624593305,0.9260340608854576
diesel-BP50,simclr_ridge,20,4,0.4074745644413765,15.951211937548514,1.3008473412755035
diesel-BP50,simclr_ridge,20,5,0.5331634654518925,14.028782920686051,1.4655391161055404
diesel-BP50,simclr_ridge,20,6,0.6522373310061746,12.15136878569812,1.6980026066808904
diesel-BP50,simclr_ridge,20,7,0.2821844271351962,17.41720981204841,1.181880030619499
diesel-BP50,simclr_ridge,20,8,0.4766720633627818,15.169641296935527,1.384180966843699
diesel-BP50,simclr_ridge,20,9,0.482707459434133,15.060211985879388,1.3922323628072242
diesel-BP50,simclr_ridge,20,10,0.6258445144993676,12.585878572712108,1.6370192046659844
diesel-BP50,simclr_ridge,20,11,0.0499596642079467,20.046469040190296,1.0273272559846187
diesel-BP50,simclr_ridge,20,12,0.1215160567768266,19.6864231404723,1.0683484365544096
diesel-BP50,simclr_ridge,20,13,0.5848041193626654,13.366152160325589,1.5540082309679928
diesel-BP50,simclr_ridge,20,14,0.5350962537533919,14.298042447773174,1.4685823685538653
diesel-BP50,simclr_ridge,20,15,0.0368688785252093,20.145396766045724,1.0203217031540266
diesel-BP50,simclr_ridge,20,16,0.6019379335856279,13.124805924814869,1.5871005281745485
diesel-BP50,simclr_ridge,20,17,0.4188465052928437,15.86028525243979,1.3135130922093456
diesel-BP50,simclr_ridge,20,18,0.5195485957916601,13.98971477609302,1.4446249100706938
diesel-BP50,simclr_ridge,20,19,0.6843620446789377,11.583331579085272,1.782318118680901
diesel-BP50,simclr_ridge,20,20,0.3608620873100807,16.841547449874504,1.252513866935081
diesel-BP50,simclr_ridge,20,21,-0.1397733766806101,22.442397891405427,0.9379303271262852
diesel-BP50,simclr_ridge,20,22,0.5041159359958738,14.61448425281913,1.4219677830353012
diesel-BP50,simclr_ridge,20,23,0.2879479611252984,16.84714597773418,1.1866536122766405
diesel-BP50,simclr_ridge,20,24,-0.0132714219310161,21.155429525647808,0.9947568438046358
diesel-BP50,simclr_ridge,20,25,0.4891128460511128,14.673972899844458,1.4009329222662437
diesel-BP50,simclr_ridge,20,26,0.5933769132643276,13.286081492637178,1.5703042870571249
diesel-BP50,simclr_ridge,20,27,0.5859968023656719,13.41764584514132,1.556245056989293
diesel-BP50,simclr_ridge,20,28,0.5606828916129966,13.740576124120354,1.5107436398619445
diesel-BP50,simclr_ridge,20,29,0.5393850342918955,13.808522134837911,1.4754035040612057
diesel-CN,simclr_ridge,5,0,-0.1617139044424138,3.805166643894779,0.9290277678733454
diesel-CN,simclr_ridge,5,1,0.0145404342331018,3.503435821969735,1.0086927140092483
diesel-CN,simclr_ridge,5,2,0.0953975025769855,3.347554708124621,1.052808535810725
diesel-CN,simclr_ridge,5,3,0.2885913765158556,2.954321997521604,1.1871858891722886
diesel-CN,simclr_ridge,5,4,0.2933938431035947,2.959287760930361,1.1912134268817929
diesel-CN,simclr_ridge,5,5,0.1705781775463106,3.175614763135602,1.0994881671221557
diesel-CN,simclr_ridge,5,6,0.0378063872252344,3.4299238845355613,1.0208150253110624
diesel-CN,simclr_ridge,5,7,-4.321310829964081,8.14506634843029,0.434079198678171
diesel-CN,simclr_ridge,5,8,-4.968689547289977,8.614343164808313,0.4098630744630451
diesel-CN,simclr_ridge,5,9,0.3876973157070726,2.764922004844553,1.2796618034791176
diesel-CN,simclr_ridge,5,10,-0.5543465057629406,4.410011031675693,0.8031642478487258
diesel-CN,simclr_ridge,5,11,-0.0336237158521417,3.548474634540327,0.984911154226092
diesel-CN,simclr_ridge,5,12,-0.3069759438396708,4.026769163474847,0.8758797617779467
diesel-CN,simclr_ridge,5,13,0.4172320474394887,2.6884310125814253,1.3116877360936834
diesel-CN,simclr_ridge,5,14,0.1042626666837991,3.31613022765022,1.0580055620866011
diesel-CN,simclr_ridge,5,15,-0.0332063751965601,3.593137063329324,0.9851100505826588
diesel-CN,simclr_ridge,5,16,-0.0293938489114904,3.5849583276316723,0.9869326216405842
diesel-CN,simclr_ridge,5,17,-0.2433474774669619,3.895213395540327,0.8980117719042279
diesel-CN,simclr_ridge,5,18,-0.161319074695756,3.799753792794017,0.9291856816777144
diesel-CN,simclr_ridge,5,19,0.2979923794147835,2.955674159256476,1.1951086101999775
diesel-CN,simclr_ridge,5,20,0.1463899443580925,3.262747888850583,1.0837984544533603
diesel-CN,simclr_ridge,5,21,0.4406994707508295,2.6250112521606104,1.3389232205174384
diesel-CN,simclr_ridge,5,22,0.0385356299570788,3.464103652486081,1.0212020811702656
diesel-CN,simclr_ridge,5,23,0.1997817257659289,3.159153998486921,1.1193710125080525
diesel-CN,simclr_ridge,5,24,-0.0744946921812026,3.656668621911437,0.9659978311749456
diesel-CN,simclr_ridge,5,25,0.1919131657839746,3.1804633998583074,1.113907871863126
diesel-CN,simclr_ridge,5,26,0.3842395217517846,2.756064057355041,1.2760637841455489
diesel-CN,simclr_ridge,5,27,0.394746562532736,2.745285357088189,1.2870921936566209
diesel-CN,simclr_ridge,5,28,0.1308232726187653,3.2813218703417,1.0740493680608918
diesel-CN,simclr_ridge,5,29,-0.4305170682012953,4.212639699665036,0.8372049098449675
diesel-CN,simclr_ridge,10,0,-0.6117711900375116,4.441277098609723,0.788740966843805
diesel-CN,simclr_ridge,10,1,0.3447850638181723,2.8532874548264484,1.237069781435837
diesel-CN,simclr_ridge,10,2,-0.0747330204288532,3.651208239686946,0.9659080744349492
diesel-CN,simclr_ridge,10,3,0.1973739296095552,3.1710607293611845,1.1177108369403266
diesel-CN,simclr_ridge,10,4,0.3351347974398854,2.8506245904671714,1.228059166041432
diesel-CN,simclr_ridge,10,5,0.020377690892137,3.5055784304887414,1.0117116695118595
diesel-CN,simclr_ridge,10,6,0.101848562343335,3.330152346068882,1.056601707231879
diesel-CN,simclr_ridge,10,7,0.2501101971941274,3.042624459662765,1.156344845365033
diesel-CN,simclr_ridge,10,8,0.4290144854891212,2.659701349532629,1.325175956029392
diesel-CN,simclr_ridge,10,9,0.2587074676260775,3.022646519312721,1.1630309716582388
diesel-CN,simclr_ridge,10,10,0.2358885154574491,3.034295377258166,1.1455333284817002
diesel-CN,simclr_ridge,10,11,-1.260108230975049,5.291820989710416,0.6660724553847509
diesel-CN,simclr_ridge,10,12,-0.065849213736125,3.630014087544936,0.9699251221537428
diesel-CN,simclr_ridge,10,13,0.1256311366268269,3.2982015640240543,1.0708749283867989
diesel-CN,simclr_ridge,10,14,0.2088795229732222,3.125718730400628,1.1258091651287565
diesel-CN,simclr_ridge,10,15,0.0677193165055926,3.398193434676637,1.0370811720514763
diesel-CN,simclr_ridge,10,16,-0.3084421677319127,3.99116747400587,0.8754046049600279
diesel-CN,simclr_ridge,10,17,-1.2503018673516184,5.243957602141244,0.6675221826952106
diesel-CN,simclr_ridge,10,18,0.2349207172109878,3.096109612486565,1.1448085696281616
diesel-CN,simclr_ridge,10,19,-0.0595451450692869,3.629629322956624,0.9728062672376036
diesel-CN,simclr_ridge,10,20,0.263700245727697,3.045627955599861,1.1669675104142834
diesel-CN,simclr_ridge,10,21,0.2812356966665392,2.9733774335192606,1.1811167885560494
diesel-CN,simclr_ridge,10,22,-7.344092735102645,10.121336493636807,0.3466542521274154
diesel-CN,simclr_ridge,10,23,0.1865340935065282,3.1907271574539204,1.1102388361859383
diesel-CN,simclr_ridge,10,24,0.0308028915815311,3.4712895236454533,1.0171383704078178
diesel-CN,simclr_ridge,10,25,0.3132538500142582,2.9137425717012984,1.2083367274564738
diesel-CN,simclr_ridge,10,26,0.3202927662962416,2.9097888665306386,1.2145772630209426
diesel-CN,simclr_ridge,10,27,0.2350805813075143,3.073022043485176,1.1449281928342006
diesel-CN,simclr_ridge,10,28,-0.0115335813695693,3.5443361709706824,0.9956253369971068
diesel-CN,simclr_ridge,10,29,-0.1295207904459538,3.7246791411121833,0.9421910580347806
diesel-CN,simclr_ridge,20,0,-0.2759924290372053,3.932373174582189,0.8864991056415846
diesel-CN,simclr_ridge,20,1,0.1137480549377014,3.302741863117559,1.0637112437722782
diesel-CN,simclr_ridge,20,2,0.3465406307732047,2.868562242188,1.2387767792819733
diesel-CN,simclr_ridge,20,3,0.4188150216149606,2.6745099513841577,1.3135456186982415
diesel-CN,simclr_ridge,20,4,0.0942434047622479,3.258331287597031,1.0521958827315303
diesel-CN,simclr_ridge,20,5,0.3065237919705201,2.872640335579566,1.202504105220626
diesel-CN,simclr_ridge,20,6,0.2690317302911049,2.992785347489648,1.171259396160763
diesel-CN,simclr_ridge,20,7,0.0378097926370906,3.490992962960668,1.0208733914081505
diesel-CN,simclr_ridge,20,8,0.4226189769897513,2.664461578824967,1.3178655269018589
diesel-CN,simclr_ridge,20,9,0.3728601500776888,2.81590490640831,1.2645038375857731
diesel-CN,simclr_ridge,20,10,-0.0073228512674443,3.591519704724607,0.9977414331647178
diesel-CN,simclr_ridge,20,11,0.3831597843519939,2.795404176178772,1.2750171029988069
diesel-CN,simclr_ridge,20,12,0.1882060801787382,3.2145903486123486,1.1114231882194037
diesel-CN,simclr_ridge,20,13,-0.3200370030323434,4.04151455986448,0.871584097759679
diesel-CN,simclr_ridge,20,14,-1.0303228249475014,4.986997047177601,0.7027806608768269
diesel-CN,simclr_ridge,20,15,0.4617563315673336,2.590590402050409,1.3649378773030325
diesel-CN,simclr_ridge,20,16,-0.0144263375945241,3.5323286757139027,0.9942419707630364
diesel-CN,simclr_ridge,20,17,0.1483779846249264,3.270947376775905,1.085122854677946
diesel-CN,simclr_ridge,20,18,0.3093987103760236,2.872714361474779,1.2050044703347913
diesel-CN,simclr_ridge,20,19,0.4073722723352934,2.689059429767841,1.3008025120734807
diesel-CN,simclr_ridge,20,20,-0.0002703872324554,3.567790144619343,1.0012525719128995
diesel-CN,simclr_ridge,20,21,0.356852800011044,2.815893371949389,1.2486685085958755
diesel-CN,simclr_ridge,20,22,0.3624281398024056,2.8102646899404813,1.2541162065948448
diesel-CN,simclr_ridge,20,23,0.4746211978030097,2.5536071518952124,1.3815483151411754
diesel-CN,simclr_ridge,20,24,0.4690616535851138,2.565127583285375,1.3742960685821937
diesel-CN,simclr_ridge,20,25,0.399918937691017,2.7088467444658844,1.2926989317846374
diesel-CN,simclr_ridge,20,26,0.1746913170212995,3.22420582604997,1.1022856240902967
diesel-CN,simclr_ridge,20,27,0.383180019973371,2.7539196351745496,1.2750380171654825
diesel-CN,simclr_ridge,20,28,0.3860998960954735,2.726444433286597,1.27806663427205
diesel-CN,simclr_ridge,20,29,0.3820057498805822,2.820704945326134,1.2738260714843015
diesel-D4052,simclr_ridge,5,0,-0.0451136523785309,0.0155610082622533,0.9794352772389788
diesel-D4052,simclr_ridge,5,1,-2.0365829428566147,0.0267788050255433,0.5745990832591188
diesel-D4052,simclr_ridge,5,2,-0.9293228134396184,0.0213889472720553,0.7208668477131428
diesel-D4052,simclr_ridge,5,3,0.1898120141905444,0.0137922916377888,1.1124092806506376
diesel-D4052,simclr_ridge,5,4,0.2234625327524715,0.0136420690560127,1.136256277002063
diesel-D4052,simclr_ridge,5,5,-1.4167977218166223,0.0239242242180779,0.6440763484119145
diesel-D4052,simclr_ridge,5,6,-1.968009446857033,0.0263866841725028,0.5811990066933991
diesel-D4052,simclr_ridge,5,7,-0.7665476962870263,0.0204247756063351,0.7533465764376476
diesel-D4052,simclr_ridge,5,8,-0.1653516367530982,0.0166523201002116,0.9275322260411978
diesel-D4052,simclr_ridge,5,9,0.0073331895045121,0.0154302821667428,1.0049761425872283
diesel-D4052,simclr_ridge,5,10,0.1699892999406119,0.0141081229076377,1.0990454617891
diesel-D4052,simclr_ridge,5,11,-0.0576403800462399,0.0159010877389548,0.9736177683164056
diesel-D4052,simclr_ridge,5,12,-0.1531792586871132,0.0164313339354579,0.9324146566984628
diesel-D4052,simclr_ridge,5,13,-0.3675090853415779,0.0179501179815571,0.856233849250099
diesel-D4052,simclr_ridge,5,14,0.1957736118413613,0.0138387956787548,1.1165247212785163
diesel-D4052,simclr_ridge,5,15,-1.8866585165418952,0.0262431240828445,0.5893316931847555
diesel-D4052,simclr_ridge,5,16,-0.1558553400642559,0.0166317863655776,0.9313346498227864
diesel-D4052,simclr_ridge,5,17,-1.1542075060119317,0.0224533884049432,0.682203173673511
diesel-D4052,simclr_ridge,5,18,0.0359928251925455,0.0151895649279958,1.0198055466462874
diesel-D4052,simclr_ridge,5,19,-5.700914361944691,0.0398097493913765,0.3868035657890422
diesel-D4052,simclr_ridge,5,20,-0.6608598691770446,0.0198821323145586,0.7769463076579115
diesel-D4052,simclr_ridge,5,21,0.2840636627668693,0.0130231844295129,1.1833693050362462
diesel-D4052,simclr_ridge,5,22,0.3182102560698586,0.0126301088438744,1.2126410643167012
diesel-D4052,simclr_ridge,5,23,-0.2925174295647723,0.0174298141948187,0.8807229202430239
diesel-D4052,simclr_ridge,5,24,-0.1883749977116189,0.016681361249265,0.9185033609757192
diesel-D4052,simclr_ridge,5,25,-0.2620955125466595,0.0173587669757486,0.891274315985215
diesel-D4052,simclr_ridge,5,26,0.0036195236495948,0.0153519925573514,1.0031015426011654
diesel-D4052,simclr_ridge,5,27,0.0508826730345681,0.0150582871002349,1.0277738223492163
diesel-D4052,simclr_ridge,5,28,-0.3124825211599722,0.0176757856717655,0.8739986033381613
diesel-D4052,simclr_ridge,5,29,0.2779954625503509,0.0131309653894443,1.1783859056693162
diesel-D4052,simclr_ridge,10,0,0.696661763910623,0.0082662326803315,1.818030538590933
diesel-D4052,simclr_ridge,10,1,0.5680895501949916,0.0101502173293493,1.5235892394602402
diesel-D4052,simclr_ridge,10,2,0.6500944152330332,0.0090790872114756,1.6927363307869232
diesel-D4052,simclr_ridge,10,3,0.5625928889131426,0.0101327658778449,1.5139859084442056
diesel-D4052,simclr_ridge,10,4,0.0168355681380579,0.0154053807816148,1.0098379167289169
diesel-D4052,simclr_ridge,10,5,0.4109383320597135,0.0118674530383137,1.3046210188161869
diesel-D4052,simclr_ridge,10,6,0.3021694982882188,0.0128950890954206,1.198642792910647
diesel-D4052,simclr_ridge,10,7,0.4186102236527574,0.0117795424100323,1.3132005541465472
diesel-D4052,simclr_ridge,10,8,-0.3842214852182311,0.018146182745644,0.8510634892888144
diesel-D4052,simclr_ridge,10,9,0.614102208544371,0.0093764098456097,1.6118647807031996
diesel-D4052,simclr_ridge,10,10,0.2238530685037066,0.0134935769772924,1.136561080043553
diesel-D4052,simclr_ridge,10,11,0.0462699945620164,0.0150425352446765,1.0253025309918582
diesel-D4052,simclr_ridge,10,12,0.6755750457652441,0.0086692111726317,1.7579544847374295
diesel-D4052,simclr_ridge,10,13,0.2114324160562946,0.0137276900106079,1.1275746210520508
diesel-D4052,simclr_ridge,10,14,0.1932005910902202,0.0138504855050799,1.1147615144163805
diesel-D4052,simclr_ridge,10,15,0.0032118640338031,0.0154434627908318,1.0029131423967916
diesel-D4052,simclr_ridge,10,16,0.6652035234206147,0.008900293047253,1.7305107965298738
diesel-D4052,simclr_ridge,10,17,0.6857404957400113,0.0085135763600219,1.7861607512492412
diesel-D4052,simclr_ridge,10,18,0.3454439605057318,0.0125063234976746,1.2376314457141435
diesel-D4052,simclr_ridge,10,19,0.2176228189536543,0.0136634177363481,1.132026686169846
diesel-D4052,simclr_ridge,10,20,0.2157063669229082,0.0137682619874257,1.1306427645933048
diesel-D4052,simclr_ridge,10,21,0.0372788772519281,0.0150544173739049,1.0205035087148335
diesel-D4052,simclr_ridge,10,22,0.6739167245592027,0.0088699454024349,1.753478681605
diesel-D4052,simclr_ridge,10,23,0.2854847965729932,0.0131348464036075,1.1845653245426635
diesel-D4052,simclr_ridge,10,24,0.4724113528244711,0.0109785443881138,1.3785325708728744
diesel-D4052,simclr_ridge,10,25,0.29010348274683,0.0130631898057585,1.188412550999009
diesel-D4052,simclr_ridge,10,26,0.1970639281525434,0.0139000687721242,1.117440140782715
diesel-D4052,simclr_ridge,10,27,0.2240402201483108,0.0135135573706725,1.1366981338295217
diesel-D4052,simclr_ridge,10,28,0.5162261121407564,0.0106320508760612,1.4396056450600756
diesel-D4052,simclr_ridge,10,29,0.2010329029532039,0.0139070302648633,1.1202122182803549
diesel-D4052,simclr_ridge,20,0,0.657327199149764,0.0090459945237986,1.710566709232501
diesel-D4052,simclr_ridge,20,1,0.6765182132836656,0.0087246281549679,1.7605765628859198
diesel-D4052,simclr_ridge,20,2,0.4963345381605621,0.0109654550427689,1.410940654804759
diesel-D4052,simclr_ridge,20,3,0.7543375276558231,0.0076523136698749,2.020274692783373
diesel-D4052,simclr_ridge,20,4,0.7440836087755398,0.0078032902338728,1.9793873083469504
diesel-D4052,simclr_ridge,20,5,0.5913293397915182,0.0095234286471653,1.5663654785255368
diesel-D4052,simclr_ridge,20,6,0.3267486405229878,0.0125599809876519,1.2203691296721868
diesel-D4052,simclr_ridge,20,7,0.681068070549538,0.0087295304367704,1.7730902131041195
diesel-D4052,simclr_ridge,20,8,0.4318592395539223,0.0115344971033546,1.3284703278829122
diesel-D4052,simclr_ridge,20,9,0.4788894315081436,0.0111292199157606,1.3871227424773267
diesel-D4052,simclr_ridge,20,10,0.3458981967344194,0.0124704046918092,1.2381040936732053
diesel-D4052,simclr_ridge,20,11,0.7575488303809582,0.0077061446128164,2.033610103891667
diesel-D4052,simclr_ridge,20,12,0.599011352142205,0.0097907982635497,1.5812982630373562
diesel-D4052,simclr_ridge,20,13,0.6478494512048381,0.0092490819712121,1.6873906876329192
diesel-D4052,simclr_ridge,20,14,0.8235506220504851,0.0064279015943952,2.383799733793977
diesel-D4052,simclr_ridge,20,15,0.63275653538694,0.0089865453877007,1.6523528535968794
diesel-D4052,simclr_ridge,20,16,0.439455132801914,0.0115748449208521,1.3374410310111002
diesel-D4052,simclr_ridge,20,17,0.4879939599281111,0.0109586815337211,1.3994013566443455
diesel-D4052,simclr_ridge,20,18,0.710344702173467,0.0082710994059578,1.8605403566469516
diesel-D4052,simclr_ridge,20,19,0.6802378609478332,0.0086721608448528,1.7707869491196706
diesel-D4052,simclr_ridge,20,20,0.5614176433319755,0.0103723352780346,1.5120085755770694
diesel-D4052,simclr_ridge,20,21,0.3023553365378423,0.0129896340677286,1.1988440564779286
diesel-D4052,simclr_ridge,20,22,0.0831123065511667,0.0147163282223995,1.0457352821155623
diesel-D4052,simclr_ridge,20,23,0.6745839151218521,0.0087720002912972,1.755336263047009
diesel-D4052,simclr_ridge,20,24,0.7209801464810472,0.008169864747386,1.8956680025141748
diesel-D4052,simclr_ridge,20,25,0.524986707026535,0.0106136582890344,1.4528706520777088
diesel-D4052,simclr_ridge,20,26,0.7773446830468017,0.0072346017714086,2.1220875505946064
diesel-D4052,simclr_ridge,20,27,0.0866033556738035,0.0141611604845429,1.0477318033468048
diesel-D4052,simclr_ridge,20,28,0.7391422308940848,0.0079238604427096,1.960550100439508
diesel-D4052,simclr_ridge,20,29,0.3176122181598937,0.0127317283023433,1.2121718985840353
diesel-FLASH,simclr_ridge,5,0,-2.6261400803238426,16.394694275275192,0.5258177158414189
diesel-FLASH,simclr_ridge,5,1,-0.968633362032684,12.09587440164467,0.7136332594528143
diesel-FLASH,simclr_ridge,5,2,-0.1117623329818682,9.074936817748425,0.9496236563625686
diesel-FLASH,simclr_ridge,5,3,-0.2964852088961742,9.870713387752136,0.8793741998957616
diesel-FLASH,simclr_ridge,5,4,-0.7631492420345478,11.278242610003083,0.7540722612819962
diesel-FLASH,simclr_ridge,5,5,-0.8352244201567451,11.613411140922311,0.739116526477904
diesel-FLASH,simclr_ridge,5,6,-0.5010245191253604,10.59521981471332,0.8172663347635442
diesel-FLASH,simclr_ridge,5,7,-8.341731869000089,26.113934636393207,0.3275999327623254
diesel-FLASH,simclr_ridge,5,8,-0.1040628079788341,9.045288999399544,0.9529291512003027
diesel-FLASH,simclr_ridge,5,9,-0.206125866068104,9.491420518677634,0.9117193815218017
diesel-FLASH,simclr_ridge,5,10,-2.633235438080286,16.523813873531417,0.5253040293273474
diesel-FLASH,simclr_ridge,5,11,-0.065688306560117,8.907619167416724,0.9699344897866736
diesel-FLASH,simclr_ridge,5,12,0.0019961536738879,8.66658093607549,1.0022853795824926
diesel-FLASH,simclr_ridge,5,13,-2.305682892867885,15.71743724990008,0.5507150025959756
diesel-FLASH,simclr_ridge,5,14,-0.038412735237064,8.821337074497752,0.982590362126513
diesel-FLASH,simclr_ridge,5,15,-1.7327603207503883,14.321708748207197,0.605698825131134
diesel-FLASH,simclr_ridge,5,16,-1.7956082573113648,14.294809409910451,0.5988517810977498
diesel-FLASH,simclr_ridge,5,17,-0.0466736644933931,8.810509029983685,0.978705106651945
diesel-FLASH,simclr_ridge,5,18,-0.5669652101462466,10.858193602948946,0.799885502823137
diesel-FLASH,simclr_ridge,5,19,-0.3077141914418009,9.83609881950198,0.8755905878258119
diesel-FLASH,simclr_ridge,5,20,-0.0038656465109536,8.69912134946219,0.9993548089285008
diesel-FLASH,simclr_ridge,5,21,-0.6094078412931976,10.997701258001818,0.7892679113208478
diesel-FLASH,simclr_ridge,5,22,-1.2297842985433314,12.930604377064292,0.6705421403526807
diesel-FLASH,simclr_ridge,5,23,-0.1597135113889172,9.317626240243106,0.929784162517548
diesel-FLASH,simclr_ridge,5,24,-1.017406311333792,12.312137612210924,0.704954058678015
diesel-FLASH,simclr_ridge,5,25,-0.2639497057179063,9.728755523186283,0.8906203337618172
diesel-FLASH,simclr_ridge,5,26,-0.5353633089356491,10.662807319381244,0.8080754707436413
diesel-FLASH,simclr_ridge,5,27,-0.351160998091262,10.089160388222606,0.8613981853680334
diesel-FLASH,simclr_ridge,5,28,-0.1696545678948384,9.343004226368087,0.9258245489184784
diesel-FLASH,simclr_ridge,5,29,-0.0037157511321161,8.698356162664261,0.999429428199532
diesel-FLASH,simclr_ridge,10,0,-0.3463884619120345,10.098577219715937,0.8629379366628378
diesel-FLASH,simclr_ridge,10,1,-0.0310562957063946,8.789861901794138,0.9861059138717604
diesel-FLASH,simclr_ridge,10,2,-0.8755176175827752,11.80117720005654,0.7311461181571633
diesel-FLASH,simclr_ridge,10,3,-0.0077158922097189,8.69860996968711,0.9974604824171596
diesel-FLASH,simclr_ridge,10,4,-0.0912299578159381,9.099436191734394,0.9585319918863804
diesel-FLASH,simclr_ridge,10,5,-0.1992375772904979,9.45947883695241,0.9143493034524536
diesel-FLASH,simclr_ridge,10,6,-0.220522569507753,9.50817594465013,0.9063414563994028
diesel-FLASH,simclr_ridge,10,7,0.0027441871194102,8.594049329164136,1.0026779498206744
diesel-FLASH,simclr_ridge,10,8,-0.7559432678852638,11.13253593552548,0.7556305575734064
diesel-FLASH,simclr_ridge,10,9,-0.0471197696219318,8.741333616293415,0.9785129395258638
diesel-FLASH,simclr_ridge,10,10,0.0762630177369874,8.3765204717694,1.0418149541743056
diesel-FLASH,simclr_ridge,10,11,-0.0849802927824523,9.002472070359673,0.9612886788497672
diesel-FLASH,simclr_ridge,10,12,-0.2193589436992813,9.493024140257546,0.906773810968137
diesel-FLASH,simclr_ridge,10,13,-0.0331115097052292,8.850064736607935,0.985124573719457
diesel-FLASH,simclr_ridge,10,14,-0.0669207255837955,8.956229146499425,0.9693903156598824
diesel-FLASH,simclr_ridge,10,15,-0.3201175291799687,9.892317730221666,0.8714820646500346
diesel-FLASH,simclr_ridge,10,16,-0.1628257743593393,9.277925780571351,0.9285545615862376
diesel-FLASH,simclr_ridge,10,17,-1.5037561539256037,13.725843444919976,0.632803303502788
diesel-FLASH,simclr_ridge,10,18,-0.118062421571935,9.129451174562776,0.9469602016789056
diesel-FLASH,simclr_ridge,10,19,0.0168318370028651,8.621538288260005,1.0098360005534817
diesel-FLASH,simclr_ridge,10,20,-3.4582092424083983,17.908259326154916,0.4742250910964133
diesel-FLASH,simclr_ridge,10,21,-0.5508724979424617,10.65573302458934,0.8040382419018347
diesel-FLASH,simclr_ridge,10,22,0.0293246981488018,8.568509706913703,1.0163136599830505
diesel-FLASH,simclr_ridge,10,23,0.0062281709147425,8.651810447836354,1.0044340155749434
diesel-FLASH,simclr_ridge,10,24,-3.798609683281161,18.833723707398963,0.4570955986848203
diesel-FLASH,simclr_ridge,10,25,-1.1077923185291372,12.59416772242652,0.6896851004290895
diesel-FLASH,simclr_ridge,10,26,-0.0328128680028427,8.823891055446417,0.9852669896520724
diesel-FLASH,simclr_ridge,10,27,-0.0751112449276958,8.885435386203689,0.9656907031732832
diesel-FLASH,simclr_ridge,10,28,-0.7105828093885418,11.254200678840853,0.7655837398759453
diesel-FLASH,simclr_ridge,10,29,-0.5173780400242227,10.674012368632628,0.8128639350484758
diesel-FLASH,simclr_ridge,20,0,-0.0745549371502187,9.07788301738408,0.9659741860212854
diesel-FLASH,simclr_ridge,20,1,0.076010191770123,8.35017981335956,1.0417085825989876
diesel-FLASH,simclr_ridge,20,2,0.0585711705583588,8.395443965662276,1.032015181302561
diesel-FLASH,simclr_ridge,20,3,-5.437275138206762,22.1528516096585,0.3946651664578449
diesel-FLASH,simclr_ridge,20,4,0.0105232005245767,8.642223311182617,1.006646585904457
diesel-FLASH,simclr_ridge,20,5,0.095956788340582,8.200569077623555,1.0531378896247936
diesel-FLASH,simclr_ridge,20,6,-0.1288226113410604,9.263833634218043,0.9424688015097736
diesel-FLASH,simclr_ridge,20,7,-0.1167519262639296,9.120826149345444,0.9475485636868708
diesel-FLASH,simclr_ridge,20,8,-0.0761992894318976,8.924142756048996,0.9652359356450282
diesel-FLASH,simclr_ridge,20,9,-0.5693444449601399,10.827880830796676,0.7993200291405089
diesel-FLASH,simclr_ridge,20,10,-0.1243695094212697,9.14194373286972,0.9443332963683182
diesel-FLASH,simclr_ridge,20,11,-0.4370613394100793,10.43762208629421,0.8352994199133246
diesel-FLASH,simclr_ridge,20,12,0.0404766607944825,8.415156718280045,1.022238094700242
diesel-FLASH,simclr_ridge,20,13,0.2058737337280233,7.655707406821414,1.1236603394495197
diesel-FLASH,simclr_ridge,20,14,-0.0421981569903651,8.81242662318836,0.9808547110641656
diesel-FLASH,simclr_ridge,20,15,0.1448842020449637,8.053241221034522,1.082847673512758
diesel-FLASH,simclr_ridge,20,16,0.0066708545732354,8.682489214165964,1.0046926927212136
diesel-FLASH,simclr_ridge,20,17,0.1639276054387706,7.872664590338636,1.095110368038813
diesel-FLASH,simclr_ridge,20,18,-1.6224175570120145,13.783351425196296,0.6183422342350859
diesel-FLASH,simclr_ridge,20,19,0.2206887141004602,7.665006067955367,1.13429064406501
diesel-FLASH,simclr_ridge,20,20,-0.093412592633618,9.09868429727257,0.9576080695710708
diesel-FLASH,simclr_ridge,20,21,-0.1512639465564029,9.343631953640058,0.9332379276233252
diesel-FLASH,simclr_ridge,20,22,-1.1606899523381695,12.403208783046624,0.6812140655194523
diesel-FLASH,simclr_ridge,20,23,-0.1394512906088048,9.186264677702823,0.938062879062521
diesel-FLASH,simclr_ridge,20,24,0.0203486314296987,8.479446413859678,1.0116820814662866
diesel-FLASH,simclr_ridge,20,25,-0.1378200978816324,9.258106946942595,0.9387350474163242
diesel-FLASH,simclr_ridge,20,26,-0.0311740006728153,8.878032300842655,0.986083871583744
diesel-FLASH,simclr_ridge,20,27,0.006846957900719,8.6717893801224,1.004781763527173
diesel-FLASH,simclr_ridge,20,28,-0.0123000610459003,8.734692383619018,0.9952339929420354
diesel-FLASH,simclr_ridge,20,29,-0.1618767767826523,9.234548660303645,0.9289659528494992
diesel-FREEZE,simclr_ridge,5,0,-0.5585892695645021,14.52891855333895,0.8020319362741243
diesel-FREEZE,simclr_ridge,5,1,-0.0003714843725011,11.594831770808348,1.0010985930697542
diesel-FREEZE,simclr_ridge,5,2,-0.2267787829598238,12.99147051226752,0.9040123732217452
diesel-FREEZE,simclr_ridge,5,3,0.1122905602539526,11.053346949737588,1.0627279035417745
diesel-FREEZE,simclr_ridge,5,4,-0.2248057196990449,12.9827494522181,0.9047402257340412
diesel-FREEZE,simclr_ridge,5,5,-6.454965960396865,30.928432186473938,0.366720062910897
diesel-FREEZE,simclr_ridge,5,6,-0.0587606559677624,12.076552057487302,0.9731025389241982
diesel-FREEZE,simclr_ridge,5,7,-0.2233402701666516,12.96713879313556,0.9052819614835572
diesel-FREEZE,simclr_ridge,5,8,-2.2389691444633595,21.108740081408023,0.5563576928081891
diesel-FREEZE,simclr_ridge,5,9,-0.9817672511616288,16.514900433171054,0.711264575396272
diesel-FREEZE,simclr_ridge,5,10,-1.0912584100443,16.93415569753549,0.6923945688409588
diesel-FREEZE,simclr_ridge,5,11,-1.4929874273340138,18.381290710008106,0.6341579754697332
diesel-FREEZE,simclr_ridge,5,12,-1.0801686431388946,16.920086719333277,0.6942377577857054
diesel-FREEZE,simclr_ridge,5,13,-0.1343340185904384,12.487646413011074,0.94012807995811
diesel-FREEZE,simclr_ridge,5,14,0.1233915178307007,10.985926413323243,1.0694356775277982
diesel-FREEZE,simclr_ridge,5,15,-0.11222066862438,12.368751650501984,0.9494279707264198
diesel-FREEZE,simclr_ridge,5,16,-0.0342379882549592,11.938541981801569,0.9845714994405116
diesel-FREEZE,simclr_ridge,5,17,-1.359298040970801,17.82628581320823,0.6518776620780204
diesel-FREEZE,simclr_ridge,5,18,0.0330985983092216,11.542064969612737,1.018278110315186
diesel-FREEZE,simclr_ridge,5,19,-1.9757193001543167,19.980038565136116,0.5804455980475242
diesel-FREEZE,simclr_ridge,5,20,-0.6791183073825191,14.999122298450906,0.7727105725300932
diesel-FREEZE,simclr_ridge,5,21,0.1843435894544784,10.58491824700858,1.1086740335033856
diesel-FREEZE,simclr_ridge,5,22,-0.1173345351539338,12.403265919013055,0.9472527868637352
diesel-FREEZE,simclr_ridge,5,23,-0.1789737749156681,12.735676560756025,0.9221581958299938
diesel-FREEZE,simclr_ridge,5,24,-0.0262237738422015,11.893642806612442,0.9884084899541208
diesel-FREEZE,simclr_ridge,5,25,0.1627791074761726,10.594749901501231,1.0943027084539034
diesel-FREEZE,simclr_ridge,5,26,-0.7521445586004574,15.5253285695108,0.75643660314735
diesel-FREEZE,simclr_ridge,5,27,0.1273198336881554,10.957102954663236,1.0718399741857836
diesel-FREEZE,simclr_ridge,5,28,-0.3880617864751021,13.815304369448278,0.8498711831905814
diesel-FREEZE,simclr_ridge,5,29,-0.0454655713046607,11.989324909574965,0.9792704172801469
diesel-FREEZE,simclr_ridge,10,0,0.4713226877479276,8.488701093823456,1.3771124856631158
diesel-FREEZE,simclr_ridge,10,1,-0.4658804985626203,14.096839805703912,0.8270189653040769
diesel-FREEZE,simclr_ridge,10,2,0.0155675203846384,11.55003373570989,1.00918732090119
diesel-FREEZE,simclr_ridge,10,3,-1.169323171936587,17.023041756835624,0.6798335994602541
diesel-FREEZE,simclr_ridge,10,4,-0.2365853684709533,13.093254637092192,0.9004356905778701
diesel-FREEZE,simclr_ridge,10,5,0.1122612846458145,11.104992520503725,1.0627281202960464
diesel-FREEZE,simclr_ridge,10,6,-0.0947393643001732,12.339409894505357,0.9569943753888476
diesel-FREEZE,simclr_ridge,10,7,-1.1002220687188085,17.104189681265563,0.6909269672263417
diesel-FREEZE,simclr_ridge,10,8,0.1463925171491223,10.761272781566309,1.0837663085451996
diesel-FREEZE,simclr_ridge,10,9,0.1937681390429351,10.44487627052229,1.115153814287544
diesel-FREEZE,simclr_ridge,10,10,0.1950858477890021,10.586974035865165,1.1160662389362632
diesel-FREEZE,simclr_ridge,10,11,0.0590080258160854,11.353785979680124,1.0322188670837462
diesel-FREEZE,simclr_ridge,10,12,0.1114734584952223,10.991777197124348,1.0622568734415716
diesel-FREEZE,simclr_ridge,10,13,-0.014462482793295,11.771703075259348,0.9941381893885588
diesel-FREEZE,simclr_ridge,10,14,-0.1639932197005111,12.72147236226869,0.9280887905542796
diesel-FREEZE,simclr_ridge,10,15,-0.0836251317723539,11.997700588769964,0.9618895757236264
diesel-FREEZE,simclr_ridge,10,16,-0.0688393037369912,12.172962784302303,0.9685198918093698
diesel-FREEZE,simclr_ridge,10,17,0.4660909441320925,8.501608702758471,1.370348753160432
diesel-FREEZE,simclr_ridge,10,18,0.0367006736444733,11.539611095340923,1.0201971930330294
diesel-FREEZE,simclr_ridge,10,19,-0.0419281073223396,12.053618689816616,0.980947750621412
diesel-FREEZE,simclr_ridge,10,20,-0.2130580711777037,12.749803641476507,0.9091257454309796
diesel-FREEZE,simclr_ridge,10,21,0.4380577648008137,8.720607165878093,1.335730723064464
diesel-FREEZE,simclr_ridge,10,22,0.0269432913275824,11.411285954181684,1.0150692623662625
diesel-FREEZE,simclr_ridge,10,23,0.3519282278930661,9.302232306600326,1.2438075820187688
diesel-FREEZE,simclr_ridge,10,24,-1.2628495847543395,17.05533082849328,0.6656361641604863
diesel-FREEZE,simclr_ridge,10,25,0.4317655029443262,8.782013294944804,1.3283146259368603
diesel-FREEZE,simclr_ridge,10,26,0.0197030261632402,11.47625707710527,1.0113137722522427
diesel-FREEZE,simclr_ridge,10,27,0.0630118334234464,11.290089242787412,1.0344218832874144
diesel-FREEZE,simclr_ridge,10,28,0.3006869658832136,9.844560299639737,1.197371567070085
diesel-FREEZE,simclr_ridge,10,29,-0.3733518913473617,13.450463287579836,0.854424784595355
diesel-FREEZE,simclr_ridge,20,0,0.5475741791950128,7.979858219576633,1.4886964107168228
diesel-FREEZE,simclr_ridge,20,1,0.6761603840857392,6.635680220214911,1.7596036124012098
diesel-FREEZE,simclr_ridge,20,2,-0.0092277243404876,11.967346908341492,0.9967477099635474
diesel-FREEZE,simclr_ridge,20,3,-0.0232906988628638,11.949245343538992,0.9898749167242432
diesel-FREEZE,simclr_ridge,20,4,0.2859357433672476,10.012414351595432,1.1849804504991033
diesel-FREEZE,simclr_ridge,20,5,0.4343095220104924,8.364524225605903,1.3313443467948318
diesel-FREEZE,simclr_ridge,20,6,0.5294279474812437,7.885584842842328,1.4597106190732398
diesel-FREEZE,simclr_ridge,20,7,0.1511423486940829,10.87797299054038,1.086831954808151
diesel-FREEZE,simclr_ridge,20,8,0.2956106314746901,9.658752744245472,1.193090634310116
diesel-FREEZE,simclr_ridge,20,9,0.4685273502937882,8.356540939356192,1.3735338686364171
diesel-FREEZE,simclr_ridge,20,10,0.0721597901311497,11.102566028235197,1.0395448660934452
diesel-FREEZE,simclr_ridge,20,11,-0.0781911113363686,12.375620606265132,0.964343947754134
diesel-FREEZE,simclr_ridge,20,12,0.3097785598803212,9.65312320589062,1.2052735056873145
diesel-FREEZE,simclr_ridge,20,13,0.4097085206520028,8.941688294097434,1.303306543058118
diesel-FREEZE,simclr_ridge,20,14,0.4331366937276379,8.74681950134686,1.3299663719204615
diesel-FREEZE,simclr_ridge,20,15,0.4878532543157839,8.321430128274162,1.399209109839627
diesel-FREEZE,simclr_ridge,20,16,0.5327016457625209,7.989307053244701,1.4648147586197466
diesel-FREEZE,simclr_ridge,20,17,0.6375959836194011,7.120453401217194,1.6633488094845166
diesel-FREEZE,simclr_ridge,20,18,0.5757210620025535,7.464115357170348,1.5372839615104583
diesel-FREEZE,simclr_ridge,20,19,0.508199318583507,8.170090758935176,1.4278588237363277
diesel-FREEZE,simclr_ridge,20,20,0.5528729195141858,7.827537522549966,1.4974914305247833
diesel-FREEZE,simclr_ridge,20,21,0.3634180248782974,9.28343475320986,1.2550258295559644
diesel-FREEZE,simclr_ridge,20,22,0.6486730995862016,6.828693128917545,1.689367483305642
diesel-FREEZE,simclr_ridge,20,23,0.4294731507780837,8.575424416285651,1.3256894163712198
diesel-FREEZE,simclr_ridge,20,24,0.3538827416649456,9.57580385176774,1.2457306844334006
diesel-FREEZE,simclr_ridge,20,25,-0.5636756224363211,14.155088912283627,0.8007676132759866
diesel-FREEZE,simclr_ridge,20,26,0.4312770071300944,8.888235632109941,1.3277901403636758
diesel-FREEZE,simclr_ridge,20,27,0.452245146903111,8.638551264977938,1.3529654790960606
diesel-FREEZE,simclr_ridge,20,28,0.0004600882221752,11.58871664858037,1.001566436908153
diesel-FREEZE,simclr_ridge,20,29,0.4953002853410748,8.25730868966033,1.409494232630688
diesel-TOTAL,simclr_ridge,5,0,0.8352663947575214,2.723599594389176,2.466984388757511
diesel-TOTAL,simclr_ridge,5,1,0.1041881890494201,6.408604910278161,1.0579109461333278
diesel-TOTAL,simclr_ridge,5,2,0.7223979336939018,3.553780740371059,1.900404961718464
diesel-TOTAL,simclr_ridge,5,3,0.3581872291941022,5.405814547777817,1.2498368512487252
diesel-TOTAL,simclr_ridge,5,4,0.7822993139382475,3.13997828535887,2.145989555900268
diesel-TOTAL,simclr_ridge,5,5,0.6809307803178817,3.810731338456639,1.772617562119671
diesel-TOTAL,simclr_ridge,5,6,0.3901607356960338,5.298413771476118,1.2821824006702225
diesel-TOTAL,simclr_ridge,5,7,0.6241505413826802,4.105132105054337,1.6332419953059518
diesel-TOTAL,simclr_ridge,5,8,0.6951644680701141,3.7209991544379393,1.8135298535517477
diesel-TOTAL,simclr_ridge,5,9,-2.474887006710264,12.59642734468864,0.5371395849802648
diesel-TOTAL,simclr_ridge,5,10,0.6938624252430975,3.727630438511783,1.8096691552779869
diesel-TOTAL,simclr_ridge,5,11,0.3590202317391531,5.391029192794647,1.2506487171578613
diesel-TOTAL,simclr_ridge,5,12,0.802778227115574,2.985295716281956,2.2546548787508227
diesel-TOTAL,simclr_ridge,5,13,-0.4722456804256936,8.143073674464466,0.8252154653139245
diesel-TOTAL,simclr_ridge,5,14,0.7617987515011764,3.291220857290493,2.0515659674440205
diesel-TOTAL,simclr_ridge,5,15,0.6401028362648647,4.015011222469836,1.6690459405053784
diesel-TOTAL,simclr_ridge,5,16,-1.7941636115798665,11.261853907842372,0.5990065710448932
diesel-TOTAL,simclr_ridge,5,17,0.6715093821633578,3.8700802589917034,1.7470125219170145
diesel-TOTAL,simclr_ridge,5,18,0.4455486357253154,5.026170264961923,1.3447011448812964
diesel-TOTAL,simclr_ridge,5,19,0.775996183773756,3.165812326293859,2.115581663786882
diesel-TOTAL,simclr_ridge,5,20,0.671735713950057,3.854956200023457,1.747614683574331
diesel-TOTAL,simclr_ridge,5,21,0.7041933897434616,3.6741879689649912,1.8409990545651609
diesel-TOTAL,simclr_ridge,5,22,0.4772255808188423,4.882870612750272,1.3848423579309208
diesel-TOTAL,simclr_ridge,5,23,0.6051749279339695,4.227144691740278,1.5935112768045834
diesel-TOTAL,simclr_ridge,5,24,-0.3761728047748753,7.941223640915509,0.8535343764755037
diesel-TOTAL,simclr_ridge,5,25,0.5326338486590927,4.610377733305995,1.4646332019465538
diesel-TOTAL,simclr_ridge,5,26,0.7800090858644826,3.1450548299308787,2.134789856966544
diesel-TOTAL,simclr_ridge,5,27,-0.2367101257178987,7.550377034921793,0.9003752420328776
diesel-TOTAL,simclr_ridge,5,28,0.6945153898140096,3.7338592706469305,1.8116021807764664
diesel-TOTAL,simclr_ridge,5,29,0.5830656972347809,4.381963061529345,1.5506853681679214
diesel-TOTAL,simclr_ridge,10,0,0.5545582730449723,4.518706948319474,1.5002695815740663
diesel-TOTAL,simclr_ridge,10,1,0.7253463789295612,3.556510413847552,1.910610182535479
diesel-TOTAL,simclr_ridge,10,2,0.7557728844117508,3.352910291865441,2.0261323579111967
diesel-TOTAL,simclr_ridge,10,3,0.638681618899198,4.080865413981265,1.6657879828672368
diesel-TOTAL,simclr_ridge,10,4,0.7744181501245756,3.1827270539639443,2.1082042072300853
diesel-TOTAL,simclr_ridge,10,5,0.747090584262975,3.375882948425083,1.9910503992862791
diesel-TOTAL,simclr_ridge,10,6,0.7004212827914953,3.712604867106672,1.829402524973411
diesel-TOTAL,simclr_ridge,10,7,0.7995547296240101,3.0432373143220133,2.2364894092154666
diesel-TOTAL,simclr_ridge,10,8,0.8036618876077405,2.965024778853796,2.2597606762657323
diesel-TOTAL,simclr_ridge,10,9,0.7357503604030888,3.4075839023448187,1.94785915433231
diesel-TOTAL,simclr_ridge,10,10,0.8455173866770331,2.6643222673217792,2.5475630941710574
diesel-TOTAL,simclr_ridge,10,11,0.6355996245376034,4.05936252200287,1.658728645066941
diesel-TOTAL,simclr_ridge,10,12,0.8395279936615954,2.701913080178975,2.499568893316093
diesel-TOTAL,simclr_ridge,10,13,0.126937512236645,6.319775548002983,1.071623153150545
diesel-TOTAL,simclr_ridge,10,14,0.7886518778887059,3.088304902420085,2.1780385181565856
diesel-TOTAL,simclr_ridge,10,15,0.6599912493340961,3.950051145957725,1.7171953561943305
diesel-TOTAL,simclr_ridge,10,16,-2.121281426216104,11.90761395823663,0.5667588214917602
diesel-TOTAL,simclr_ridge,10,17,0.7346107839669129,3.442780867012885,1.9436726194930696
diesel-TOTAL,simclr_ridge,10,18,0.7896537528405967,3.1123038392651785,2.183219333320907
diesel-TOTAL,simclr_ridge,10,19,0.7292351695443268,3.500441825907701,1.9242815944980776
diesel-TOTAL,simclr_ridge,10,20,0.7013242393623993,3.695169167767725,1.83216576298566
diesel-TOTAL,simclr_ridge,10,21,0.8406763938667651,2.685261470984509,2.5085611306461164
diesel-TOTAL,simclr_ridge,10,22,0.6017043090937515,4.162138949096753,1.5865799022648723
diesel-TOTAL,simclr_ridge,10,23,0.839010958491758,2.6886515637218142,2.495551836222647
diesel-TOTAL,simclr_ridge,10,24,0.5083654118980209,4.724989238438788,1.428050408867347
diesel-TOTAL,simclr_ridge,10,25,0.8400283512822471,2.6891075823736426,2.503474903899775
diesel-TOTAL,simclr_ridge,10,26,0.8253054753291192,2.8433837803476227,2.395659582355284
diesel-TOTAL,simclr_ridge,10,27,0.8125683092819382,2.8715188364065827,2.312827492857972
diesel-TOTAL,simclr_ridge,10,28,0.7204721913521601,3.571792081152388,1.893879061772291
diesel-TOTAL,simclr_ridge,10,29,0.2915519391802328,5.65524767277723,1.1896268142213473
diesel-TOTAL,simclr_ridge,20,0,0.7874133320330817,3.121512667222763,2.1717599517952446
diesel-TOTAL,simclr_ridge,20,1,0.8842443055643063,2.2625498974700955,2.943124611156818
diesel-TOTAL,simclr_ridge,20,2,0.9300191257312086,1.7889584425148577,3.785211499926335
diesel-TOTAL,simclr_ridge,20,3,0.899534474624127,2.173301220206568,3.159157679628797
diesel-TOTAL,simclr_ridge,20,4,0.8012105157770335,2.999255825966996,2.245862322561169
diesel-TOTAL,simclr_ridge,20,5,0.7245844019652135,3.5254781960798853,1.9080316149163896
diesel-TOTAL,simclr_ridge,20,6,0.8207803878875963,2.8025974374543963,2.365304544700313
diesel-TOTAL,simclr_ridge,20,7,0.8214227041791307,2.818092170101264,2.3695545529024367
diesel-TOTAL,simclr_ridge,20,8,0.8423025390286355,2.6553561580233245,2.5215494080172816
diesel-TOTAL,simclr_ridge,20,9,0.8463293124370783,2.638892436508353,2.554373003151243
diesel-TOTAL,simclr_ridge,20,10,0.9029577712087292,2.0915132910479843,3.214396536888556
diesel-TOTAL,simclr_ridge,20,11,0.838064444158513,2.7232110920553536,2.4883342916553026
diesel-TOTAL,simclr_ridge,20,12,0.9164872552421094,1.9638756441285392,3.4650017155453146
diesel-TOTAL,simclr_ridge,20,13,0.8389994308659112,2.694868841695328,2.4955491464996005
diesel-TOTAL,simclr_ridge,20,14,0.8834244510680088,2.285757374184655,2.9327571225090305
diesel-TOTAL,simclr_ridge,20,15,0.8873660685816062,2.254657733694957,2.9836316894074755
diesel-TOTAL,simclr_ridge,20,16,0.8385271768811657,2.7254698284051626,2.491897151161029
diesel-TOTAL,simclr_ridge,20,17,0.906066059291042,2.0875768560961814,3.267146145156317
diesel-TOTAL,simclr_ridge,20,18,0.8591444210465304,2.5045762452540345,2.668042886723814
diesel-TOTAL,simclr_ridge,20,19,0.8310996996605844,2.737823080877036,2.4364899359533685
diesel-TOTAL,simclr_ridge,20,20,0.8211986086197768,2.857287979011882,2.3680691809664007
diesel-TOTAL,simclr_ridge,20,21,0.8321922660069146,2.760841293225432,2.444408843790396
diesel-TOTAL,simclr_ridge,20,22,0.8250198574293006,2.7683285751297158,2.393786700279401
diesel-TOTAL,simclr_ridge,20,23,0.8687179422033162,2.4322772224230635,2.7636124787128957
diesel-TOTAL,simclr_ridge,20,24,0.8944402981810882,2.184996202379507,3.08198666554868
diesel-TOTAL,simclr_ridge,20,25,0.8480911090027469,2.6589765995367047,2.5691427523558232
diesel-TOTAL,simclr_ridge,20,26,0.8424087332943289,2.7126539446108278,2.5223988491002185
diesel-TOTAL,simclr_ridge,20,27,0.9121964801430514,2.021164401234127,3.3792776008974594
diesel-TOTAL,simclr_ridge,20,28,0.8967327910922867,2.1836581508312465,3.116008352976537
diesel-TOTAL,simclr_ridge,20,29,0.8809187026732238,2.324550884800992,2.90173704420122
diesel-VISC,simclr_ridge,5,0,-0.9395266099654872,0.7276114988405592,0.7189681167276172
diesel-VISC,simclr_ridge,5,1,-0.8177887829320201,0.7104148654152959,0.7426527494878008
diesel-VISC,simclr_ridge,5,2,-2.174911885040526,0.9354104216008544,0.5619422221950714
diesel-VISC,simclr_ridge,5,3,-22.871886120801808,2.5615032091211525,0.2049340561217336
diesel-VISC,simclr_ridge,5,4,-2.009703011221309,0.913271265331194,0.577159277998371
diesel-VISC,simclr_ridge,5,5,-0.0206834727589366,0.5310147640364518,0.9910874152969016
diesel-VISC,simclr_ridge,5,6,-0.596953648459803,0.670341312505751,0.7923395735401372
diesel-VISC,simclr_ridge,5,7,-4.708962779249557,1.256659048640277,0.4190625941253602
diesel-VISC,simclr_ridge,5,8,-0.2075848898070391,0.5819205560752948,0.911168437951098
diesel-VISC,simclr_ridge,5,9,-1.370246847504999,0.8088160446558462,0.650370320393079
diesel-VISC,simclr_ridge,5,10,-0.9142123436416152,0.727823099732386,0.7237064556161595
diesel-VISC,simclr_ridge,5,11,-0.0752928623001241,0.5494972466489046,0.9655930280933268
diesel-VISC,simclr_ridge,5,12,-1.0541419874127147,0.7520858964239827,0.6986220245284183
diesel-VISC,simclr_ridge,5,13,-1.7284087180522874,0.8750078171324209,0.6061816542803153
diesel-VISC,simclr_ridge,5,14,-0.2482270462762712,0.591413388892735,0.8962119048678827
diesel-VISC,simclr_ridge,5,15,-0.1233800373599427,0.5612178476983728,0.9447005142960652
diesel-VISC,simclr_ridge,5,16,-1.0180306702478914,0.7477036021818905,0.7048449973028806
diesel-VISC,simclr_ridge,5,17,-1.8907618330445204,0.8939758574954869,0.588913278706109
diesel-VISC,simclr_ridge,5,18,-1.582400003693896,0.8483044355920419,0.623082775836557
diesel-VISC,simclr_ridge,5,19,-0.86529011069712,0.7194022261381094,0.7331356004491038
diesel-VISC,simclr_ridge,5,20,-1.153197864441962,0.7733696417073705,0.6823630985858287
diesel-VISC,simclr_ridge,5,21,-0.6125545171663189,0.6689868315753028,0.7884974620006541
diesel-VISC,simclr_ridge,5,22,-1.0853947850591965,0.7654077281838579,0.6933673084474437
diesel-VISC,simclr_ridge,5,23,-0.9275496662676774,0.7316702273569949,0.721198333125964
diesel-VISC,simclr_ridge,5,24,-1.0682350329842816,0.7605841183432395,0.6962377351367995
diesel-VISC,simclr_ridge,5,25,0.0065634471527804,0.5241796625554682,1.0045867253659075
diesel-VISC,simclr_ridge,5,26,-0.1384970424410159,0.5658152642666561,0.938407671470504
diesel-VISC,simclr_ridge,5,27,-1.073656282619015,0.7582397928581966,0.6953270372610842
diesel-VISC,simclr_ridge,5,28,-0.0408957195056998,0.5352763411726543,0.9814177119411271
diesel-VISC,simclr_ridge,5,29,0.0004689301751312,0.5250570154717984,1.001519370907416
diesel-VISC,simclr_ridge,10,0,0.3318744894544763,0.4284918760298939,1.224998975142816
diesel-VISC,simclr_ridge,10,1,0.0009890348185419,0.5311637009103561,1.0017967652198227
diesel-VISC,simclr_ridge,10,2,-0.0116884446256322,0.5346195022873567,0.9955002141476824
diesel-VISC,simclr_ridge,10,3,-1.3448158522049083,0.8028973110533475,0.6538985612775579
diesel-VISC,simclr_ridge,10,4,-0.256262700950024,0.5941712756614378,0.8933559202156117
diesel-VISC,simclr_ridge,10,5,-0.0758455835194049,0.5465463155215667,0.9653610717591404
diesel-VISC,simclr_ridge,10,6,-0.1714915913036805,0.5653512251041791,0.9251138113315388
diesel-VISC,simclr_ridge,10,7,-0.2969869799358666,0.6024741640391399,0.8792187565260253
diesel-VISC,simclr_ridge,10,8,0.3577411642035547,0.4184301443822513,1.2494236108012389
diesel-VISC,simclr_ridge,10,9,-0.923297160522303,0.7291502816890864,0.722007248034721
diesel-VISC,simclr_ridge,10,10,-0.1878906139777816,0.5790352030426559,0.9187059459304142
diesel-VISC,simclr_ridge,10,11,0.249578052318211,0.4522687776508786,1.1558779761564248
diesel-VISC,simclr_ridge,10,12,-0.2268188747793398,0.5860213351875346,0.904012692413775
diesel-VISC,simclr_ridge,10,13,-0.0271385368426742,0.53491645926314,0.9879847491686548
diesel-VISC,simclr_ridge,10,14,0.0962290955526162,0.5015040463784404,1.0532599600726822
diesel-VISC,simclr_ridge,10,15,-0.4841397912948095,0.6432636944168547,0.8219158357249045
diesel-VISC,simclr_ridge,10,16,-0.2250732402193485,0.5872058625663086,0.9046565372011504
diesel-VISC,simclr_ridge,10,17,0.3889320878577595,0.4126525683986058,1.2809141199562224
diesel-VISC,simclr_ridge,10,18,0.4455477237770375,0.3907245345548399,1.3447224864126892
diesel-VISC,simclr_ridge,10,19,0.0226480924376523,0.5245747760201501,1.0128363281161792
diesel-VISC,simclr_ridge,10,20,-0.0519817492679974,0.5454935593754108,0.9762491076083673
diesel-VISC,simclr_ridge,10,21,0.52791739716928,0.3630011195440573,1.4573227830933844
diesel-VISC,simclr_ridge,10,22,-0.0547961522686089,0.543395897908702,0.9749458256342992
diesel-VISC,simclr_ridge,10,23,-0.1518032674235783,0.5663269740758015,0.9329870151027644
diesel-VISC,simclr_ridge,10,24,-0.4213974825566309,0.6327054893934327,0.8398601624272636
diesel-VISC,simclr_ridge,10,25,-1.121594427808021,0.7717083285769251,0.6874380542240051
diesel-VISC,simclr_ridge,10,26,-1.7375791254948263,0.8712288892489546,0.6051756039176648
diesel-VISC,simclr_ridge,10,27,0.5980435017747338,0.3268584241687299,1.5793385113059306
diesel-VISC,simclr_ridge,10,28,0.5759914103796759,0.3437325802462862,1.537720574592797
diesel-VISC,simclr_ridge,10,29,0.4756294633876774,0.3840827113970662,1.3827561916472784
diesel-VISC,simclr_ridge,20,0,0.5985107588691828,0.3374921150564621,1.5803121417521209
diesel-VISC,simclr_ridge,20,1,0.5606471640632203,0.351331681671929,1.5106822128475752
diesel-VISC,simclr_ridge,20,2,0.0405209096086413,0.5151353081947333,1.0222616659809696
diesel-VISC,simclr_ridge,20,3,0.5637584758345542,0.353843945287466,1.5160597987509454
diesel-VISC,simclr_ridge,20,4,0.686797287406212,0.2953240302536458,1.7892337244172865
diesel-VISC,simclr_ridge,20,5,0.5122054436880124,0.3699240393636079,1.4337101441446225
diesel-VISC,simclr_ridge,20,6,0.5634922778259677,0.3459564316456109,1.5155974545291115
diesel-VISC,simclr_ridge,20,7,-0.3388236481296272,0.5935208262655461,0.8654024997389445
diesel-VISC,simclr_ridge,20,8,0.3074589257302017,0.4339327472557421,1.2032533088267343
diesel-VISC,simclr_ridge,20,9,0.5272295396693029,0.3612777017453906,1.4563127984102977
diesel-VISC,simclr_ridge,20,10,-0.0910252529992055,0.5496492133372809,0.9586551976967548
diesel-VISC,simclr_ridge,20,11,0.350814315331601,0.4283986872078192,1.242783176202031
diesel-VISC,simclr_ridge,20,12,0.4983492776389344,0.3780944115636268,1.413771139467559
diesel-VISC,simclr_ridge,20,13,0.5970147075114279,0.3359135013917773,1.5773760216195831
diesel-VISC,simclr_ridge,20,14,0.6472347145444908,0.3130030467184804,1.6859198042170682
diesel-VISC,simclr_ridge,20,15,0.5449602593320103,0.3582236280039128,1.484414435760075
diesel-VISC,simclr_ridge,20,16,0.5992756414170985,0.3367600170154032,1.581819632998391
diesel-VISC,simclr_ridge,20,17,0.3577503614061788,0.4298378513076166,1.249475942159492
diesel-VISC,simclr_ridge,20,18,-0.8401819318680717,0.7180847249561331,0.7381582052515147
diesel-VISC,simclr_ridge,20,19,0.4937579500806216,0.36973150456306,1.4073454868262092
diesel-VISC,simclr_ridge,20,20,0.6949259394598266,0.2918705607289095,1.8129139529087377
diesel-VISC,simclr_ridge,20,21,0.569119284342666,0.3417372056259795,1.5254616854180312
diesel-VISC,simclr_ridge,20,22,0.3574575794561869,0.4308077723212447,1.249191240579015
diesel-VISC,simclr_ridge,20,23,0.4608099067552244,0.3879006435429585,1.36366872622269
diesel-VISC,simclr_ridge,20,24,0.4269747475433907,0.3994529840096568,1.322796241228433
diesel-VISC,simclr_ridge,20,25,0.6713479075493172,0.3016699579042552,1.7466731002748392
diesel-VISC,simclr_ridge,20,26,0.4302522751238847,0.3928266187406253,1.3265955402425365
diesel-VISC,simclr_ridge,20,27,-0.0191341233476256,0.5386368701462501,0.9918914830462516
diesel-VISC,simclr_ridge,20,28,-0.2855429522097941,0.6033795437871262,0.8831541964334412
diesel-VISC,simclr_ridge,20,29,0.6128799824828047,0.3266958330405456,1.60937413903529
evoo-adulteration,simclr_ridge,5,0,-0.2009490813270029,24.10939956436529,0.9127395082067123
evoo-adulteration,simclr_ridge,5,1,0.0006563570575401,21.98978335237672,1.000579773713196
evoo-adulteration,simclr_ridge,5,2,-0.2952070522969128,25.03231764354945,0.8789001658365687
evoo-adulteration,simclr_ridge,5,3,-0.3158951497621733,25.24119096995812,0.8719638967710827
evoo-adulteration,simclr_ridge,5,4,-0.2819768209065432,24.907199107939125,0.8834237287011062
evoo-adulteration,simclr_ridge,5,5,-0.624678006675639,28.037455500551403,0.7847394683236174
evoo-adulteration,simclr_ridge,5,6,-0.1974643904737429,24.07502093505484,0.9140666058883332
evoo-adulteration,simclr_ridge,5,7,-0.3356198453986998,25.428886007008032,0.8655012808674916
evoo-adulteration,simclr_ridge,5,8,-1.3797520861042898,33.805378079531735,0.6484004215737421
evoo-adulteration,simclr_ridge,5,9,-1.952451470179612,37.78428613536809,0.5821270264174704
evoo-adulteration,simclr_ridge,5,10,0.124181813424873,20.587207966745076,1.06881408175881
evoo-adulteration,simclr_ridge,5,11,-0.4959046500221375,26.90849288016871,0.8178189895622099
evoo-adulteration,simclr_ridge,5,12,-0.0472190307415367,22.51860607247512,0.9774406209680632
evoo-adulteration,simclr_ridge,5,13,-1.212518667741679,32.71512550760524,0.672458789997039
evoo-adulteration,simclr_ridge,5,14,-8.60381315497585,68.1587432099359,0.3227656398954813
evoo-adulteration,simclr_ridge,5,15,0.0987345059268784,20.883879470234007,1.0536170130074924
evoo-adulteration,simclr_ridge,5,16,-0.0988467709979403,23.04625920934521,0.9542025624157356
evoo-adulteration,simclr_ridge,5,17,-0.2441715377016722,24.538528868152227,0.8967451069643011
evoo-adulteration,simclr_ridge,5,18,-0.0362749225962657,22.39733952650513,0.9825884444095704
evoo-adulteration,simclr_ridge,5,19,-0.6860135591319396,28.45420167622605,0.7703331992488208
evoo-adulteration,simclr_ridge,5,20,-0.0461281331610194,22.49628174019028,0.9779501234561516
evoo-adulteration,simclr_ridge,5,21,0.0038568024109539,21.95573337273512,1.0021858344188583
evoo-adulteration,simclr_ridge,5,22,-0.007848434467268,22.07779439589877,0.9963491023686376
evoo-adulteration,simclr_ridge,5,23,-0.2943700531180964,25.01929440773852,0.8791842885375217
evoo-adulteration,simclr_ridge,5,24,-0.0313342985574029,22.33664964044176,0.9849391855657162
evoo-adulteration,simclr_ridge,5,25,0.0146388556492438,21.829931449954223,1.0076539931225574
evoo-adulteration,simclr_ridge,5,26,0.0140552778203512,21.843718779718557,1.0073557352397489
evoo-adulteration,simclr_ridge,5,27,-0.5937452933392691,27.664918616426554,0.7923183039914333
evoo-adulteration,simclr_ridge,5,28,-0.92061010361754,30.489275399123137,0.7217545693696895
evoo-adulteration,simclr_ridge,5,29,-0.8152033681516857,29.434324656933907,0.7424145971664956
evoo-adulteration,simclr_ridge,10,0,-0.0023428696153238,22.03010619093578,0.9990823092864056
evoo-adulteration,simclr_ridge,10,1,-0.1097855135479326,23.19533376130741,0.9494889085380926
evoo-adulteration,simclr_ridge,10,2,-0.1076581481360821,23.16800081309761,0.950400264148198
evoo-adulteration,simclr_ridge,10,3,0.0044612048080268,21.95729693921296,1.0024906419853867
evoo-adulteration,simclr_ridge,10,4,-0.9976540774607598,31.09155280740031,0.7077001352572018
evoo-adulteration,simclr_ridge,10,5,-0.5687997141376147,27.46377629907243,0.7985933158656624
evoo-adulteration,simclr_ridge,10,6,-1.7594580965366249,36.56118767924353,0.6021400577458365
evoo-adulteration,simclr_ridge,10,7,-0.2809874265300855,24.921322218585043,0.8837653867993662
evoo-adulteration,simclr_ridge,10,8,0.0073901443058327,21.851829568121648,1.0039686001126449
evoo-adulteration,simclr_ridge,10,9,-0.2438167327301725,24.546756857659688,0.8968735662733803
evoo-adulteration,simclr_ridge,10,10,-1.4778636551877713,34.54482503900238,0.6354343951317142
evoo-adulteration,simclr_ridge,10,11,-0.5146921703496445,26.99746662676141,0.8127317598372122
evoo-adulteration,simclr_ridge,10,12,-0.0169214174261844,22.20050370149817,0.9918950537326898
evoo-adulteration,simclr_ridge,10,13,-0.9670599516398846,30.78505274864719,0.7131824104232098
evoo-adulteration,simclr_ridge,10,14,-0.1015169969261908,23.025446157262536,0.9530459062016584
evoo-adulteration,simclr_ridge,10,15,-0.1494191899905907,23.601982663942888,0.9329754152769992
evoo-adulteration,simclr_ridge,10,16,-0.1202453633434683,23.144791384206737,0.94504577337695
evoo-adulteration,simclr_ridge,10,17,-7.746924335826714,64.88731002065614,0.3382063339046569
evoo-adulteration,simclr_ridge,10,18,0.1770948192114377,19.890946749428156,1.1026419809438064
evoo-adulteration,simclr_ridge,10,19,-1.379286691432775,33.829328810618705,0.6484642434896412
evoo-adulteration,simclr_ridge,10,20,0.0860207748027288,21.05345854116136,1.046263945016781
evoo-adulteration,simclr_ridge,10,21,-0.1274184378349681,23.36915845129449,0.9420346018304488
evoo-adulteration,simclr_ridge,10,22,-0.1560449055390327,23.683792634535266,0.9302979619819316
evoo-adulteration,simclr_ridge,10,23,-0.4276272079051588,26.20895459846749,0.8371475557306693
evoo-adulteration,simclr_ridge,10,24,-0.4269257699217876,26.112560263793068,0.837353289960023
evoo-adulteration,simclr_ridge,10,25,-0.2382110383375784,24.495122272063902,0.8989014603508727
evoo-adulteration,simclr_ridge,10,26,-0.0104977003769717,22.04726932508259,0.9950427892993036
evoo-adulteration,simclr_ridge,10,27,-0.0570023829700694,22.47432970698213,0.9729072471235272
evoo-adulteration,simclr_ridge,10,28,-0.0283655322946465,22.32068228362223,0.986360485384373
evoo-adulteration,simclr_ridge,10,29,-0.1072402157689831,23.079795550616,0.9505796134673536
evoo-adulteration,simclr_ridge,20,0,-0.0916549908510311,22.965953791271986,0.9573423549729818
evoo-adulteration,simclr_ridge,20,1,-1.2736084850195053,33.11252222401791,0.6633643604394812
evoo-adulteration,simclr_ridge,20,2,-2.233069664641277,39.37579830076744,0.5562915261262269
evoo-adulteration,simclr_ridge,20,3,-0.1137235679550094,23.266412075846823,0.947809965787284
evoo-adulteration,simclr_ridge,20,4,0.147625217781825,20.20765273518293,1.0834145894333955
evoo-adulteration,simclr_ridge,20,5,-0.0322337333974211,22.399948977724307,0.9845118593004272
evoo-adulteration,simclr_ridge,20,6,-0.028582169315874,22.355662482016363,0.9862578662051936
evoo-adulteration,simclr_ridge,20,7,-0.1783433318545078,23.914891146308623,0.921454831542502
evoo-adulteration,simclr_ridge,20,8,0.0732135014101876,21.23315668642924,1.039010954966556
evoo-adulteration,simclr_ridge,20,9,0.1088568982231639,20.74037903578408,1.0595860964771564
evoo-adulteration,simclr_ridge,20,10,-1.0785152253442982,31.78469683821511,0.6937985226902533
evoo-adulteration,simclr_ridge,20,11,0.0018481289789791,22.027492170252327,1.001178842398216
evoo-adulteration,simclr_ridge,20,12,-0.1038617402504249,23.147725531322077,0.9520343873329654
evoo-adulteration,simclr_ridge,20,13,0.2533865191933212,19.04554286085984,1.1576094466751452
evoo-adulteration,simclr_ridge,20,14,-0.6003830962105507,27.878472518387994,0.7906749832150832
evoo-adulteration,simclr_ridge,20,15,0.0008987744934335,21.893347270508,1.00070306502203
evoo-adulteration,simclr_ridge,20,16,0.2383923334125243,19.164630879539278,1.1461575571166374
evoo-adulteration,simclr_ridge,20,17,-7.485278065383881,64.22851146494577,0.3433815339595332
evoo-adulteration,simclr_ridge,20,18,-0.2098925112932406,24.24675293552412,0.909361537969314
evoo-adulteration,simclr_ridge,20,19,-0.0884830422726434,22.925224975000795,0.9587362359765368
evoo-adulteration,simclr_ridge,20,20,-0.0257320383041097,22.323274469127032,0.9876271391123422
evoo-adulteration,simclr_ridge,20,21,-0.0075211995747976,22.124160989134484,0.996512794953534
evoo-adulteration,simclr_ridge,20,22,-6.223211517489861,59.05458956302824,0.3721729540212878
evoo-adulteration,simclr_ridge,20,23,-0.2381357912642445,24.52043838434094,0.8989299221387361
evoo-adulteration,simclr_ridge,20,24,0.0155619587271674,21.782187915438268,1.008128243464885
evoo-adulteration,simclr_ridge,20,25,0.2585966003849896,18.930068493629328,1.1616697736237136
evoo-adulteration,simclr_ridge,20,26,-4.918253669047203,53.47445340831406,0.4111622062853299
evoo-adulteration,simclr_ridge,20,27,0.0296626131724425,21.707283278449665,1.0154267341932222
evoo-adulteration,simclr_ridge,20,28,0.1553993624288173,20.119125438142635,1.0883893245304863
evoo-adulteration,simclr_ridge,20,29,0.1442662948137062,20.308402048887867,1.0812861911923006
gasoline-octane,simclr_ridge,5,0,0.8717935510459546,0.5475856923438238,2.8185745693310404
gasoline-octane,simclr_ridge,5,1,0.83086862077391,0.6165823495530859,2.453987632229468
gasoline-octane,simclr_ridge,5,2,0.7169145063238478,0.7844035275351616,1.8968179782360783
gasoline-octane,simclr_ridge,5,3,-0.0081362399072255,1.5470047785287129,1.0051360542957009
gasoline-octane,simclr_ridge,5,4,0.9254961854556,0.4076241185485881,3.69738955812256
gasoline-octane,simclr_ridge,5,5,0.9108343938321573,0.4327434950455158,3.3797593770839405
gasoline-octane,simclr_ridge,5,6,0.8685533822198541,0.557054994863845,2.7836187739348284
gasoline-octane,simclr_ridge,5,7,0.4195564723790612,1.1225941976095528,1.3246601709334205
gasoline-octane,simclr_ridge,5,8,0.2982167642456238,1.1897757708299526,1.2047112614090456
gasoline-octane,simclr_ridge,5,9,-0.3167618696839622,1.7731508325576677,0.8794898746198133
gasoline-octane,simclr_ridge,5,10,-0.0671971746927115,1.5995009386197958,0.9769270422073534
gasoline-octane,simclr_ridge,5,11,0.4796633048955214,1.032816540513949,1.3990789993215291
gasoline-octane,simclr_ridge,5,12,0.8857339235330957,0.511086876665035,2.98556002513645
gasoline-octane,simclr_ridge,5,13,0.2145120532993634,1.348918892805803,1.1387141103746188
gasoline-octane,simclr_ridge,5,14,0.8283632830692844,0.629154967165474,2.4360116753635306
gasoline-octane,simclr_ridge,5,15,0.4012169917030095,1.1896086375060544,1.3042166220117248
gasoline-octane,simclr_ridge,5,16,0.7033058192450734,0.8517661325707986,1.852806009549796
gasoline-octane,simclr_ridge,5,17,0.5944219200308518,0.9505783165844988,1.5847006183255608
gasoline-octane,simclr_ridge,5,18,-0.1192110562425643,1.6247771209454616,0.9539562747527444
gasoline-octane,simclr_ridge,5,19,0.90531989432778,0.4612572467081093,3.279858425323133
gasoline-octane,simclr_ridge,5,20,0.9361009504931734,0.3921656821360694,3.9924295906095537
gasoline-octane,simclr_ridge,5,21,-0.007446581925383,1.5457259264497856,1.005480033580251
gasoline-octane,simclr_ridge,5,22,0.3830966331700125,1.223126979901135,1.284919424735516
gasoline-octane,simclr_ridge,5,23,0.8377192799429559,0.605185380980307,2.5052496020183583
gasoline-octane,simclr_ridge,5,24,0.8141965044236252,0.672020018463571,2.3413024776514204
gasoline-octane,simclr_ridge,5,25,0.2059059370404804,1.3481303910012077,1.1325268062900704
gasoline-octane,simclr_ridge,5,26,0.9307305986615918,0.4010734629408594,3.8345441960197992
gasoline-octane,simclr_ridge,5,27,0.230246027291996,1.3526673686049993,1.1502930487481426
gasoline-octane,simclr_ridge,5,28,0.8733302381241113,0.5369604729101828,2.835619718883182
gasoline-octane,simclr_ridge,5,29,0.0026757741036457,1.4668740911398324,1.0105697184830118
gasoline-octane,simclr_ridge,10,0,0.7558629866697697,0.7515268924419726,2.044420130017473
gasoline-octane,simclr_ridge,10,1,0.8431854544882074,0.5969729777218563,2.5509020940177285
gasoline-octane,simclr_ridge,10,2,0.7186906650421202,0.7862784536958058,1.904561013938915
gasoline-octane,simclr_ridge,10,3,0.8529517852867696,0.5951522582029543,2.6342505782927854
gasoline-octane,simclr_ridge,10,4,0.8989718937622354,0.4808839725776894,3.178087542965933
gasoline-octane,simclr_ridge,10,5,0.4434299316223109,1.0398246554855757,1.3540261090920354
gasoline-octane,simclr_ridge,10,6,0.8931172705239168,0.492532113992179,3.0898201011965307
gasoline-octane,simclr_ridge,10,7,0.9033316781474756,0.4865485656041927,3.2489638000834264
gasoline-octane,simclr_ridge,10,8,0.9128907228725632,0.4439128368471535,3.4225890555158838
gasoline-octane,simclr_ridge,10,9,0.9269555516015248,0.4036427483109402,3.737604596971399
gasoline-octane,simclr_ridge,10,10,0.0108582396356605,1.497756851919578,1.0156818536404848
gasoline-octane,simclr_ridge,10,11,0.5494553866708722,1.0331922209499171,1.504936104365676
gasoline-octane,simclr_ridge,10,12,0.8356106906988712,0.636701503081745,2.4914385315856142
gasoline-octane,simclr_ridge,10,13,0.0082758745452237,1.5378470169328071,1.0143586171940064
gasoline-octane,simclr_ridge,10,14,0.913417474561574,0.4469546780441932,3.4329844604184143
gasoline-octane,simclr_ridge,10,15,0.9181429153306148,0.4272699788186564,3.530683805327953
gasoline-octane,simclr_ridge,10,16,0.6739099711104807,0.7991916679654761,1.7689607732717774
gasoline-octane,simclr_ridge,10,17,0.9462562761011252,0.3593186489946829,4.357356409575634
gasoline-octane,simclr_ridge,10,18,0.9115488860190092,0.472540456935229,3.396528856792333
gasoline-octane,simclr_ridge,10,19,0.9112438773072712,0.4639495862779288,3.390687781181877
gasoline-octane,simclr_ridge,10,20,0.9495148900227056,0.3418735479270436,4.495782669169754
gasoline-octane,simclr_ridge,10,21,0.8350083721185255,0.6004453268251271,2.4868867497667693
gasoline-octane,simclr_ridge,10,22,0.9056767029445092,0.4661825377687223,3.2891030134362067
gasoline-octane,simclr_ridge,10,23,0.8929886813770808,0.5084672238676732,3.08796311650682
gasoline-octane,simclr_ridge,10,24,0.7898572155571426,0.7026182979683828,2.203584561055004
gasoline-octane,simclr_ridge,10,25,0.9117646934002288,0.4540431435693867,3.400679963531009
gasoline-octane,simclr_ridge,10,26,0.9014455105395588,0.4785844725524448,3.217723748881549
gasoline-octane,simclr_ridge,10,27,0.9154625812014188,0.4500499716534988,3.474261234296011
gasoline-octane,simclr_ridge,10,28,0.9159574312121864,0.4279080619852284,3.484474599385862
gasoline-octane,simclr_ridge,10,29,0.6281205132832057,0.8359696336741953,1.6564786805151666
gasoline-octane,simclr_ridge,20,0,0.922613786978414,0.4432962062188999,3.640540735362316
gasoline-octane,simclr_ridge,20,1,0.8972486985213848,0.4652149027659139,3.1593957267659616
gasoline-octane,simclr_ridge,20,2,0.9654758584611044,0.2921584681183407,5.450498794677025
gasoline-octane,simclr_ridge,20,3,0.9147731718547628,0.4580527673711593,3.469041771153179
gasoline-octane,simclr_ridge,20,4,0.9347856961488236,0.3604077531261268,3.9657584733527833
gasoline-octane,simclr_ridge,20,5,0.8375774550431642,0.6074181171622313,2.5128961249362285
gasoline-octane,simclr_ridge,20,6,-4.384170304530025,3.742481838439819,0.4364538189857418
gasoline-octane,simclr_ridge,20,7,0.9403951627068508,0.3795331698717031,4.148173748461982
gasoline-octane,simclr_ridge,20,8,0.9329106333265458,0.3810218047625089,3.9099467801716
gasoline-octane,simclr_ridge,20,9,0.7516056820717522,0.6588035431969691,2.032014785313785
gasoline-octane,simclr_ridge,20,10,0.8960162986299005,0.5314262731912943,3.140617569765732
gasoline-octane,simclr_ridge,20,11,0.924548714037298,0.4469251295647032,3.686925559277386
gasoline-octane,simclr_ridge,20,12,0.9246317772884576,0.4308015888604009,3.6889566784962606
gasoline-octane,simclr_ridge,20,13,0.9420496538902652,0.3568402014050976,4.206972518753633
gasoline-octane,simclr_ridge,20,14,0.9388037935084472,0.3809399346182118,4.093883139099633
gasoline-octane,simclr_ridge,20,15,0.5584598864393651,0.9874309683554768,1.524097004985181
gasoline-octane,simclr_ridge,20,16,0.4987825696538032,1.006359746689784,1.430489285814078
gasoline-octane,simclr_ridge,20,17,0.9481347510813556,0.3468538652878252,4.44692145706845
gasoline-octane,simclr_ridge,20,18,0.8461817611330784,0.5986765076155914,2.582223176895097
gasoline-octane,simclr_ridge,20,19,0.9387192014707214,0.3728425480849963,4.091056564386136
gasoline-octane,simclr_ridge,20,20,0.4358938404253615,1.0745777663372795,1.348395427737738
gasoline-octane,simclr_ridge,20,21,0.943437914274176,0.3520811178743903,4.258287545582301
gasoline-octane,simclr_ridge,20,22,0.937450948204435,0.3711312266072107,4.049368749527017
gasoline-octane,simclr_ridge,20,23,0.9448966868327628,0.3669745834626112,4.314285049642823
gasoline-octane,simclr_ridge,20,24,0.952624984313978,0.3223966501682977,4.652892393024452
gasoline-octane,simclr_ridge,20,25,0.7871886438275122,0.6682609223119222,2.1953324276251327
gasoline-octane,simclr_ridge,20,26,0.8993556160483138,0.4893701608763936,3.192294276159387
gasoline-octane,simclr_ridge,20,27,0.9100623776939958,0.4387811595320882,3.376968357004678
gasoline-octane,simclr_ridge,20,28,0.9514091587184416,0.338146838511109,4.594311980592701
gasoline-octane,simclr_ridge,20,29,0.9258581297621352,0.3862644217370699,3.719340367141045
corn_m5-oil,simclr_scratch60_ridge,5,0,-1.4418388639985085,0.2792074017582227,0.6442527351623109
corn_m5-oil,simclr_scratch60_ridge,5,1,-0.7404431674353318,0.2307604199674027,0.7631059655497242
corn_m5-oil,simclr_scratch60_ridge,5,2,-0.5008846100603683,0.2148498507308469,0.8217526620172815
corn_m5-oil,simclr_scratch60_ridge,5,3,-0.9378441250968124,0.2471625660644447,0.7231948944839276
corn_m5-oil,simclr_scratch60_ridge,5,4,-1.2333832389081834,0.2569809161998561,0.6736481874237582
corn_m5-oil,simclr_scratch60_ridge,5,5,-1.0469667065763502,0.2532883141753398,0.7036543589002737
corn_m5-oil,simclr_scratch60_ridge,5,6,-0.0059899819191961,0.1767675934478104,1.0037324016450837
corn_m5-oil,simclr_scratch60_ridge,5,7,-0.4409014551069012,0.2108072510518926,0.8386825980360462
corn_m5-oil,simclr_scratch60_ridge,5,8,-1.1838277752005215,0.2573562796024672,0.6812485315934983
corn_m5-oil,simclr_scratch60_ridge,5,9,-0.1155342231205625,0.1831081012141693,0.9531764914246031
corn_m5-oil,simclr_scratch60_ridge,5,10,-4.439516843506064,0.4118696538413508,0.4316528462105939
corn_m5-oil,simclr_scratch60_ridge,5,11,-0.0618875487706733,0.1771498554256387,0.9769571317815195
corn_m5-oil,simclr_scratch60_ridge,5,12,-0.0189519318406354,0.1802259635100443,0.9973277962584228
corn_m5-oil,simclr_scratch60_ridge,5,13,0.0149563834021294,0.1759713575864073,1.01434814971679
corn_m5-oil,simclr_scratch60_ridge,5,14,-0.6037000769072562,0.2204096543392781,0.7949744974049026
corn_m5-oil,simclr_scratch60_ridge,5,15,-0.549259975174027,0.2172595450469796,0.8088213774055283
corn_m5-oil,simclr_scratch60_ridge,5,16,-0.6709795416747435,0.2271289173233582,0.7788058507277511
corn_m5-oil,simclr_scratch60_ridge,5,17,-0.7585906234411977,0.2264192994302277,0.7591583884727611
corn_m5-oil,simclr_scratch60_ridge,5,18,-0.0781549426080929,0.1743910900674553,0.9695588675125398
corn_m5-oil,simclr_scratch60_ridge,5,19,-0.4715990011474269,0.2100362267737346,0.8298890410736103
corn_m5-oil,simclr_scratch60_ridge,5,20,-0.3870130965799228,0.2086551322118187,0.8548196382892888
corn_m5-oil,simclr_scratch60_ridge,5,21,-0.6715107908989542,0.2273312631190161,0.7786820786032163
corn_m5-oil,simclr_scratch60_ridge,5,22,-0.5152940586002028,0.2203412055061894,0.8178361656422971
corn_m5-oil,simclr_scratch60_ridge,5,23,-12.86344997365969,0.6686446579468738,0.2703828316759192
corn_m5-oil,simclr_scratch60_ridge,5,24,-1.6953686921286506,0.2829231415268289,0.6132049924839558
corn_m5-oil,simclr_scratch60_ridge,5,25,-2.112206961360215,0.3008625765051607,0.5706640797923939
corn_m5-oil,simclr_scratch60_ridge,5,26,0.3805360593761766,0.1393406414163876,1.2791066487267857
corn_m5-oil,simclr_scratch60_ridge,5,27,-1.288481034428386,0.2672945907363407,0.6654893550420363
corn_m5-oil,simclr_scratch60_ridge,5,28,-0.2365302433740264,0.1969023724504933,0.9053414414174557
corn_m5-oil,simclr_scratch60_ridge,5,29,-1.6706795797925214,0.2888800502383312,0.6160328604527752
corn_m5-oil,simclr_scratch60_ridge,10,0,0.2921078424893596,0.1458780621674064,1.1971289244954129
corn_m5-oil,simclr_scratch60_ridge,10,1,0.2374379601203442,0.1543449540040414,1.1534184217257155
corn_m5-oil,simclr_scratch60_ridge,10,2,-0.3345989678687191,0.2028221094955325,0.8718646758725893
corn_m5-oil,simclr_scratch60_ridge,10,3,0.2856694517265341,0.1523544160367508,1.191721742902501
corn_m5-oil,simclr_scratch60_ridge,10,4,0.3693549732181014,0.1440456653500533,1.268329188110851
corn_m5-oil,simclr_scratch60_ridge,10,5,-0.036963266541957,0.1803106504620034,0.9891058911558588
corn_m5-oil,simclr_scratch60_ridge,10,6,-0.3731289284638985,0.2052333246587716,0.8595453916737396
corn_m5-oil,simclr_scratch60_ridge,10,7,0.1638313338033987,0.1607389856837952,1.1014823185086224
corn_m5-oil,simclr_scratch60_ridge,10,8,-0.1131620388695664,0.1827771957307849,0.9546524266837476
corn_m5-oil,simclr_scratch60_ridge,10,9,-0.1211328287348922,0.182835005721412,0.9512527817944624
corn_m5-oil,simclr_scratch60_ridge,10,10,-0.1898296577963336,0.1898392532956508,0.9233834357849022
corn_m5-oil,simclr_scratch60_ridge,10,11,-0.5935166630657882,0.2204909419426349,0.7978957835365411
corn_m5-oil,simclr_scratch60_ridge,10,12,-0.1543756032297352,0.1828996691636367,0.9374560253421956
corn_m5-oil,simclr_scratch60_ridge,10,13,0.4733862242719231,0.1256915321543099,1.3879645271900851
corn_m5-oil,simclr_scratch60_ridge,10,14,-0.2638271428859833,0.1998075764308995,0.8959435256183155
corn_m5-oil,simclr_scratch60_ridge,10,15,-2.04280382243281,0.3057210499650332,0.5774142505800104
corn_m5-oil,simclr_scratch60_ridge,10,16,0.1629718903870012,0.1626890070071179,1.100916683469532
corn_m5-oil,simclr_scratch60_ridge,10,17,0.0823615634447744,0.1675322750912037,1.0514501238258191
corn_m5-oil,simclr_scratch60_ridge,10,18,-0.3792180239173195,0.208841133197965,0.8576458937862983
corn_m5-oil,simclr_scratch60_ridge,10,19,-0.520452558740373,0.2187317659435048,0.8168419581163432
corn_m5-oil,simclr_scratch60_ridge,10,20,-0.3846494337039619,0.2027979043545731,0.855962145089715
corn_m5-oil,simclr_scratch60_ridge,10,21,-0.1408605658923374,0.1830348798931804,0.9429923948119264
corn_m5-oil,simclr_scratch60_ridge,10,22,0.1289377193541755,0.1605520126317051,1.0791948660179134
corn_m5-oil,simclr_scratch60_ridge,10,23,0.5041456295509856,0.1287671480730329,1.4303667363718648
corn_m5-oil,simclr_scratch60_ridge,10,24,-0.6922874025577315,0.2192863713597705,0.7742610529941504
corn_m5-oil,simclr_scratch60_ridge,10,25,0.2828740389126427,0.1459283024786618,1.1893967628961144
corn_m5-oil,simclr_scratch60_ridge,10,26,0.2703970353290742,0.1566526600506828,1.179182919032552
corn_m5-oil,simclr_scratch60_ridge,10,27,-0.1767621104581573,0.1950129885446766,0.9284962122567292
corn_m5-oil,simclr_scratch60_ridge,10,28,0.1291691643257219,0.1700500155144016,1.079338267940022
corn_m5-oil,simclr_scratch60_ridge,10,29,0.0541962212808516,0.1734145193120964,1.03567609515196
corn_m5-oil,simclr_scratch60_ridge,20,0,-0.2506012005867202,0.1953407508665092,0.9017584045990356
corn_m5-oil,simclr_scratch60_ridge,20,1,-2.677052416327233,0.359294340486793,0.5258958079847857
corn_m5-oil,simclr_scratch60_ridge,20,2,0.3480211870661397,0.1327783119288164,1.2489149891543696
corn_m5-oil,simclr_scratch60_ridge,20,3,-0.9897344159955486,0.2456067012939998,0.7149111383016324
corn_m5-oil,simclr_scratch60_ridge,20,4,-0.0451239942492085,0.1672196374217595,0.9864287240994716
corn_m5-oil,simclr_scratch60_ridge,20,5,0.6976929290494579,0.0943068145667203,1.8341103712495253
corn_m5-oil,simclr_scratch60_ridge,20,6,0.5660996518680754,0.1196415276993444,1.5309274849924073
corn_m5-oil,simclr_scratch60_ridge,20,7,0.3889104972571665,0.1466289190061521,1.2900222697461872
corn_m5-oil,simclr_scratch60_ridge,20,8,0.6452729288304146,0.1087388280986461,1.693177360195853
corn_m5-oil,simclr_scratch60_ridge,20,9,0.2108674082825486,0.154273694775018,1.1352058726915155
corn_m5-oil,simclr_scratch60_ridge,20,10,0.4244877665019277,0.1373903702642465,1.3292979637900204
corn_m5-oil,simclr_scratch60_ridge,20,11,0.534798832379427,0.122934614284633,1.4785268691014728
corn_m5-oil,simclr_scratch60_ridge,20,12,0.0289460060167345,0.1730890698642888,1.0233588034536376
corn_m5-oil,simclr_scratch60_ridge,20,13,0.0673851668407768,0.1628777590517001,1.0442355158793706
corn_m5-oil,simclr_scratch60_ridge,20,14,0.61007563228867,0.1092983619115177,1.6149513024905755
corn_m5-oil,simclr_scratch60_ridge,20,15,-0.9738744667793008,0.2346571603473601,0.7177775235890991
corn_m5-oil,simclr_scratch60_ridge,20,16,-0.0056047611144838,0.1774901788690509,1.0056247626242316
corn_m5-oil,simclr_scratch60_ridge,20,17,-0.4899926160490735,0.2159691731223113,0.8261474396880087
corn_m5-oil,simclr_scratch60_ridge,20,18,0.6860231232766062,0.1041334283475366,1.799702777317321
corn_m5-oil,simclr_scratch60_ridge,20,19,-0.0888699835697661,0.1708694254642558,0.9664104254623718
corn_m5-oil,simclr_scratch60_ridge,20,20,-0.5219443515918945,0.1994846307078051,0.8174293606914355
corn_m5-oil,simclr_scratch60_ridge,20,21,0.497453581989888,0.1254587825206374,1.4225303091358923
corn_m5-oil,simclr_scratch60_ridge,20,22,0.4772898376162336,0.1312822909641366,1.3948231525007593
corn_m5-oil,simclr_scratch60_ridge,20,23,0.575143859865695,0.1139014304131195,1.5471366342083812
corn_m5-oil,simclr_scratch60_ridge,20,24,-0.0691162628782566,0.1778641177637087,0.9752975908444814
corn_m5-oil,simclr_scratch60_ridge,20,25,0.4833650039699947,0.1237706418450874,1.4030001218491022
corn_m5-oil,simclr_scratch60_ridge,20,26,0.3215765521847749,0.144009347844646,1.2243319826938708
corn_m5-oil,simclr_scratch60_ridge,20,27,0.6012210459955121,0.1127508886539454,1.596921266204805
corn_m5-oil,simclr_scratch60_ridge,20,28,0.0812871323322551,0.1577211098963883,1.052106538857574
corn_m5-oil,simclr_scratch60_ridge,20,29,0.2670344490413757,0.1528168144243792,1.1778984156543064
corn_m5-protein,simclr_scratch60_ridge,5,0,-0.0024287789647361,0.4862460424477922,1.0055137380507202
corn_m5-protein,simclr_scratch60_ridge,5,1,0.0658776343338138,0.4909153094557484,1.0416285778504164
corn_m5-protein,simclr_scratch60_ridge,5,2,0.0330919257000966,0.4993467322958286,1.023816627194034
corn_m5-protein,simclr_scratch60_ridge,5,3,0.0357640044473078,0.4850686759468126,1.0252342396807124
corn_m5-protein,simclr_scratch60_ridge,5,4,-0.7434965300464536,0.6591798124205878,0.7624374640014259
corn_m5-protein,simclr_scratch60_ridge,5,5,0.0233349291433638,0.4852919315052196,1.0186897675562625
corn_m5-protein,simclr_scratch60_ridge,5,6,0.0916529720931236,0.4841659588115765,1.0563038727778904
corn_m5-protein,simclr_scratch60_ridge,5,7,0.083702248406008,0.4701692623825879,1.0517111091902247
corn_m5-protein,simclr_scratch60_ridge,5,8,-0.0995490254054172,0.5209323914733934,0.960080110799667
corn_m5-protein,simclr_scratch60_ridge,5,9,-1.2367278749389268,0.7307788429979136,0.6731443373717021
corn_m5-protein,simclr_scratch60_ridge,5,10,0.0958165594754931,0.4795334958842477,1.0587331155100794
corn_m5-protein,simclr_scratch60_ridge,5,11,0.006246223082858,0.5030059588744287,1.00989303200735
corn_m5-protein,simclr_scratch60_ridge,5,12,0.1130999274060117,0.4720735433538074,1.0689993142338756
corn_m5-protein,simclr_scratch60_ridge,5,13,0.1356492629533173,0.4722801225799327,1.082853659327588
corn_m5-protein,simclr_scratch60_ridge,5,14,-0.1894139382933515,0.5493235927152179,0.923098956584814
corn_m5-protein,simclr_scratch60_ridge,5,15,-3.2916154266038227,1.0350852127083334,0.4859643075551759
corn_m5-protein,simclr_scratch60_ridge,5,16,-0.0739995503496273,0.5271949462844099,0.9714327081012624
corn_m5-protein,simclr_scratch60_ridge,5,17,-0.5155798363734907,0.5989873432375374,0.8177590564028845
corn_m5-protein,simclr_scratch60_ridge,5,18,-0.6532398865764089,0.6369482010341646,0.782973087209738
corn_m5-protein,simclr_scratch60_ridge,5,19,-0.5664291654085063,0.6242858413483382,0.8043765321698955
corn_m5-protein,simclr_scratch60_ridge,5,20,-0.3946567157652825,0.5851171295130135,0.8524739381432838
corn_m5-protein,simclr_scratch60_ridge,5,21,-2.254446446973185,0.8940362719150508,0.5580539764743632
corn_m5-protein,simclr_scratch60_ridge,5,22,-0.0006744065546917,0.4991138712616048,1.006394780400084
corn_m5-protein,simclr_scratch60_ridge,5,23,-0.2877468720902452,0.5766868432579003,0.8871550315163016
corn_m5-protein,simclr_scratch60_ridge,5,24,-0.3947662046248501,0.589880394738616,0.8524404779724025
corn_m5-protein,simclr_scratch60_ridge,5,25,-0.0213124696124493,0.4974666599248235,0.9961745782674885
corn_m5-protein,simclr_scratch60_ridge,5,26,-1.557168993663935,0.7850185635683379,0.62955699958858
corn_m5-protein,simclr_scratch60_ridge,5,27,0.1622739638905935,0.4527711301034017,1.099926752646398
corn_m5-protein,simclr_scratch60_ridge,5,28,-0.6187275234889342,0.627257322822802,0.7912758229100932
corn_m5-protein,simclr_scratch60_ridge,5,29,-0.5840773545183742,0.6116496959880346,0.7998832068612266
corn_m5-protein,simclr_scratch60_ridge,10,0,0.1487067527524971,0.4736154864668199,1.091653673192657
corn_m5-protein,simclr_scratch60_ridge,10,1,0.1363463070980347,0.4591737495059889,1.0838137524688571
corn_m5-protein,simclr_scratch60_ridge,10,2,-2.012366330023572,0.8309457581868543,0.5803240675616529
corn_m5-protein,simclr_scratch60_ridge,10,3,-0.3046817524692258,0.5781677996138477,0.8818042354606065
corn_m5-protein,simclr_scratch60_ridge,10,4,-0.4974532386085506,0.5978221383580047,0.8230909752699717
corn_m5-protein,simclr_scratch60_ridge,10,5,-0.0379733124097281,0.5267026804056895,0.9886245273938477
corn_m5-protein,simclr_scratch60_ridge,10,6,0.0958445206517706,0.4626823005784944,1.0592608358398312
corn_m5-protein,simclr_scratch60_ridge,10,7,0.2385467784322328,0.4327238770630738,1.1542579127009298
corn_m5-protein,simclr_scratch60_ridge,10,8,0.105156768086906,0.4483859298208728,1.0647582059176894
corn_m5-protein,simclr_scratch60_ridge,10,9,-0.0319327645342089,0.5244396725319671,0.9915138241866736
corn_m5-protein,simclr_scratch60_ridge,10,10,0.2895419290139586,0.4159793090670693,1.1949651741815206
corn_m5-protein,simclr_scratch60_ridge,10,11,0.3812479587390064,0.3803469622236323,1.2804604012997591
corn_m5-protein,simclr_scratch60_ridge,10,12,-0.3909440064253247,0.5648393372702614,0.8540231650195739
corn_m5-protein,simclr_scratch60_ridge,10,13,0.2776405510576722,0.4010469178656511,1.185080346039867
corn_m5-protein,simclr_scratch60_ridge,10,14,0.2735029882269388,0.4214574957118898,1.1817008787650265
corn_m5-protein,simclr_scratch60_ridge,10,15,0.0329015280327776,0.4954158931731686,1.0242102695180826
corn_m5-protein,simclr_scratch60_ridge,10,16,0.3251081690445552,0.3944543812074438,1.2260477620967865
corn_m5-protein,simclr_scratch60_ridge,10,17,0.4879055955326586,0.353617818364104,1.4075034220607578
corn_m5-protein,simclr_scratch60_ridge,10,18,-1.187734435590393,0.7285743785656764,0.6809687356857296
corn_m5-protein,simclr_scratch60_ridge,10,19,-0.1212580634242566,0.5310931268677045,0.9511996570156328
corn_m5-protein,simclr_scratch60_ridge,10,20,-0.4463529553699754,0.5593099461611775,0.8375048504857784
corn_m5-protein,simclr_scratch60_ridge,10,21,-1.1104929485942727,0.6972572657419884,0.6933180740089537
corn_m5-protein,simclr_scratch60_ridge,10,22,-0.2658549823835618,0.5566431904553149,0.895225608520299
corn_m5-protein,simclr_scratch60_ridge,10,23,-0.0173595602950824,0.5104012140382348,0.9985900613606232
corn_m5-protein,simclr_scratch60_ridge,10,24,0.1766666028674327,0.4524480952688002,1.11003483642195
corn_m5-protein,simclr_scratch60_ridge,10,25,0.0985456072933074,0.4734595060331233,1.060846615029068
corn_m5-protein,simclr_scratch60_ridge,10,26,0.3464635279181499,0.4089253487406279,1.2459182861488165
corn_m5-protein,simclr_scratch60_ridge,10,27,-1.200835236587988,0.7239695096006084,0.6789389263539943
corn_m5-protein,simclr_scratch60_ridge,10,28,0.4664205478512147,0.3689594780890437,1.378875090955079
corn_m5-protein,simclr_scratch60_ridge,10,29,-0.0710271369552819,0.5086831266121157,0.9732496074545428
corn_m5-protein,simclr_scratch60_ridge,20,0,0.5406409859797073,0.3195198687179552,1.4878991575851153
corn_m5-protein,simclr_scratch60_ridge,20,1,0.7454155776962639,0.2492533467546336,1.998636002242651
corn_m5-protein,simclr_scratch60_ridge,20,2,0.2239542571017483,0.4263915246779411,1.144737629159203
corn_m5-protein,simclr_scratch60_ridge,20,3,0.0559994369806435,0.4445496811833114,1.037919073018062
corn_m5-protein,simclr_scratch60_ridge,20,4,0.6965030606494473,0.2801031912013532,1.830511499425377
corn_m5-protein,simclr_scratch60_ridge,20,5,0.625013159710724,0.2915019533292654,1.6468028347039754
corn_m5-protein,simclr_scratch60_ridge,20,6,0.5742972567966156,0.3281407844892341,1.5455974586882082
corn_m5-protein,simclr_scratch60_ridge,20,7,-0.1919436859955727,0.5291559419283571,0.9236804477172974
corn_m5-protein,simclr_scratch60_ridge,20,8,0.4580333453223241,0.3631554399136973,1.369819473847423
corn_m5-protein,simclr_scratch60_ridge,20,9,0.587927733034856,0.3099800880046731,1.5709520377318082
corn_m5-protein,simclr_scratch60_ridge,20,10,0.5546586967801732,0.3348065004985775,1.5111345371165668
corn_m5-protein,simclr_scratch60_ridge,20,11,0.7629744308352528,0.2370277906830741,2.071342996753664
corn_m5-protein,simclr_scratch60_ridge,20,12,0.5854730094964231,0.3147544547368084,1.5662937417256433
corn_m5-protein,simclr_scratch60_ridge,20,13,0.4393762463768726,0.3610249241483153,1.3468333815723008
corn_m5-protein,simclr_scratch60_ridge,20,14,0.9089229694674544,0.1530947958282091,3.3415286427007898
corn_m5-protein,simclr_scratch60_ridge,20,15,0.1536114864821042,0.459848902232085,1.0961367510914817
corn_m5-protein,simclr_scratch60_ridge,20,16,0.5187208655938662,0.3399289321187784,1.4536207127145937
corn_m5-protein,simclr_scratch60_ridge,20,17,0.7540676292963899,0.2379990596929055,2.033488736750375
corn_m5-protein,simclr_scratch60_ridge,20,18,0.6510000180200768,0.2773345309805411,1.7070133480282568
corn_m5-protein,simclr_scratch60_ridge,20,19,0.5511733465701223,0.3387962263172294,1.505255766560471
corn_m5-protein,simclr_scratch60_ridge,20,20,0.3275201535178874,0.4294046298025701,1.2297306075741803
corn_m5-protein,simclr_scratch60_ridge,20,21,0.6069737988388826,0.3180405646614389,1.608565935886816
corn_m5-protein,simclr_scratch60_ridge,20,22,0.5912351583613971,0.3257976844350437,1.5772947293854973
corn_m5-protein,simclr_scratch60_ridge,20,23,0.8433089470966557,0.1881759147145853,2.547578176735081
corn_m5-protein,simclr_scratch60_ridge,20,24,-0.5282884515358071,0.6068222654560986,0.8157309749832394
corn_m5-protein,simclr_scratch60_ridge,20,25,0.2550693316401392,0.3904095574970412,1.1684003872024888
corn_m5-protein,simclr_scratch60_ridge,20,26,0.5916126862989606,0.2902786584390226,1.5780236149930866
corn_m5-protein,simclr_scratch60_ridge,20,27,0.6583503996039135,0.3029551713626213,1.7252783035318455
corn_m5-protein,simclr_scratch60_ridge,20,28,0.6296361181936283,0.3070507761417078,1.6570488273014978
corn_m5-protein,simclr_scratch60_ridge,20,29,-0.1953961528947561,0.5175786894346144,0.9223456257656504
diesel-BP50,simclr_scratch60_ridge,5,0,-2.328012859789037,37.21839409373264,0.5488643268547799
diesel-BP50,simclr_scratch60_ridge,5,1,-0.1759177081052707,22.556949402736254,0.9233557066709182
diesel-BP50,simclr_scratch60_ridge,5,2,0.0947778217279549,19.569660116449626,1.052397747706851
diesel-BP50,simclr_scratch60_ridge,5,3,-0.6852148846362276,26.88337453513244,0.771311594246477
diesel-BP50,simclr_scratch60_ridge,5,4,-0.0089886521829691,20.874624604289583,0.996814534791943
diesel-BP50,simclr_scratch60_ridge,5,5,-1.4336734937187718,32.09475301114739,0.6418393610239657
diesel-BP50,simclr_scratch60_ridge,5,6,-0.0553921648676289,21.360868131418663,0.9746542255917412
diesel-BP50,simclr_scratch60_ridge,5,7,0.1196092875809239,19.409344476245277,1.0671360135701895
diesel-BP50,simclr_scratch60_ridge,5,8,-0.2059911959333291,22.647371088114586,0.9117702848554732
diesel-BP50,simclr_scratch60_ridge,5,9,-0.4800108219006584,25.22620272629006,0.8230477980474867
diesel-BP50,simclr_scratch60_ridge,5,10,-0.080429606183819,21.595785363395013,0.963294908201153
diesel-BP50,simclr_scratch60_ridge,5,11,-1.9076034725980464,35.16558898364415,0.587205227842444
diesel-BP50,simclr_scratch60_ridge,5,12,-0.0359616353578424,21.184954967324902,0.9837520867142971
diesel-BP50,simclr_scratch60_ridge,5,13,-0.1320767002151548,22.109501166739552,0.9410649032148674
diesel-BP50,simclr_scratch60_ridge,5,14,-0.2390661761739676,23.10085428209935,0.8995188152685848
diesel-BP50,simclr_scratch60_ridge,5,15,-0.0924925632468176,21.757441592245247,0.9579619473959462
diesel-BP50,simclr_scratch60_ridge,5,16,-2.537185257213378,38.59091490897818,0.5323884189997937
diesel-BP50,simclr_scratch60_ridge,5,17,-0.5305778414887996,25.615015808754087,0.8093377394239255
diesel-BP50,simclr_scratch60_ridge,5,18,-0.006868394733015,20.739377028359144,0.9978635258884464
diesel-BP50,simclr_scratch60_ridge,5,19,-0.0971352697392406,21.62382793159721,0.9559329126108012
diesel-BP50,simclr_scratch60_ridge,5,20,-0.0181537122745616,20.8937550742136,0.9923179064747994
diesel-BP50,simclr_scratch60_ridge,5,21,-0.016847269890633,20.94209337603465,0.9929551654183488
diesel-BP50,simclr_scratch60_ridge,5,22,-0.9223812659054418,28.36552814611829,0.722167167927288
diesel-BP50,simclr_scratch60_ridge,5,23,-1.3240651849339704,31.59788543952717,0.6568003119807706
diesel-BP50,simclr_scratch60_ridge,5,24,-0.5192216654272122,25.456891151199287,0.8123570059102039
diesel-BP50,simclr_scratch60_ridge,5,25,-0.0886898464810386,21.55934684342657,0.9596335357056048
diesel-BP50,simclr_scratch60_ridge,5,26,-0.2067030038004236,22.597408751213692,0.9115013284525882
diesel-BP50,simclr_scratch60_ridge,5,27,-0.1024529498509596,21.81198209715937,0.953624655308804
diesel-BP50,simclr_scratch60_ridge,5,28,-0.3195799170005704,23.76092735695929,0.8716450219512979
diesel-BP50,simclr_scratch60_ridge,5,29,-2.8931037498570285,40.66067305451895,0.5074689959965939
diesel-BP50,simclr_scratch60_ridge,10,0,-0.6443080835249864,26.40842898662952,0.7808599644833059
diesel-BP50,simclr_scratch60_ridge,10,1,-0.0008350095572606,20.833463157138485,1.0008834502971915
diesel-BP50,simclr_scratch60_ridge,10,2,-0.0535468329413946,21.429465813147797,0.9755237106178576
diesel-BP50,simclr_scratch60_ridge,10,3,-1.3467252948905246,31.5058419815637,0.6536324807285989
diesel-BP50,simclr_scratch60_ridge,10,4,-1.4696064611151924,32.72205918250704,0.637163480925859
diesel-BP50,simclr_scratch60_ridge,10,5,0.0791552715856415,19.944634234681367,1.043449774309528
diesel-BP50,simclr_scratch60_ridge,10,6,-1.4578671609308462,32.3397587151527,0.6386832830143966
diesel-BP50,simclr_scratch60_ridge,10,7,0.004198261643194,20.50916399543514,1.003409740377636
diesel-BP50,simclr_scratch60_ridge,10,8,0.3081490498023896,17.122989677215134,1.2038114830361797
diesel-BP50,simclr_scratch60_ridge,10,9,0.0877405000456961,19.63510197714617,1.0483482033601337
diesel-BP50,simclr_scratch60_ridge,10,10,0.0445201489496003,20.44903427296096,1.0243632420496562
diesel-BP50,simclr_scratch60_ridge,10,11,-0.2237945171503848,23.065341967234303,0.9051290442860492
diesel-BP50,simclr_scratch60_ridge,10,12,-0.0552154577511085,20.81907439634556,0.9747521018096568
diesel-BP50,simclr_scratch60_ridge,10,13,-2.244158470839344,36.86156706392,0.5559218223500159
diesel-BP50,simclr_scratch60_ridge,10,14,-0.1661203268586679,22.44761096612034,0.927241945962003
diesel-BP50,simclr_scratch60_ridge,10,15,-0.1312777068161983,22.071607954180784,0.9414128849287596
diesel-BP50,simclr_scratch60_ridge,10,16,0.2518625064535887,17.75183528847375,1.1576413803252268
diesel-BP50,simclr_scratch60_ridge,10,17,0.16606528326849,18.864913644671333,1.096474978668657
diesel-BP50,simclr_scratch60_ridge,10,18,-0.1019025778920887,21.89642769202913,0.953878704112986
diesel-BP50,simclr_scratch60_ridge,10,19,-0.0415855732874936,21.1388055520614,0.9811090337552224
diesel-BP50,simclr_scratch60_ridge,10,20,0.2217585091650665,18.105598437635443,1.135030579167806
diesel-BP50,simclr_scratch60_ridge,10,21,0.2557824999418207,17.82339110265077,1.160686180207145
diesel-BP50,simclr_scratch60_ridge,10,22,-7.234211443546966,59.07126009676632,0.3489424010678286
diesel-BP50,simclr_scratch60_ridge,10,23,-1.1504732118153824,30.59120345181254,0.6828066373205973
diesel-BP50,simclr_scratch60_ridge,10,24,-0.2107695238914171,22.89112139557891,0.9099845360550454
diesel-BP50,simclr_scratch60_ridge,10,25,-0.6169593762145882,26.52780948910729,0.7874358768480734
diesel-BP50,simclr_scratch60_ridge,10,26,-0.0019149586420996,20.866963180233583,1.000343886242249
diesel-BP50,simclr_scratch60_ridge,10,27,0.4210236369923463,15.581476541639276,1.315934689828518
diesel-BP50,simclr_scratch60_ridge,10,28,-0.1697121160748658,22.35722391817749,0.9258172286380262
diesel-BP50,simclr_scratch60_ridge,10,29,0.0499377061249558,20.27811907137581,1.0272797126983728
diesel-BP50,simclr_scratch60_ridge,20,0,-0.5451718490651871,26.119775430216716,0.8055480285450785
diesel-BP50,simclr_scratch60_ridge,20,1,0.64412594511963,12.544285661065745,1.6785399007946251
diesel-BP50,simclr_scratch60_ridge,20,2,-0.0383254245476216,21.17889228450788,0.982682198083551
diesel-BP50,simclr_scratch60_ridge,20,3,-0.2249940516073041,23.29591464653157,0.9047171914096322
diesel-BP50,simclr_scratch60_ridge,20,4,0.5023401118207826,14.61862430866462,1.41942847705466
diesel-BP50,simclr_scratch60_ridge,20,5,0.6594370996193032,11.982191182526291,1.7158572925794349
diesel-BP50,simclr_scratch60_ridge,20,6,0.4022250442553486,15.931350021358991,1.295122876918384
diesel-BP50,simclr_scratch60_ridge,20,7,0.6167839499570914,12.726060704682098,1.6175510194129814
diesel-BP50,simclr_scratch60_ridge,20,8,0.2031518163148949,18.71871988990851,1.1217395676925723
diesel-BP50,simclr_scratch60_ridge,20,9,-1.1207630063335077,30.49362439881708,0.687596667528046
diesel-BP50,simclr_scratch60_ridge,20,10,0.4301935407587574,15.531777591831885,1.326527167241891
diesel-BP50,simclr_scratch60_ridge,20,11,0.435475807028024,15.452834191266096,1.3327188900324285
diesel-BP50,simclr_scratch60_ridge,20,12,0.1053823742994257,19.86637489981169,1.0586712215760858
diesel-BP50,simclr_scratch60_ridge,20,13,0.0694122604959042,20.010527902873694,1.038009120715584
diesel-BP50,simclr_scratch60_ridge,20,14,0.2095189207296518,18.644073174313466,1.126248156575777
diesel-BP50,simclr_scratch60_ridge,20,15,0.0535983794228177,19.969668462654305,1.029300289961515
diesel-BP50,simclr_scratch60_ridge,20,16,0.4132762038777983,15.934349730796118,1.3072630366084843
diesel-BP50,simclr_scratch60_ridge,20,17,0.4852323648923392,14.926953640283438,1.395642595755988
diesel-BP50,simclr_scratch60_ridge,20,18,0.7196075527429429,10.68728232347995,1.891022416983121
diesel-BP50,simclr_scratch60_ridge,20,19,0.6942915616382395,11.399678177796211,1.811031980561004
diesel-BP50,simclr_scratch60_ridge,20,20,0.2556329206459438,18.175161644456995,1.1606098550461166
diesel-BP50,simclr_scratch60_ridge,20,21,-0.1951336456985835,22.98096388342029,0.915949639996185
diesel-BP50,simclr_scratch60_ridge,20,22,0.5718523319310482,13.579701048322354,1.5303227736190024
diesel-BP50,simclr_scratch60_ridge,20,23,0.5398794917514489,13.542731470601789,1.4761960446773728
diesel-BP50,simclr_scratch60_ridge,20,24,-0.0093520903776997,21.114475307950137,0.996686301569664
diesel-BP50,simclr_scratch60_ridge,20,25,0.3814202249018263,16.146674093661616,1.2731570363400422
diesel-BP50,simclr_scratch60_ridge,20,26,-2.509315507334336,39.03121793539017,0.5345257419487678
diesel-BP50,simclr_scratch60_ridge,20,27,0.6619168724976563,12.125125027362865,1.7221385326593714
diesel-BP50,simclr_scratch60_ridge,20,28,0.494875226775587,14.733815205425485,1.4089010686050782
diesel-BP50,simclr_scratch60_ridge,20,29,0.496928993686463,14.430880233022023,1.4117740300433608
diesel-CN,simclr_scratch60_ridge,5,0,-0.1650683871914113,3.810656448538186,0.9276893683028772
diesel-CN,simclr_scratch60_ridge,5,1,0.019159211680823,3.495216004548772,1.0110648907022544
diesel-CN,simclr_scratch60_ridge,5,2,-0.0530218745901465,3.61174839578471,0.9757972551244848
diesel-CN,simclr_scratch60_ridge,5,3,-2.1582078191826475,6.224702757153676,0.5634533124490443
diesel-CN,simclr_scratch60_ridge,5,4,0.2135106313380742,3.1220864006644,1.1290985778218792
diesel-CN,simclr_scratch60_ridge,5,5,0.0639280520744401,3.3736086280565614,1.034960257798903
diesel-CN,simclr_scratch60_ridge,5,6,0.0980806207888292,3.3207570774343367,1.0543733719036
diesel-CN,simclr_scratch60_ridge,5,7,0.0547754469745674,3.432834052497947,1.029937311165516
diesel-CN,simclr_scratch60_ridge,5,8,-2.5533094044254487,6.646594533608257,0.5312045373243689
diesel-CN,simclr_scratch60_ridge,5,9,0.1648631870112797,3.229078605262651,1.095719711942623
diesel-CN,simclr_scratch60_ridge,5,10,0.0075622769102752,3.523849785853564,1.0051402325602936
diesel-CN,simclr_scratch60_ridge,5,11,-0.0464829184821389,3.570479503646029,0.9788411456999656
diesel-CN,simclr_scratch60_ridge,5,12,-0.3104345899729521,4.032093656239189,0.8747231379860355
diesel-CN,simclr_scratch60_ridge,5,13,0.1500518558998667,3.24673827616702,1.0861306605533034
diesel-CN,simclr_scratch60_ridge,5,14,0.0285922295377896,3.453361366926998,1.0159620881435565
diesel-CN,simclr_scratch60_ridge,5,15,-0.0374855513693945,3.6005701278227717,0.9830763763924129
diesel-CN,simclr_scratch60_ridge,5,16,-0.699481051292451,4.606292270784367,0.7681041741971998
diesel-CN,simclr_scratch60_ridge,5,17,-0.1229450372840801,3.7018110405480154,0.9449286970510572
diesel-CN,simclr_scratch60_ridge,5,18,-0.4721659407107985,4.27817022113488,0.8252773114829917
diesel-CN,simclr_scratch60_ridge,5,19,0.0826698481724258,3.3786910056572497,1.0454793382284608
diesel-CN,simclr_scratch60_ridge,5,20,0.2642217165025744,3.029195052455056,1.1673599943131074
diesel-CN,simclr_scratch60_ridge,5,21,0.251314727749966,3.037093757988064,1.1572538748246346
diesel-CN,simclr_scratch60_ridge,5,22,-2.138108972999029,6.258327575570136,0.5652548251257097
diesel-CN,simclr_scratch60_ridge,5,23,-0.0508214896628793,3.6201872728005022,0.9768183642111934
diesel-CN,simclr_scratch60_ridge,5,24,-0.0820832107613829,3.6695583444376014,0.9626046587994204
diesel-CN,simclr_scratch60_ridge,5,25,0.1704580490078229,3.222408270404123,1.0994085540968506
diesel-CN,simclr_scratch60_ridge,5,26,0.2227282473071475,3.096491159652771,1.135773799777417
diesel-CN,simclr_scratch60_ridge,5,27,-0.0020967019207074,3.532430921017415,1.000284345673866
diesel-CN,simclr_scratch60_ridge,5,28,-0.2152806832120513,3.880012153085472,0.9083223304963836
diesel-CN,simclr_scratch60_ridge,5,29,-0.5003265625225495,4.314204161138837,0.8174955352684105
diesel-CN,simclr_scratch60_ridge,10,0,-0.8380023065635007,4.742738745068062,0.7386064004519421
diesel-CN,simclr_scratch60_ridge,10,1,-0.2536449388807036,3.946761729035963,0.8943320956388057
diesel-CN,simclr_scratch60_ridge,10,2,-23.202303275114964,17.326652123834798,0.2035437368368246
diesel-CN,simclr_scratch60_ridge,10,3,0.397907521450154,2.7464995313849894,1.29048954907907
diesel-CN,simclr_scratch60_ridge,10,4,0.1671916245895786,3.190404634148427,1.097270114203153
diesel-CN,simclr_scratch60_ridge,10,5,-2.207922532067796,6.343694946884357,0.559080257832452
diesel-CN,simclr_scratch60_ridge,10,6,0.0125985682491617,3.491694135186848,1.0077184650110649
diesel-CN,simclr_scratch60_ridge,10,7,0.2862768924856933,2.968345895930804,1.1852807030123227
diesel-CN,simclr_scratch60_ridge,10,8,-4.076264728678519,7.930351910463973,0.4444408417700795
diesel-CN,simclr_scratch60_ridge,10,9,-0.0315328731671158,3.565612025234363,0.9859265375639412
diesel-CN,simclr_scratch60_ridge,10,10,-0.4378918518327712,4.16238840614391,0.8350701914258138
diesel-CN,simclr_scratch60_ridge,10,11,-2.23613322935535,6.332186864990935,0.5566380581028582
diesel-CN,simclr_scratch60_ridge,10,12,0.0181961272562145,3.483957081302841,1.0105870351207642
diesel-CN,simclr_scratch60_ridge,10,13,-0.1068556088125005,3.7108665491034674,0.9517888387909818
diesel-CN,simclr_scratch60_ridge,10,14,0.1625631629406504,3.215915379777434,1.0942336407319233
diesel-CN,simclr_scratch60_ridge,10,15,-3.172862390110815,7.189385726209999,0.4901952078108793
diesel-CN,simclr_scratch60_ridge,10,16,-0.5516656558335238,4.34632061302214,0.803872216753473
diesel-CN,simclr_scratch60_ridge,10,17,-0.7604721714824936,4.638241566924616,0.7546950657991371
diesel-CN,simclr_scratch60_ridge,10,18,0.2639659675869716,3.0367710771939413,1.1671781398016727
diesel-CN,simclr_scratch60_ridge,10,19,-0.0614202642049852,3.632839652825832,0.9719466011595164
diesel-CN,simclr_scratch60_ridge,10,20,0.1968057794347645,3.180971732705581,1.1173154531529037
diesel-CN,simclr_scratch60_ridge,10,21,-0.2992037261529279,3.997563946948002,0.8785115265321802
diesel-CN,simclr_scratch60_ridge,10,22,-0.8433066417663577,4.757152748865664,0.7375429207246302
diesel-CN,simclr_scratch60_ridge,10,23,0.1967400779115792,3.170648074748946,1.1172697575901744
diesel-CN,simclr_scratch60_ridge,10,24,0.0309613859806023,3.4710056791946853,1.0172215477658482
diesel-CN,simclr_scratch60_ridge,10,25,-0.0603855836437647,3.6206368729464593,0.9724206782645284
diesel-CN,simclr_scratch60_ridge,10,26,0.101685871850628,3.345142684019001,1.0565060242014834
diesel-CN,simclr_scratch60_ridge,10,27,0.244765978551981,3.0535047872931584,1.1522462939729308
diesel-CN,simclr_scratch60_ridge,10,28,-0.002660460471946,3.5287565619235117,1.0000210648507215
diesel-CN,simclr_scratch60_ridge,10,29,-3.7129862359153543,7.608338702344253,0.4612517289383127
diesel-CN,simclr_scratch60_ridge,20,0,-0.0510756194555657,3.5690091160256743,0.9767543844768908
diesel-CN,simclr_scratch60_ridge,20,1,0.0068837368749073,3.496198463000698,1.0048524682607096
diesel-CN,simclr_scratch60_ridge,20,2,0.1778995505477154,3.2174916305503114,1.1044343555727427
diesel-CN,simclr_scratch60_ridge,20,3,0.3148761504656261,2.9038325607344717,1.2098117764465506
diesel-CN,simclr_scratch60_ridge,20,4,0.235057737597033,2.994358631482772,1.1449539575315388
diesel-CN,simclr_scratch60_ridge,20,5,0.3760747589323263,2.7247819211453104,1.26775716234377
diesel-CN,simclr_scratch60_ridge,20,6,0.1842798034616987,3.1615271366173903,1.1087451751845332
diesel-CN,simclr_scratch60_ridge,20,7,0.0265393376862576,3.5113790222825045,1.0149464933475123
diesel-CN,simclr_scratch60_ridge,20,8,0.2423740086685277,3.0521483727373218,1.150468992219641
diesel-CN,simclr_scratch60_ridge,20,9,0.248182980907243,3.083130176808788,1.1549050335965585
diesel-CN,simclr_scratch60_ridge,20,10,-0.0177071515938573,3.609984387425203,0.992638092816544
diesel-CN,simclr_scratch60_ridge,20,11,0.1898339440295344,3.203651681740284,1.1125392172741109
diesel-CN,simclr_scratch60_ridge,20,12,-0.331245821737518,4.116535530257842,0.8679070611228948
diesel-CN,simclr_scratch60_ridge,20,13,0.3588581092934582,2.8166194359853973,1.250619723856919
diesel-CN,simclr_scratch60_ridge,20,14,-1.53837088042641,5.576145546989116,0.6285282640261578
diesel-CN,simclr_scratch60_ridge,20,15,0.345371474132411,2.85697704071641,1.2376700666273523
diesel-CN,simclr_scratch60_ridge,20,16,0.129235299630277,3.27266277291694,1.0731290290549318
diesel-CN,simclr_scratch60_ridge,20,17,0.1188019899872837,3.327261012313607,1.066757234209393
diesel-CN,simclr_scratch60_ridge,20,18,0.2053932616915927,3.081448223534506,1.1233788129665458
diesel-CN,simclr_scratch60_ridge,20,19,0.3646169091750504,2.7843719073857374,1.2562744409532276
diesel-CN,simclr_scratch60_ridge,20,20,0.1308981520000038,3.3256453386060203,1.0741551472361643
diesel-CN,simclr_scratch60_ridge,20,21,0.0377580293080745,3.4443173702244985,1.020845932350269
diesel-CN,simclr_scratch60_ridge,20,22,0.0836088888370293,3.3691712819990904,1.0460728165723885
diesel-CN,simclr_scratch60_ridge,20,23,0.2879928379677334,2.9727609951452654,1.1867525387996731
diesel-CN,simclr_scratch60_ridge,20,24,0.3944078283584257,2.7395362442262563,1.2868034728689968
diesel-CN,simclr_scratch60_ridge,20,25,0.4082153334978672,2.6900560468293944,1.301728749133911
diesel-CN,simclr_scratch60_ridge,20,26,0.0690771371933927,3.4242967957392847,1.0378760788449053
diesel-CN,simclr_scratch60_ridge,20,27,0.2758413480032319,2.983931904451619,1.1767534727677893
diesel-CN,simclr_scratch60_ridge,20,28,0.1409416631352152,3.2252183784459767,1.080416037458945
diesel-CN,simclr_scratch60_ridge,20,29,0.2374573885998433,3.1332676981318617,1.1467540744965476
diesel-D4052,simclr_scratch60_ridge,5,0,-0.1332521521470739,0.0162038886098867,0.940576722562692
diesel-D4052,simclr_scratch60_ridge,5,1,-2.0297176153868683,0.0267485161614601,0.5752497344365571
diesel-D4052,simclr_scratch60_ridge,5,2,-0.8993150065339841,0.0212219584461873,0.7265391191395554
diesel-D4052,simclr_scratch60_ridge,5,3,0.3428259294473869,0.0124217773932877,1.2351431468742184
diesel-D4052,simclr_scratch60_ridge,5,4,0.2131669466878207,0.0137322067632047,1.1287979320064163
diesel-D4052,simclr_scratch60_ridge,5,5,-0.9595133142877124,0.0215422877119457,0.715292042284946
diesel-D4052,simclr_scratch60_ridge,5,6,-2.362473512688244,0.0280854647889597,0.5460445374939827
diesel-D4052,simclr_scratch60_ridge,5,7,-0.9636763978146524,0.0215342410496538,0.7145334141129203
diesel-D4052,simclr_scratch60_ridge,5,8,-0.177896811147824,0.0167417124487759,0.9225796691084084
diesel-D4052,simclr_scratch60_ridge,5,9,0.0109897775692666,0.0154018364485379,1.0068322373620406
diesel-D4052,simclr_scratch60_ridge,5,10,0.1579433790069114,0.0142101295229385,1.0911560257753186
diesel-D4052,simclr_scratch60_ridge,5,11,0.0645863982572703,0.0149540787196469,1.0352748469796764
diesel-D4052,simclr_scratch60_ridge,5,12,-0.1388096696504666,0.0163286388556561,0.9382788563065558
diesel-D4052,simclr_scratch60_ridge,5,13,0.0968697801412387,0.0145873829591367,1.0536158992258065
diesel-D4052,simclr_scratch60_ridge,5,14,0.2239184905655965,0.0135944864417071,1.1365900105389912
diesel-D4052,simclr_scratch60_ridge,5,15,0.2378277862866517,0.0134847961066565,1.1469142453378192
diesel-D4052,simclr_scratch60_ridge,5,16,-0.1603595954865002,0.0166641610798814,0.9295252762176762
diesel-D4052,simclr_scratch60_ridge,5,17,-1.501785799793283,0.0241970924131013,0.6330418782581737
diesel-D4052,simclr_scratch60_ridge,5,18,-0.4757096118792623,0.0187934128566675,0.8242463826477592
diesel-D4052,simclr_scratch60_ridge,5,19,-3.3941531865530585,0.0322373998759288,0.477661135110665
diesel-D4052,simclr_scratch60_ridge,5,20,-0.0678989082275627,0.0159426875662882,0.9689300643905674
diesel-D4052,simclr_scratch60_ridge,5,21,0.3630210579139498,0.0122840768785548,1.2545701935988365
diesel-D4052,simclr_scratch60_ridge,5,22,0.0459738984595863,0.0149403919055029,1.0251262970705937
diesel-D4052,simclr_scratch60_ridge,5,23,-0.2862128597662425,0.0173872531406217,0.8828787809553401
diesel-D4052,simclr_scratch60_ridge,5,24,-0.1862380693569378,0.0166663563420023,0.9193302998380036
diesel-D4052,simclr_scratch60_ridge,5,25,-0.2623166141031852,0.0173602874162704,0.891196256817557
diesel-D4052,simclr_scratch60_ridge,5,26,-0.0830770950080048,0.0160059638737567,0.962116842055976
diesel-D4052,simclr_scratch60_ridge,5,27,0.2180384401844214,0.0136681055616962,1.1323085866714422
diesel-D4052,simclr_scratch60_ridge,5,28,-0.316550237577986,0.0177031553545727,0.8726473716470743
diesel-D4052,simclr_scratch60_ridge,5,29,0.2145956407215213,0.0136953566623585,1.1298241385184995
diesel-D4052,simclr_scratch60_ridge,10,0,0.1720853541758262,0.0136564188990716,1.1004541939587695
diesel-D4052,simclr_scratch60_ridge,10,1,0.4720457735416665,0.0112221642484874,1.378055209204759
diesel-D4052,simclr_scratch60_ridge,10,2,0.3706230700645764,0.0121764912369703,1.2621452661654975
diesel-D4052,simclr_scratch60_ridge,10,3,0.3343614310305383,0.0124998363648132,1.2272852463737585
diesel-D4052,simclr_scratch60_ridge,10,4,-0.0289756446460325,0.0157602065805116,0.9871023933251378
diesel-D4052,simclr_scratch60_ridge,10,5,0.2188872192481668,0.0136657670188573,1.132942530941283
diesel-D4052,simclr_scratch60_ridge,10,6,0.0290115465412852,0.0152109523465871,1.0161497620912965
diesel-D4052,simclr_scratch60_ridge,10,7,0.2437420149168274,0.0134347537800422,1.151409387452022
diesel-D4052,simclr_scratch60_ridge,10,8,0.3766849301570332,0.0121768876983297,1.268267720568581
diesel-D4052,simclr_scratch60_ridge,10,9,0.1978561132660343,0.0135184399034743,1.1179917880681454
diesel-D4052,simclr_scratch60_ridge,10,10,0.6130478723417787,0.0095276048757938,1.6096673427259929
diesel-D4052,simclr_scratch60_ridge,10,11,0.4101801678412599,0.0118295438976398,1.3037822584164285
diesel-D4052,simclr_scratch60_ridge,10,12,0.2893682590405974,0.012830534738694,1.1877976226589488
diesel-D4052,simclr_scratch60_ridge,10,13,0.1401645058792199,0.0143346036066042,1.0798341751494094
diesel-D4052,simclr_scratch60_ridge,10,14,0.3566467710168411,0.0123682129452348,1.2483604757948257
diesel-D4052,simclr_scratch60_ridge,10,15,0.0337170425362108,0.0152053147983547,1.018620923173318
diesel-D4052,simclr_scratch60_ridge,10,16,0.2690849653119809,0.0131506528823685,1.1712006505168395
diesel-D4052,simclr_scratch60_ridge,10,17,-1.2343474189275767,0.022700905269397,0.6698682614888711
diesel-D4052,simclr_scratch60_ridge,10,18,0.3953942575502253,0.0120196653132288,1.2877412829424206
diesel-D4052,simclr_scratch60_ridge,10,19,0.2548148503754331,0.0133347032234566,1.1599323391483007
diesel-D4052,simclr_scratch60_ridge,10,20,0.3414572282963336,0.012616293108825,1.233879528862472
diesel-D4052,simclr_scratch60_ridge,10,21,0.2534701954814369,0.0132567564527172,1.1588872290535734
diesel-D4052,simclr_scratch60_ridge,10,22,-0.0041121865151867,0.0155649526271282,0.9992487958531984
diesel-D4052,simclr_scratch60_ridge,10,23,-0.0334902128078939,0.0157969209771983,0.9849440669713913
diesel-D4052,simclr_scratch60_ridge,10,24,0.0791334958926358,0.0145042534249841,1.0434374370292718
diesel-D4052,simclr_scratch60_ridge,10,25,0.3673242293965677,0.0123322498730444,1.2588504839801131
diesel-D4052,simclr_scratch60_ridge,10,26,0.1948999307231919,0.0139187872444967,1.1159373681606657
diesel-D4052,simclr_scratch60_ridge,10,27,-2.037011194331832,0.0267345747547879,0.5745681607256775
diesel-D4052,simclr_scratch60_ridge,10,28,0.2684566651169119,0.0130742222527074,1.1706975882694717
diesel-D4052,simclr_scratch60_ridge,10,29,0.2922798767264155,0.0130888269155527,1.1902384624081956
diesel-D4052,simclr_scratch60_ridge,20,0,0.779610391520665,0.0072545764215708,2.1329676862041973
diesel-D4052,simclr_scratch60_ridge,20,1,0.6609430288541783,0.008932198148906,1.7196635803934004
diesel-D4052,simclr_scratch60_ridge,20,2,0.7849524759989844,0.0071651089183987,2.1592981341216277
diesel-D4052,simclr_scratch60_ridge,20,3,0.73658908228588,0.0079239228802296,1.951025506199872
diesel-D4052,simclr_scratch60_ridge,20,4,0.7264914872423434,0.0080670385586767,1.914672099300003
diesel-D4052,simclr_scratch60_ridge,20,5,0.7243475070435477,0.0078214552491192,1.907211560380772
diesel-D4052,simclr_scratch60_ridge,20,6,0.6599225749895673,0.0089266655632588,1.717081586397449
diesel-D4052,simclr_scratch60_ridge,20,7,0.0385361155945503,0.0151568297058353,1.0212059700369296
diesel-D4052,simclr_scratch60_ridge,20,8,-0.3007268532056144,0.017452745000449,0.8779843599653671
diesel-D4052,simclr_scratch60_ridge,20,9,0.8343455562037866,0.006274820822251,2.4602446011590047
diesel-D4052,simclr_scratch60_ridge,20,10,-1.5564546028459034,0.024653405371546,0.6262688203111443
diesel-D4052,simclr_scratch60_ridge,20,11,0.3076880937077073,0.0130219466942269,1.2034524418397146
diesel-D4052,simclr_scratch60_ridge,20,12,0.4834394511527937,0.011112523200636,1.3932184444855986
diesel-D4052,simclr_scratch60_ridge,20,13,0.2994067222048985,0.013045701184322,1.196318585476469
diesel-D4052,simclr_scratch60_ridge,20,14,0.7982543740583457,0.0068732353871532,2.229347497426483
diesel-D4052,simclr_scratch60_ridge,20,15,0.6191648333482231,0.0091513308442133,1.6225993976312958
diesel-D4052,simclr_scratch60_ridge,20,16,0.6071299560017624,0.0096902381101006,1.5975533675072209
diesel-D4052,simclr_scratch60_ridge,20,17,0.7630703090499158,0.0074547057889232,2.0571695569944004
diesel-D4052,simclr_scratch60_ridge,20,18,0.5944435695960236,0.0097869675473266,1.5723679642553523
diesel-D4052,simclr_scratch60_ridge,20,19,0.1024395572559859,0.0145293322814632,1.0569342724940125
diesel-D4052,simclr_scratch60_ridge,20,20,0.4502263793381632,0.0116129596471327,1.3504791513695755
diesel-D4052,simclr_scratch60_ridge,20,21,0.6441886712410887,0.0092766178074549,1.678687849509662
diesel-D4052,simclr_scratch60_ridge,20,22,0.696957543083211,0.0084604435642873,1.8189807104578763
diesel-D4052,simclr_scratch60_ridge,20,23,0.3676489638205081,0.0122280793095568,1.2592173980045178
diesel-D4052,simclr_scratch60_ridge,20,24,0.7371651796354479,0.007929371465993,1.9531625240297164
diesel-D4052,simclr_scratch60_ridge,20,25,0.6621533412716858,0.0089510098217707,1.7227411148420506
diesel-D4052,simclr_scratch60_ridge,20,26,0.5884892231045704,0.0098353246921499,1.56095084129449
diesel-D4052,simclr_scratch60_ridge,20,27,0.7356961362996755,0.0076176478933262,1.9477269650323927
diesel-D4052,simclr_scratch60_ridge,20,28,0.6118938119447963,0.0096651859466977,1.6073281437622955
diesel-D4052,simclr_scratch60_ridge,20,29,-0.2977531406320493,0.0175577065144989,0.8789897049345936
diesel-FLASH,simclr_scratch60_ridge,5,0,-1.171356900843429,12.686640705058291,0.6795038100437777
diesel-FLASH,simclr_scratch60_ridge,5,1,-0.9222797184196015,11.952620760830632,0.7221862424904439
diesel-FLASH,simclr_scratch60_ridge,5,2,-0.9432897046730836,11.997932299634243,0.7182716543910039
diesel-FLASH,simclr_scratch60_ridge,5,3,-0.46350598754304,10.487259397566168,0.8276757881825009
diesel-FLASH,simclr_scratch60_ridge,5,4,-1.2577004943593475,12.762332618931216,0.6663836590183002
diesel-FLASH,simclr_scratch60_ridge,5,5,-0.8468990938217429,11.65029160124788,0.7367767603446839
diesel-FLASH,simclr_scratch60_ridge,5,6,-0.3052090187357577,9.879981037279183,0.8764304740375736
diesel-FLASH,simclr_scratch60_ridge,5,7,-0.2543596683508584,9.569068305230314,0.8940184099601608
diesel-FLASH,simclr_scratch60_ridge,5,8,-0.0949980552002185,9.008079928911013,0.956865351615642
diesel-FLASH,simclr_scratch60_ridge,5,9,-0.2093639407361824,9.504152742188229,0.9104979980635006
diesel-FLASH,simclr_scratch60_ridge,5,10,-0.3427009777559349,10.045074826154384,0.864107650549399
diesel-FLASH,simclr_scratch60_ridge,5,11,-0.0694554433073617,8.923349196939014,0.9682246947509416
diesel-FLASH,simclr_scratch60_ridge,5,12,0.0004370704216737,8.673347767823007,1.001503409724004
diesel-FLASH,simclr_scratch60_ridge,5,13,-0.2561694408731385,9.688917367525384,0.8933741683970584
diesel-FLASH,simclr_scratch60_ridge,5,14,-0.0256283796094478,8.766867225615663,0.9886953420652584
diesel-FLASH,simclr_scratch60_ridge,5,15,-0.3380228277350459,10.021340701915694,0.8656169289804833
diesel-FLASH,simclr_scratch60_ridge,5,16,-1.8819975023755091,14.51399643702463,0.5898080596010292
diesel-FLASH,simclr_scratch60_ridge,5,17,-0.0443199834562224,8.800597249509298,0.9798073852690964
diesel-FLASH,simclr_scratch60_ridge,5,18,-0.8048337643928534,11.653235072775406,0.7453133482337999
diesel-FLASH,simclr_scratch60_ridge,5,19,-0.377472726201824,10.095038259021315,0.8531315410899156
diesel-FLASH,simclr_scratch60_ridge,5,20,-0.9604122506478812,12.156576763442157,0.715128026845614
diesel-FLASH,simclr_scratch60_ridge,5,21,-0.4280620302670392,10.359585949119982,0.8378841339668704
diesel-FLASH,simclr_scratch60_ridge,5,22,-1.237227270888023,12.95216743835701,0.6694258066316576
diesel-FLASH,simclr_scratch60_ridge,5,23,-0.1657077986445192,9.341675516827625,0.9273905194876644
diesel-FLASH,simclr_scratch60_ridge,5,24,-0.4592226364930811,10.47122646703794,0.8288896633123394
diesel-FLASH,simclr_scratch60_ridge,5,25,-0.2233604118784364,9.571270818348763,0.9052745090585697
diesel-FLASH,simclr_scratch60_ridge,5,26,-0.5420145785942436,10.6858782641421,0.8063308257002209
diesel-FLASH,simclr_scratch60_ridge,5,27,-0.1420812524798707,9.275770120472442,0.93693400520143
diesel-FLASH,simclr_scratch60_ridge,5,28,-0.1734830784604437,9.358282484062263,0.9243130551094318
diesel-FLASH,simclr_scratch60_ridge,5,29,-0.0045243591432726,8.701859218412242,0.9990270938345096
diesel-FLASH,simclr_scratch60_ridge,10,0,-0.0174520122281895,8.77873557088763,0.9926766011851612
diesel-FLASH,simclr_scratch60_ridge,10,1,-0.0294942241354232,8.783200966863989,0.9868537491258228
diesel-FLASH,simclr_scratch60_ridge,10,2,-0.0217790000798383,8.710503184594028,0.9905724981269618
diesel-FLASH,simclr_scratch60_ridge,10,3,0.0002595853319865,8.664119404649824,1.0014312235893632
diesel-FLASH,simclr_scratch60_ridge,10,4,-0.0885277204860799,9.08816263874445,0.959721017835038
diesel-FLASH,simclr_scratch60_ridge,10,5,-0.3785997939524201,10.142235729583954,0.8527969686566795
diesel-FLASH,simclr_scratch60_ridge,10,6,-0.0956840470879445,9.00880053930483,0.9565817331372456
diesel-FLASH,simclr_scratch60_ridge,10,7,-0.3081750273891659,9.842999909746624,0.8754509642422477
diesel-FLASH,simclr_scratch60_ridge,10,8,-0.7836363658324244,11.219978500572129,0.7497415735456314
diesel-FLASH,simclr_scratch60_ridge,10,9,-2.4898639946680854,15.958194980750308,0.5359947075827343
diesel-FLASH,simclr_scratch60_ridge,10,10,0.0360125557062933,8.557071825081975,1.0198330071108137
diesel-FLASH,simclr_scratch60_ridge,10,11,-0.587038019152053,10.887910021352988,0.7948242101492488
diesel-FLASH,simclr_scratch60_ridge,10,12,-0.4908324425695471,10.496710481882086,0.8200688865461037
diesel-FLASH,simclr_scratch60_ridge,10,13,-0.0400668493585727,8.879805935428317,0.9818250887957
diesel-FLASH,simclr_scratch60_ridge,10,14,-0.070246424878287,8.970177019602858,0.9678829950037824
diesel-FLASH,simclr_scratch60_ridge,10,15,-0.1481018990195701,9.225331388921427,0.934489734434964
diesel-FLASH,simclr_scratch60_ridge,10,16,-0.1545316597101045,9.24477812721988,0.931883944325534
diesel-FLASH,simclr_scratch60_ridge,10,17,-0.0562496389843614,8.915101929206214,0.9742747917275708
diesel-FLASH,simclr_scratch60_ridge,10,18,-0.1891530213342833,9.415220959754867,0.9182181663537692
diesel-FLASH,simclr_scratch60_ridge,10,19,-0.0394225662793523,8.864758903519414,0.9821293323813548
diesel-FLASH,simclr_scratch60_ridge,10,20,-1.765077794715955,14.103497569841538,0.6021588523178955
diesel-FLASH,simclr_scratch60_ridge,10,21,-0.5712025602448418,10.7253475116289,0.7988195103213895
diesel-FLASH,simclr_scratch60_ridge,10,22,-0.0012241757924027,8.702298321401225,1.0006889144925992
diesel-FLASH,simclr_scratch60_ridge,10,23,-0.0014545050776353,8.685188877120629,1.0005738312733783
diesel-FLASH,simclr_scratch60_ridge,10,24,-0.0365637482766676,8.753394263497729,0.9834827444477596
diesel-FLASH,simclr_scratch60_ridge,10,25,-0.0185365538163899,8.754752519180146,0.992147957515988
diesel-FLASH,simclr_scratch60_ridge,10,26,-0.058631988074963,8.93350374180071,0.9731779185962628
diesel-FLASH,simclr_scratch60_ridge,10,27,-0.0898657009733647,8.946197951308626,0.9591317331457736
diesel-FLASH,simclr_scratch60_ridge,10,28,-0.2565834386107239,9.645800362150831,0.8932419002605367
diesel-FLASH,simclr_scratch60_ridge,10,29,0.0052884486725554,8.642300939568276,1.003959449849504
diesel-FLASH,simclr_scratch60_ridge,20,0,-0.065027837663792,9.03755076256623,0.9702850793198822
diesel-FLASH,simclr_scratch60_ridge,20,1,-3.853592893339254,19.13788366535264,0.4545149364435321
diesel-FLASH,simclr_scratch60_ridge,20,2,-0.989547253763748,12.204698346755556,0.7099090350431895
diesel-FLASH,simclr_scratch60_ridge,20,3,0.0073019029991473,8.699357872344635,1.0050119786238227
diesel-FLASH,simclr_scratch60_ridge,20,4,0.0353019820119104,8.533326629301635,1.0194927451801843
diesel-FLASH,simclr_scratch60_ridge,20,5,-0.0605042587615287,8.881894391200351,0.9723522518672558
diesel-FLASH,simclr_scratch60_ridge,20,6,-0.1291434213950397,9.26514992599568,0.9423349057882784
diesel-FLASH,simclr_scratch60_ridge,20,7,-0.2545683784263628,9.66725091907884,0.893990007065363
diesel-FLASH,simclr_scratch60_ridge,20,8,-0.088125591720535,8.973454617392825,0.959931670715627
diesel-FLASH,simclr_scratch60_ridge,20,9,-0.0886665208872545,9.018447136481829,0.9596931589465106
diesel-FLASH,simclr_scratch60_ridge,20,10,0.1430953842418859,7.980870338443324,1.0817168421957388
diesel-FLASH,simclr_scratch60_ridge,20,11,-1.1592324991844634,12.794214263659638,0.6814439319435175
diesel-FLASH,simclr_scratch60_ridge,20,12,0.1511028061053484,7.915201693798038,1.0868066415842397
diesel-FLASH,simclr_scratch60_ridge,20,13,0.0076082420129401,8.558193876701239,1.0051670840145723
diesel-FLASH,simclr_scratch60_ridge,20,14,-0.0105850522944432,8.6777432924967,0.996078113619177
diesel-FLASH,simclr_scratch60_ridge,20,15,-0.4483650147502231,10.48086810759328,0.8320335139144068
diesel-FLASH,simclr_scratch60_ridge,20,16,-0.184512790073881,9.481292405650874,0.9200468770380108
diesel-FLASH,simclr_scratch60_ridge,20,17,0.0296756405189415,8.481218930949424,1.016532728038746
diesel-FLASH,simclr_scratch60_ridge,20,18,0.0200785664286512,8.425574747601042,1.0115426627637338
diesel-FLASH,simclr_scratch60_ridge,20,19,0.1302943542668376,8.097354720523292,1.0737265402918437
diesel-FLASH,simclr_scratch60_ridge,20,20,-0.090271799843645,9.08560705934433,0.9589863889817593
diesel-FLASH,simclr_scratch60_ridge,20,21,-0.0125764248972013,8.762785419409042,0.9950981683947466
diesel-FLASH,simclr_scratch60_ridge,20,22,-2.950108707537329,16.77035870249846,0.5038198902285254
diesel-FLASH,simclr_scratch60_ridge,20,23,-0.3854840409000655,10.129589261497625,0.8507051637474012
diesel-FLASH,simclr_scratch60_ridge,20,24,-0.0443117301229105,8.754811572674896,0.9798616368203992
diesel-FLASH,simclr_scratch60_ridge,20,25,0.1462474204684763,8.019575999157292,1.0837118402190853
diesel-FLASH,simclr_scratch60_ridge,20,26,-0.0088489502278159,8.781401146050044,0.9969348077440136
diesel-FLASH,simclr_scratch60_ridge,20,27,0.003881068152752,8.684728170480238,1.0032848069916942
diesel-FLASH,simclr_scratch60_ridge,20,28,-0.0965076865486365,9.090731344897272,0.9562556023558052
diesel-FLASH,simclr_scratch60_ridge,20,29,-0.1680866365832249,9.259193628995188,0.9264933469465628
diesel-FREEZE,simclr_scratch60_ridge,5,0,-0.1410228387943641,12.431244746047245,0.9373684548370488
diesel-FREEZE,simclr_scratch60_ridge,5,1,-0.1616282547352154,12.494456907090596,0.9290175522594692
diesel-FREEZE,simclr_scratch60_ridge,5,2,-0.2025210773255712,12.862385815745476,0.9130848862470232
diesel-FREEZE,simclr_scratch60_ridge,5,3,0.0246121273156989,11.586361081485531,1.013838611484772
diesel-FREEZE,simclr_scratch60_ridge,5,4,0.030851795835197,11.548568925835532,1.0170970745796095
diesel-FREEZE,simclr_scratch60_ridge,5,5,-3.4442393748874416,23.8799709674764,0.4749619089824945
diesel-FREEZE,simclr_scratch60_ridge,5,6,-0.0577463304180871,12.070765815571091,0.973569005326208
diesel-FREEZE,simclr_scratch60_ridge,5,7,-0.2208853452271071,12.95412142603492,0.906191663286918
diesel-FREEZE,simclr_scratch60_ridge,5,8,-0.0036231800413151,11.750172668886036,0.9994755192727982
diesel-FREEZE,simclr_scratch60_ridge,5,9,-1.2125545812858145,17.45004826676151,0.6731479171141055
diesel-FREEZE,simclr_scratch60_ridge,5,10,-2.4887306836873635,21.872247957717505,0.5360728104192696
diesel-FREEZE,simclr_scratch60_ridge,5,11,-1.3627679142966795,17.89478528997165,0.6513988245341958
diesel-FREEZE,simclr_scratch60_ridge,5,12,-0.4489891945539013,14.121664365928336,0.8318115174802503
diesel-FREEZE,simclr_scratch60_ridge,5,13,-0.1279166618115714,12.45227264078347,0.9427987471948917
diesel-FREEZE,simclr_scratch60_ridge,5,14,0.0003444700880791,11.731648376806213,1.001457022896327
diesel-FREEZE,simclr_scratch60_ridge,5,15,-0.1168607375156005,12.39452536955518,0.94745368860999
diesel-FREEZE,simclr_scratch60_ridge,5,16,-0.0350802186088725,11.943402060582404,0.9841708518672008
diesel-FREEZE,simclr_scratch60_ridge,5,17,-30.540939928921187,65.17886258894167,0.1782872093478403
diesel-FREEZE,simclr_scratch60_ridge,5,18,0.0376052140235484,11.51513543849803,1.020659476318358
diesel-FREEZE,simclr_scratch60_ridge,5,19,-0.9964100233621884,16.36534676891081,0.7086513715666829
diesel-FREEZE,simclr_scratch60_ridge,5,20,-3.992947011206097,25.864475530699064,0.4481042101522031
diesel-FREEZE,simclr_scratch60_ridge,5,21,-0.1704898909026209,12.67995507288291,0.9254941314667036
diesel-FREEZE,simclr_scratch60_ridge,5,22,-0.3012193885940655,13.385041022008789,0.8777730444515174
diesel-FREEZE,simclr_scratch60_ridge,5,23,-0.1801916686089415,12.742252914224109,0.9216822644315128
diesel-FREEZE,simclr_scratch60_ridge,5,24,-0.0167020937562925,11.8383374344398,0.9930260555285304
diesel-FREEZE,simclr_scratch60_ridge,5,25,-0.2508373188774502,12.950039572513688,0.895276299943698
diesel-FREEZE,simclr_scratch60_ridge,5,26,-1.187943496653555,17.3489775122296,0.6769232825155693
diesel-FREEZE,simclr_scratch60_ridge,5,27,-0.0687439564332643,12.125649917043429,0.9685469256018892
diesel-FREEZE,simclr_scratch60_ridge,5,28,-0.2555799528890206,13.139482015798755,0.8935838609530804
diesel-FREEZE,simclr_scratch60_ridge,5,29,-1.3791734924877583,18.08643276414893,0.6491490809829245
diesel-FREEZE,simclr_scratch60_ridge,10,0,0.0545950528923577,11.351541466389634,1.0298069471867428
diesel-FREEZE,simclr_scratch60_ridge,10,1,-0.0007953237110549,11.647832444031955,1.0009032947708665
diesel-FREEZE,simclr_scratch60_ridge,10,2,-0.6505512560677249,14.95563279554716,0.7793817728347735
diesel-FREEZE,simclr_scratch60_ridge,10,3,-1.25323627196574,17.349158060711897,0.6670546035037331
diesel-FREEZE,simclr_scratch60_ridge,10,4,-0.2427702764152692,13.125957421295062,0.8981922920102534
diesel-FREEZE,simclr_scratch60_ridge,10,5,-0.2544227579319009,13.200721004639432,0.8940108516094594
diesel-FREEZE,simclr_scratch60_ridge,10,6,-0.6746149317564334,15.26147478059086,0.7737617782311033
diesel-FREEZE,simclr_scratch60_ridge,10,7,-0.1950283267218,12.902058157845005,0.9159581951004622
diesel-FREEZE,simclr_scratch60_ridge,10,8,-0.0108924233122533,11.710811869095473,0.9958920874225318
diesel-FREEZE,simclr_scratch60_ridge,10,9,-0.3158554502223141,13.343735142923908,0.8728922965029814
diesel-FREEZE,simclr_scratch60_ridge,10,10,-0.1675804859631988,12.750889445373156,0.9266619669588168
diesel-FREEZE,simclr_scratch60_ridge,10,11,0.017664559008521,11.60052515828136,1.01026392694734
diesel-FREEZE,simclr_scratch60_ridge,10,12,-0.102167330585986,12.242115736458253,0.9537641311633004
diesel-FREEZE,simclr_scratch60_ridge,10,13,-0.0133414241832667,11.765196961338576,0.9946879444274592
diesel-FREEZE,simclr_scratch60_ridge,10,14,-0.3045807453407898,13.467830305996156,0.8766561228137152
diesel-FREEZE,simclr_scratch60_ridge,10,15,-0.7083277188256567,15.064130838482534,0.7660888804490467
diesel-FREEZE,simclr_scratch60_ridge,10,16,-0.0762070593723402,12.214846249036436,0.965198935662574
diesel-FREEZE,simclr_scratch60_ridge,10,17,0.3029698882549554,9.713891282935558,1.199330787873739
diesel-FREEZE,simclr_scratch60_ridge,10,18,0.3350849061793211,9.58724090164062,1.2279527518855824
diesel-FREEZE,simclr_scratch60_ridge,10,19,-0.0440024296845258,12.065611196132732,0.9799727463796974
diesel-FREEZE,simclr_scratch60_ridge,10,20,-0.2543783104987975,12.965132765854438,0.894026690585305
diesel-FREEZE,simclr_scratch60_ridge,10,21,0.4974788229953961,8.246659635150493,1.4124971116292373
diesel-FREEZE,simclr_scratch60_ridge,10,22,0.009606542387656,11.512493400330056,1.0061456900231192
diesel-FREEZE,simclr_scratch60_ridge,10,23,-1.8426978723654228,19.482333823017964,0.5938809578850095
diesel-FREEZE,simclr_scratch60_ridge,10,24,-3.5787442493240205,24.260821235812447,0.4679414963252862
diesel-FREEZE,simclr_scratch60_ridge,10,25,-0.8612442920111241,15.893955097950164,0.733944234330422
diesel-FREEZE,simclr_scratch60_ridge,10,26,0.0312192940903296,11.408647920113877,1.0173069514680912
diesel-FREEZE,simclr_scratch60_ridge,10,27,0.0802059335668448,11.186020826586924,1.0440455599053753
diesel-FREEZE,simclr_scratch60_ridge,10,28,0.070762445790056,11.3481191890423,1.0387268935699614
diesel-FREEZE,simclr_scratch60_ridge,10,29,-0.262050747730953,12.893913063906624,0.8913050010681658
diesel-FREEZE,simclr_scratch60_ridge,20,0,0.3887620379922807,9.275271763518743,1.2807804010915722
diesel-FREEZE,simclr_scratch60_ridge,20,1,0.49940024470636,8.250224707974459,1.4152544081549103
diesel-FREEZE,simclr_scratch60_ridge,20,2,-0.0244969720545809,12.057537848937312,0.9892919910079344
diesel-FREEZE,simclr_scratch60_ridge,20,3,0.0390060281979319,11.57980634671007,1.0214556172360971
diesel-FREEZE,simclr_scratch60_ridge,20,4,0.2106136423063251,10.527250932560078,1.1270288268935524
diesel-FREEZE,simclr_scratch60_ridge,20,5,0.2732381923013993,9.480862700966064,1.17458319908526
diesel-FREEZE,simclr_scratch60_ridge,20,6,0.1876567315945932,10.360736686240433,1.1109897183263686
diesel-FREEZE,simclr_scratch60_ridge,20,7,0.3078066954900835,9.823002156943325,1.2035555383954175
diesel-FREEZE,simclr_scratch60_ridge,20,8,0.0325394861880463,11.31960511512837,1.0180361700846945
diesel-FREEZE,simclr_scratch60_ridge,20,9,0.6104997627344236,7.153851954865568,1.6044491942618344
diesel-FREEZE,simclr_scratch60_ridge,20,10,-0.0549392545409324,11.838604069460308,0.9749135495534434
diesel-FREEZE,simclr_scratch60_ridge,20,11,-0.0667388010745744,12.309719574287376,0.9695066373633472
diesel-FREEZE,simclr_scratch60_ridge,20,12,0.1720310821657479,10.572571802443171,1.1004563378332175
diesel-FREEZE,simclr_scratch60_ridge,20,13,-0.5542649552076548,14.50937804864276,0.8031881739254486
diesel-FREEZE,simclr_scratch60_ridge,20,14,0.4494506254555985,8.620036972835479,1.3495273668440968
diesel-FREEZE,simclr_scratch60_ridge,20,15,0.6546353037362495,6.833445464782884,1.7038872853205815
diesel-FREEZE,simclr_scratch60_ridge,20,16,0.4664380601578186,8.536982838733513,1.3708420297672557
diesel-FREEZE,simclr_scratch60_ridge,20,17,-0.0130283577550858,11.904795757574243,0.9948761767180392
diesel-FREEZE,simclr_scratch60_ridge,20,18,-0.1281791927601976,12.171431214332198,0.9427375156941594
diesel-FREEZE,simclr_scratch60_ridge,20,19,0.5268347167407809,8.013804697129661,1.4557050766473745
diesel-FREEZE,simclr_scratch60_ridge,20,20,0.5379288867172822,7.957269748786544,1.4730769135880155
diesel-FREEZE,simclr_scratch60_ridge,20,21,0.5575951104026944,7.739118202616186,1.5054622629148249
diesel-FREEZE,simclr_scratch60_ridge,20,22,0.5933085723471982,7.347073824392133,1.5701723436024435
diesel-FREEZE,simclr_scratch60_ridge,20,23,-0.0399913117655401,11.577970411190972,0.98189483871654
diesel-FREEZE,simclr_scratch60_ridge,20,24,-0.1203380727587437,12.609391186015875,0.946030820226438
diesel-FREEZE,simclr_scratch60_ridge,20,25,-0.3819578929104199,13.30719969438892,0.851789784801847
diesel-FREEZE,simclr_scratch60_ridge,20,26,0.4047824398636769,9.09291295739379,1.2979021896331109
diesel-FREEZE,simclr_scratch60_ridge,20,27,0.5156313979271263,8.123361672231747,1.4387715483441943
diesel-FREEZE,simclr_scratch60_ridge,20,28,0.4748547100638003,8.399917321300604,1.3817837959695154
diesel-FREEZE,simclr_scratch60_ridge,20,29,-0.4338367973428894,13.917840391818956,0.8362381409380726
diesel-TOTAL,simclr_scratch60_ridge,5,0,0.8055692275355115,2.9589297884245265,2.270779694357648
diesel-TOTAL,simclr_scratch60_ridge,5,1,-0.0146619933225045,6.820493551901492,0.9940238536164192
diesel-TOTAL,simclr_scratch60_ridge,5,2,0.7208274623166568,3.563818921618176,1.89505210573217
diesel-TOTAL,simclr_scratch60_ridge,5,3,0.5981589770571498,4.277441718125204,1.5795390511575438
diesel-TOTAL,simclr_scratch60_ridge,5,4,0.7675952652622969,3.24428674116415,2.0769929244034198
diesel-TOTAL,simclr_scratch60_ridge,5,5,0.7071493605158075,3.6508077582554352,1.850267048379438
diesel-TOTAL,simclr_scratch60_ridge,5,6,0.3093717845394778,5.638457848436581,1.2048565533107798
diesel-TOTAL,simclr_scratch60_ridge,5,7,0.8387852741669248,2.6885772998661186,2.4937628353059944
diesel-TOTAL,simclr_scratch60_ridge,5,8,0.6825407692182429,3.797263698007538,1.7771067769548978
diesel-TOTAL,simclr_scratch60_ridge,5,9,0.8643220892227648,2.4890385112672897,2.7183347005407312
diesel-TOTAL,simclr_scratch60_ridge,5,10,0.3767377286800483,5.318754559141378,1.268300266884118
diesel-TOTAL,simclr_scratch60_ridge,5,11,0.8228891927995876,2.8338186482270347,2.3792220254981684
diesel-TOTAL,simclr_scratch60_ridge,5,12,0.8051266748300301,2.967468560180581,2.2681997853481723
diesel-TOTAL,simclr_scratch60_ridge,5,13,0.8303107299383339,2.7645561199371613,2.430694129483436
diesel-TOTAL,simclr_scratch60_ridge,5,14,0.8080485823941594,2.954477396945676,2.2853979892144225
diesel-TOTAL,simclr_scratch60_ridge,5,15,0.6513599860799997,3.951720014791659,1.6957775745405677
diesel-TOTAL,simclr_scratch60_ridge,5,16,0.8594117350094241,2.5261463571215845,2.670440876842872
diesel-TOTAL,simclr_scratch60_ridge,5,17,0.7349814840476292,3.4761346880991133,1.9449990520878144
diesel-TOTAL,simclr_scratch60_ridge,5,18,0.2625478007010577,5.796587632498844,1.165978561553986
diesel-TOTAL,simclr_scratch60_ridge,5,19,0.6943060986073973,3.698288988484517,1.8109819241687477
diesel-TOTAL,simclr_scratch60_ridge,5,20,0.8662330902160227,2.460832066280993,2.737682978049924
diesel-TOTAL,simclr_scratch60_ridge,5,21,0.8744427260174248,2.3937476909212063,2.8257683977362382
diesel-TOTAL,simclr_scratch60_ridge,5,22,0.7058980640563746,3.662410276785148,1.8463267470864444
diesel-TOTAL,simclr_scratch60_ridge,5,23,0.8525726116805652,2.5830560971706733,2.60776478774541
diesel-TOTAL,simclr_scratch60_ridge,5,24,0.5315178352593496,4.63337522429994,1.462887644681412
diesel-TOTAL,simclr_scratch60_ridge,5,25,0.7892513917829173,3.095923628712932,2.1810978278305515
diesel-TOTAL,simclr_scratch60_ridge,5,26,0.7491099641887154,3.358671706416852,1.9990138177877588
diesel-TOTAL,simclr_scratch60_ridge,5,27,-0.4076562233370593,8.055323440959762,0.8439353925492049
diesel-TOTAL,simclr_scratch60_ridge,5,28,0.598154740222161,4.282453955219634,1.5795307242409071
diesel-TOTAL,simclr_scratch60_ridge,5,29,0.5490443699535097,4.557238997810011,1.4910444693884246
diesel-TOTAL,simclr_scratch60_ridge,10,0,0.8199898002624,2.872547938723281,2.360022783683871
diesel-TOTAL,simclr_scratch60_ridge,10,1,0.7406252443418753,3.4561714039781526,1.96607870870329
diesel-TOTAL,simclr_scratch60_ridge,10,2,0.3431991388003202,5.498469881838614,1.2355146398020118
diesel-TOTAL,simclr_scratch60_ridge,10,3,0.8128384780599305,2.937078324843616,2.3144961810545084
diesel-TOTAL,simclr_scratch60_ridge,10,4,0.8271906966873894,2.785677770345989,2.4086915712431525
diesel-TOTAL,simclr_scratch60_ridge,10,5,0.6185552418057267,4.145917983580863,1.621246035021668
diesel-TOTAL,simclr_scratch60_ridge,10,6,0.8291082115680487,2.804037702019865,2.422167402820964
diesel-TOTAL,simclr_scratch60_ridge,10,7,0.7268864369591566,3.552299279537192,1.9159894726260895
diesel-TOTAL,simclr_scratch60_ridge,10,8,0.8430683908665597,2.650826084245041,2.527606937033572
diesel-TOTAL,simclr_scratch60_ridge,10,9,0.8377911500823665,2.669787090024081,2.486150870659091
diesel-TOTAL,simclr_scratch60_ridge,10,10,0.841885298269813,2.695461153302788,2.518132776979649
diesel-TOTAL,simclr_scratch60_ridge,10,11,0.7342588970272159,3.4665526169867538,1.9423853147252168
diesel-TOTAL,simclr_scratch60_ridge,10,12,0.8274654095470345,2.801623819668932,2.410608390835752
diesel-TOTAL,simclr_scratch60_ridge,10,13,0.7940279312000367,3.0696096781831685,2.2062797912349263
diesel-TOTAL,simclr_scratch60_ridge,10,14,0.7528405547196022,3.3397163296653014,2.0140773554731424
diesel-TOTAL,simclr_scratch60_ridge,10,15,0.8482842699001099,2.6385964722110256,2.570688453503783
diesel-TOTAL,simclr_scratch60_ridge,10,16,0.8328936871562453,2.755210030439188,2.449448564425144
diesel-TOTAL,simclr_scratch60_ridge,10,17,0.8426088835663224,2.651293780119977,2.523914534218364
diesel-TOTAL,simclr_scratch60_ridge,10,18,0.842166017240004,2.6959688021943347,2.5203711213282904
diesel-TOTAL,simclr_scratch60_ridge,10,19,0.8326708116810422,2.7517729043347745,2.447816739380891
diesel-TOTAL,simclr_scratch60_ridge,10,20,-0.1964015183870109,7.39558978819422,0.9154323903188402
diesel-TOTAL,simclr_scratch60_ridge,10,21,0.5082669682642545,4.717492386819132,1.4279074557818925
diesel-TOTAL,simclr_scratch60_ridge,10,22,0.8258937172613467,2.751826143347,2.399703201830526
diesel-TOTAL,simclr_scratch60_ridge,10,23,0.8520991142356531,2.5770435243619385,2.603630588067053
diesel-TOTAL,simclr_scratch60_ridge,10,24,0.8024673041441021,2.9950157079644733,2.2529173372623807
diesel-TOTAL,simclr_scratch60_ridge,10,25,0.2169176003364202,5.949636028137928,1.131516838092359
diesel-TOTAL,simclr_scratch60_ridge,10,26,0.8788280685198729,2.3680826195066467,2.8764957538189706
diesel-TOTAL,simclr_scratch60_ridge,10,27,0.8532893656324089,2.5405102741766123,2.6141707745122797
diesel-TOTAL,simclr_scratch60_ridge,10,28,0.8324885939616907,2.765004561628342,2.446485018279633
diesel-TOTAL,simclr_scratch60_ridge,10,29,0.4538019483294371,4.965611007321625,1.3548452068998145
diesel-TOTAL,simclr_scratch60_ridge,20,0,0.4780602729215606,4.891108154405128,1.3860205061281163
diesel-TOTAL,simclr_scratch60_ridge,20,1,0.9128792826621412,1.9628526775899653,3.3924941811683
diesel-TOTAL,simclr_scratch60_ridge,20,2,0.9100007762673212,2.028756628988696,3.337801081085352
diesel-TOTAL,simclr_scratch60_ridge,20,3,0.8886209843050084,2.288300638387597,3.000393009897534
diesel-TOTAL,simclr_scratch60_ridge,20,4,0.3862677475723032,5.269947406136566,1.2781751194362487
diesel-TOTAL,simclr_scratch60_ridge,20,5,0.853594938162611,2.5704065125010795,2.61698833359768
diesel-TOTAL,simclr_scratch60_ridge,20,6,0.8559421101169776,2.512675924836206,2.6382218217052635
diesel-TOTAL,simclr_scratch60_ridge,20,7,0.8380834149701388,2.683414362796879,2.4884800591147545
diesel-TOTAL,simclr_scratch60_ridge,20,8,0.8932762647583166,2.184444113941028,3.0651330036816478
diesel-TOTAL,simclr_scratch60_ridge,20,9,0.8820548105171955,2.311885320355937,2.9156790515020625
diesel-TOTAL,simclr_scratch60_ridge,20,10,0.9176178984586988,1.927066406880224,3.4886981868388145
diesel-TOTAL,simclr_scratch60_ridge,20,11,0.7627600522474959,3.2961283077381958,2.055823958026468
diesel-TOTAL,simclr_scratch60_ridge,20,12,0.8894589552624851,2.2594325846956185,3.01174397595039
diesel-TOTAL,simclr_scratch60_ridge,20,13,0.8781134366089217,2.344778609573195,2.868150370514205
diesel-TOTAL,simclr_scratch60_ridge,20,14,0.8673858722423132,2.437930336418539,2.749697610029137
diesel-TOTAL,simclr_scratch60_ridge,20,15,0.8838281206348109,2.2897945088082987,2.937848019611573
diesel-TOTAL,simclr_scratch60_ridge,20,16,0.8872180063412165,2.2777787824087894,2.98167256338912
diesel-TOTAL,simclr_scratch60_ridge,20,17,0.8767231527305371,2.391508681852727,2.8519313895312024
diesel-TOTAL,simclr_scratch60_ridge,20,18,0.8016696584576903,2.971952134813372,2.248460450331947
diesel-TOTAL,simclr_scratch60_ridge,20,19,0.8241187841119314,2.793829502676502,2.3876469113763745
diesel-TOTAL,simclr_scratch60_ridge,20,20,0.8413888912882991,2.691134274595816,2.514276477438139
diesel-TOTAL,simclr_scratch60_ridge,20,21,0.8848345044413779,2.287160520349585,2.950656420228194
diesel-TOTAL,simclr_scratch60_ridge,20,22,0.8491568057102789,2.5703135922367304,2.5782021871433187
diesel-TOTAL,simclr_scratch60_ridge,20,23,0.8507225085953539,2.593627182344558,2.591687706442511
diesel-TOTAL,simclr_scratch60_ridge,20,24,0.9071057223037632,2.04972732239487,3.2853780531842114
diesel-TOTAL,simclr_scratch60_ridge,20,25,0.8900096791217095,2.262560251647805,3.0192744941966883
diesel-TOTAL,simclr_scratch60_ridge,20,26,0.8659888901023257,2.501489722334691,2.735328123398153
diesel-TOTAL,simclr_scratch60_ridge,20,27,0.7394646152852669,3.4816012937409955,1.9617627099060688
diesel-TOTAL,simclr_scratch60_ridge,20,28,0.8660515410638423,2.486979997019643,2.7359677384577377
diesel-TOTAL,simclr_scratch60_ridge,20,29,0.8338216313664496,2.7460252373227343,2.456363227067096
diesel-VISC,simclr_scratch60_ridge,5,0,-1.0323685624586267,0.7448227217052394,0.7023543371945922
diesel-VISC,simclr_scratch60_ridge,5,1,-0.937452433210989,0.7334252461959474,0.7193528663134131
diesel-VISC,simclr_scratch60_ridge,5,2,-8.477099324721848e-07,0.5249724950336665,1.001284097646112
diesel-VISC,simclr_scratch60_ridge,5,3,-1.320851706503218,0.7986844575078998,0.6572548613904169
diesel-VISC,simclr_scratch60_ridge,5,4,-1.765830491921092,0.8754891176540854,0.6020668600971398
diesel-VISC,simclr_scratch60_ridge,5,5,-0.0175160392128541,0.530190188675661,0.992628798522202
diesel-VISC,simclr_scratch60_ridge,5,6,-0.0398280010849121,0.5409169418262941,0.9819214533822238
diesel-VISC,simclr_scratch60_ridge,5,7,-4.237249189603433,1.2036229945135886,0.43752803266036
diesel-VISC,simclr_scratch60_ridge,5,8,-0.3967464560484872,0.6258404833914495,0.8472249050068482
diesel-VISC,simclr_scratch60_ridge,5,9,-1.3747962465920571,0.8095918843163702,0.6497470642829777
diesel-VISC,simclr_scratch60_ridge,5,10,-0.8924834417157337,0.7236804211026273,0.7278492832794138
diesel-VISC,simclr_scratch60_ridge,5,11,-0.0210930961321982,0.5354695867172775,0.9908886022331796
diesel-VISC,simclr_scratch60_ridge,5,12,-0.1120312542499746,0.5533637572140184,0.949508826209196
diesel-VISC,simclr_scratch60_ridge,5,13,-8.236847972613251,1.6099749415664293,0.329454622182797
diesel-VISC,simclr_scratch60_ridge,5,14,-0.2589536425989009,0.5939490982528219,0.8923857640041626
diesel-VISC,simclr_scratch60_ridge,5,15,-0.1169267063650201,0.5596035494585041,0.947425708549938
diesel-VISC,simclr_scratch60_ridge,5,16,-1.2315393127637644,0.7862630429323446,0.6702784115323054
diesel-VISC,simclr_scratch60_ridge,5,17,-1.8507941289136476,0.8877742872413943,0.593027147652249
diesel-VISC,simclr_scratch60_ridge,5,18,-4.765144526219474,1.2674915728960483,0.417015697607721
diesel-VISC,simclr_scratch60_ridge,5,19,-0.8436202084887343,0.7152112110515318,0.7374316493847348
diesel-VISC,simclr_scratch60_ridge,5,20,-5.360580233360442,1.329209747551313,0.3970170291331552
diesel-VISC,simclr_scratch60_ridge,5,21,-2.968791923015992,1.0495171293078067,0.5026067741808905
diesel-VISC,simclr_scratch60_ridge,5,22,-0.3409886365135752,0.6137779045330473,0.864659174656131
diesel-VISC,simclr_scratch60_ridge,5,23,-0.9287175570541206,0.7318918510940208,0.7209799474867671
diesel-VISC,simclr_scratch60_ridge,5,24,-0.6591524013195809,0.6812247961181368,0.7773459905656214
diesel-VISC,simclr_scratch60_ridge,5,25,0.0131060730908589,0.5224507264292595,1.0079111848671232
diesel-VISC,simclr_scratch60_ridge,5,26,-0.2030087916526888,0.581625055081054,0.9128997796509064
diesel-VISC,simclr_scratch60_ridge,5,27,-0.8262899004600368,0.7115788733902718,0.7409222623342093
diesel-VISC,simclr_scratch60_ridge,5,28,-0.0485491025614244,0.5372405975175351,0.9778294574857372
diesel-VISC,simclr_scratch60_ridge,5,29,0.0081901783674586,0.5230250850085096,1.0054102315518674
diesel-VISC,simclr_scratch60_ridge,10,0,-0.1325463947363658,0.5578809940878191,0.9408854478935968
diesel-VISC,simclr_scratch60_ridge,10,1,0.0016898844487136,0.5309773510055962,1.0021483522158292
diesel-VISC,simclr_scratch60_ridge,10,2,-0.0102347106067197,0.5342352565456279,0.99621622214882
diesel-VISC,simclr_scratch60_ridge,10,3,-3.6965539100169273,1.1363059704862175,0.462035235392413
diesel-VISC,simclr_scratch60_ridge,10,4,-0.2498204806205,0.5926458374754672,0.895655369816346
diesel-VISC,simclr_scratch60_ridge,10,5,-2.2638550989787203,0.9519572265991434,0.554241852654248
diesel-VISC,simclr_scratch60_ridge,10,6,-2.2787858804229617,0.94581299753117,0.5529784724488792
diesel-VISC,simclr_scratch60_ridge,10,7,-0.2749252095234797,0.5973281388377883,0.8867932898259082
diesel-VISC,simclr_scratch60_ridge,10,8,0.3686480613536002,0.4148620218533528,1.260169584881781
diesel-VISC,simclr_scratch60_ridge,10,9,-0.8450529987020017,0.7141645283494005,0.7371575699829713
diesel-VISC,simclr_scratch60_ridge,10,10,-0.2762575478575946,0.6001860600781334,0.8863302887592235
diesel-VISC,simclr_scratch60_ridge,10,11,-0.3324283558462571,0.6026508546827933,0.8674467402273868
diesel-VISC,simclr_scratch60_ridge,10,12,-0.3267854838849942,0.60942962057168,0.8692894259682408
diesel-VISC,simclr_scratch60_ridge,10,13,-2.814792867892075,1.030877190547847,0.512659809215896
diesel-VISC,simclr_scratch60_ridge,10,14,-1.5015503228661615,0.8343531031481138,0.633082240446916
diesel-VISC,simclr_scratch60_ridge,10,15,-0.6524985938332666,0.6787692905941951,0.7789224178443411
diesel-VISC,simclr_scratch60_ridge,10,16,-0.2371642294362279,0.5900964927497716,0.9002250119773432
diesel-VISC,simclr_scratch60_ridge,10,17,-1.2152055149566503,0.7856820388194585,0.6727562491974384
diesel-VISC,simclr_scratch60_ridge,10,18,-0.0171848661606623,0.5292227950508619,0.9928069473245744
diesel-VISC,simclr_scratch60_ridge,10,19,-0.0829646115015749,0.5521906568221617,0.9621828681859224
diesel-VISC,simclr_scratch60_ridge,10,20,-0.0102196414898949,0.5345562709240953,0.9962236522373054
diesel-VISC,simclr_scratch60_ridge,10,21,-0.1138263230351603,0.5575806644562437,0.948759229870092
diesel-VISC,simclr_scratch60_ridge,10,22,-0.0503916042399053,0.542260172716496,0.976987780015094
diesel-VISC,simclr_scratch60_ridge,10,23,-0.1598610171643306,0.5683044679618597,0.9297405579268174
diesel-VISC,simclr_scratch60_ridge,10,24,-0.0276818211075839,0.5379887183822313,0.9877235654466844
diesel-VISC,simclr_scratch60_ridge,10,25,-0.5378503061809201,0.657020674940232,0.8074352787659831
diesel-VISC,simclr_scratch60_ridge,10,26,-1.0705945218610036,0.7576985529865288,0.6958525486469107
diesel-VISC,simclr_scratch60_ridge,10,27,-0.757660092603128,0.683498556442166,0.75526142984345
diesel-VISC,simclr_scratch60_ridge,10,28,-6.15558773705172,1.41206934967387,0.3743191939720671
diesel-VISC,simclr_scratch60_ridge,10,29,0.3095038659316018,0.4407438325155381,1.2049918980323897
diesel-VISC,simclr_scratch60_ridge,20,0,-0.5562330848011383,0.6644525872206595,0.8026801271107278
diesel-VISC,simclr_scratch60_ridge,20,1,0.4434618518659079,0.39541948556062,1.3422467574128756
diesel-VISC,simclr_scratch60_ridge,20,2,-1.768951259151854,0.8751071179232519,0.6017584219980623
diesel-VISC,simclr_scratch60_ridge,20,3,-0.4621272313900477,0.6477998610395009,0.8281085142885592
diesel-VISC,simclr_scratch60_ridge,20,4,0.4969577630325464,0.3742727901709039,1.411814399650505
diesel-VISC,simclr_scratch60_ridge,20,5,0.4171564462434575,0.4043617605684723,1.3116073266991093
diesel-VISC,simclr_scratch60_ridge,20,6,0.3394955869245549,0.425562454610762,1.232088689918941
diesel-VISC,simclr_scratch60_ridge,20,7,-3.0514584201944928,1.032476007328858,0.4974782978503902
diesel-VISC,simclr_scratch60_ridge,20,8,0.1044328039055535,0.4934563550211205,1.0581098178812571
diesel-VISC,simclr_scratch60_ridge,20,9,-0.5161134304253197,0.6469665670189544,0.813231112167588
diesel-VISC,simclr_scratch60_ridge,20,10,0.1939142870615863,0.4724532285942202,1.1152936277810483
diesel-VISC,simclr_scratch60_ridge,20,11,-0.1179183036176301,0.5621713352953925,0.947054123435805
diesel-VISC,simclr_scratch60_ridge,20,12,0.3511927970347209,0.4299890228751658,1.243145612156271
diesel-VISC,simclr_scratch60_ridge,20,13,0.6495761524245434,0.3132417838894127,1.6915428582182035
diesel-VISC,simclr_scratch60_ridge,20,14,0.5910718306107922,0.3369994240216365,1.5658722170667163
diesel-VISC,simclr_scratch60_ridge,20,15,0.4886277346561929,0.3797503208106963,1.4002682696993196
diesel-VISC,simclr_scratch60_ridge,20,16,-0.9974120464836818,0.7518504845899875,0.7085100261847075
diesel-VISC,simclr_scratch60_ridge,20,17,0.026901205146612,0.5290919935746232,1.0150825579685263
diesel-VISC,simclr_scratch60_ridge,20,18,0.0213401474295502,0.523674219131037,1.0121944377397578
diesel-VISC,simclr_scratch60_ridge,20,19,0.1505077306858698,0.4789465679640817,1.0864259169789252
diesel-VISC,simclr_scratch60_ridge,20,20,0.524760959628938,0.3642870277557574,1.4525255407763398
diesel-VISC,simclr_scratch60_ridge,20,21,0.0097438160388798,0.5180688936604896,1.0062503656239346
diesel-VISC,simclr_scratch60_ridge,20,22,0.0183218779853429,0.5324970223011916,1.0106371923572224
diesel-VISC,simclr_scratch60_ridge,20,23,0.3443410145391739,0.4277485605399911,1.2366329785269574
diesel-VISC,simclr_scratch60_ridge,20,24,-0.1652705758046277,0.5696291155036073,0.9276121803013936
diesel-VISC,simclr_scratch60_ridge,20,25,-0.144588761147526,0.5629743400116775,0.9359552703973616
diesel-VISC,simclr_scratch60_ridge,20,26,0.3964287175811644,0.4043187603688961,1.2888890934331183
diesel-VISC,simclr_scratch60_ridge,20,27,0.0033416633609663,0.5326642602220842,1.0030132746845108
diesel-VISC,simclr_scratch60_ridge,20,28,0.0054471106699172,0.5307148357119276,1.004074392272957
diesel-VISC,simclr_scratch60_ridge,20,29,0.5626057716462562,0.3472620340633233,1.5140607767394738
evoo-adulteration,simclr_scratch60_ridge,5,0,-0.2010157821575471,24.1100690742853,0.912714162441288
evoo-adulteration,simclr_scratch60_ridge,5,1,-0.0002392871915148,21.99963512472901,1.0001316988203606
evoo-adulteration,simclr_scratch60_ridge,5,2,-0.2189017292107964,24.283753033748116,0.905992912117568
evoo-adulteration,simclr_scratch60_ridge,5,3,-0.3454383858338512,25.52296392288557,0.8623374347825121
evoo-adulteration,simclr_scratch60_ridge,5,4,-0.2826841130092201,24.91406905899656,0.8831801282773944
evoo-adulteration,simclr_scratch60_ridge,5,5,-1.2375521046275213,32.903456677578,0.6686865194210151
evoo-adulteration,simclr_scratch60_ridge,5,6,-0.196098399911738,24.06128539701979,0.9145884066327482
evoo-adulteration,simclr_scratch60_ridge,5,7,-0.3569250763438218,25.63089889239665,0.8586797327122899
evoo-adulteration,simclr_scratch60_ridge,5,8,-1.3113146240894693,33.315740674496254,0.6579298840264954
evoo-adulteration,simclr_scratch60_ridge,5,9,-0.8450322587730683,29.86907816919531,0.7363887833663683
evoo-adulteration,simclr_scratch60_ridge,5,10,0.1249028791906969,20.578731442849367,1.0692543337796527
evoo-adulteration,simclr_scratch60_ridge,5,11,-0.4625228344771104,26.606561104551,0.827099615445506
evoo-adulteration,simclr_scratch60_ridge,5,12,-0.0471883441794402,22.518276139745872,0.9774549422087188
evoo-adulteration,simclr_scratch60_ridge,5,13,-0.4928129469772357,26.87248415120809,0.8186654270463665
evoo-adulteration,simclr_scratch60_ridge,5,14,-10.90817969864688,75.89661602175691,0.289858777897559
evoo-adulteration,simclr_scratch60_ridge,5,15,0.0944340833185155,20.93364429007715,1.0511122861615871
evoo-adulteration,simclr_scratch60_ridge,5,16,-0.0971366057666653,23.02831846499236,0.9549459560012972
evoo-adulteration,simclr_scratch60_ridge,5,17,-0.2434438854541143,24.53135215392934,0.8970074522000252
evoo-adulteration,simclr_scratch60_ridge,5,18,-0.0044138538968447,22.05033980448122,0.99805115020446
evoo-adulteration,simclr_scratch60_ridge,5,19,-0.6860958236655967,28.454895841188893,0.7703144067598369
evoo-adulteration,simclr_scratch60_ridge,5,20,-0.0482564249955204,22.51915385514268,0.9769568451213934
evoo-adulteration,simclr_scratch60_ridge,5,21,0.0058839078595125,21.933382543991485,1.0032070943138822
evoo-adulteration,simclr_scratch60_ridge,5,22,-0.011456126925992,22.11727391398029,0.994570610925458
evoo-adulteration,simclr_scratch60_ridge,5,23,-0.2958695620518339,25.03378245775707,0.878675469465959
evoo-adulteration,simclr_scratch60_ridge,5,24,-3.97990929366283,49.0827647494613,0.4482274300851179
evoo-adulteration,simclr_scratch60_ridge,5,25,0.0130863291852675,21.847122206448493,1.0068611045094689
evoo-adulteration,simclr_scratch60_ridge,5,26,0.0151894428581721,21.831151386040972,1.0079356330140008
evoo-adulteration,simclr_scratch60_ridge,5,27,-0.8655288008458122,29.93097874152202,0.7323322630883501
evoo-adulteration,simclr_scratch60_ridge,5,28,-1.306144416867331,33.40955944014713,0.6586669864806539
evoo-adulteration,simclr_scratch60_ridge,5,29,-15.332893165985505,88.29233289891343,0.2475013578819409
evoo-adulteration,simclr_scratch60_ridge,10,0,0.0204453296623261,21.778239911447507,1.0106367390826467
evoo-adulteration,simclr_scratch60_ridge,10,1,-0.0646549230912332,22.718807599225386,0.9694044038187752
evoo-adulteration,simclr_scratch60_ridge,10,2,0.0006034446035391,22.00668416393239,1.0005539193696986
evoo-adulteration,simclr_scratch60_ridge,10,3,0.006301311579096,21.93699513965172,1.0034184064283307
evoo-adulteration,simclr_scratch60_ridge,10,4,-4.505948171458162,51.61766194887116,0.4262784344813748
evoo-adulteration,simclr_scratch60_ridge,10,5,-0.5706133433562726,27.479646623186188,0.7981321041575331
evoo-adulteration,simclr_scratch60_ridge,10,6,-2.184171185764449,39.27413218209225,0.5605459481157977
evoo-adulteration,simclr_scratch60_ridge,10,7,0.0868082704951848,21.041642213553278,1.0467149734098715
evoo-adulteration,simclr_scratch60_ridge,10,8,-3.245184475728318,45.19046360935738,0.4854685920253422
evoo-adulteration,simclr_scratch60_ridge,10,9,-0.2345049694658083,24.454700289991575,0.9002497312299867
evoo-adulteration,simclr_scratch60_ridge,10,10,-2.720914753739616,42.33203581212963,0.518542743869163
evoo-adulteration,simclr_scratch60_ridge,10,11,-1.0950777082476444,31.75125462207904,0.6910498127987826
evoo-adulteration,simclr_scratch60_ridge,10,12,-0.0177696211164823,22.209760377524635,0.9914816475991438
evoo-adulteration,simclr_scratch60_ridge,10,13,0.1210717530115504,20.57822042404292,1.066922098794993
evoo-adulteration,simclr_scratch60_ridge,10,14,-0.1037329068961994,23.04859454324392,0.9520887339778448
evoo-adulteration,simclr_scratch60_ridge,10,15,-1.1974761279876085,32.63407807177455,0.6747569068389884
evoo-adulteration,simclr_scratch60_ridge,10,16,-0.0906430510350202,22.83694528679929,0.9577851590325992
evoo-adulteration,simclr_scratch60_ridge,10,17,0.0150768009472086,21.773751846097426,1.0078786326828806
evoo-adulteration,simclr_scratch60_ridge,10,18,-0.8098664303077598,29.49876396225134,0.7435088790399383
evoo-adulteration,simclr_scratch60_ridge,10,19,-1.565309926324495,35.12690728264592,0.6245101493970118
evoo-adulteration,simclr_scratch60_ridge,10,20,0.1292435989070542,20.5496119443846,1.0719168152244338
evoo-adulteration,simclr_scratch60_ridge,10,21,-0.1277796487899689,23.372901746486864,0.9418837299517951
evoo-adulteration,simclr_scratch60_ridge,10,22,-0.1666250125926265,23.791922668866803,0.9260699240899244
evoo-adulteration,simclr_scratch60_ridge,10,23,-2.1319879800744275,38.81971420427778,0.5651963887448033
evoo-adulteration,simclr_scratch60_ridge,10,24,0.0738362361551903,21.037428708199204,1.0393588755285752
evoo-adulteration,simclr_scratch60_ridge,10,25,-0.024923656152112,22.285790038579314,0.988015284345517
evoo-adulteration,simclr_scratch60_ridge,10,26,-0.0094307914685647,22.035627220299453,0.9955685012430076
evoo-adulteration,simclr_scratch60_ridge,10,27,-0.0860273417425039,22.78080907241261,0.9598183355412682
evoo-adulteration,simclr_scratch60_ridge,10,28,-0.0278908366789549,22.315530052874347,0.986588217228934
evoo-adulteration,simclr_scratch60_ridge,10,29,-0.0199112608977227,22.150943286240544,0.9904401293392334
evoo-adulteration,simclr_scratch60_ridge,20,0,0.067058300075716,21.23093090756541,1.035577779535914
evoo-adulteration,simclr_scratch60_ridge,20,1,-1.24330034350452,32.8910799602314,0.6678305228722325
evoo-adulteration,simclr_scratch60_ridge,20,2,-2.456392225265609,40.71302296351205,0.5380200568452914
evoo-adulteration,simclr_scratch60_ridge,20,3,-0.7468440399888938,29.13853929247847,0.7568031126149672
evoo-adulteration,simclr_scratch60_ridge,20,4,-1.2427731269190323,32.77881473185409,0.6679090128974434
evoo-adulteration,simclr_scratch60_ridge,20,5,-0.031475948053862,22.391725322103778,0.984873434229056
evoo-adulteration,simclr_scratch60_ridge,20,6,-0.9850361468056026,31.056481985662646,0.7099467347040699
evoo-adulteration,simclr_scratch60_ridge,20,7,-0.0466623392087603,22.53905913710194,0.9777023902610216
evoo-adulteration,simclr_scratch60_ridge,20,8,-0.0287554966904293,22.37076314855162,0.9861747790731812
evoo-adulteration,simclr_scratch60_ridge,20,9,0.132384468835246,20.464758453275845,1.0738566649666617
evoo-adulteration,simclr_scratch60_ridge,20,10,-1.4046479451599023,34.18749022228484,0.6450364027054748
evoo-adulteration,simclr_scratch60_ridge,20,11,0.0474809102441748,21.518083432979218,1.0248802678285576
evoo-adulteration,simclr_scratch60_ridge,20,12,0.0445342844627265,21.535677439006744,1.0232986984866472
evoo-adulteration,simclr_scratch60_ridge,20,13,0.2264090280291817,19.386577192572837,1.1372456372151258
evoo-adulteration,simclr_scratch60_ridge,20,14,0.0310801164680905,21.692066698949443,1.0161692335016714
evoo-adulteration,simclr_scratch60_ridge,20,15,0.0787820624412701,21.022705811779364,1.0421465206877996
evoo-adulteration,simclr_scratch60_ridge,20,16,-0.1918457729671514,23.97423928290191,0.9162203752425392
evoo-adulteration,simclr_scratch60_ridge,20,17,-0.0158598756426604,22.2234623217516,0.9924144344143864
evoo-adulteration,simclr_scratch60_ridge,20,18,0.409561967339484,16.93820384478012,1.3017356941896232
evoo-adulteration,simclr_scratch60_ridge,20,19,-0.0800998702513926,22.836772712078503,0.9624496498939452
evoo-adulteration,simclr_scratch60_ridge,20,20,-0.0228983153277702,22.292417615908704,0.9889941988091012
evoo-adulteration,simclr_scratch60_ridge,20,21,-0.0065570425078862,22.113572491400937,0.9969899486777872
evoo-adulteration,simclr_scratch60_ridge,20,22,-10.680474725203696,75.09633395948585,0.2926710251667445
evoo-adulteration,simclr_scratch60_ridge,20,23,-0.52280351206823,27.193557492478742,0.8105653618045285
evoo-adulteration,simclr_scratch60_ridge,20,24,0.0183681388185273,21.75112025991456,1.0095681776208012
evoo-adulteration,simclr_scratch60_ridge,20,25,0.2260026028709778,19.34170026856189,1.1369470148092016
evoo-adulteration,simclr_scratch60_ridge,20,26,-0.4153328339753852,26.150431356633028,0.8407767330265318
evoo-adulteration,simclr_scratch60_ridge,20,27,0.0078146406465495,21.950301933672023,1.004184627357237
evoo-adulteration,simclr_scratch60_ridge,20,28,0.171868152583101,19.922009332360428,1.099158271660628
evoo-adulteration,simclr_scratch60_ridge,20,29,0.1539572006340056,20.193081604440565,1.0874612964380304
gasoline-octane,simclr_scratch60_ridge,5,0,0.9283634418101582,0.4093214579331737,3.7706576996063856
gasoline-octane,simclr_scratch60_ridge,5,1,0.653274838500826,0.8828190024672576,1.7139248881430564
gasoline-octane,simclr_scratch60_ridge,5,2,0.7707406990441802,0.7059016750248845,2.107759148139212
gasoline-octane,simclr_scratch60_ridge,5,3,-0.0037849940902345,1.54366263243914,1.0073122497044378
gasoline-octane,simclr_scratch60_ridge,5,4,0.955988477016918,0.3132952546501738,4.810622367208671
gasoline-octane,simclr_scratch60_ridge,5,5,0.9085788721971072,0.4381826247072727,3.337806665038867
gasoline-octane,simclr_scratch60_ridge,5,6,0.8343415891938378,0.6253600161454446,2.479577686106058
gasoline-octane,simclr_scratch60_ridge,5,7,0.1000111496124774,1.3978525765658163,1.0638144870381612
gasoline-octane,simclr_scratch60_ridge,5,8,0.4969073690369425,1.0073667307076155,1.4228544838518118
gasoline-octane,simclr_scratch60_ridge,5,9,0.4408962227924333,1.1554157212217555,1.349703119634856
gasoline-octane,simclr_scratch60_ridge,5,10,0.8478100995916998,0.6040252340315938,2.58697092925093
gasoline-octane,simclr_scratch60_ridge,5,11,0.6475634528848755,0.8500048941036714,1.6999807201212898
gasoline-octane,simclr_scratch60_ridge,5,12,0.7876311573938246,0.696757210870668,2.189974534222948
gasoline-octane,simclr_scratch60_ridge,5,13,0.8655853503244579,0.5580066530848051,2.752714449724368
gasoline-octane,simclr_scratch60_ridge,5,14,0.7098692470534429,0.8179926716507933,1.8736461813711007
gasoline-octane,simclr_scratch60_ridge,5,15,0.6595340984087887,0.8970283861664862,1.7296078726723385
gasoline-octane,simclr_scratch60_ridge,5,16,0.8830717835615223,0.5347188773106302,2.9513777727382853
gasoline-octane,simclr_scratch60_ridge,5,17,0.7597891283245686,0.7315550213442923,2.059150716087254
gasoline-octane,simclr_scratch60_ridge,5,18,0.2964884840335251,1.2881706639980466,1.2032305756677069
gasoline-octane,simclr_scratch60_ridge,5,19,0.2299262482657225,1.315467114576988,1.150054189947143
gasoline-octane,simclr_scratch60_ridge,5,20,0.8360502078819495,0.6281709126758378,2.4924647770018398
gasoline-octane,simclr_scratch60_ridge,5,21,-0.0050245930726364,1.5438667788768037,1.0066908477448466
gasoline-octane,simclr_scratch60_ridge,5,22,0.6000654064035311,0.984821364420654,1.5958423244784097
gasoline-octane,simclr_scratch60_ridge,5,23,0.9302382103127144,0.3967927901684461,3.820987861711429
gasoline-octane,simclr_scratch60_ridge,5,24,0.6917484755317747,0.86558134239709,1.8177403522848876
gasoline-octane,simclr_scratch60_ridge,5,25,0.469792906592385,1.1015867193498377,1.3859951099304315
gasoline-octane,simclr_scratch60_ridge,5,26,0.8390535955285284,0.6113555373595446,2.5156129707106247
gasoline-octane,simclr_scratch60_ridge,5,27,0.919405675121932,0.4376906554593643,3.554939663360552
gasoline-octane,simclr_scratch60_ridge,5,28,0.9100314498174596,0.452533986302563,3.3646438750059686
gasoline-octane,simclr_scratch60_ridge,5,29,0.7948720797686732,0.6652533067593324,2.2282918735937707
gasoline-octane,simclr_scratch60_ridge,10,0,0.9493140325916032,0.3424298236891325,4.48686592366635
gasoline-octane,simclr_scratch60_ridge,10,1,0.908358424361307,0.4563602138623543,3.3368807636723328
gasoline-octane,simclr_scratch60_ridge,10,2,0.9299440933072172,0.3923798366310833,3.816493991808184
gasoline-octane,simclr_scratch60_ridge,10,3,0.9269820779336654,0.4193850477106417,3.7382834435840273
gasoline-octane,simclr_scratch60_ridge,10,4,0.9585148647549347,0.3081523270327186,4.959532117045662
gasoline-octane,simclr_scratch60_ridge,10,5,0.8590110144281209,0.5233506649798356,2.690260711638434
gasoline-octane,simclr_scratch60_ridge,10,6,0.8076863514007017,0.6606719041509771,2.303466541767887
gasoline-octane,simclr_scratch60_ridge,10,7,0.948500672569991,0.3551279754597065,4.451293015100401
gasoline-octane,simclr_scratch60_ridge,10,8,0.7064564858707583,0.8148951697385198,1.8644498991000185
gasoline-octane,simclr_scratch60_ridge,10,9,0.9285435500228744,0.3992310084214758,3.7789073488711113
gasoline-octane,simclr_scratch60_ridge,10,10,0.6997802882382069,0.8251476137784572,1.843602805435551
gasoline-octane,simclr_scratch60_ridge,10,11,0.8758532493584963,0.5423503257276889,2.8669444864277445
gasoline-octane,simclr_scratch60_ridge,10,12,0.7273620696263112,0.8199591714234908,1.9346117626106116
gasoline-octane,simclr_scratch60_ridge,10,13,0.6217029085929302,0.949804442268124,1.642367948739844
gasoline-octane,simclr_scratch60_ridge,10,14,0.9466170087286586,0.3509536918508001,4.372053920120437
gasoline-octane,simclr_scratch60_ridge,10,15,0.9431600158446484,0.3560419874437351,4.237014868804604
gasoline-octane,simclr_scratch60_ridge,10,16,0.8768171413364232,0.4911988338123468,2.8781393880439508
gasoline-octane,simclr_scratch60_ridge,10,17,0.9196555578158454,0.4393329740300054,3.5637648681705985
gasoline-octane,simclr_scratch60_ridge,10,18,0.9199294535235572,0.4495973468533751,3.5698549139921183
gasoline-octane,simclr_scratch60_ridge,10,19,0.9551404849658576,0.3298366553802676,4.76935527818559
gasoline-octane,simclr_scratch60_ridge,10,20,0.9600758083179264,0.3040198299405161,5.0555556593749245
gasoline-octane,simclr_scratch60_ridge,10,21,0.9220173618519892,0.4128016998744681,3.6173289201446495
gasoline-octane,simclr_scratch60_ridge,10,22,0.9174010039360392,0.4362484526908322,3.514791583394115
gasoline-octane,simclr_scratch60_ridge,10,23,0.9247731822611766,0.42631876659341,3.6829906546278273
gasoline-octane,simclr_scratch60_ridge,10,24,0.8582328113548173,0.5770986761185567,2.6828667224317124
gasoline-octane,simclr_scratch60_ridge,10,25,0.8888885043983794,0.5095131756010008,3.030452390350342
gasoline-octane,simclr_scratch60_ridge,10,26,0.9480586352272588,0.3474378077670447,4.4323115929009145
gasoline-octane,simclr_scratch60_ridge,10,27,0.8170433502344852,0.662079813363043,2.361635468191498
gasoline-octane,simclr_scratch60_ridge,10,28,0.9446875456363564,0.3471460872365003,4.295121931891924
gasoline-octane,simclr_scratch60_ridge,10,29,0.5336160897061518,0.936183904915032,1.4791600971446517
gasoline-octane,simclr_scratch60_ridge,20,0,0.957222851748466,0.3295855265141234,4.8965678609746925
gasoline-octane,simclr_scratch60_ridge,20,1,0.9550122444582272,0.3078272879461279,4.7747488068169455
gasoline-octane,simclr_scratch60_ridge,20,2,0.9584921179755836,0.3203482245370665,4.970869998217984
gasoline-octane,simclr_scratch60_ridge,20,3,0.9570228812430148,0.3252714881728533,4.885162829145496
gasoline-octane,simclr_scratch60_ridge,20,4,0.9016957723957044,0.4424954315491632,3.2300674739580333
gasoline-octane,simclr_scratch60_ridge,20,5,0.896038135167012,0.4859612229292492,3.1409473859507004
gasoline-octane,simclr_scratch60_ridge,20,6,0.9510302293853516,0.3569146233979238,4.576502008579066
gasoline-octane,simclr_scratch60_ridge,20,7,0.9493858752422516,0.349739632961953,4.501547389979766
gasoline-octane,simclr_scratch60_ridge,20,8,0.8801541727964337,0.5092539923660269,2.925406577147787
gasoline-octane,simclr_scratch60_ridge,20,9,0.9584144984534788,0.2695603859873693,4.966228756090581
gasoline-octane,simclr_scratch60_ridge,20,10,0.9641967687020644,0.3118325869331694,5.352252332041863
gasoline-octane,simclr_scratch60_ridge,20,11,0.9202489376324904,0.4594832562721658,3.5861582784192523
gasoline-octane,simclr_scratch60_ridge,20,12,0.9565266781245104,0.3271858947816021,4.8572032709239465
gasoline-octane,simclr_scratch60_ridge,20,13,0.9236984160258084,0.4094609932766074,3.666324620776819
gasoline-octane,simclr_scratch60_ridge,20,14,0.9636274742895976,0.293684470208381,5.3102010270977855
gasoline-octane,simclr_scratch60_ridge,20,15,0.9473389156271886,0.3410095644394032,4.413191706145311
gasoline-octane,simclr_scratch60_ridge,20,16,0.8939140665068205,0.4629872970355868,3.109344132186102
gasoline-octane,simclr_scratch60_ridge,20,17,0.9517464923355264,0.3345590248846709,4.610343112242352
gasoline-octane,simclr_scratch60_ridge,20,18,0.9552749891539488,0.3228222993415876,4.788753306635163
gasoline-octane,simclr_scratch60_ridge,20,19,0.9520511383533709,0.3298013355361513,4.624965970334523
gasoline-octane,simclr_scratch60_ridge,20,20,0.8085497998862992,0.626015868300722,2.3145671224132265
gasoline-octane,simclr_scratch60_ridge,20,21,0.9604861494896078,0.2942759042412578,5.094751618025993
gasoline-octane,simclr_scratch60_ridge,20,22,0.9396170669079962,0.3646483344633633,4.121360359998742
gasoline-octane,simclr_scratch60_ridge,20,23,0.962201359561745,0.3039381527905027,5.209062911305282
gasoline-octane,simclr_scratch60_ridge,20,24,0.9644724222844948,0.2791892141870374,5.372975906224264
gasoline-octane,simclr_scratch60_ridge,20,25,0.9629026280182366,0.2790103015599182,5.258067048649773
gasoline-octane,simclr_scratch60_ridge,20,26,0.9513968594604416,0.3400751343033947,4.593730637463179
gasoline-octane,simclr_scratch60_ridge,20,27,0.934217326535213,0.3752606533389296,3.948589009280942
gasoline-octane,simclr_scratch60_ridge,20,28,0.9686758888084436,0.2714985413600907,5.722137819188666
gasoline-octane,simclr_scratch60_ridge,20,29,0.9326364512669026,0.3681844294397347,3.9019815649000207
