task,mid,shot,rep,r2
diesel-BP50,anil__mae__diesel,5,0,0.644612330122696
diesel-BP50,anil__mae__diesel,5,1,-0.0230492159215118
diesel-BP50,anil__mae__diesel,5,2,0.4387441748347532
diesel-BP50,anil__mae__diesel,5,3,0.0601947174369684
diesel-BP50,anil__mae__diesel,5,4,-0.5528228662071282
diesel-BP50,anil__mae__diesel,5,5,0.5353947641265433
diesel-BP50,anil__mae__diesel,5,6,0.2709554582116301
diesel-BP50,anil__mae__diesel,5,7,0.5383648320888899
diesel-BP50,anil__mae__diesel,5,8,0.4599458720153278
diesel-BP50,anil__mae__diesel,5,9,-0.5045773900128294
diesel-BP50,anil__mae__diesel,10,0,-0.2298308178376629
diesel-BP50,anil__mae__diesel,10,1,0.6526499805393242
diesel-BP50,anil__mae__diesel,10,2,0.5713678008738041
diesel-BP50,anil__mae__diesel,10,3,0.5120049967722018
diesel-BP50,anil__mae__diesel,10,4,-0.0921281092370345
diesel-BP50,anil__mae__diesel,10,5,0.7148932168899216
diesel-BP50,anil__mae__diesel,10,6,0.2965375500075676
diesel-BP50,anil__mae__diesel,10,7,0.6961393314093953
diesel-BP50,anil__mae__diesel,10,8,0.7284859132216414
diesel-BP50,anil__mae__diesel,10,9,0.5840130768527491
diesel-BP50,anil__mae__diesel,20,0,0.6284737050785053
diesel-BP50,anil__mae__diesel,20,1,0.6963963592907103
diesel-BP50,anil__mae__diesel,20,2,0.7496975658098863
diesel-BP50,anil__mae__diesel,20,3,0.7163889099450647
diesel-BP50,anil__mae__diesel,20,4,0.7379111706853251
diesel-BP50,anil__mae__diesel,20,5,0.702655273748831
diesel-BP50,anil__mae__diesel,20,6,0.6730257794301582
diesel-BP50,anil__mae__diesel,20,7,0.5472397904949299
diesel-BP50,anil__mae__diesel,20,8,0.6826949354459899
diesel-BP50,anil__mae__diesel,20,9,0.6777623685518286
diesel-CN,anil__mae__diesel,5,0,0.1052156045886847
diesel-CN,anil__mae__diesel,5,1,-0.4830560642231518
diesel-CN,anil__mae__diesel,5,2,-0.2612120735091101
diesel-CN,anil__mae__diesel,5,3,-1.7942912686158747
diesel-CN,anil__mae__diesel,5,4,0.0724447637748946
diesel-CN,anil__mae__diesel,5,5,-0.0573660052462299
diesel-CN,anil__mae__diesel,5,6,-1.6857597548659142
diesel-CN,anil__mae__diesel,5,7,-0.1120261120853947
diesel-CN,anil__mae__diesel,5,8,-2.4977129608024256
diesel-CN,anil__mae__diesel,5,9,0.2332266036652993
diesel-CN,anil__mae__diesel,10,0,-0.2623217534245978
diesel-CN,anil__mae__diesel,10,1,-0.0779144741167179
diesel-CN,anil__mae__diesel,10,2,0.4278474334196085
diesel-CN,anil__mae__diesel,10,3,0.2246077428279265
diesel-CN,anil__mae__diesel,10,4,0.024715286625854
diesel-CN,anil__mae__diesel,10,5,0.0303736474262951
diesel-CN,anil__mae__diesel,10,6,0.216587487794135
diesel-CN,anil__mae__diesel,10,7,0.2976190846886251
diesel-CN,anil__mae__diesel,10,8,0.1979253462560157
diesel-CN,anil__mae__diesel,10,9,0.3317071231889384
diesel-CN,anil__mae__diesel,20,0,-0.0584063312986187
diesel-CN,anil__mae__diesel,20,1,0.3024399347851022
diesel-CN,anil__mae__diesel,20,2,0.4615376016240167
diesel-CN,anil__mae__diesel,20,3,0.3509301345625897
diesel-CN,anil__mae__diesel,20,4,-0.2185719020633378
diesel-CN,anil__mae__diesel,20,5,0.3559081987807223
diesel-CN,anil__mae__diesel,20,6,0.2338557607379717
diesel-CN,anil__mae__diesel,20,7,0.1464088066327393
diesel-CN,anil__mae__diesel,20,8,0.487875560052296
diesel-CN,anil__mae__diesel,20,9,0.3108526938486976
diesel-D4052,anil__mae__diesel,5,0,0.7339034051154603
diesel-D4052,anil__mae__diesel,5,1,0.5799424850495598
diesel-D4052,anil__mae__diesel,5,2,0.1712375593588944
diesel-D4052,anil__mae__diesel,5,3,0.3554613799626516
diesel-D4052,anil__mae__diesel,5,4,-0.7822525461700511
diesel-D4052,anil__mae__diesel,5,5,0.7142160581344456
diesel-D4052,anil__mae__diesel,5,6,0.6886436598579178
diesel-D4052,anil__mae__diesel,5,7,0.171060274250358
diesel-D4052,anil__mae__diesel,5,8,0.6256226929885387
diesel-D4052,anil__mae__diesel,5,9,0.6207006542873181
diesel-D4052,anil__mae__diesel,10,0,0.7025069900220176
diesel-D4052,anil__mae__diesel,10,1,0.6746819129300947
diesel-D4052,anil__mae__diesel,10,2,0.6494658591256796
diesel-D4052,anil__mae__diesel,10,3,0.7968818591633141
diesel-D4052,anil__mae__diesel,10,4,0.7324054212013856
diesel-D4052,anil__mae__diesel,10,5,0.8284985500779614
diesel-D4052,anil__mae__diesel,10,6,0.8142498601273667
diesel-D4052,anil__mae__diesel,10,7,0.8020306875694805
diesel-D4052,anil__mae__diesel,10,8,0.7317269919690199
diesel-D4052,anil__mae__diesel,10,9,0.4904060278462939
diesel-D4052,anil__mae__diesel,20,0,0.8398621891528639
diesel-D4052,anil__mae__diesel,20,1,0.8288255112469536
diesel-D4052,anil__mae__diesel,20,2,0.8167101829769459
diesel-D4052,anil__mae__diesel,20,3,0.8591249902364109
diesel-D4052,anil__mae__diesel,20,4,0.7881098281654593
diesel-D4052,anil__mae__diesel,20,5,0.8318599185132083
diesel-D4052,anil__mae__diesel,20,6,0.7780885552660126
diesel-D4052,anil__mae__diesel,20,7,0.8383401061918787
diesel-D4052,anil__mae__diesel,20,8,0.5970248203760959
diesel-D4052,anil__mae__diesel,20,9,0.8051094007655861
diesel-FLASH,anil__mae__diesel,5,0,-2.466712038813949
diesel-FLASH,anil__mae__diesel,5,1,-0.5511353913605193
diesel-FLASH,anil__mae__diesel,5,2,0.0873581360967172
diesel-FLASH,anil__mae__diesel,5,3,-0.2279889822234222
diesel-FLASH,anil__mae__diesel,5,4,-5.368766307109166
diesel-FLASH,anil__mae__diesel,5,5,-1.011701770430387
diesel-FLASH,anil__mae__diesel,5,6,-0.0638997135762573
diesel-FLASH,anil__mae__diesel,5,7,-3.8352769134673528
diesel-FLASH,anil__mae__diesel,5,8,-0.936286616268524
diesel-FLASH,anil__mae__diesel,5,9,-0.5908742636067137
diesel-FLASH,anil__mae__diesel,10,0,0.1560270865753201
diesel-FLASH,anil__mae__diesel,10,1,-0.1941971628473475
diesel-FLASH,anil__mae__diesel,10,2,-0.6249140450909896
diesel-FLASH,anil__mae__diesel,10,3,-0.4163376691154292
diesel-FLASH,anil__mae__diesel,10,4,0.1936060690633898
diesel-FLASH,anil__mae__diesel,10,5,-0.1171874075228109
diesel-FLASH,anil__mae__diesel,10,6,0.055154301394642
diesel-FLASH,anil__mae__diesel,10,7,-0.355329124905839
diesel-FLASH,anil__mae__diesel,10,8,-0.7606952343521693
diesel-FLASH,anil__mae__diesel,10,9,-0.7533964815309386
diesel-FLASH,anil__mae__diesel,20,0,0.3241089185266176
diesel-FLASH,anil__mae__diesel,20,1,0.3623625897156194
diesel-FLASH,anil__mae__diesel,20,2,0.1539756004263055
diesel-FLASH,anil__mae__diesel,20,3,0.1739628479686042
diesel-FLASH,anil__mae__diesel,20,4,0.2736429822955797
diesel-FLASH,anil__mae__diesel,20,5,0.2261037601430905
diesel-FLASH,anil__mae__diesel,20,6,0.1613690332371491
diesel-FLASH,anil__mae__diesel,20,7,0.1453244773502988
diesel-FLASH,anil__mae__diesel,20,8,0.3696811086745736
diesel-FLASH,anil__mae__diesel,20,9,0.0431721703731029
diesel-FREEZE,anil__mae__diesel,5,0,-0.1202744307559513
diesel-FREEZE,anil__mae__diesel,5,1,-0.3661396353261201
diesel-FREEZE,anil__mae__diesel,5,2,-0.308480012080885
diesel-FREEZE,anil__mae__diesel,5,3,0.1793981160835611
diesel-FREEZE,anil__mae__diesel,5,4,0.3677370485111074
diesel-FREEZE,anil__mae__diesel,5,5,0.0769560484033697
diesel-FREEZE,anil__mae__diesel,5,6,0.3548909300674264
diesel-FREEZE,anil__mae__diesel,5,7,-0.4243001455471695
diesel-FREEZE,anil__mae__diesel,5,8,0.3080797374676088
diesel-FREEZE,anil__mae__diesel,5,9,-0.2862119233141105
diesel-FREEZE,anil__mae__diesel,10,0,0.6155540932927739
diesel-FREEZE,anil__mae__diesel,10,1,0.5410353399535475
diesel-FREEZE,anil__mae__diesel,10,2,0.2861835603570468
diesel-FREEZE,anil__mae__diesel,10,3,0.5447152031879003
diesel-FREEZE,anil__mae__diesel,10,4,0.2605568722021636
diesel-FREEZE,anil__mae__diesel,10,5,0.1447700100334412
diesel-FREEZE,anil__mae__diesel,10,6,0.1272284564600283
diesel-FREEZE,anil__mae__diesel,10,7,0.4769904594632397
diesel-FREEZE,anil__mae__diesel,10,8,0.6418427756460527
diesel-FREEZE,anil__mae__diesel,10,9,0.7016721334778074
diesel-FREEZE,anil__mae__diesel,20,0,0.5937860349374506
diesel-FREEZE,anil__mae__diesel,20,1,0.7327984851790567
diesel-FREEZE,anil__mae__diesel,20,2,0.2299795062376287
diesel-FREEZE,anil__mae__diesel,20,3,0.6503159090642955
diesel-FREEZE,anil__mae__diesel,20,4,0.6034160205161717
diesel-FREEZE,anil__mae__diesel,20,5,0.6380485309537451
diesel-FREEZE,anil__mae__diesel,20,6,0.5274284813953787
diesel-FREEZE,anil__mae__diesel,20,7,0.67498775794904
diesel-FREEZE,anil__mae__diesel,20,8,0.4309146372801974
diesel-FREEZE,anil__mae__diesel,20,9,0.6345480529049041
diesel-TOTAL,anil__mae__diesel,5,0,-0.0569461961928512
diesel-TOTAL,anil__mae__diesel,5,1,0.370965713243897
diesel-TOTAL,anil__mae__diesel,5,2,0.5168781495215711
diesel-TOTAL,anil__mae__diesel,5,3,0.4965131498769963
diesel-TOTAL,anil__mae__diesel,5,4,-0.0816082753214517
diesel-TOTAL,anil__mae__diesel,5,5,0.6210137338464022
diesel-TOTAL,anil__mae__diesel,5,6,0.3138990055733396
diesel-TOTAL,anil__mae__diesel,5,7,0.2812232822904386
diesel-TOTAL,anil__mae__diesel,5,8,0.39873218873911
diesel-TOTAL,anil__mae__diesel,5,9,0.5797560717519652
diesel-TOTAL,anil__mae__diesel,10,0,0.6710968292927102
diesel-TOTAL,anil__mae__diesel,10,1,0.6680267522879829
diesel-TOTAL,anil__mae__diesel,10,2,0.7326166360813553
diesel-TOTAL,anil__mae__diesel,10,3,0.7848532889306444
diesel-TOTAL,anil__mae__diesel,10,4,0.7073503638188265
diesel-TOTAL,anil__mae__diesel,10,5,0.7698551062060955
diesel-TOTAL,anil__mae__diesel,10,6,0.8198582776304382
diesel-TOTAL,anil__mae__diesel,10,7,0.5087089185327399
diesel-TOTAL,anil__mae__diesel,10,8,0.8546389823222701
diesel-TOTAL,anil__mae__diesel,10,9,0.2584175823581123
diesel-TOTAL,anil__mae__diesel,20,0,0.8352075572722824
diesel-TOTAL,anil__mae__diesel,20,1,0.8705447800462036
diesel-TOTAL,anil__mae__diesel,20,2,0.8644746167283548
diesel-TOTAL,anil__mae__diesel,20,3,0.8326920571045195
diesel-TOTAL,anil__mae__diesel,20,4,0.6984428851923565
diesel-TOTAL,anil__mae__diesel,20,5,0.7921034631590843
diesel-TOTAL,anil__mae__diesel,20,6,0.8628630238560038
diesel-TOTAL,anil__mae__diesel,20,7,0.8702820372769022
diesel-TOTAL,anil__mae__diesel,20,8,0.8625503969851818
diesel-TOTAL,anil__mae__diesel,20,9,0.7949947738693802
diesel-VISC,anil__mae__diesel,5,0,-0.7877646408232797
diesel-VISC,anil__mae__diesel,5,1,-0.4876427513097663
diesel-VISC,anil__mae__diesel,5,2,-2.0867334932770967
diesel-VISC,anil__mae__diesel,5,3,0.3999706375589105
diesel-VISC,anil__mae__diesel,5,4,0.6777609255500985
diesel-VISC,anil__mae__diesel,5,5,0.5337162439212269
diesel-VISC,anil__mae__diesel,5,6,0.6764767956206521
diesel-VISC,anil__mae__diesel,5,7,0.0009115422350062
diesel-VISC,anil__mae__diesel,5,8,0.5956883162239515
diesel-VISC,anil__mae__diesel,5,9,0.2006308912577307
diesel-VISC,anil__mae__diesel,10,0,0.5672582561345798
diesel-VISC,anil__mae__diesel,10,1,0.4014413813528942
diesel-VISC,anil__mae__diesel,10,2,0.4685382818121448
diesel-VISC,anil__mae__diesel,10,3,0.3890298210083198
diesel-VISC,anil__mae__diesel,10,4,0.6156422867673842
diesel-VISC,anil__mae__diesel,10,5,0.475361969290199
diesel-VISC,anil__mae__diesel,10,6,0.5320138624739142
diesel-VISC,anil__mae__diesel,10,7,0.2746431183254184
diesel-VISC,anil__mae__diesel,10,8,0.7159428344648049
diesel-VISC,anil__mae__diesel,10,9,0.6500652035975383
diesel-VISC,anil__mae__diesel,20,0,0.7498397293113828
diesel-VISC,anil__mae__diesel,20,1,0.7122837055536113
diesel-VISC,anil__mae__diesel,20,2,0.5954637855273703
diesel-VISC,anil__mae__diesel,20,3,0.7236759897996821
diesel-VISC,anil__mae__diesel,20,4,0.7022142092424335
diesel-VISC,anil__mae__diesel,20,5,0.6981031961431841
diesel-VISC,anil__mae__diesel,20,6,0.5349268288221296
diesel-VISC,anil__mae__diesel,20,7,0.5458037629553123
diesel-VISC,anil__mae__diesel,20,8,0.6182395031487751
diesel-VISC,anil__mae__diesel,20,9,0.5763384882524425
gasoline-octane,anil__mae__diesel,5,0,0.1303767685395644
gasoline-octane,anil__mae__diesel,5,1,-0.1658741686430356
gasoline-octane,anil__mae__diesel,5,2,-0.0054411473114337
gasoline-octane,anil__mae__diesel,5,3,0.4517028163277545
gasoline-octane,anil__mae__diesel,5,4,0.407562299153073
gasoline-octane,anil__mae__diesel,5,5,-0.893814097184249
gasoline-octane,anil__mae__diesel,5,6,-1.1360092565372804
gasoline-octane,anil__mae__diesel,5,7,-0.2253996303862988
gasoline-octane,anil__mae__diesel,5,8,-0.6367438976495985
gasoline-octane,anil__mae__diesel,5,9,0.1576627010157857
gasoline-octane,anil__mae__diesel,10,0,0.3088202842618913
gasoline-octane,anil__mae__diesel,10,1,0.0056046481539898
gasoline-octane,anil__mae__diesel,10,2,0.1540021339960915
gasoline-octane,anil__mae__diesel,10,3,0.2540029058523636
gasoline-octane,anil__mae__diesel,10,4,0.494699930801378
gasoline-octane,anil__mae__diesel,10,5,-0.1408680338656518
gasoline-octane,anil__mae__diesel,10,6,0.326767318972658
gasoline-octane,anil__mae__diesel,10,7,0.3241219449116987
gasoline-octane,anil__mae__diesel,10,8,0.0983328628897621
gasoline-octane,anil__mae__diesel,10,9,0.3809484131782468
gasoline-octane,anil__mae__diesel,20,0,0.3982821283564894
gasoline-octane,anil__mae__diesel,20,1,0.3472847489895951
gasoline-octane,anil__mae__diesel,20,2,0.3833749053441233
gasoline-octane,anil__mae__diesel,20,3,0.4968128197839756
gasoline-octane,anil__mae__diesel,20,4,0.5379717610797208
gasoline-octane,anil__mae__diesel,20,5,0.3386415195730384
gasoline-octane,anil__mae__diesel,20,6,0.5298167744186626
gasoline-octane,anil__mae__diesel,20,7,0.5008316055476565
gasoline-octane,anil__mae__diesel,20,8,0.4700222028505847
gasoline-octane,anil__mae__diesel,20,9,0.5723415959836549
corn_m5-moisture,anil__mae__multi,5,0,0.1100225942928903
corn_m5-moisture,anil__mae__multi,5,1,-1.3512421717529928
corn_m5-moisture,anil__mae__multi,5,2,0.1473585224574992
corn_m5-moisture,anil__mae__multi,5,3,-1.3441010421929356
corn_m5-moisture,anil__mae__multi,5,4,-0.1800315075848091
corn_m5-moisture,anil__mae__multi,5,5,-0.1478768501372214
corn_m5-moisture,anil__mae__multi,5,6,-0.9909740846771032
corn_m5-moisture,anil__mae__multi,5,7,-1.8958569986790692
corn_m5-moisture,anil__mae__multi,5,8,0.0127230923111786
corn_m5-moisture,anil__mae__multi,5,9,-2.376041450092916
corn_m5-moisture,anil__mae__multi,10,0,-1.5425585906287171
corn_m5-moisture,anil__mae__multi,10,1,-0.0915573394170734
corn_m5-moisture,anil__mae__multi,10,2,0.4969294033797307
corn_m5-moisture,anil__mae__multi,10,3,0.3577837147346538
corn_m5-moisture,anil__mae__multi,10,4,0.0961406831570507
corn_m5-moisture,anil__mae__multi,10,5,-0.7728187372691104
corn_m5-moisture,anil__mae__multi,10,6,0.1144616296195839
corn_m5-moisture,anil__mae__multi,10,7,0.0534635826696143
corn_m5-moisture,anil__mae__multi,10,8,-0.1351639792963108
corn_m5-moisture,anil__mae__multi,10,9,0.095982593596256
corn_m5-moisture,anil__mae__multi,20,0,0.4622149048132706
corn_m5-moisture,anil__mae__multi,20,1,0.1082044992441525
corn_m5-moisture,anil__mae__multi,20,2,0.2900736339886427
corn_m5-moisture,anil__mae__multi,20,3,0.4030616001573922
corn_m5-moisture,anil__mae__multi,20,4,0.4985817971829184
corn_m5-moisture,anil__mae__multi,20,5,0.5860722661681199
corn_m5-moisture,anil__mae__multi,20,6,0.3956821358197953
corn_m5-moisture,anil__mae__multi,20,7,0.4343383103297237
corn_m5-moisture,anil__mae__multi,20,8,0.2281046847060299
corn_m5-moisture,anil__mae__multi,20,9,0.234017423513008
corn_m5-oil,anil__mae__multi,5,0,-1.566403382658966
corn_m5-oil,anil__mae__multi,5,1,-2.054095364684416
corn_m5-oil,anil__mae__multi,5,2,-0.1684654874256903
corn_m5-oil,anil__mae__multi,5,3,-0.9000699764733562
corn_m5-oil,anil__mae__multi,5,4,-0.87117784141774
corn_m5-oil,anil__mae__multi,5,5,-0.6724594046073737
corn_m5-oil,anil__mae__multi,5,6,-1.1250695290602928
corn_m5-oil,anil__mae__multi,5,7,-1.1012669719156165
corn_m5-oil,anil__mae__multi,5,8,-2.8340458433526217
corn_m5-oil,anil__mae__multi,5,9,-1.6439151200307922
corn_m5-oil,anil__mae__multi,10,0,-0.0047743601184397
corn_m5-oil,anil__mae__multi,10,1,0.2317468347555796
corn_m5-oil,anil__mae__multi,10,2,-0.4075697453419638
corn_m5-oil,anil__mae__multi,10,3,0.3394289012864167
corn_m5-oil,anil__mae__multi,10,4,-1.0683924854932898
corn_m5-oil,anil__mae__multi,10,5,0.3619648200399911
corn_m5-oil,anil__mae__multi,10,6,-0.2059719414971634
corn_m5-oil,anil__mae__multi,10,7,0.4277762447981733
corn_m5-oil,anil__mae__multi,10,8,0.1362766225087659
corn_m5-oil,anil__mae__multi,10,9,-0.4233416542751185
corn_m5-oil,anil__mae__multi,20,0,-0.0381552091699575
corn_m5-oil,anil__mae__multi,20,1,0.5341599942750694
corn_m5-oil,anil__mae__multi,20,2,0.0992309568977427
corn_m5-oil,anil__mae__multi,20,3,0.3436806158490372
corn_m5-oil,anil__mae__multi,20,4,0.4827498288346408
corn_m5-oil,anil__mae__multi,20,5,0.4035439675903031
corn_m5-oil,anil__mae__multi,20,6,0.1350387714512688
corn_m5-oil,anil__mae__multi,20,7,0.528203366774323
corn_m5-oil,anil__mae__multi,20,8,0.2983100986821169
corn_m5-oil,anil__mae__multi,20,9,0.0795035824000459
corn_m5-protein,anil__mae__multi,5,0,-0.1597319724467636
corn_m5-protein,anil__mae__multi,5,1,-0.4298641709857562
corn_m5-protein,anil__mae__multi,5,2,-0.0160843231332887
corn_m5-protein,anil__mae__multi,5,3,0.2496959348095546
corn_m5-protein,anil__mae__multi,5,4,0.1719961476257088
corn_m5-protein,anil__mae__multi,5,5,0.2003343605739159
corn_m5-protein,anil__mae__multi,5,6,0.1613884787769814
corn_m5-protein,anil__mae__multi,5,7,-0.3895061042384153
corn_m5-protein,anil__mae__multi,5,8,-0.6010988099657779
corn_m5-protein,anil__mae__multi,5,9,-0.7782211409090649
corn_m5-protein,anil__mae__multi,10,0,0.4904449162028094
corn_m5-protein,anil__mae__multi,10,1,0.3976472239215033
corn_m5-protein,anil__mae__multi,10,2,0.345642303521083
corn_m5-protein,anil__mae__multi,10,3,0.3280690433259868
corn_m5-protein,anil__mae__multi,10,4,-0.958282941773674
corn_m5-protein,anil__mae__multi,10,5,0.6241614720695012
corn_m5-protein,anil__mae__multi,10,6,0.2840924684102087
corn_m5-protein,anil__mae__multi,10,7,0.2446812960193388
corn_m5-protein,anil__mae__multi,10,8,0.5246119195223291
corn_m5-protein,anil__mae__multi,10,9,0.1846650011988532
corn_m5-protein,anil__mae__multi,20,0,0.6895200878850565
corn_m5-protein,anil__mae__multi,20,1,0.6774767751368493
corn_m5-protein,anil__mae__multi,20,2,0.6687754376495527
corn_m5-protein,anil__mae__multi,20,3,0.5269752908278464
corn_m5-protein,anil__mae__multi,20,4,0.5355792591060202
corn_m5-protein,anil__mae__multi,20,5,0.6159079261630014
corn_m5-protein,anil__mae__multi,20,6,0.622041075955731
corn_m5-protein,anil__mae__multi,20,7,0.6152543922092821
corn_m5-protein,anil__mae__multi,20,8,0.536559200791733
corn_m5-protein,anil__mae__multi,20,9,0.5455651391792788
corn_m5-starch,anil__mae__multi,5,0,-0.301013258226545
corn_m5-starch,anil__mae__multi,5,1,-1.1844388120456206
corn_m5-starch,anil__mae__multi,5,2,-0.5611239677558322
corn_m5-starch,anil__mae__multi,5,3,0.1294066378371601
corn_m5-starch,anil__mae__multi,5,4,-0.9438658252111978
corn_m5-starch,anil__mae__multi,5,5,-0.331191502724576
corn_m5-starch,anil__mae__multi,5,6,-0.1687068437210004
corn_m5-starch,anil__mae__multi,5,7,-0.4651313264649734
corn_m5-starch,anil__mae__multi,5,8,-0.6309653069436714
corn_m5-starch,anil__mae__multi,5,9,-2.172405701122795
corn_m5-starch,anil__mae__multi,10,0,-0.2389558532214872
corn_m5-starch,anil__mae__multi,10,1,-0.0338108204044538
corn_m5-starch,anil__mae__multi,10,2,0.2223774115059896
corn_m5-starch,anil__mae__multi,10,3,-0.2586077554636197
corn_m5-starch,anil__mae__multi,10,4,0.1699701957126949
corn_m5-starch,anil__mae__multi,10,5,0.3204921409244814
corn_m5-starch,anil__mae__multi,10,6,-0.2858233518148187
corn_m5-starch,anil__mae__multi,10,7,0.0822854450035274
corn_m5-starch,anil__mae__multi,10,8,0.22762370349201
corn_m5-starch,anil__mae__multi,10,9,-0.1058628279747555
corn_m5-starch,anil__mae__multi,20,0,-0.479440805952273
corn_m5-starch,anil__mae__multi,20,1,0.4321594898842484
corn_m5-starch,anil__mae__multi,20,2,-0.0082881184184799
corn_m5-starch,anil__mae__multi,20,3,0.2402996127778871
corn_m5-starch,anil__mae__multi,20,4,0.2623962640626514
corn_m5-starch,anil__mae__multi,20,5,0.1606501680934352
corn_m5-starch,anil__mae__multi,20,6,0.3676531994599845
corn_m5-starch,anil__mae__multi,20,7,0.1928452790167684
corn_m5-starch,anil__mae__multi,20,8,0.156225884650677
corn_m5-starch,anil__mae__multi,20,9,0.2691667306528523
diesel-BP50,anil__mae__multi,5,0,-0.1249507119937634
diesel-BP50,anil__mae__multi,5,1,-0.1295528074130445
diesel-BP50,anil__mae__multi,5,2,0.3273427908986611
diesel-BP50,anil__mae__multi,5,3,-0.3435479671107391
diesel-BP50,anil__mae__multi,5,4,-0.9291198110488086
diesel-BP50,anil__mae__multi,5,5,-0.0097126137235321
diesel-BP50,anil__mae__multi,5,6,0.2052851833730572
diesel-BP50,anil__mae__multi,5,7,0.0699492661373042
diesel-BP50,anil__mae__multi,5,8,-2.257865393068032
diesel-BP50,anil__mae__multi,5,9,-0.5842915357458571
diesel-BP50,anil__mae__multi,10,0,-0.4024358649140174
diesel-BP50,anil__mae__multi,10,1,0.2682616095955624
diesel-BP50,anil__mae__multi,10,2,0.3633079010400954
diesel-BP50,anil__mae__multi,10,3,0.6645016630981067
diesel-BP50,anil__mae__multi,10,4,-0.2124304751233623
diesel-BP50,anil__mae__multi,10,5,0.4471633721977446
diesel-BP50,anil__mae__multi,10,6,0.2877471018666252
diesel-BP50,anil__mae__multi,10,7,0.5329942543505672
diesel-BP50,anil__mae__multi,10,8,0.392582955099829
diesel-BP50,anil__mae__multi,10,9,0.2097210989485355
diesel-BP50,anil__mae__multi,20,0,0.3080603900718871
diesel-BP50,anil__mae__multi,20,1,0.6174632665533217
diesel-BP50,anil__mae__multi,20,2,0.6112063814509486
diesel-BP50,anil__mae__multi,20,3,0.5227322830515304
diesel-BP50,anil__mae__multi,20,4,0.6740265969447415
diesel-BP50,anil__mae__multi,20,5,0.3852942343375568
diesel-BP50,anil__mae__multi,20,6,0.6494080273509533
diesel-BP50,anil__mae__multi,20,7,0.6321217332657059
diesel-BP50,anil__mae__multi,20,8,0.470543368440467
diesel-BP50,anil__mae__multi,20,9,0.5206301614660517
diesel-CN,anil__mae__multi,5,0,0.1351714170044722
diesel-CN,anil__mae__multi,5,1,0.2736226497050332
diesel-CN,anil__mae__multi,5,2,-1.3132091063669389
diesel-CN,anil__mae__multi,5,3,-2.085076752243332
diesel-CN,anil__mae__multi,5,4,-0.0804171107740792
diesel-CN,anil__mae__multi,5,5,-1.4580637625220811
diesel-CN,anil__mae__multi,5,6,-1.0576027359186213
diesel-CN,anil__mae__multi,5,7,-0.6907052606042994
diesel-CN,anil__mae__multi,5,8,-3.5391632924056147
diesel-CN,anil__mae__multi,5,9,0.0358662930299803
diesel-CN,anil__mae__multi,10,0,-0.1334132699010624
diesel-CN,anil__mae__multi,10,1,-0.882732304136634
diesel-CN,anil__mae__multi,10,2,-0.228489577009668
diesel-CN,anil__mae__multi,10,3,0.1668241187867871
diesel-CN,anil__mae__multi,10,4,0.202651628361928
diesel-CN,anil__mae__multi,10,5,0.0897117290543833
diesel-CN,anil__mae__multi,10,6,-0.0890906970909004
diesel-CN,anil__mae__multi,10,7,0.1080733613917148
diesel-CN,anil__mae__multi,10,8,0.0060321348183095
diesel-CN,anil__mae__multi,10,9,0.0487713676018163
diesel-CN,anil__mae__multi,20,0,-0.4123056827171885
diesel-CN,anil__mae__multi,20,1,0.1253197338062089
diesel-CN,anil__mae__multi,20,2,0.4543516218599867
diesel-CN,anil__mae__multi,20,3,0.3791110461962075
diesel-CN,anil__mae__multi,20,4,0.1308716361730195
diesel-CN,anil__mae__multi,20,5,0.344584280763104
diesel-CN,anil__mae__multi,20,6,0.2283364017214608
diesel-CN,anil__mae__multi,20,7,0.3071902420936691
diesel-CN,anil__mae__multi,20,8,0.4931069569325547
diesel-CN,anil__mae__multi,20,9,0.3459732861528806
diesel-D4052,anil__mae__multi,5,0,0.6184014737557042
diesel-D4052,anil__mae__multi,5,1,-0.049416675951603
diesel-D4052,anil__mae__multi,5,2,-0.0227967523032537
diesel-D4052,anil__mae__multi,5,3,0.5496381054013255
diesel-D4052,anil__mae__multi,5,4,0.4420414654922426
diesel-D4052,anil__mae__multi,5,5,0.4009629059830489
diesel-D4052,anil__mae__multi,5,6,-0.056332624488951
diesel-D4052,anil__mae__multi,5,7,-0.2675125663670372
diesel-D4052,anil__mae__multi,5,8,0.2469456607235618
diesel-D4052,anil__mae__multi,5,9,0.5116382524965586
diesel-D4052,anil__mae__multi,10,0,-0.9156815161173112
diesel-D4052,anil__mae__multi,10,1,0.7160565138348796
diesel-D4052,anil__mae__multi,10,2,0.6637168574291028
diesel-D4052,anil__mae__multi,10,3,0.8688234421457451
diesel-D4052,anil__mae__multi,10,4,0.5223615412057212
diesel-D4052,anil__mae__multi,10,5,0.7022083722600053
diesel-D4052,anil__mae__multi,10,6,0.8221671475534756
diesel-D4052,anil__mae__multi,10,7,0.7047978739615928
diesel-D4052,anil__mae__multi,10,8,0.8234776261222936
diesel-D4052,anil__mae__multi,10,9,-0.1781811432148625
diesel-D4052,anil__mae__multi,20,0,0.8674869292576719
diesel-D4052,anil__mae__multi,20,1,0.8423211766246981
diesel-D4052,anil__mae__multi,20,2,0.8657752008715983
diesel-D4052,anil__mae__multi,20,3,0.7858381833483397
diesel-D4052,anil__mae__multi,20,4,0.7308465001588842
diesel-D4052,anil__mae__multi,20,5,0.8118049925454425
diesel-D4052,anil__mae__multi,20,6,0.8193609948523858
diesel-D4052,anil__mae__multi,20,7,0.8086093162772587
diesel-D4052,anil__mae__multi,20,8,0.7302598515240625
diesel-D4052,anil__mae__multi,20,9,0.8141297163912317
diesel-FLASH,anil__mae__multi,5,0,-0.8972934143022313
diesel-FLASH,anil__mae__multi,5,1,-0.8377732875696107
diesel-FLASH,anil__mae__multi,5,2,-0.1659748152134281
diesel-FLASH,anil__mae__multi,5,3,-0.2363325907140001
diesel-FLASH,anil__mae__multi,5,4,-1.6901340218818477
diesel-FLASH,anil__mae__multi,5,5,-4.7538336834212
diesel-FLASH,anil__mae__multi,5,6,-0.3114632870147378
diesel-FLASH,anil__mae__multi,5,7,-1.3817813976215017
diesel-FLASH,anil__mae__multi,5,8,-1.2878216161391878
diesel-FLASH,anil__mae__multi,5,9,-0.1473339103177711
diesel-FLASH,anil__mae__multi,10,0,-0.0675798728320014
diesel-FLASH,anil__mae__multi,10,1,-0.6321086635034412
diesel-FLASH,anil__mae__multi,10,2,-0.5163337171868512
diesel-FLASH,anil__mae__multi,10,3,-0.4121433986078855
diesel-FLASH,anil__mae__multi,10,4,0.0904301568594578
diesel-FLASH,anil__mae__multi,10,5,-0.2313338271422824
diesel-FLASH,anil__mae__multi,10,6,-0.0668875371164645
diesel-FLASH,anil__mae__multi,10,7,-0.9977664666921556
diesel-FLASH,anil__mae__multi,10,8,-0.421438013734623
diesel-FLASH,anil__mae__multi,10,9,-0.5701868295484451
diesel-FLASH,anil__mae__multi,20,0,0.0145862521025094
diesel-FLASH,anil__mae__multi,20,1,0.2540604806384041
diesel-FLASH,anil__mae__multi,20,2,0.1859731619698527
diesel-FLASH,anil__mae__multi,20,3,0.1691985243982852
diesel-FLASH,anil__mae__multi,20,4,-0.4761945785345134
diesel-FLASH,anil__mae__multi,20,5,0.1459996317227994
diesel-FLASH,anil__mae__multi,20,6,-0.0016068689842037
diesel-FLASH,anil__mae__multi,20,7,0.1627715465900397
diesel-FLASH,anil__mae__multi,20,8,0.3047929082486598
diesel-FLASH,anil__mae__multi,20,9,0.0030738655936092
diesel-FREEZE,anil__mae__multi,5,0,-0.2366553529052129
diesel-FREEZE,anil__mae__multi,5,1,-0.3651139799476046
diesel-FREEZE,anil__mae__multi,5,2,-0.1643786079965787
diesel-FREEZE,anil__mae__multi,5,3,0.2113469787940528
diesel-FREEZE,anil__mae__multi,5,4,0.1260524168981504
diesel-FREEZE,anil__mae__multi,5,5,-0.7401750874444699
diesel-FREEZE,anil__mae__multi,5,6,0.1694311732296984
diesel-FREEZE,anil__mae__multi,5,7,-0.160280269762858
diesel-FREEZE,anil__mae__multi,5,8,-0.0119020479843598
diesel-FREEZE,anil__mae__multi,5,9,0.0285275520099248
diesel-FREEZE,anil__mae__multi,10,0,0.2586209830034952
diesel-FREEZE,anil__mae__multi,10,1,0.2225950836891318
diesel-FREEZE,anil__mae__multi,10,2,0.4110141715376965
diesel-FREEZE,anil__mae__multi,10,3,0.0620657757737445
diesel-FREEZE,anil__mae__multi,10,4,-0.0720401813456914
diesel-FREEZE,anil__mae__multi,10,5,-0.121097998795995
diesel-FREEZE,anil__mae__multi,10,6,0.1772291958227551
diesel-FREEZE,anil__mae__multi,10,7,0.2702888642219995
diesel-FREEZE,anil__mae__multi,10,8,0.5702854560543811
diesel-FREEZE,anil__mae__multi,10,9,0.6044417284155865
diesel-FREEZE,anil__mae__multi,20,0,0.5273664498141346
diesel-FREEZE,anil__mae__multi,20,1,0.6908114337097514
diesel-FREEZE,anil__mae__multi,20,2,0.185267099987789
diesel-FREEZE,anil__mae__multi,20,3,0.4835474229086349
diesel-FREEZE,anil__mae__multi,20,4,0.5588317929171694
diesel-FREEZE,anil__mae__multi,20,5,0.5978548561971082
diesel-FREEZE,anil__mae__multi,20,6,0.462913037643781
diesel-FREEZE,anil__mae__multi,20,7,0.5090626379505458
diesel-FREEZE,anil__mae__multi,20,8,0.5042866491202318
diesel-FREEZE,anil__mae__multi,20,9,0.5606147772380343
diesel-TOTAL,anil__mae__multi,5,0,0.4871446219464567
diesel-TOTAL,anil__mae__multi,5,1,0.4871733917144657
diesel-TOTAL,anil__mae__multi,5,2,0.686177147161708
diesel-TOTAL,anil__mae__multi,5,3,0.543699374937651
diesel-TOTAL,anil__mae__multi,5,4,-0.8115514135015731
diesel-TOTAL,anil__mae__multi,5,5,0.7400825659365601
diesel-TOTAL,anil__mae__multi,5,6,0.5806120810803058
diesel-TOTAL,anil__mae__multi,5,7,-3.7519220688168087
diesel-TOTAL,anil__mae__multi,5,8,-1.5453889253619049
diesel-TOTAL,anil__mae__multi,5,9,0.3581789849121721
diesel-TOTAL,anil__mae__multi,10,0,0.835525528222307
diesel-TOTAL,anil__mae__multi,10,1,0.7317720075764449
diesel-TOTAL,anil__mae__multi,10,2,0.7116140463089458
diesel-TOTAL,anil__mae__multi,10,3,0.8235905403896325
diesel-TOTAL,anil__mae__multi,10,4,0.8339732434176117
diesel-TOTAL,anil__mae__multi,10,5,0.7878711137323222
diesel-TOTAL,anil__mae__multi,10,6,0.70910389028661
diesel-TOTAL,anil__mae__multi,10,7,0.7736296261466533
diesel-TOTAL,anil__mae__multi,10,8,0.8285425564500157
diesel-TOTAL,anil__mae__multi,10,9,0.7330901374210285
diesel-TOTAL,anil__mae__multi,20,0,0.8252090696065333
diesel-TOTAL,anil__mae__multi,20,1,0.8161079917480929
diesel-TOTAL,anil__mae__multi,20,2,0.8092329471542619
diesel-TOTAL,anil__mae__multi,20,3,0.8539387481209777
diesel-TOTAL,anil__mae__multi,20,4,0.8603534031550539
diesel-TOTAL,anil__mae__multi,20,5,0.8027620684242259
diesel-TOTAL,anil__mae__multi,20,6,0.861896818577469
diesel-TOTAL,anil__mae__multi,20,7,0.8888921417484165
diesel-TOTAL,anil__mae__multi,20,8,0.860668829332677
diesel-TOTAL,anil__mae__multi,20,9,0.846601086582126
diesel-VISC,anil__mae__multi,5,0,-1.8362064755707248
diesel-VISC,anil__mae__multi,5,1,-1.152795632922111
diesel-VISC,anil__mae__multi,5,2,-10.060588380732058
diesel-VISC,anil__mae__multi,5,3,-0.8546463666441506
diesel-VISC,anil__mae__multi,5,4,-0.0847798217072264
diesel-VISC,anil__mae__multi,5,5,-0.0979018501718131
diesel-VISC,anil__mae__multi,5,6,0.3305562747061729
diesel-VISC,anil__mae__multi,5,7,0.2718404649546161
diesel-VISC,anil__mae__multi,5,8,0.3674783995930636
diesel-VISC,anil__mae__multi,5,9,-0.5569525797207098
diesel-VISC,anil__mae__multi,10,0,0.6435508033447352
diesel-VISC,anil__mae__multi,10,1,0.5226585345146821
diesel-VISC,anil__mae__multi,10,2,0.4320154735555357
diesel-VISC,anil__mae__multi,10,3,-0.4348281666488838
diesel-VISC,anil__mae__multi,10,4,0.46767222236857
diesel-VISC,anil__mae__multi,10,5,0.5471201429577434
diesel-VISC,anil__mae__multi,10,6,0.4616427061392978
diesel-VISC,anil__mae__multi,10,7,-0.2862300299987956
diesel-VISC,anil__mae__multi,10,8,0.4135060022936339
diesel-VISC,anil__mae__multi,10,9,0.3537721506516051
diesel-VISC,anil__mae__multi,20,0,0.4093486750742757
diesel-VISC,anil__mae__multi,20,1,0.6482026261943765
diesel-VISC,anil__mae__multi,20,2,0.5532902956237407
diesel-VISC,anil__mae__multi,20,3,0.5281826191796135
diesel-VISC,anil__mae__multi,20,4,-0.046073554654785
diesel-VISC,anil__mae__multi,20,5,0.6430225832946586
diesel-VISC,anil__mae__multi,20,6,0.5995494094940199
diesel-VISC,anil__mae__multi,20,7,-0.4359237854635103
diesel-VISC,anil__mae__multi,20,8,0.0005898552904185
diesel-VISC,anil__mae__multi,20,9,0.5662528802494091
evoo-adulteration,anil__mae__multi,5,0,0.0592104205011775
evoo-adulteration,anil__mae__multi,5,1,-0.8349185868987079
evoo-adulteration,anil__mae__multi,5,2,-0.3422749086272625
evoo-adulteration,anil__mae__multi,5,3,-0.3279944204502578
evoo-adulteration,anil__mae__multi,5,4,-6.19415292708965
evoo-adulteration,anil__mae__multi,5,5,-1.0233584311353248
evoo-adulteration,anil__mae__multi,5,6,0.1925111944333627
evoo-adulteration,anil__mae__multi,5,7,0.2068508458753484
evoo-adulteration,anil__mae__multi,5,8,-0.4922354801474597
evoo-adulteration,anil__mae__multi,5,9,-1.9529989711419709
evoo-adulteration,anil__mae__multi,10,0,-0.805860537993057
evoo-adulteration,anil__mae__multi,10,1,-1.9927344259090136
evoo-adulteration,anil__mae__multi,10,2,-0.5413895110425082
evoo-adulteration,anil__mae__multi,10,3,-0.0069398315855222
evoo-adulteration,anil__mae__multi,10,4,0.192913468495711
evoo-adulteration,anil__mae__multi,10,5,-0.4703244327702311
evoo-adulteration,anil__mae__multi,10,6,-0.7873657993451346
evoo-adulteration,anil__mae__multi,10,7,0.432365175363281
evoo-adulteration,anil__mae__multi,10,8,0.1991042219892125
evoo-adulteration,anil__mae__multi,10,9,-0.5009849107596824
evoo-adulteration,anil__mae__multi,20,0,0.3313443823424788
evoo-adulteration,anil__mae__multi,20,1,0.0327447856234256
evoo-adulteration,anil__mae__multi,20,2,0.2773395458379324
evoo-adulteration,anil__mae__multi,20,3,-0.0126059730218659
evoo-adulteration,anil__mae__multi,20,4,0.3193985662260761
evoo-adulteration,anil__mae__multi,20,5,0.0990568681976328
evoo-adulteration,anil__mae__multi,20,6,0.1151599434671869
evoo-adulteration,anil__mae__multi,20,7,0.3182600138762602
evoo-adulteration,anil__mae__multi,20,8,-0.0410323390870766
evoo-adulteration,anil__mae__multi,20,9,0.0201881550741466
gasoline-octane,anil__mae__multi,5,0,0.791628986277541
gasoline-octane,anil__mae__multi,5,1,0.394237272433677
gasoline-octane,anil__mae__multi,5,2,0.7174617167996298
gasoline-octane,anil__mae__multi,5,3,0.9024798163911584
gasoline-octane,anil__mae__multi,5,4,0.7142481401908107
gasoline-octane,anil__mae__multi,5,5,0.4681523837618078
gasoline-octane,anil__mae__multi,5,6,-1.3655017729807826
gasoline-octane,anil__mae__multi,5,7,-0.1244188379891271
gasoline-octane,anil__mae__multi,5,8,-0.7924061807444269
gasoline-octane,anil__mae__multi,5,9,0.7621666703242438
gasoline-octane,anil__mae__multi,10,0,0.9190181055193852
gasoline-octane,anil__mae__multi,10,1,0.9114942120419376
gasoline-octane,anil__mae__multi,10,2,0.8864080237077081
gasoline-octane,anil__mae__multi,10,3,0.8904635499675508
gasoline-octane,anil__mae__multi,10,4,0.8977579890908792
gasoline-octane,anil__mae__multi,10,5,0.8253870303750908
gasoline-octane,anil__mae__multi,10,6,0.9048052917636568
gasoline-octane,anil__mae__multi,10,7,0.8436256157964404
gasoline-octane,anil__mae__multi,10,8,0.6147042031004855
gasoline-octane,anil__mae__multi,10,9,0.8387963678812242
gasoline-octane,anil__mae__multi,20,0,0.8795510865418055
gasoline-octane,anil__mae__multi,20,1,0.8992859883426554
gasoline-octane,anil__mae__multi,20,2,0.9180389081679584
gasoline-octane,anil__mae__multi,20,3,0.9315178667331342
gasoline-octane,anil__mae__multi,20,4,0.9456715036033668
gasoline-octane,anil__mae__multi,20,5,0.919029811799502
gasoline-octane,anil__mae__multi,20,6,0.926917993713322
gasoline-octane,anil__mae__multi,20,7,0.9428531431026692
gasoline-octane,anil__mae__multi,20,8,0.861714599167957
gasoline-octane,anil__mae__multi,20,9,0.9125653346196833
diesel-BP50,anil__rand__multi,5,0,-1.4821019112156026
diesel-BP50,anil__rand__multi,5,1,-0.0091578486860195
diesel-BP50,anil__rand__multi,5,2,-1.737159223128146
diesel-BP50,anil__rand__multi,5,3,-1.097286355183491
diesel-BP50,anil__rand__multi,5,4,-0.6908769017126035
diesel-BP50,anil__rand__multi,5,5,-2.153414496567285
diesel-BP50,anil__rand__multi,5,6,-0.1490309710825132
diesel-BP50,anil__rand__multi,5,7,-0.2968816079280949
diesel-BP50,anil__rand__multi,5,8,-1.0586958313303847
diesel-BP50,anil__rand__multi,5,9,-1.7486955319090192
diesel-BP50,anil__rand__multi,10,0,-1.115911705489382
diesel-BP50,anil__rand__multi,10,1,-0.0054323532285303
diesel-BP50,anil__rand__multi,10,2,-0.7993863823485075
diesel-BP50,anil__rand__multi,10,3,-2.1061541373619943
diesel-BP50,anil__rand__multi,10,4,-0.3367609841001007
diesel-BP50,anil__rand__multi,10,5,-0.1336293171327445
diesel-BP50,anil__rand__multi,10,6,0.0590594137087188
diesel-BP50,anil__rand__multi,10,7,-1.068881390945097
diesel-BP50,anil__rand__multi,10,8,-0.2825556170041015
diesel-BP50,anil__rand__multi,10,9,-0.6307461289582226
diesel-BP50,anil__rand__multi,20,0,-0.4198404121838557
diesel-BP50,anil__rand__multi,20,1,0.0443373487761908
diesel-BP50,anil__rand__multi,20,2,0.1291141443602294
diesel-BP50,anil__rand__multi,20,3,0.2818977015927747
diesel-BP50,anil__rand__multi,20,4,0.1794294691610546
diesel-BP50,anil__rand__multi,20,5,-0.0901409447520802
diesel-BP50,anil__rand__multi,20,6,-0.0668014700799746
diesel-BP50,anil__rand__multi,20,7,0.1450007877633462
diesel-BP50,anil__rand__multi,20,8,0.0403827371749722
diesel-BP50,anil__rand__multi,20,9,0.0819762960349897
diesel-CN,anil__rand__multi,5,0,-0.1274124229285302
diesel-CN,anil__rand__multi,5,1,-0.5512448512347392
diesel-CN,anil__rand__multi,5,2,-0.330708692072275
diesel-CN,anil__rand__multi,5,3,-0.0317666785969732
diesel-CN,anil__rand__multi,5,4,-0.9895003131557552
diesel-CN,anil__rand__multi,5,5,-3.42561546621005
diesel-CN,anil__rand__multi,5,6,-2.521799137001935
diesel-CN,anil__rand__multi,5,7,-0.940980014093864
diesel-CN,anil__rand__multi,5,8,-5.248641851293686
diesel-CN,anil__rand__multi,5,9,-0.0573050639039418
diesel-CN,anil__rand__multi,10,0,0.0012373597385891
diesel-CN,anil__rand__multi,10,1,-0.0150292504527815
diesel-CN,anil__rand__multi,10,2,-2.0962334781196006
diesel-CN,anil__rand__multi,10,3,-0.0795302671765156
diesel-CN,anil__rand__multi,10,4,-0.0202486724649251
diesel-CN,anil__rand__multi,10,5,-0.2000071104008054
diesel-CN,anil__rand__multi,10,6,-1.2041373055585196
diesel-CN,anil__rand__multi,10,7,-0.0225591243997103
diesel-CN,anil__rand__multi,10,8,0.2241248870296113
diesel-CN,anil__rand__multi,10,9,0.0427510276168954
diesel-CN,anil__rand__multi,20,0,-0.898199729775309
diesel-CN,anil__rand__multi,20,1,-0.1777174240422983
diesel-CN,anil__rand__multi,20,2,0.2337619648604969
diesel-CN,anil__rand__multi,20,3,0.0404141873974538
diesel-CN,anil__rand__multi,20,4,0.0726960061657211
diesel-CN,anil__rand__multi,20,5,0.1741580938423182
diesel-CN,anil__rand__multi,20,6,0.153602484114373
diesel-CN,anil__rand__multi,20,7,0.0442371545364321
diesel-CN,anil__rand__multi,20,8,0.1331207687657211
diesel-CN,anil__rand__multi,20,9,0.0881107611757163
diesel-D4052,anil__rand__multi,5,0,0.0740172248524532
diesel-D4052,anil__rand__multi,5,1,0.3887970083639622
diesel-D4052,anil__rand__multi,5,2,-0.0463077995212539
diesel-D4052,anil__rand__multi,5,3,-0.170424266162092
diesel-D4052,anil__rand__multi,5,4,0.2400645375391437
diesel-D4052,anil__rand__multi,5,5,-0.1553470815090178
diesel-D4052,anil__rand__multi,5,6,-0.7330059140098761
diesel-D4052,anil__rand__multi,5,7,-0.5906450183780054
diesel-D4052,anil__rand__multi,5,8,0.29988631252303
diesel-D4052,anil__rand__multi,5,9,0.3382680616809046
diesel-D4052,anil__rand__multi,10,0,-0.0367342907494687
diesel-D4052,anil__rand__multi,10,1,0.2571376475824101
diesel-D4052,anil__rand__multi,10,2,0.4563811563300174
diesel-D4052,anil__rand__multi,10,3,0.4717506189383772
diesel-D4052,anil__rand__multi,10,4,0.1788742193386541
diesel-D4052,anil__rand__multi,10,5,0.385537053261851
diesel-D4052,anil__rand__multi,10,6,0.3563440504697679
diesel-D4052,anil__rand__multi,10,7,0.411584496768137
diesel-D4052,anil__rand__multi,10,8,0.3724789197398106
diesel-D4052,anil__rand__multi,10,9,0.2017382667572308
diesel-D4052,anil__rand__multi,20,0,0.6349657108069898
diesel-D4052,anil__rand__multi,20,1,0.6392972915889752
diesel-D4052,anil__rand__multi,20,2,0.584400070470532
diesel-D4052,anil__rand__multi,20,3,0.3596946316343833
diesel-D4052,anil__rand__multi,20,4,0.6185030693475867
diesel-D4052,anil__rand__multi,20,5,0.362097109402936
diesel-D4052,anil__rand__multi,20,6,0.4691124272178234
diesel-D4052,anil__rand__multi,20,7,0.1994210156606144
diesel-D4052,anil__rand__multi,20,8,0.4762663810074476
diesel-D4052,anil__rand__multi,20,9,0.5451961404177265
diesel-FLASH,anil__rand__multi,5,0,-4.296138179910575
diesel-FLASH,anil__rand__multi,5,1,-1.3824222219894864
diesel-FLASH,anil__rand__multi,5,2,-1.6751807211445675
diesel-FLASH,anil__rand__multi,5,3,-0.4233724374431631
diesel-FLASH,anil__rand__multi,5,4,-1.963045922230016
diesel-FLASH,anil__rand__multi,5,5,-4.661487900583599
diesel-FLASH,anil__rand__multi,5,6,-1.305506107862506
diesel-FLASH,anil__rand__multi,5,7,-5.152560408455305
diesel-FLASH,anil__rand__multi,5,8,-2.86858628383548
diesel-FLASH,anil__rand__multi,5,9,-2.4795397172418405
diesel-FLASH,anil__rand__multi,10,0,-0.8192875416819045
diesel-FLASH,anil__rand__multi,10,1,-0.4312370073439209
diesel-FLASH,anil__rand__multi,10,2,-0.7834513899431341
diesel-FLASH,anil__rand__multi,10,3,-1.058740428338115
diesel-FLASH,anil__rand__multi,10,4,-0.0315426317842277
diesel-FLASH,anil__rand__multi,10,5,-0.5820026802332081
diesel-FLASH,anil__rand__multi,10,6,0.0019847237205027
diesel-FLASH,anil__rand__multi,10,7,-1.3022226555924643
diesel-FLASH,anil__rand__multi,10,8,-2.528952968226859
diesel-FLASH,anil__rand__multi,10,9,-3.181439117735578
diesel-FLASH,anil__rand__multi,20,0,-0.1399106626158142
diesel-FLASH,anil__rand__multi,20,1,0.168951239100448
diesel-FLASH,anil__rand__multi,20,2,-0.5199204253755016
diesel-FLASH,anil__rand__multi,20,3,-0.0155042225325314
diesel-FLASH,anil__rand__multi,20,4,0.0938298501826986
diesel-FLASH,anil__rand__multi,20,5,0.0301168031745286
diesel-FLASH,anil__rand__multi,20,6,-0.0720288127744899
diesel-FLASH,anil__rand__multi,20,7,-0.4468136840625578
diesel-FLASH,anil__rand__multi,20,8,0.0671143869471505
diesel-FLASH,anil__rand__multi,20,9,-0.1820760808057275
diesel-FREEZE,anil__rand__multi,5,0,-1.4286444238731488
diesel-FREEZE,anil__rand__multi,5,1,-6.36600356696104
diesel-FREEZE,anil__rand__multi,5,2,-0.1436356124786302
diesel-FREEZE,anil__rand__multi,5,3,0.0662210103847247
diesel-FREEZE,anil__rand__multi,5,4,-0.6695553866299733
diesel-FREEZE,anil__rand__multi,5,5,-1.485874015412317
diesel-FREEZE,anil__rand__multi,5,6,-0.0085103693588566
diesel-FREEZE,anil__rand__multi,5,7,-0.2172641342836623
diesel-FREEZE,anil__rand__multi,5,8,-0.0990166663384959
diesel-FREEZE,anil__rand__multi,5,9,-0.0051214315286809
diesel-FREEZE,anil__rand__multi,10,0,-1.3959080672757491
diesel-FREEZE,anil__rand__multi,10,1,-0.0323013910040936
diesel-FREEZE,anil__rand__multi,10,2,-0.5489329889693462
diesel-FREEZE,anil__rand__multi,10,3,-1.43443625092616
diesel-FREEZE,anil__rand__multi,10,4,-0.1692861254741704
diesel-FREEZE,anil__rand__multi,10,5,-0.3884113053733888
diesel-FREEZE,anil__rand__multi,10,6,-0.0349343097250676
diesel-FREEZE,anil__rand__multi,10,7,0.00444371771656
diesel-FREEZE,anil__rand__multi,10,8,-0.0837609812057407
diesel-FREEZE,anil__rand__multi,10,9,0.132952522114696
diesel-FREEZE,anil__rand__multi,20,0,0.1351148408730342
diesel-FREEZE,anil__rand__multi,20,1,0.3566438716737792
diesel-FREEZE,anil__rand__multi,20,2,-0.196190323174255
diesel-FREEZE,anil__rand__multi,20,3,0.0776173106209442
diesel-FREEZE,anil__rand__multi,20,4,-0.2249389815536555
diesel-FREEZE,anil__rand__multi,20,5,0.1319356807581452
diesel-FREEZE,anil__rand__multi,20,6,0.0891596052718564
diesel-FREEZE,anil__rand__multi,20,7,0.1784719888724006
diesel-FREEZE,anil__rand__multi,20,8,-0.0659840107117546
diesel-FREEZE,anil__rand__multi,20,9,-0.1225558243925253
diesel-TOTAL,anil__rand__multi,5,0,0.6711717208343311
diesel-TOTAL,anil__rand__multi,5,1,-0.0073262760353571
diesel-TOTAL,anil__rand__multi,5,2,0.5440626546275802
diesel-TOTAL,anil__rand__multi,5,3,0.2906831857324536
diesel-TOTAL,anil__rand__multi,5,4,0.6106137450748272
diesel-TOTAL,anil__rand__multi,5,5,0.4583215667332089
diesel-TOTAL,anil__rand__multi,5,6,0.712811147036216
diesel-TOTAL,anil__rand__multi,5,7,0.1139647286118441
diesel-TOTAL,anil__rand__multi,5,8,0.5945153748167706
diesel-TOTAL,anil__rand__multi,5,9,0.6132651028418219
diesel-TOTAL,anil__rand__multi,10,0,0.702347770391154
diesel-TOTAL,anil__rand__multi,10,1,0.6176154332488113
diesel-TOTAL,anil__rand__multi,10,2,0.7905436762416787
diesel-TOTAL,anil__rand__multi,10,3,0.678385907082488
diesel-TOTAL,anil__rand__multi,10,4,0.787862794261956
diesel-TOTAL,anil__rand__multi,10,5,0.7334048448331167
diesel-TOTAL,anil__rand__multi,10,6,0.609222656864147
diesel-TOTAL,anil__rand__multi,10,7,0.7544775173023824
diesel-TOTAL,anil__rand__multi,10,8,0.792041533430027
diesel-TOTAL,anil__rand__multi,10,9,0.6389732463228606
diesel-TOTAL,anil__rand__multi,20,0,0.7577943718983581
diesel-TOTAL,anil__rand__multi,20,1,0.7840217248914972
diesel-TOTAL,anil__rand__multi,20,2,0.8458169874381617
diesel-TOTAL,anil__rand__multi,20,3,0.829778072281749
diesel-TOTAL,anil__rand__multi,20,4,0.7974362785722074
diesel-TOTAL,anil__rand__multi,20,5,0.6581002473322863
diesel-TOTAL,anil__rand__multi,20,6,0.8258726702022926
diesel-TOTAL,anil__rand__multi,20,7,0.7913859678363818
diesel-TOTAL,anil__rand__multi,20,8,0.7645253086090293
diesel-TOTAL,anil__rand__multi,20,9,0.8114859249738783
diesel-VISC,anil__rand__multi,5,0,-1.9105678194520563
diesel-VISC,anil__rand__multi,5,1,-0.8799755304552217
diesel-VISC,anil__rand__multi,5,2,-14.091171316696668
diesel-VISC,anil__rand__multi,5,3,-3.246124249133185
diesel-VISC,anil__rand__multi,5,4,-4.461156350373833
diesel-VISC,anil__rand__multi,5,5,-0.9996796601557294
diesel-VISC,anil__rand__multi,5,6,0.0764690495188429
diesel-VISC,anil__rand__multi,5,7,-1.928640863736574
diesel-VISC,anil__rand__multi,5,8,-0.3067262396815919
diesel-VISC,anil__rand__multi,5,9,-1.164974921988993
diesel-VISC,anil__rand__multi,10,0,0.2198242068314367
diesel-VISC,anil__rand__multi,10,1,0.0770923164304365
diesel-VISC,anil__rand__multi,10,2,-0.3255017120872439
diesel-VISC,anil__rand__multi,10,3,-0.8600501663028528
diesel-VISC,anil__rand__multi,10,4,-0.392267211931631
diesel-VISC,anil__rand__multi,10,5,-0.3459111060216038
diesel-VISC,anil__rand__multi,10,6,-0.2000646392435696
diesel-VISC,anil__rand__multi,10,7,-1.0050140299865649
diesel-VISC,anil__rand__multi,10,8,0.1479616401271852
diesel-VISC,anil__rand__multi,10,9,-0.5184690440827702
diesel-VISC,anil__rand__multi,20,0,-0.4125503992558206
diesel-VISC,anil__rand__multi,20,1,0.1990298589082808
diesel-VISC,anil__rand__multi,20,2,-0.814254240808812
diesel-VISC,anil__rand__multi,20,3,0.0079109781214565
diesel-VISC,anil__rand__multi,20,4,0.0386282916698751
diesel-VISC,anil__rand__multi,20,5,0.1227140403072357
diesel-VISC,anil__rand__multi,20,6,-0.1041185525698236
diesel-VISC,anil__rand__multi,20,7,-0.1079666693682794
diesel-VISC,anil__rand__multi,20,8,-0.5463943870454839
diesel-VISC,anil__rand__multi,20,9,0.1550951699483775
gasoline-octane,anil__rand__multi,5,0,0.5737530040728053
gasoline-octane,anil__rand__multi,5,1,0.8406459359526505
gasoline-octane,anil__rand__multi,5,2,-0.2947370222997982
gasoline-octane,anil__rand__multi,5,3,0.5713200438491086
gasoline-octane,anil__rand__multi,5,4,0.7408577131992032
gasoline-octane,anil__rand__multi,5,5,-0.2605855659921499
gasoline-octane,anil__rand__multi,5,6,0.8317824068358546
gasoline-octane,anil__rand__multi,5,7,-1.8206085825091587
gasoline-octane,anil__rand__multi,5,8,-0.189539255879616
gasoline-octane,anil__rand__multi,5,9,0.2147244491552395
gasoline-octane,anil__rand__multi,10,0,0.8383689752594325
gasoline-octane,anil__rand__multi,10,1,0.8496669451940109
gasoline-octane,anil__rand__multi,10,2,0.6022028571709583
gasoline-octane,anil__rand__multi,10,3,0.9221378812352968
gasoline-octane,anil__rand__multi,10,4,0.9111935422017878
gasoline-octane,anil__rand__multi,10,5,0.63911752865933
gasoline-octane,anil__rand__multi,10,6,0.89157522541782
gasoline-octane,anil__rand__multi,10,7,0.7471174678848718
gasoline-octane,anil__rand__multi,10,8,0.7116974190111313
gasoline-octane,anil__rand__multi,10,9,0.8719933620062076
gasoline-octane,anil__rand__multi,20,0,0.8478129300617107
gasoline-octane,anil__rand__multi,20,1,0.7951228246317967
gasoline-octane,anil__rand__multi,20,2,0.8873409762430742
gasoline-octane,anil__rand__multi,20,3,0.9273878424885624
gasoline-octane,anil__rand__multi,20,4,0.921745963895851
gasoline-octane,anil__rand__multi,20,5,0.7688249534326174
gasoline-octane,anil__rand__multi,20,6,0.8569111387729891
gasoline-octane,anil__rand__multi,20,7,0.9342265906691172
gasoline-octane,anil__rand__multi,20,8,0.8513310647862118
gasoline-octane,anil__rand__multi,20,9,0.8863443130632466
diesel-BP50,dkl__mae__diesel,5,0,-0.7086028455653128
diesel-BP50,dkl__mae__diesel,5,1,-0.1682572704897484
diesel-BP50,dkl__mae__diesel,5,2,0.002893865788243
diesel-BP50,dkl__mae__diesel,5,3,-0.6050893695495017
diesel-BP50,dkl__mae__diesel,5,4,-0.0007886732418893
diesel-BP50,dkl__mae__diesel,5,5,-0.3513389322161633
diesel-BP50,dkl__mae__diesel,5,6,-0.0529038959211474
diesel-BP50,dkl__mae__diesel,5,7,-0.0160118800237638
diesel-BP50,dkl__mae__diesel,5,8,-0.1642853104995134
diesel-BP50,dkl__mae__diesel,5,9,-0.4909023089620232
diesel-BP50,dkl__mae__diesel,10,0,-0.0778284293006368
diesel-BP50,dkl__mae__diesel,10,1,0.0119644713659147
diesel-BP50,dkl__mae__diesel,10,2,-0.0426739083735026
diesel-BP50,dkl__mae__diesel,10,3,0.0536624465714604
diesel-BP50,dkl__mae__diesel,10,4,-0.3763516050981297
diesel-BP50,dkl__mae__diesel,10,5,0.037617019224807
diesel-BP50,dkl__mae__diesel,10,6,-0.0924173903341361
diesel-BP50,dkl__mae__diesel,10,7,0.0297407155596781
diesel-BP50,dkl__mae__diesel,10,8,-0.0322674744134954
diesel-BP50,dkl__mae__diesel,10,9,-0.0385660664793199
diesel-BP50,dkl__mae__diesel,20,0,-0.1137092194782793
diesel-BP50,dkl__mae__diesel,20,1,0.029330027401722
diesel-BP50,dkl__mae__diesel,20,2,-0.0465359558852973
diesel-BP50,dkl__mae__diesel,20,3,0.0095007615994597
diesel-BP50,dkl__mae__diesel,20,4,0.061755398827569
diesel-BP50,dkl__mae__diesel,20,5,0.118414655003124
diesel-BP50,dkl__mae__diesel,20,6,0.1151379703207448
diesel-BP50,dkl__mae__diesel,20,7,0.019274499756359
diesel-BP50,dkl__mae__diesel,20,8,-0.0535029120840986
diesel-BP50,dkl__mae__diesel,20,9,-0.1352641037679507
diesel-CN,dkl__mae__diesel,5,0,-0.1512738434426257
diesel-CN,dkl__mae__diesel,5,1,-0.005630652962405
diesel-CN,dkl__mae__diesel,5,2,0.0127753801065548
diesel-CN,dkl__mae__diesel,5,3,-0.1523350907835789
diesel-CN,dkl__mae__diesel,5,4,0.031241064241942
diesel-CN,dkl__mae__diesel,5,5,-0.7859968688537473
diesel-CN,dkl__mae__diesel,5,6,-0.580328221489196
diesel-CN,dkl__mae__diesel,5,7,0.0067272743459265
diesel-CN,dkl__mae__diesel,5,8,-0.1205930749494077
diesel-CN,dkl__mae__diesel,5,9,1.7039360090564948e-05
diesel-CN,dkl__mae__diesel,10,0,-0.0567563167819706
diesel-CN,dkl__mae__diesel,10,1,0.0263565888359471
diesel-CN,dkl__mae__diesel,10,2,-0.2537834385475817
diesel-CN,dkl__mae__diesel,10,3,0.0271854574246072
diesel-CN,dkl__mae__diesel,10,4,-0.0123240525302468
diesel-CN,dkl__mae__diesel,10,5,-0.0451266946450308
diesel-CN,dkl__mae__diesel,10,6,0.0059253319054193
diesel-CN,dkl__mae__diesel,10,7,-0.0112301235568681
diesel-CN,dkl__mae__diesel,10,8,0.0352071321435976
diesel-CN,dkl__mae__diesel,10,9,-0.0740998754751616
diesel-CN,dkl__mae__diesel,20,0,0.0124949349616934
diesel-CN,dkl__mae__diesel,20,1,-0.224860799005635
diesel-CN,dkl__mae__diesel,20,2,-0.0642654715330954
diesel-CN,dkl__mae__diesel,20,3,0.0514617454218839
diesel-CN,dkl__mae__diesel,20,4,-0.114799016662564
diesel-CN,dkl__mae__diesel,20,5,-0.0301274196817122
diesel-CN,dkl__mae__diesel,20,6,0.0385734110194699
diesel-CN,dkl__mae__diesel,20,7,-0.0534065842896822
diesel-CN,dkl__mae__diesel,20,8,-0.2176095972856269
diesel-CN,dkl__mae__diesel,20,9,0.024019785683245
diesel-D4052,dkl__mae__diesel,5,0,-0.935181039777069
diesel-D4052,dkl__mae__diesel,5,1,-0.415457145368423
diesel-D4052,dkl__mae__diesel,5,2,-1.0190279121403267
diesel-D4052,dkl__mae__diesel,5,3,-0.2144996754786645
diesel-D4052,dkl__mae__diesel,5,4,0.0167282925815906
diesel-D4052,dkl__mae__diesel,5,5,0.0382280557295447
diesel-D4052,dkl__mae__diesel,5,6,-0.66196545759063
diesel-D4052,dkl__mae__diesel,5,7,0.0796485538375321
diesel-D4052,dkl__mae__diesel,5,8,-0.1675403509105617
diesel-D4052,dkl__mae__diesel,5,9,0.0174842832514189
diesel-D4052,dkl__mae__diesel,10,0,-0.126007366676671
diesel-D4052,dkl__mae__diesel,10,1,0.1342930091147977
diesel-D4052,dkl__mae__diesel,10,2,-0.0778779131607028
diesel-D4052,dkl__mae__diesel,10,3,0.0645792001017404
diesel-D4052,dkl__mae__diesel,10,4,-0.1813114555049242
diesel-D4052,dkl__mae__diesel,10,5,-0.0280131462892712
diesel-D4052,dkl__mae__diesel,10,6,-0.050553650047225
diesel-D4052,dkl__mae__diesel,10,7,-0.0305168068976613
diesel-D4052,dkl__mae__diesel,10,8,0.0652503581900505
diesel-D4052,dkl__mae__diesel,10,9,-0.2071982081183048
diesel-D4052,dkl__mae__diesel,20,0,0.1403437273912616
diesel-D4052,dkl__mae__diesel,20,1,0.1186887058208696
diesel-D4052,dkl__mae__diesel,20,2,0.0645247771939466
diesel-D4052,dkl__mae__diesel,20,3,0.0837511893049097
diesel-D4052,dkl__mae__diesel,20,4,0.1901622356853508
diesel-D4052,dkl__mae__diesel,20,5,0.1668125201029222
diesel-D4052,dkl__mae__diesel,20,6,0.1747258615539266
diesel-D4052,dkl__mae__diesel,20,7,0.0272489477348465
diesel-D4052,dkl__mae__diesel,20,8,0.1112329602879174
diesel-D4052,dkl__mae__diesel,20,9,0.1509513212876184
diesel-FLASH,dkl__mae__diesel,5,0,-0.6174573061203745
diesel-FLASH,dkl__mae__diesel,5,1,-0.966407371748317
diesel-FLASH,dkl__mae__diesel,5,2,0.0104118168819213
diesel-FLASH,dkl__mae__diesel,5,3,-0.0127807679636262
diesel-FLASH,dkl__mae__diesel,5,4,-0.3304599989420096
diesel-FLASH,dkl__mae__diesel,5,5,-0.837030177958501
diesel-FLASH,dkl__mae__diesel,5,6,-0.2468395041475632
diesel-FLASH,dkl__mae__diesel,5,7,-0.0029670704127329
diesel-FLASH,dkl__mae__diesel,5,8,-0.1257510055646069
diesel-FLASH,dkl__mae__diesel,5,9,-0.2181303179611156
diesel-FLASH,dkl__mae__diesel,10,0,-0.0040761752828075
diesel-FLASH,dkl__mae__diesel,10,1,-0.139180321856239
diesel-FLASH,dkl__mae__diesel,10,2,-0.0106362020422985
diesel-FLASH,dkl__mae__diesel,10,3,-0.0458882691745972
diesel-FLASH,dkl__mae__diesel,10,4,-0.0772602792068439
diesel-FLASH,dkl__mae__diesel,10,5,-0.028413050207471
diesel-FLASH,dkl__mae__diesel,10,6,-0.0840716401441821
diesel-FLASH,dkl__mae__diesel,10,7,-0.0812230708201906
diesel-FLASH,dkl__mae__diesel,10,8,-0.1453157931379221
diesel-FLASH,dkl__mae__diesel,10,9,-0.1182223037584841
diesel-FLASH,dkl__mae__diesel,20,0,-0.1308482809931397
diesel-FLASH,dkl__mae__diesel,20,1,-0.0525237472808957
diesel-FLASH,dkl__mae__diesel,20,2,-0.0077025865109643
diesel-FLASH,dkl__mae__diesel,20,3,-0.0299718729318534
diesel-FLASH,dkl__mae__diesel,20,4,0.0100927475675695
diesel-FLASH,dkl__mae__diesel,20,5,-0.2202805340811042
diesel-FLASH,dkl__mae__diesel,20,6,-0.179903560819207
diesel-FLASH,dkl__mae__diesel,20,7,-0.4089673764162431
diesel-FLASH,dkl__mae__diesel,20,8,-0.065628303865838
diesel-FLASH,dkl__mae__diesel,20,9,-0.1787789292788497
diesel-FREEZE,dkl__mae__diesel,5,0,-0.0383558400627155
diesel-FREEZE,dkl__mae__diesel,5,1,-0.1967355260343017
diesel-FREEZE,dkl__mae__diesel,5,2,-0.1740722010906297
diesel-FREEZE,dkl__mae__diesel,5,3,-0.1356288674510426
diesel-FREEZE,dkl__mae__diesel,5,4,-0.0190666137220361
diesel-FREEZE,dkl__mae__diesel,5,5,-3.5184348440412405
diesel-FREEZE,dkl__mae__diesel,5,6,-0.0621127310671942
diesel-FREEZE,dkl__mae__diesel,5,7,-0.2140177874003634
diesel-FREEZE,dkl__mae__diesel,5,8,-0.0062798610707863
diesel-FREEZE,dkl__mae__diesel,5,9,-0.1351805315776579
diesel-FREEZE,dkl__mae__diesel,10,0,0.0384231975022673
diesel-FREEZE,dkl__mae__diesel,10,1,-0.0133223441312784
diesel-FREEZE,dkl__mae__diesel,10,2,-0.016886901574795
diesel-FREEZE,dkl__mae__diesel,10,3,0.0472514855540421
diesel-FREEZE,dkl__mae__diesel,10,4,-0.2138650480636368
diesel-FREEZE,dkl__mae__diesel,10,5,-0.1498673713520206
diesel-FREEZE,dkl__mae__diesel,10,6,-0.0967754979116122
diesel-FREEZE,dkl__mae__diesel,10,7,-0.0091047521948346
diesel-FREEZE,dkl__mae__diesel,10,8,-0.0075236181049695
diesel-FREEZE,dkl__mae__diesel,10,9,0.003926331340292
diesel-FREEZE,dkl__mae__diesel,20,0,0.0120093986310029
diesel-FREEZE,dkl__mae__diesel,20,1,0.0534833442284785
diesel-FREEZE,dkl__mae__diesel,20,2,-0.1362773697381443
diesel-FREEZE,dkl__mae__diesel,20,3,0.0196425807739746
diesel-FREEZE,dkl__mae__diesel,20,4,0.0039507585890415
diesel-FREEZE,dkl__mae__diesel,20,5,-0.5832835650597634
diesel-FREEZE,dkl__mae__diesel,20,6,0.1098150005624832
diesel-FREEZE,dkl__mae__diesel,20,7,0.0572482913812467
diesel-FREEZE,dkl__mae__diesel,20,8,0.0243029965663391
diesel-FREEZE,dkl__mae__diesel,20,9,0.068350966315393
diesel-TOTAL,dkl__mae__diesel,5,0,-0.0847671088750479
diesel-TOTAL,dkl__mae__diesel,5,1,0.0012408908433517
diesel-TOTAL,dkl__mae__diesel,5,2,-0.0511585251749533
diesel-TOTAL,dkl__mae__diesel,5,3,-0.1502148000801615
diesel-TOTAL,dkl__mae__diesel,5,4,-0.0084300731239947
diesel-TOTAL,dkl__mae__diesel,5,5,0.0156285994938724
diesel-TOTAL,dkl__mae__diesel,5,6,-0.0453286458801944
diesel-TOTAL,dkl__mae__diesel,5,7,-0.0756665637623636
diesel-TOTAL,dkl__mae__diesel,5,8,-0.0112074978064171
diesel-TOTAL,dkl__mae__diesel,5,9,-0.0151727194877842
diesel-TOTAL,dkl__mae__diesel,10,0,-0.0157220515182516
diesel-TOTAL,dkl__mae__diesel,10,1,-0.008426803122832
diesel-TOTAL,dkl__mae__diesel,10,2,-0.133241192204548
diesel-TOTAL,dkl__mae__diesel,10,3,-0.0335351531668175
diesel-TOTAL,dkl__mae__diesel,10,4,0.0822444621345959
diesel-TOTAL,dkl__mae__diesel,10,5,-0.232072673895447
diesel-TOTAL,dkl__mae__diesel,10,6,-0.1771870323680144
diesel-TOTAL,dkl__mae__diesel,10,7,-0.1887573154144082
diesel-TOTAL,dkl__mae__diesel,10,8,0.1844843895900376
diesel-TOTAL,dkl__mae__diesel,10,9,0.0514403322105303
diesel-TOTAL,dkl__mae__diesel,20,0,0.0788481177839826
diesel-TOTAL,dkl__mae__diesel,20,1,0.1920887504245298
diesel-TOTAL,dkl__mae__diesel,20,2,0.1775123921143662
diesel-TOTAL,dkl__mae__diesel,20,3,0.031451038517293
diesel-TOTAL,dkl__mae__diesel,20,4,0.1637547693614047
diesel-TOTAL,dkl__mae__diesel,20,5,0.2590479889621551
diesel-TOTAL,dkl__mae__diesel,20,6,0.2707008928937693
diesel-TOTAL,dkl__mae__diesel,20,7,0.1529402872292536
diesel-TOTAL,dkl__mae__diesel,20,8,0.2535068917708261
diesel-TOTAL,dkl__mae__diesel,20,9,0.0329073722430891
diesel-VISC,dkl__mae__diesel,5,0,-0.7425704616083812
diesel-VISC,dkl__mae__diesel,5,1,-0.7348088734813263
diesel-VISC,dkl__mae__diesel,5,2,0.0496693286026241
diesel-VISC,dkl__mae__diesel,5,3,-0.0468192356629226
diesel-VISC,dkl__mae__diesel,5,4,-0.3659211471468926
diesel-VISC,dkl__mae__diesel,5,5,-0.000486825891397
diesel-VISC,dkl__mae__diesel,5,6,-0.0383590256015566
diesel-VISC,dkl__mae__diesel,5,7,-0.0934959376578408
diesel-VISC,dkl__mae__diesel,5,8,-0.053831894223796
diesel-VISC,dkl__mae__diesel,5,9,-1.204589026572093
diesel-VISC,dkl__mae__diesel,10,0,-0.0775539110913972
diesel-VISC,dkl__mae__diesel,10,1,0.0299842184129863
diesel-VISC,dkl__mae__diesel,10,2,0.0001126838711956
diesel-VISC,dkl__mae__diesel,10,3,0.0329156451636226
diesel-VISC,dkl__mae__diesel,10,4,-0.2494017551816714
diesel-VISC,dkl__mae__diesel,10,5,-0.001408362820551
diesel-VISC,dkl__mae__diesel,10,6,-0.0146185570833508
diesel-VISC,dkl__mae__diesel,10,7,-0.1001031783348354
diesel-VISC,dkl__mae__diesel,10,8,-0.2854238163860432
diesel-VISC,dkl__mae__diesel,10,9,-0.1437827628006547
diesel-VISC,dkl__mae__diesel,20,0,0.1293151856450497
diesel-VISC,dkl__mae__diesel,20,1,0.0261608607926193
diesel-VISC,dkl__mae__diesel,20,2,0.0379022342126088
diesel-VISC,dkl__mae__diesel,20,3,0.0200126612793311
diesel-VISC,dkl__mae__diesel,20,4,0.0645523075126585
diesel-VISC,dkl__mae__diesel,20,5,-0.0227319935802328
diesel-VISC,dkl__mae__diesel,20,6,0.0682622964799142
diesel-VISC,dkl__mae__diesel,20,7,-0.1639772714373024
diesel-VISC,dkl__mae__diesel,20,8,-0.0896257989594351
diesel-VISC,dkl__mae__diesel,20,9,0.093865800585038
gasoline-octane,dkl__mae__diesel,5,0,-0.1019785028601703
gasoline-octane,dkl__mae__diesel,5,1,-0.0509879731114026
gasoline-octane,dkl__mae__diesel,5,2,-0.620228984002047
gasoline-octane,dkl__mae__diesel,5,3,-0.0227997544367377
gasoline-octane,dkl__mae__diesel,5,4,0.1009090535369706
gasoline-octane,dkl__mae__diesel,5,5,-0.1747258619525138
gasoline-octane,dkl__mae__diesel,5,6,-0.4304376064078505
gasoline-octane,dkl__mae__diesel,5,7,-0.3535666479409964
gasoline-octane,dkl__mae__diesel,5,8,-1.1292890908367186
gasoline-octane,dkl__mae__diesel,5,9,0.0131828280640706
gasoline-octane,dkl__mae__diesel,10,0,0.1154925460440406
gasoline-octane,dkl__mae__diesel,10,1,0.0803313617528396
gasoline-octane,dkl__mae__diesel,10,2,0.0924740167219514
gasoline-octane,dkl__mae__diesel,10,3,0.0362683714018119
gasoline-octane,dkl__mae__diesel,10,4,0.1447525683727986
gasoline-octane,dkl__mae__diesel,10,5,-0.0044742302588565
gasoline-octane,dkl__mae__diesel,10,6,0.0605196148887782
gasoline-octane,dkl__mae__diesel,10,7,0.0331348535002852
gasoline-octane,dkl__mae__diesel,10,8,0.2143777262967378
gasoline-octane,dkl__mae__diesel,10,9,-0.0377557262766339
gasoline-octane,dkl__mae__diesel,20,0,0.2161341472397102
gasoline-octane,dkl__mae__diesel,20,1,0.2917173320835692
gasoline-octane,dkl__mae__diesel,20,2,0.1107655940079606
gasoline-octane,dkl__mae__diesel,20,3,0.2608148446606769
gasoline-octane,dkl__mae__diesel,20,4,0.3171485955858257
gasoline-octane,dkl__mae__diesel,20,5,0.2596141662073598
gasoline-octane,dkl__mae__diesel,20,6,0.1900823195445736
gasoline-octane,dkl__mae__diesel,20,7,0.1603809636321109
gasoline-octane,dkl__mae__diesel,20,8,0.0246319740455187
gasoline-octane,dkl__mae__diesel,20,9,-0.0177316017015789
corn_m5-moisture,dkl__mae__multi,5,0,-0.1028469305514192
corn_m5-moisture,dkl__mae__multi,5,1,-0.0934743031658726
corn_m5-moisture,dkl__mae__multi,5,2,-0.0586720726186378
corn_m5-moisture,dkl__mae__multi,5,3,0.0493918938552484
corn_m5-moisture,dkl__mae__multi,5,4,-0.3168321060196866
corn_m5-moisture,dkl__mae__multi,5,5,-0.1073487809254292
corn_m5-moisture,dkl__mae__multi,5,6,-0.0036262595169944
corn_m5-moisture,dkl__mae__multi,5,7,0.0073344205853479
corn_m5-moisture,dkl__mae__multi,5,8,-0.1538145000594459
corn_m5-moisture,dkl__mae__multi,5,9,-0.1310463164696864
corn_m5-moisture,dkl__mae__multi,10,0,-1.4582219173613988
corn_m5-moisture,dkl__mae__multi,10,1,-0.1394492627160135
corn_m5-moisture,dkl__mae__multi,10,2,0.1044853961799728
corn_m5-moisture,dkl__mae__multi,10,3,-0.0594022653287384
corn_m5-moisture,dkl__mae__multi,10,4,-0.0843411038826074
corn_m5-moisture,dkl__mae__multi,10,5,-0.349699392320266
corn_m5-moisture,dkl__mae__multi,10,6,0.0744855537827636
corn_m5-moisture,dkl__mae__multi,10,7,-0.3295822309352665
corn_m5-moisture,dkl__mae__multi,10,8,-0.0001308304396054
corn_m5-moisture,dkl__mae__multi,10,9,0.0431562390947327
corn_m5-moisture,dkl__mae__multi,20,0,0.2014870788631747
corn_m5-moisture,dkl__mae__multi,20,1,-0.1703669272305314
corn_m5-moisture,dkl__mae__multi,20,2,0.2220008815571549
corn_m5-moisture,dkl__mae__multi,20,3,0.0183032986345971
corn_m5-moisture,dkl__mae__multi,20,4,0.2194137004792952
corn_m5-moisture,dkl__mae__multi,20,5,0.2801567061242822
corn_m5-moisture,dkl__mae__multi,20,6,-0.0170836415527799
corn_m5-moisture,dkl__mae__multi,20,7,-0.018977363240662
corn_m5-moisture,dkl__mae__multi,20,8,0.0978230186974474
corn_m5-moisture,dkl__mae__multi,20,9,0.1762043556723802
corn_m5-oil,dkl__mae__multi,5,0,-0.0599647877357059
corn_m5-oil,dkl__mae__multi,5,1,0.0487078746267302
corn_m5-oil,dkl__mae__multi,5,2,-0.0558393630345139
corn_m5-oil,dkl__mae__multi,5,3,-0.4725373849017309
corn_m5-oil,dkl__mae__multi,5,4,-0.9049366062938832
corn_m5-oil,dkl__mae__multi,5,5,-0.3359777359915865
corn_m5-oil,dkl__mae__multi,5,6,0.0407593315080326
corn_m5-oil,dkl__mae__multi,5,7,-0.426967565886696
corn_m5-oil,dkl__mae__multi,5,8,-0.5309184728702201
corn_m5-oil,dkl__mae__multi,5,9,-0.3497239026273575
corn_m5-oil,dkl__mae__multi,10,0,0.0060735119842944
corn_m5-oil,dkl__mae__multi,10,1,-0.0130127058834732
corn_m5-oil,dkl__mae__multi,10,2,0.0722835726906125
corn_m5-oil,dkl__mae__multi,10,3,0.0094895029525405
corn_m5-oil,dkl__mae__multi,10,4,-0.0552405042827692
corn_m5-oil,dkl__mae__multi,10,5,-0.0692987484223388
corn_m5-oil,dkl__mae__multi,10,6,0.0106474379054047
corn_m5-oil,dkl__mae__multi,10,7,-0.3281291144967535
corn_m5-oil,dkl__mae__multi,10,8,0.0404833442970854
corn_m5-oil,dkl__mae__multi,10,9,0.1609242844483032
corn_m5-oil,dkl__mae__multi,20,0,0.2808012041080502
corn_m5-oil,dkl__mae__multi,20,1,0.0505286233726217
corn_m5-oil,dkl__mae__multi,20,2,0.2232342524365878
corn_m5-oil,dkl__mae__multi,20,3,0.0093578890204926
corn_m5-oil,dkl__mae__multi,20,4,0.1005376878508897
corn_m5-oil,dkl__mae__multi,20,5,0.1280486782397619
corn_m5-oil,dkl__mae__multi,20,6,0.1753901560815173
corn_m5-oil,dkl__mae__multi,20,7,0.050792727704386
corn_m5-oil,dkl__mae__multi,20,8,0.1056992461929122
corn_m5-oil,dkl__mae__multi,20,9,0.0838021470259953
corn_m5-protein,dkl__mae__multi,5,0,0.0029486176196463
corn_m5-protein,dkl__mae__multi,5,1,-0.0395310034024092
corn_m5-protein,dkl__mae__multi,5,2,0.0202611973396931
corn_m5-protein,dkl__mae__multi,5,3,0.0438919440264251
corn_m5-protein,dkl__mae__multi,5,4,-0.1833689761726031
corn_m5-protein,dkl__mae__multi,5,5,0.0484953354878824
corn_m5-protein,dkl__mae__multi,5,6,-0.0210776220932709
corn_m5-protein,dkl__mae__multi,5,7,-0.0053944190976953
corn_m5-protein,dkl__mae__multi,5,8,-0.4281316163598876
corn_m5-protein,dkl__mae__multi,5,9,-0.6049895535896157
corn_m5-protein,dkl__mae__multi,10,0,0.1302004008002329
corn_m5-protein,dkl__mae__multi,10,1,0.07593296802186
corn_m5-protein,dkl__mae__multi,10,2,-0.0722536993801019
corn_m5-protein,dkl__mae__multi,10,3,-0.4065547373861544
corn_m5-protein,dkl__mae__multi,10,4,-0.0100829702865041
corn_m5-protein,dkl__mae__multi,10,5,-9.237618939983427e-05
corn_m5-protein,dkl__mae__multi,10,6,0.0719522134211737
corn_m5-protein,dkl__mae__multi,10,7,-0.0038769940327221
corn_m5-protein,dkl__mae__multi,10,8,-0.0054118889479084
corn_m5-protein,dkl__mae__multi,10,9,-0.0383660881576766
corn_m5-protein,dkl__mae__multi,20,0,0.2434365634421705
corn_m5-protein,dkl__mae__multi,20,1,-0.0174963588145391
corn_m5-protein,dkl__mae__multi,20,2,0.2632155898183328
corn_m5-protein,dkl__mae__multi,20,3,0.1148140552355717
corn_m5-protein,dkl__mae__multi,20,4,0.1024463887472699
corn_m5-protein,dkl__mae__multi,20,5,0.4016958523216847
corn_m5-protein,dkl__mae__multi,20,6,0.2634445535957124
corn_m5-protein,dkl__mae__multi,20,7,0.1026655501347784
corn_m5-protein,dkl__mae__multi,20,8,0.1480314483022825
corn_m5-protein,dkl__mae__multi,20,9,0.2258919192906577
corn_m5-starch,dkl__mae__multi,5,0,-0.005516111440514
corn_m5-starch,dkl__mae__multi,5,1,-0.1094842688032666
corn_m5-starch,dkl__mae__multi,5,2,-0.111332956052683
corn_m5-starch,dkl__mae__multi,5,3,0.0212449962327445
corn_m5-starch,dkl__mae__multi,5,4,-0.1006579990205696
corn_m5-starch,dkl__mae__multi,5,5,-0.043071012266129
corn_m5-starch,dkl__mae__multi,5,6,-0.1264250276349154
corn_m5-starch,dkl__mae__multi,5,7,-0.04711553567952
corn_m5-starch,dkl__mae__multi,5,8,-0.0234358836780042
corn_m5-starch,dkl__mae__multi,5,9,-0.1878335719329771
corn_m5-starch,dkl__mae__multi,10,0,-0.3392909796634025
corn_m5-starch,dkl__mae__multi,10,1,0.0508823552415901
corn_m5-starch,dkl__mae__multi,10,2,-0.0446476478919073
corn_m5-starch,dkl__mae__multi,10,3,-0.2508970149269987
corn_m5-starch,dkl__mae__multi,10,4,-0.0184222294643838
corn_m5-starch,dkl__mae__multi,10,5,-0.0161815314848758
corn_m5-starch,dkl__mae__multi,10,6,-0.0193869603265284
corn_m5-starch,dkl__mae__multi,10,7,0.0113029356897189
corn_m5-starch,dkl__mae__multi,10,8,-0.0426854693186951
corn_m5-starch,dkl__mae__multi,10,9,-0.0457042766348712
corn_m5-starch,dkl__mae__multi,20,0,0.0080821399833662
corn_m5-starch,dkl__mae__multi,20,1,0.030293665485767
corn_m5-starch,dkl__mae__multi,20,2,-0.0034259550344299
corn_m5-starch,dkl__mae__multi,20,3,0.0026635585069272
corn_m5-starch,dkl__mae__multi,20,4,0.0602015712727589
corn_m5-starch,dkl__mae__multi,20,5,0.0858732338788422
corn_m5-starch,dkl__mae__multi,20,6,0.0738866624655553
corn_m5-starch,dkl__mae__multi,20,7,-0.1241672292570066
corn_m5-starch,dkl__mae__multi,20,8,0.0480091680311418
corn_m5-starch,dkl__mae__multi,20,9,-0.0022364988965242
diesel-BP50,dkl__mae__multi,5,0,-0.4101052121087325
diesel-BP50,dkl__mae__multi,5,1,-0.1689427983135782
diesel-BP50,dkl__mae__multi,5,2,0.0657545141923559
diesel-BP50,dkl__mae__multi,5,3,-0.6504960042611079
diesel-BP50,dkl__mae__multi,5,4,0.0093268991107019
diesel-BP50,dkl__mae__multi,5,5,-0.2945828898566232
diesel-BP50,dkl__mae__multi,5,6,-0.0439504930600673
diesel-BP50,dkl__mae__multi,5,7,-0.0053255259705546
diesel-BP50,dkl__mae__multi,5,8,-0.1259493329645655
diesel-BP50,dkl__mae__multi,5,9,-0.4572090062144816
diesel-BP50,dkl__mae__multi,10,0,-0.0565234847477031
diesel-BP50,dkl__mae__multi,10,1,0.0138518986121936
diesel-BP50,dkl__mae__multi,10,2,-0.0437499917349533
diesel-BP50,dkl__mae__multi,10,3,0.1366421008223804
diesel-BP50,dkl__mae__multi,10,4,-0.3714715815344387
diesel-BP50,dkl__mae__multi,10,5,0.0493653243033541
diesel-BP50,dkl__mae__multi,10,6,-0.0600154097910616
diesel-BP50,dkl__mae__multi,10,7,0.0619190228343851
diesel-BP50,dkl__mae__multi,10,8,0.1280894132421518
diesel-BP50,dkl__mae__multi,10,9,-0.0110106606251527
diesel-BP50,dkl__mae__multi,20,0,-0.1017462321307267
diesel-BP50,dkl__mae__multi,20,1,0.0834494652003817
diesel-BP50,dkl__mae__multi,20,2,-0.0639465778037384
diesel-BP50,dkl__mae__multi,20,3,0.0391898081349301
diesel-BP50,dkl__mae__multi,20,4,0.0826186356440571
diesel-BP50,dkl__mae__multi,20,5,0.2281243210331065
diesel-BP50,dkl__mae__multi,20,6,0.1375299495653774
diesel-BP50,dkl__mae__multi,20,7,0.1269367766921457
diesel-BP50,dkl__mae__multi,20,8,-0.010498640901386
diesel-BP50,dkl__mae__multi,20,9,-0.1297779184493259
diesel-CN,dkl__mae__multi,5,0,-0.1521609317651686
diesel-CN,dkl__mae__multi,5,1,-0.0070056560178615
diesel-CN,dkl__mae__multi,5,2,0.0079068319313656
diesel-CN,dkl__mae__multi,5,3,-0.2198456939932198
diesel-CN,dkl__mae__multi,5,4,0.036381991365877
diesel-CN,dkl__mae__multi,5,5,-0.7576633340745995
diesel-CN,dkl__mae__multi,5,6,-0.5798266568235602
diesel-CN,dkl__mae__multi,5,7,0.0029924695975939
diesel-CN,dkl__mae__multi,5,8,-0.1209653619167832
diesel-CN,dkl__mae__multi,5,9,0.0071664529040411
diesel-CN,dkl__mae__multi,10,0,-0.0066979025446627
diesel-CN,dkl__mae__multi,10,1,0.025777655675219
diesel-CN,dkl__mae__multi,10,2,-0.2386872028010267
diesel-CN,dkl__mae__multi,10,3,0.0119071081366847
diesel-CN,dkl__mae__multi,10,4,0.0199897462602677
diesel-CN,dkl__mae__multi,10,5,-0.0380336332886681
diesel-CN,dkl__mae__multi,10,6,-0.0520116701742046
diesel-CN,dkl__mae__multi,10,7,-0.0186080977520217
diesel-CN,dkl__mae__multi,10,8,-0.0075607524589633
diesel-CN,dkl__mae__multi,10,9,-0.0774857460935065
diesel-CN,dkl__mae__multi,20,0,0.0364927685843727
diesel-CN,dkl__mae__multi,20,1,-0.1452594912200069
diesel-CN,dkl__mae__multi,20,2,-0.0551256122909311
diesel-CN,dkl__mae__multi,20,3,-0.026938695738532
diesel-CN,dkl__mae__multi,20,4,-0.2863983655559907
diesel-CN,dkl__mae__multi,20,5,-0.1072155314025931
diesel-CN,dkl__mae__multi,20,6,0.0339820108530867
diesel-CN,dkl__mae__multi,20,7,-0.118770273882232
diesel-CN,dkl__mae__multi,20,8,-0.243798781035553
diesel-CN,dkl__mae__multi,20,9,0.0010932964814426
diesel-D4052,dkl__mae__multi,5,0,-0.9320778393338608
diesel-D4052,dkl__mae__multi,5,1,-0.3822754452255759
diesel-D4052,dkl__mae__multi,5,2,-0.9933042564318152
diesel-D4052,dkl__mae__multi,5,3,-0.1823971449162016
diesel-D4052,dkl__mae__multi,5,4,0.0272270212452121
diesel-D4052,dkl__mae__multi,5,5,0.1169955314706571
diesel-D4052,dkl__mae__multi,5,6,-0.6231162722927308
diesel-D4052,dkl__mae__multi,5,7,0.0614854196197145
diesel-D4052,dkl__mae__multi,5,8,-0.1828099242887806
diesel-D4052,dkl__mae__multi,5,9,0.0243952658739888
diesel-D4052,dkl__mae__multi,10,0,0.1654996534288147
diesel-D4052,dkl__mae__multi,10,1,0.1172074652317717
diesel-D4052,dkl__mae__multi,10,2,0.0464051563183122
diesel-D4052,dkl__mae__multi,10,3,0.2342570966191647
diesel-D4052,dkl__mae__multi,10,4,-0.201084321673908
diesel-D4052,dkl__mae__multi,10,5,0.0048696004241234
diesel-D4052,dkl__mae__multi,10,6,0.0015787777054488
diesel-D4052,dkl__mae__multi,10,7,0.0829614153486476
diesel-D4052,dkl__mae__multi,10,8,0.1281923642735454
diesel-D4052,dkl__mae__multi,10,9,-0.0075297930478075
diesel-D4052,dkl__mae__multi,20,0,0.266382933263804
diesel-D4052,dkl__mae__multi,20,1,0.1964575751688573
diesel-D4052,dkl__mae__multi,20,2,0.1628944888861579
diesel-D4052,dkl__mae__multi,20,3,0.1733828149904814
diesel-D4052,dkl__mae__multi,20,4,0.230649177971123
diesel-D4052,dkl__mae__multi,20,5,0.3318911734547534
diesel-D4052,dkl__mae__multi,20,6,0.1961694409298264
diesel-D4052,dkl__mae__multi,20,7,0.0386815931053523
diesel-D4052,dkl__mae__multi,20,8,0.2405936238157974
diesel-D4052,dkl__mae__multi,20,9,0.2886230183115181
diesel-FLASH,dkl__mae__multi,5,0,-0.4794114324240968
diesel-FLASH,dkl__mae__multi,5,1,-0.9799157904315968
diesel-FLASH,dkl__mae__multi,5,2,0.024219911839308
diesel-FLASH,dkl__mae__multi,5,3,-0.016066832492207
diesel-FLASH,dkl__mae__multi,5,4,-0.2859751767205198
diesel-FLASH,dkl__mae__multi,5,5,-0.813574875313184
diesel-FLASH,dkl__mae__multi,5,6,-0.1981925522428185
diesel-FLASH,dkl__mae__multi,5,7,-0.0005869265852298
diesel-FLASH,dkl__mae__multi,5,8,-0.0918041383885086
diesel-FLASH,dkl__mae__multi,5,9,-0.2345165937705398
diesel-FLASH,dkl__mae__multi,10,0,0.0056977848569548
diesel-FLASH,dkl__mae__multi,10,1,-0.1446030255606578
diesel-FLASH,dkl__mae__multi,10,2,-0.1081985985212219
diesel-FLASH,dkl__mae__multi,10,3,-0.0373297172496047
diesel-FLASH,dkl__mae__multi,10,4,-0.109046091289386
diesel-FLASH,dkl__mae__multi,10,5,0.0003745858115798
diesel-FLASH,dkl__mae__multi,10,6,-0.167254007171719
diesel-FLASH,dkl__mae__multi,10,7,-0.1121595441858287
diesel-FLASH,dkl__mae__multi,10,8,-0.0695133604146649
diesel-FLASH,dkl__mae__multi,10,9,-0.081750344065884
diesel-FLASH,dkl__mae__multi,20,0,-0.095014287695474
diesel-FLASH,dkl__mae__multi,20,1,-0.0737147140767255
diesel-FLASH,dkl__mae__multi,20,2,0.0006524534381009
diesel-FLASH,dkl__mae__multi,20,3,-0.0747597209390331
diesel-FLASH,dkl__mae__multi,20,4,0.0098325961067479
diesel-FLASH,dkl__mae__multi,20,5,-0.1210320251608882
diesel-FLASH,dkl__mae__multi,20,6,-0.3362765449837555
diesel-FLASH,dkl__mae__multi,20,7,-0.3236251251016946
diesel-FLASH,dkl__mae__multi,20,8,-0.1715223134559367
diesel-FLASH,dkl__mae__multi,20,9,-0.1747047788010065
diesel-FREEZE,dkl__mae__multi,5,0,0.0318833996338455
diesel-FREEZE,dkl__mae__multi,5,1,-0.1547814922996415
diesel-FREEZE,dkl__mae__multi,5,2,-0.1662253345213611
diesel-FREEZE,dkl__mae__multi,5,3,-0.1395013678311039
diesel-FREEZE,dkl__mae__multi,5,4,0.0090010500355878
diesel-FREEZE,dkl__mae__multi,5,5,-3.4299383273808037
diesel-FREEZE,dkl__mae__multi,5,6,-0.0619357611189135
diesel-FREEZE,dkl__mae__multi,5,7,-0.2162263593837321
diesel-FREEZE,dkl__mae__multi,5,8,0.01760340513876
diesel-FREEZE,dkl__mae__multi,5,9,-0.1412051456828547
diesel-FREEZE,dkl__mae__multi,10,0,0.0661950695939801
diesel-FREEZE,dkl__mae__multi,10,1,-0.0047167813424613
diesel-FREEZE,dkl__mae__multi,10,2,0.0082416801310787
diesel-FREEZE,dkl__mae__multi,10,3,0.1128538764806215
diesel-FREEZE,dkl__mae__multi,10,4,-0.2375613145685733
diesel-FREEZE,dkl__mae__multi,10,5,-0.1571640216757854
diesel-FREEZE,dkl__mae__multi,10,6,-0.0956189935629543
diesel-FREEZE,dkl__mae__multi,10,7,-0.009765516636107
diesel-FREEZE,dkl__mae__multi,10,8,0.0428054422652582
diesel-FREEZE,dkl__mae__multi,10,9,0.0116508348814823
diesel-FREEZE,dkl__mae__multi,20,0,0.0244553532828752
diesel-FREEZE,dkl__mae__multi,20,1,0.2107645359672841
diesel-FREEZE,dkl__mae__multi,20,2,-0.1094455964911846
diesel-FREEZE,dkl__mae__multi,20,3,0.0406319901354663
diesel-FREEZE,dkl__mae__multi,20,4,0.0453537534531168
diesel-FREEZE,dkl__mae__multi,20,5,-0.2606558154054035
diesel-FREEZE,dkl__mae__multi,20,6,0.1780995730331582
diesel-FREEZE,dkl__mae__multi,20,7,0.1200065752590063
diesel-FREEZE,dkl__mae__multi,20,8,0.2364725614367987
diesel-FREEZE,dkl__mae__multi,20,9,0.1345636793456002
diesel-TOTAL,dkl__mae__multi,5,0,-0.0504299261777199
diesel-TOTAL,dkl__mae__multi,5,1,0.0274110807629283
diesel-TOTAL,dkl__mae__multi,5,2,-0.0517643606798181
diesel-TOTAL,dkl__mae__multi,5,3,-0.0760492837348216
diesel-TOTAL,dkl__mae__multi,5,4,0.0328785512286073
diesel-TOTAL,dkl__mae__multi,5,5,0.1027649541723163
diesel-TOTAL,dkl__mae__multi,5,6,-0.0369190282201614
diesel-TOTAL,dkl__mae__multi,5,7,0.0846471826747901
diesel-TOTAL,dkl__mae__multi,5,8,-0.0061196770654325
diesel-TOTAL,dkl__mae__multi,5,9,-0.0128092648908939
diesel-TOTAL,dkl__mae__multi,10,0,0.0434968286913762
diesel-TOTAL,dkl__mae__multi,10,1,0.0135897669139669
diesel-TOTAL,dkl__mae__multi,10,2,-0.1283889694543576
diesel-TOTAL,dkl__mae__multi,10,3,0.0003990539814467
diesel-TOTAL,dkl__mae__multi,10,4,0.2180732878490238
diesel-TOTAL,dkl__mae__multi,10,5,-0.1560485635478632
diesel-TOTAL,dkl__mae__multi,10,6,-0.1974103787265526
diesel-TOTAL,dkl__mae__multi,10,7,-0.1829303705544445
diesel-TOTAL,dkl__mae__multi,10,8,0.3214522624693449
diesel-TOTAL,dkl__mae__multi,10,9,0.1616592594154733
diesel-TOTAL,dkl__mae__multi,20,0,0.0722572325699915
diesel-TOTAL,dkl__mae__multi,20,1,0.4666349513489926
diesel-TOTAL,dkl__mae__multi,20,2,0.2293811726438194
diesel-TOTAL,dkl__mae__multi,20,3,0.0528584763525019
diesel-TOTAL,dkl__mae__multi,20,4,0.2505611300088348
diesel-TOTAL,dkl__mae__multi,20,5,0.3674176245430777
diesel-TOTAL,dkl__mae__multi,20,6,0.4272341087580351
diesel-TOTAL,dkl__mae__multi,20,7,0.2606848458673552
diesel-TOTAL,dkl__mae__multi,20,8,0.4443845398303493
diesel-TOTAL,dkl__mae__multi,20,9,0.1900261773478128
diesel-VISC,dkl__mae__multi,5,0,-0.6512285461044041
diesel-VISC,dkl__mae__multi,5,1,-0.7534039433194544
diesel-VISC,dkl__mae__multi,5,2,0.036955358658906
diesel-VISC,dkl__mae__multi,5,3,0.0449830950289376
diesel-VISC,dkl__mae__multi,5,4,-0.3149182587320622
diesel-VISC,dkl__mae__multi,5,5,0.0732200456570834
diesel-VISC,dkl__mae__multi,5,6,-0.0454580976464384
diesel-VISC,dkl__mae__multi,5,7,-0.0626930694808545
diesel-VISC,dkl__mae__multi,5,8,-0.0004717307972799
diesel-VISC,dkl__mae__multi,5,9,-1.2807463164408612
diesel-VISC,dkl__mae__multi,10,0,0.015179436688444
diesel-VISC,dkl__mae__multi,10,1,0.0632601678796072
diesel-VISC,dkl__mae__multi,10,2,0.0098603373931319
diesel-VISC,dkl__mae__multi,10,3,0.0947734458479411
diesel-VISC,dkl__mae__multi,10,4,-0.2321518754474085
diesel-VISC,dkl__mae__multi,10,5,-0.0011627112190033
diesel-VISC,dkl__mae__multi,10,6,0.0242250777642982
diesel-VISC,dkl__mae__multi,10,7,-0.1318125749305077
diesel-VISC,dkl__mae__multi,10,8,-0.0671650893384097
diesel-VISC,dkl__mae__multi,10,9,-0.1075341774803384
diesel-VISC,dkl__mae__multi,20,0,0.1783679997825997
diesel-VISC,dkl__mae__multi,20,1,0.1980656822407343
diesel-VISC,dkl__mae__multi,20,2,0.0495436873050815
diesel-VISC,dkl__mae__multi,20,3,0.041811742602541
diesel-VISC,dkl__mae__multi,20,4,0.0945899233443128
diesel-VISC,dkl__mae__multi,20,5,0.0539343861175483
diesel-VISC,dkl__mae__multi,20,6,0.1285949558205386
diesel-VISC,dkl__mae__multi,20,7,-0.1034509481807888
diesel-VISC,dkl__mae__multi,20,8,-0.1558819128116677
diesel-VISC,dkl__mae__multi,20,9,0.1555305100411496
evoo-adulteration,dkl__mae__multi,5,0,-0.1976651978959254
evoo-adulteration,dkl__mae__multi,5,1,-0.0944120875351428
evoo-adulteration,dkl__mae__multi,5,2,-0.0329005378281828
evoo-adulteration,dkl__mae__multi,5,3,-0.1248251244272147
evoo-adulteration,dkl__mae__multi,5,4,-4.137423481842539e-05
evoo-adulteration,dkl__mae__multi,5,5,-1.0233584311353248
evoo-adulteration,dkl__mae__multi,5,6,-0.0355623189408007
evoo-adulteration,dkl__mae__multi,5,7,-0.6270530258874052
evoo-adulteration,dkl__mae__multi,5,8,-0.0021007806272594
evoo-adulteration,dkl__mae__multi,5,9,0.0006306346356258
evoo-adulteration,dkl__mae__multi,10,0,0.0014636072800542
evoo-adulteration,dkl__mae__multi,10,1,-0.0232597395090949
evoo-adulteration,dkl__mae__multi,10,2,-0.0048939934089615
evoo-adulteration,dkl__mae__multi,10,3,-0.3587594156376283
evoo-adulteration,dkl__mae__multi,10,4,-0.0474388494921727
evoo-adulteration,dkl__mae__multi,10,5,-0.7442020478874991
evoo-adulteration,dkl__mae__multi,10,6,-0.1128548584695514
evoo-adulteration,dkl__mae__multi,10,7,0.0039120736528469
evoo-adulteration,dkl__mae__multi,10,8,-0.0372129445121307
evoo-adulteration,dkl__mae__multi,10,9,-0.0427589016990757
evoo-adulteration,dkl__mae__multi,20,0,0.0049875346010214
evoo-adulteration,dkl__mae__multi,20,1,-0.09019093788232
evoo-adulteration,dkl__mae__multi,20,2,-0.0426965969934383
evoo-adulteration,dkl__mae__multi,20,3,-0.0007147615533584
evoo-adulteration,dkl__mae__multi,20,4,0.0020264775811184
evoo-adulteration,dkl__mae__multi,20,5,-0.2026999077025355
evoo-adulteration,dkl__mae__multi,20,6,-0.0495366898192255
evoo-adulteration,dkl__mae__multi,20,7,-0.0239098260259857
evoo-adulteration,dkl__mae__multi,20,8,-0.1121246174665557
evoo-adulteration,dkl__mae__multi,20,9,-0.008801078484879
gasoline-octane,dkl__mae__multi,5,0,-0.0433208075208162
gasoline-octane,dkl__mae__multi,5,1,-0.0680832136740894
gasoline-octane,dkl__mae__multi,5,2,-0.6717125163110369
gasoline-octane,dkl__mae__multi,5,3,-0.0243439672333654
gasoline-octane,dkl__mae__multi,5,4,0.1179087144176993
gasoline-octane,dkl__mae__multi,5,5,-0.1257380166313848
gasoline-octane,dkl__mae__multi,5,6,-0.4317561477918659
gasoline-octane,dkl__mae__multi,5,7,-0.3596527774622999
gasoline-octane,dkl__mae__multi,5,8,-1.1566317730047526
gasoline-octane,dkl__mae__multi,5,9,0.0479958605163844
gasoline-octane,dkl__mae__multi,10,0,0.0709967832246324
gasoline-octane,dkl__mae__multi,10,1,0.0947535655304582
gasoline-octane,dkl__mae__multi,10,2,0.12824876739351
gasoline-octane,dkl__mae__multi,10,3,0.0661533924500353
gasoline-octane,dkl__mae__multi,10,4,0.2228839655605351
gasoline-octane,dkl__mae__multi,10,5,0.109885406493554
gasoline-octane,dkl__mae__multi,10,6,0.1745289768590829
gasoline-octane,dkl__mae__multi,10,7,0.082469430745671
gasoline-octane,dkl__mae__multi,10,8,0.2353455748274778
gasoline-octane,dkl__mae__multi,10,9,0.0433137984963801
gasoline-octane,dkl__mae__multi,20,0,0.1993623450165417
gasoline-octane,dkl__mae__multi,20,1,0.3239267836121638
gasoline-octane,dkl__mae__multi,20,2,0.2555845822969201
gasoline-octane,dkl__mae__multi,20,3,0.4197324814882001
gasoline-octane,dkl__mae__multi,20,4,0.2954576027970202
gasoline-octane,dkl__mae__multi,20,5,0.2722673515577165
gasoline-octane,dkl__mae__multi,20,6,0.2258294753429204
gasoline-octane,dkl__mae__multi,20,7,0.2151794349118952
gasoline-octane,dkl__mae__multi,20,8,0.1317986093556167
gasoline-octane,dkl__mae__multi,20,9,0.1603159630276072
diesel-BP50,dkl__rand__multi,5,0,-0.4268259197917519
diesel-BP50,dkl__rand__multi,5,1,-0.1682920064532156
diesel-BP50,dkl__rand__multi,5,2,-0.0458725666807786
diesel-BP50,dkl__rand__multi,5,3,-0.6391110433392113
diesel-BP50,dkl__rand__multi,5,4,-0.0039481417346458
diesel-BP50,dkl__rand__multi,5,5,-0.3790663395588658
diesel-BP50,dkl__rand__multi,5,6,-0.0486482300433117
diesel-BP50,dkl__rand__multi,5,7,-0.0228400441049185
diesel-BP50,dkl__rand__multi,5,8,-0.1502294751451813
diesel-BP50,dkl__rand__multi,5,9,-0.4763963997919331
diesel-BP50,dkl__rand__multi,10,0,-0.0483600314395722
diesel-BP50,dkl__rand__multi,10,1,0.0035174589348583
diesel-BP50,dkl__rand__multi,10,2,-0.0421827548197248
diesel-BP50,dkl__rand__multi,10,3,-0.0013882608441548
diesel-BP50,dkl__rand__multi,10,4,-0.39002126085935
diesel-BP50,dkl__rand__multi,10,5,0.0053310300291909
diesel-BP50,dkl__rand__multi,10,6,-0.145095633383306
diesel-BP50,dkl__rand__multi,10,7,-0.0664102216847934
diesel-BP50,dkl__rand__multi,10,8,-0.0765387668638473
diesel-BP50,dkl__rand__multi,10,9,-0.0549575455562247
diesel-BP50,dkl__rand__multi,20,0,-0.1149818290371531
diesel-BP50,dkl__rand__multi,20,1,0.0421021579998358
diesel-BP50,dkl__rand__multi,20,2,-0.1098366945363584
diesel-BP50,dkl__rand__multi,20,3,0.0281155975401512
diesel-BP50,dkl__rand__multi,20,4,-0.0506952753445
diesel-BP50,dkl__rand__multi,20,5,0.0707647096118814
diesel-BP50,dkl__rand__multi,20,6,0.0273659105496204
diesel-BP50,dkl__rand__multi,20,7,-0.075627405147564
diesel-BP50,dkl__rand__multi,20,8,0.0235207184199156
diesel-BP50,dkl__rand__multi,20,9,-0.1692106166253706
diesel-CN,dkl__rand__multi,5,0,-0.1680911200490173
diesel-CN,dkl__rand__multi,5,1,-0.0140464918369815
diesel-CN,dkl__rand__multi,5,2,-0.0081439322204646
diesel-CN,dkl__rand__multi,5,3,-0.1424503164240524
diesel-CN,dkl__rand__multi,5,4,0.0300946675033493
diesel-CN,dkl__rand__multi,5,5,-0.682093920532161
diesel-CN,dkl__rand__multi,5,6,-0.5494481091006589
diesel-CN,dkl__rand__multi,5,7,0.0018718261223438
diesel-CN,dkl__rand__multi,5,8,-0.122574924956897
diesel-CN,dkl__rand__multi,5,9,0.0044704140496434
diesel-CN,dkl__rand__multi,10,0,-0.020089317787109
diesel-CN,dkl__rand__multi,10,1,0.0213873419732474
diesel-CN,dkl__rand__multi,10,2,-0.2934531623006686
diesel-CN,dkl__rand__multi,10,3,0.0011689980046306
diesel-CN,dkl__rand__multi,10,4,0.0052237520626149
diesel-CN,dkl__rand__multi,10,5,-0.0133441143293127
diesel-CN,dkl__rand__multi,10,6,-0.0176153115269979
diesel-CN,dkl__rand__multi,10,7,0.044404408900135
diesel-CN,dkl__rand__multi,10,8,0.0181158896739288
diesel-CN,dkl__rand__multi,10,9,-0.1006799444933761
diesel-CN,dkl__rand__multi,20,0,0.0402923575111359
diesel-CN,dkl__rand__multi,20,1,-0.1587171930503184
diesel-CN,dkl__rand__multi,20,2,-0.0457782829331281
diesel-CN,dkl__rand__multi,20,3,0.04028741236913
diesel-CN,dkl__rand__multi,20,4,-0.1905313830817345
diesel-CN,dkl__rand__multi,20,5,-0.2436210600843855
diesel-CN,dkl__rand__multi,20,6,0.0387745301399476
diesel-CN,dkl__rand__multi,20,7,-0.0813474623544667
diesel-CN,dkl__rand__multi,20,8,-0.2084547222012629
diesel-CN,dkl__rand__multi,20,9,-0.0116524742805896
diesel-D4052,dkl__rand__multi,5,0,-0.8347630601707103
diesel-D4052,dkl__rand__multi,5,1,-0.3971239231340304
diesel-D4052,dkl__rand__multi,5,2,-1.004559957864828
diesel-D4052,dkl__rand__multi,5,3,-0.1961359799478996
diesel-D4052,dkl__rand__multi,5,4,0.0194261074217614
diesel-D4052,dkl__rand__multi,5,5,0.0839368381631806
diesel-D4052,dkl__rand__multi,5,6,-0.6399639387406204
diesel-D4052,dkl__rand__multi,5,7,0.0765917766435227
diesel-D4052,dkl__rand__multi,5,8,-0.1566120382483347
diesel-D4052,dkl__rand__multi,5,9,0.019504496226643
diesel-D4052,dkl__rand__multi,10,0,0.0034726609992455
diesel-D4052,dkl__rand__multi,10,1,0.1199258907566406
diesel-D4052,dkl__rand__multi,10,2,-0.0804511282048796
diesel-D4052,dkl__rand__multi,10,3,0.153451022948952
diesel-D4052,dkl__rand__multi,10,4,-0.1856563854029396
diesel-D4052,dkl__rand__multi,10,5,0.0062149787274476
diesel-D4052,dkl__rand__multi,10,6,-0.0672358394738228
diesel-D4052,dkl__rand__multi,10,7,0.0410210957676173
diesel-D4052,dkl__rand__multi,10,8,0.0854620426091382
diesel-D4052,dkl__rand__multi,10,9,-0.0198788620629897
diesel-D4052,dkl__rand__multi,20,0,0.1703042671361616
diesel-D4052,dkl__rand__multi,20,1,0.0404321235180511
diesel-D4052,dkl__rand__multi,20,2,0.1072195373979777
diesel-D4052,dkl__rand__multi,20,3,0.0668920068989841
diesel-D4052,dkl__rand__multi,20,4,0.2016583247562001
diesel-D4052,dkl__rand__multi,20,5,0.185082659462535
diesel-D4052,dkl__rand__multi,20,6,0.1970500148627912
diesel-D4052,dkl__rand__multi,20,7,0.0144485706329521
diesel-D4052,dkl__rand__multi,20,8,0.1207758876835117
diesel-D4052,dkl__rand__multi,20,9,0.1493278764818628
diesel-FLASH,dkl__rand__multi,5,0,-0.5673645287046944
diesel-FLASH,dkl__rand__multi,5,1,-0.9833911104726016
diesel-FLASH,dkl__rand__multi,5,2,-0.075404038148634
diesel-FLASH,dkl__rand__multi,5,3,-0.0182774195798387
diesel-FLASH,dkl__rand__multi,5,4,-0.2879651521250923
diesel-FLASH,dkl__rand__multi,5,5,-0.8548865880017582
diesel-FLASH,dkl__rand__multi,5,6,-0.2029298832249277
diesel-FLASH,dkl__rand__multi,5,7,-0.1909000281704982
diesel-FLASH,dkl__rand__multi,5,8,-0.0992653380887296
diesel-FLASH,dkl__rand__multi,5,9,-0.2529731162169786
diesel-FLASH,dkl__rand__multi,10,0,-0.023425739606055
diesel-FLASH,dkl__rand__multi,10,1,-0.0909345687980116
diesel-FLASH,dkl__rand__multi,10,2,-0.194524147232272
diesel-FLASH,dkl__rand__multi,10,3,-0.0983989225757941
diesel-FLASH,dkl__rand__multi,10,4,-0.0638380638674431
diesel-FLASH,dkl__rand__multi,10,5,-0.0357243589240943
diesel-FLASH,dkl__rand__multi,10,6,-0.1717343035935616
diesel-FLASH,dkl__rand__multi,10,7,-0.3290242497773512
diesel-FLASH,dkl__rand__multi,10,8,-0.2286359847474897
diesel-FLASH,dkl__rand__multi,10,9,-0.0984668177106582
diesel-FLASH,dkl__rand__multi,20,0,-0.1968899571792963
diesel-FLASH,dkl__rand__multi,20,1,-0.0530460810194406
diesel-FLASH,dkl__rand__multi,20,2,-0.0533121097092945
diesel-FLASH,dkl__rand__multi,20,3,-0.0342476168503345
diesel-FLASH,dkl__rand__multi,20,4,-0.000805071454035
diesel-FLASH,dkl__rand__multi,20,5,-0.1919071265122212
diesel-FLASH,dkl__rand__multi,20,6,-0.3939852648554489
diesel-FLASH,dkl__rand__multi,20,7,-0.3668291734017626
diesel-FLASH,dkl__rand__multi,20,8,-0.1126166593040629
diesel-FLASH,dkl__rand__multi,20,9,-0.2491297965305743
diesel-FREEZE,dkl__rand__multi,5,0,-0.1099454250847153
diesel-FREEZE,dkl__rand__multi,5,1,-0.1656002187925784
diesel-FREEZE,dkl__rand__multi,5,2,-0.1718258610088789
diesel-FREEZE,dkl__rand__multi,5,3,-0.1347560301928423
diesel-FREEZE,dkl__rand__multi,5,4,0.0043919645859437
diesel-FREEZE,dkl__rand__multi,5,5,-3.562777657616228
diesel-FREEZE,dkl__rand__multi,5,6,-0.063004762216954
diesel-FREEZE,dkl__rand__multi,5,7,-0.2125474049159605
diesel-FREEZE,dkl__rand__multi,5,8,-0.005152689057875
diesel-FREEZE,dkl__rand__multi,5,9,-0.1379929296487871
diesel-FREEZE,dkl__rand__multi,10,0,0.0035009339506588
diesel-FREEZE,dkl__rand__multi,10,1,-0.0669160642454245
diesel-FREEZE,dkl__rand__multi,10,2,-0.0198857370236069
diesel-FREEZE,dkl__rand__multi,10,3,-0.0300675612057732
diesel-FREEZE,dkl__rand__multi,10,4,-0.2510721229238548
diesel-FREEZE,dkl__rand__multi,10,5,-0.1680569698501917
diesel-FREEZE,dkl__rand__multi,10,6,-0.1026896217012958
diesel-FREEZE,dkl__rand__multi,10,7,-0.0109968533465436
diesel-FREEZE,dkl__rand__multi,10,8,-0.0832527038779835
diesel-FREEZE,dkl__rand__multi,10,9,0.0059478535100433
diesel-FREEZE,dkl__rand__multi,20,0,-0.0258685295354572
diesel-FREEZE,dkl__rand__multi,20,1,0.0137063079349448
diesel-FREEZE,dkl__rand__multi,20,2,-0.1219880104465478
diesel-FREEZE,dkl__rand__multi,20,3,-0.0077290964467213
diesel-FREEZE,dkl__rand__multi,20,4,0.0148602473538551
diesel-FREEZE,dkl__rand__multi,20,5,-0.7948982748240487
diesel-FREEZE,dkl__rand__multi,20,6,-0.1250109269101971
diesel-FREEZE,dkl__rand__multi,20,7,-0.0663196139151498
diesel-FREEZE,dkl__rand__multi,20,8,-0.0588867258058183
diesel-FREEZE,dkl__rand__multi,20,9,-0.160999065295776
diesel-TOTAL,dkl__rand__multi,5,0,-0.0217772567187246
diesel-TOTAL,dkl__rand__multi,5,1,0.0334308456328614
diesel-TOTAL,dkl__rand__multi,5,2,-0.0197144730437062
diesel-TOTAL,dkl__rand__multi,5,3,-0.1268903240512475
diesel-TOTAL,dkl__rand__multi,5,4,0.0865488030842346
diesel-TOTAL,dkl__rand__multi,5,5,0.0672422413281103
diesel-TOTAL,dkl__rand__multi,5,6,-0.0366821940970896
diesel-TOTAL,dkl__rand__multi,5,7,0.0955460601492588
diesel-TOTAL,dkl__rand__multi,5,8,-0.0026293908994592
diesel-TOTAL,dkl__rand__multi,5,9,-0.0124597842699978
diesel-TOTAL,dkl__rand__multi,10,0,0.0205942246105191
diesel-TOTAL,dkl__rand__multi,10,1,0.0079473798465522
diesel-TOTAL,dkl__rand__multi,10,2,-0.1330739716113667
diesel-TOTAL,dkl__rand__multi,10,3,-0.0127625464413645
diesel-TOTAL,dkl__rand__multi,10,4,0.2034671262916055
diesel-TOTAL,dkl__rand__multi,10,5,-0.2431464122635227
diesel-TOTAL,dkl__rand__multi,10,6,-0.1855504237464398
diesel-TOTAL,dkl__rand__multi,10,7,-0.1832884667964747
diesel-TOTAL,dkl__rand__multi,10,8,0.3415912208291826
diesel-TOTAL,dkl__rand__multi,10,9,0.1857005243566374
diesel-TOTAL,dkl__rand__multi,20,0,0.0800906638540867
diesel-TOTAL,dkl__rand__multi,20,1,0.3939768298062943
diesel-TOTAL,dkl__rand__multi,20,2,0.2645090583834424
diesel-TOTAL,dkl__rand__multi,20,3,0.0557188008769685
diesel-TOTAL,dkl__rand__multi,20,4,0.3197486779150944
diesel-TOTAL,dkl__rand__multi,20,5,0.365557619843977
diesel-TOTAL,dkl__rand__multi,20,6,0.4627407915351614
diesel-TOTAL,dkl__rand__multi,20,7,0.3182974407442936
diesel-TOTAL,dkl__rand__multi,20,8,0.3905891799478022
diesel-TOTAL,dkl__rand__multi,20,9,0.1765875729597331
diesel-VISC,dkl__rand__multi,5,0,-0.8210950740250633
diesel-VISC,dkl__rand__multi,5,1,-0.7395248716005434
diesel-VISC,dkl__rand__multi,5,2,0.0298168706631702
diesel-VISC,dkl__rand__multi,5,3,-0.1696045546677231
diesel-VISC,dkl__rand__multi,5,4,-0.3384060218823597
diesel-VISC,dkl__rand__multi,5,5,-0.0108433225669823
diesel-VISC,dkl__rand__multi,5,6,-0.0581669050199087
diesel-VISC,dkl__rand__multi,5,7,-0.1333452076533039
diesel-VISC,dkl__rand__multi,5,8,-0.009168219050933
diesel-VISC,dkl__rand__multi,5,9,-1.2445255892440703
diesel-VISC,dkl__rand__multi,10,0,-0.1283943420588391
diesel-VISC,dkl__rand__multi,10,1,-0.0018530674436001
diesel-VISC,dkl__rand__multi,10,2,0.008323816484825
diesel-VISC,dkl__rand__multi,10,3,0.019871572904566
diesel-VISC,dkl__rand__multi,10,4,-0.2499419690045234
diesel-VISC,dkl__rand__multi,10,5,-0.0107103656954101
diesel-VISC,dkl__rand__multi,10,6,-0.0493982030765707
diesel-VISC,dkl__rand__multi,10,7,-0.1878699444137901
diesel-VISC,dkl__rand__multi,10,8,-0.345589361545783
diesel-VISC,dkl__rand__multi,10,9,-0.0897349522448329
diesel-VISC,dkl__rand__multi,20,0,0.0914457860236435
diesel-VISC,dkl__rand__multi,20,1,0.0813098993397311
diesel-VISC,dkl__rand__multi,20,2,-0.0775444173503214
diesel-VISC,dkl__rand__multi,20,3,0.0230604497149815
diesel-VISC,dkl__rand__multi,20,4,-0.0554893601926742
diesel-VISC,dkl__rand__multi,20,5,-0.0391775203819679
diesel-VISC,dkl__rand__multi,20,6,0.0249989813196879
diesel-VISC,dkl__rand__multi,20,7,-0.2865229887084288
diesel-VISC,dkl__rand__multi,20,8,-0.1699578060588897
diesel-VISC,dkl__rand__multi,20,9,0.0645722777169042
gasoline-octane,dkl__rand__multi,5,0,0.0141445663708762
gasoline-octane,dkl__rand__multi,5,1,-0.0921930497074501
gasoline-octane,dkl__rand__multi,5,2,-0.6030082580711458
gasoline-octane,dkl__rand__multi,5,3,0.000708496913821
gasoline-octane,dkl__rand__multi,5,4,0.123443862398371
gasoline-octane,dkl__rand__multi,5,5,-0.1565890367519669
gasoline-octane,dkl__rand__multi,5,6,-0.4278102219327155
gasoline-octane,dkl__rand__multi,5,7,-0.3904309810933151
gasoline-octane,dkl__rand__multi,5,8,-1.142750495467733
gasoline-octane,dkl__rand__multi,5,9,0.0489702151413684
gasoline-octane,dkl__rand__multi,10,0,0.1074288156897752
gasoline-octane,dkl__rand__multi,10,1,0.0899762265798674
gasoline-octane,dkl__rand__multi,10,2,0.069636480324412
gasoline-octane,dkl__rand__multi,10,3,0.0540921952497003
gasoline-octane,dkl__rand__multi,10,4,0.2420296462332534
gasoline-octane,dkl__rand__multi,10,5,0.0857814652997001
gasoline-octane,dkl__rand__multi,10,6,0.1992852391142954
gasoline-octane,dkl__rand__multi,10,7,0.1523830297082302
gasoline-octane,dkl__rand__multi,10,8,0.1999931359251835
gasoline-octane,dkl__rand__multi,10,9,0.0382734521953076
gasoline-octane,dkl__rand__multi,20,0,0.2606184312879904
gasoline-octane,dkl__rand__multi,20,1,0.3412740373444782
gasoline-octane,dkl__rand__multi,20,2,0.2087757756153548
gasoline-octane,dkl__rand__multi,20,3,0.4234102083965227
gasoline-octane,dkl__rand__multi,20,4,0.3430504466652377
gasoline-octane,dkl__rand__multi,20,5,0.3113718333585277
gasoline-octane,dkl__rand__multi,20,6,0.2772314446631391
gasoline-octane,dkl__rand__multi,20,7,0.2426743383709081
gasoline-octane,dkl__rand__multi,20,8,0.1198798268892487
gasoline-octane,dkl__rand__multi,20,9,0.1953666391267846
diesel-BP50,fomaml__mae__multi,5,0,-8.283655158531829
diesel-BP50,fomaml__mae__multi,5,1,-0.5203553341390617
diesel-BP50,fomaml__mae__multi,5,2,-3.3454724796646094
diesel-BP50,fomaml__mae__multi,5,3,-1.335038564844988
diesel-BP50,fomaml__mae__multi,5,4,-2.0195742789622795
diesel-BP50,fomaml__mae__multi,5,5,-8.277044566808767
diesel-BP50,fomaml__mae__multi,5,6,-0.8903339109202026
diesel-BP50,fomaml__mae__multi,5,7,-3.329547964792693
diesel-BP50,fomaml__mae__multi,5,8,-4.262432088410093
diesel-BP50,fomaml__mae__multi,5,9,-4.052355049779265
diesel-BP50,fomaml__mae__multi,10,0,-4.889257292892719
diesel-BP50,fomaml__mae__multi,10,1,-2.245084377423449
diesel-BP50,fomaml__mae__multi,10,2,-5.195478435883336
diesel-BP50,fomaml__mae__multi,10,3,-1.5199560843649451
diesel-BP50,fomaml__mae__multi,10,4,-0.9614954504024008
diesel-BP50,fomaml__mae__multi,10,5,-2.292861943199376
diesel-BP50,fomaml__mae__multi,10,6,-5.132870106393214
diesel-BP50,fomaml__mae__multi,10,7,-3.9245796859995297
diesel-BP50,fomaml__mae__multi,10,8,-2.705264672126241
diesel-BP50,fomaml__mae__multi,10,9,-1.1605481565100582
diesel-BP50,fomaml__mae__multi,20,0,-0.2240408934927087
diesel-BP50,fomaml__mae__multi,20,1,-0.7079345796023091
diesel-BP50,fomaml__mae__multi,20,2,-1.05529102644198
diesel-BP50,fomaml__mae__multi,20,3,-0.7541101775292625
diesel-BP50,fomaml__mae__multi,20,4,-1.241982693868798
diesel-BP50,fomaml__mae__multi,20,5,-0.512776419475206
diesel-BP50,fomaml__mae__multi,20,6,-1.6450436334507148
diesel-BP50,fomaml__mae__multi,20,7,-1.2879498616551328
diesel-BP50,fomaml__mae__multi,20,8,-0.5904602883200114
diesel-BP50,fomaml__mae__multi,20,9,-0.983708366966936
diesel-CN,fomaml__mae__multi,5,0,-0.8551457158181066
diesel-CN,fomaml__mae__multi,5,1,-5.907171239719098
diesel-CN,fomaml__mae__multi,5,2,-4.903690635164876
diesel-CN,fomaml__mae__multi,5,3,-0.0355361336512947
diesel-CN,fomaml__mae__multi,5,4,-1.1225249109248252
diesel-CN,fomaml__mae__multi,5,5,-1.8461486415481128
diesel-CN,fomaml__mae__multi,5,6,-2.401007991378885
diesel-CN,fomaml__mae__multi,5,7,-1.0971657560375787
diesel-CN,fomaml__mae__multi,5,8,-2.7848754567879803
diesel-CN,fomaml__mae__multi,5,9,-0.4114564074798612
diesel-CN,fomaml__mae__multi,10,0,-1.3698522679028668
diesel-CN,fomaml__mae__multi,10,1,-2.0489490428151984
diesel-CN,fomaml__mae__multi,10,2,-0.499912534522196
diesel-CN,fomaml__mae__multi,10,3,-0.1501552968734563
diesel-CN,fomaml__mae__multi,10,4,-0.3176894031858464
diesel-CN,fomaml__mae__multi,10,5,-0.1839668665514533
diesel-CN,fomaml__mae__multi,10,6,-2.326400234741931
diesel-CN,fomaml__mae__multi,10,7,-0.5572719656862866
diesel-CN,fomaml__mae__multi,10,8,-0.6407501321799114
diesel-CN,fomaml__mae__multi,10,9,-0.7127301731048679
diesel-CN,fomaml__mae__multi,20,0,-2.21788967117258
diesel-CN,fomaml__mae__multi,20,1,-0.244835186691557
diesel-CN,fomaml__mae__multi,20,2,-0.214406356383471
diesel-CN,fomaml__mae__multi,20,3,-0.2003977728227075
diesel-CN,fomaml__mae__multi,20,4,-0.992591756236768
diesel-CN,fomaml__mae__multi,20,5,-0.1885566549778687
diesel-CN,fomaml__mae__multi,20,6,-1.4815570679000216
diesel-CN,fomaml__mae__multi,20,7,0.0440503212593106
diesel-CN,fomaml__mae__multi,20,8,-0.4789459336631148
diesel-CN,fomaml__mae__multi,20,9,0.11351896651985
diesel-D4052,fomaml__mae__multi,5,0,-8.159714083266726
diesel-D4052,fomaml__mae__multi,5,1,-6.512818805315376
diesel-D4052,fomaml__mae__multi,5,2,-4.725778675096849
diesel-D4052,fomaml__mae__multi,5,3,-1.7740502660355708
diesel-D4052,fomaml__mae__multi,5,4,-0.3983425827732874
diesel-D4052,fomaml__mae__multi,5,5,-6.162282761547899
diesel-D4052,fomaml__mae__multi,5,6,-9.8149550212044
diesel-D4052,fomaml__mae__multi,5,7,-6.76690584464959
diesel-D4052,fomaml__mae__multi,5,8,-1.2670961469629138
diesel-D4052,fomaml__mae__multi,5,9,-1.226652952339205
diesel-D4052,fomaml__mae__multi,10,0,-3.088637862185533
diesel-D4052,fomaml__mae__multi,10,1,-2.0393984268104486
diesel-D4052,fomaml__mae__multi,10,2,-2.3467768468401298
diesel-D4052,fomaml__mae__multi,10,3,-3.14303645816205
diesel-D4052,fomaml__mae__multi,10,4,-0.4848170621176124
diesel-D4052,fomaml__mae__multi,10,5,-0.2597815140586927
diesel-D4052,fomaml__mae__multi,10,6,-1.0005177871999549
diesel-D4052,fomaml__mae__multi,10,7,-3.7968524135655
diesel-D4052,fomaml__mae__multi,10,8,-1.359941100240131
diesel-D4052,fomaml__mae__multi,10,9,-0.4179846339283315
diesel-D4052,fomaml__mae__multi,20,0,-2.588288854357001
diesel-D4052,fomaml__mae__multi,20,1,-0.1213294964851297
diesel-D4052,fomaml__mae__multi,20,2,-1.4650415527938834
diesel-D4052,fomaml__mae__multi,20,3,-1.19775140375448
diesel-D4052,fomaml__mae__multi,20,4,-0.6863323777327142
diesel-D4052,fomaml__mae__multi,20,5,-0.9276652703167664
diesel-D4052,fomaml__mae__multi,20,6,-4.675284835847868
diesel-D4052,fomaml__mae__multi,20,7,-0.8274009212867388
diesel-D4052,fomaml__mae__multi,20,8,0.0352491970438668
diesel-D4052,fomaml__mae__multi,20,9,-0.5454467836885712
diesel-FLASH,fomaml__mae__multi,5,0,-1.1911416029925013
diesel-FLASH,fomaml__mae__multi,5,1,-1.0390222185282414
diesel-FLASH,fomaml__mae__multi,5,2,-7.902301902739316
diesel-FLASH,fomaml__mae__multi,5,3,-2.2786222525279096
diesel-FLASH,fomaml__mae__multi,5,4,-42.83049508079623
diesel-FLASH,fomaml__mae__multi,5,5,-4.02698315068998
diesel-FLASH,fomaml__mae__multi,5,6,-0.8388130580706319
diesel-FLASH,fomaml__mae__multi,5,7,-7.688434711406963
diesel-FLASH,fomaml__mae__multi,5,8,-8.130752763527079
diesel-FLASH,fomaml__mae__multi,5,9,-7.64677250855827
diesel-FLASH,fomaml__mae__multi,10,0,-0.4870817058662409
diesel-FLASH,fomaml__mae__multi,10,1,-1.0082251504682609
diesel-FLASH,fomaml__mae__multi,10,2,-2.873700445518086
diesel-FLASH,fomaml__mae__multi,10,3,-2.133409022583701
diesel-FLASH,fomaml__mae__multi,10,4,-0.4073681164927694
diesel-FLASH,fomaml__mae__multi,10,5,-12.63151862578326
diesel-FLASH,fomaml__mae__multi,10,6,-2.242240503883279
diesel-FLASH,fomaml__mae__multi,10,7,-2.9882195440401174
diesel-FLASH,fomaml__mae__multi,10,8,-11.660692491644175
diesel-FLASH,fomaml__mae__multi,10,9,-0.8232151536042793
diesel-FLASH,fomaml__mae__multi,20,0,-0.8374361764428857
diesel-FLASH,fomaml__mae__multi,20,1,-2.682093677533269
diesel-FLASH,fomaml__mae__multi,20,2,-0.7483594572978645
diesel-FLASH,fomaml__mae__multi,20,3,-0.4958889904429642
diesel-FLASH,fomaml__mae__multi,20,4,-0.6346133063342776
diesel-FLASH,fomaml__mae__multi,20,5,-0.9982673109165072
diesel-FLASH,fomaml__mae__multi,20,6,-0.7476307630633845
diesel-FLASH,fomaml__mae__multi,20,7,-1.090500036078081
diesel-FLASH,fomaml__mae__multi,20,8,-0.5032996661243487
diesel-FLASH,fomaml__mae__multi,20,9,-1.40076784381872
diesel-FREEZE,fomaml__mae__multi,5,0,-9.92554002162618
diesel-FREEZE,fomaml__mae__multi,5,1,-6.670092216733109
diesel-FREEZE,fomaml__mae__multi,5,2,-0.3453138825507038
diesel-FREEZE,fomaml__mae__multi,5,3,-0.3364215597339675
diesel-FREEZE,fomaml__mae__multi,5,4,-1.682609656763194
diesel-FREEZE,fomaml__mae__multi,5,5,-25.251755806387575
diesel-FREEZE,fomaml__mae__multi,5,6,-0.3729968938255694
diesel-FREEZE,fomaml__mae__multi,5,7,-0.8369209321026283
diesel-FREEZE,fomaml__mae__multi,5,8,-1.2668274772947925
diesel-FREEZE,fomaml__mae__multi,5,9,-0.3691886636395007
diesel-FREEZE,fomaml__mae__multi,10,0,-1.019559689445075
diesel-FREEZE,fomaml__mae__multi,10,1,-1.7891375656318806
diesel-FREEZE,fomaml__mae__multi,10,2,-3.1781418277421576
diesel-FREEZE,fomaml__mae__multi,10,3,-3.086861480914143
diesel-FREEZE,fomaml__mae__multi,10,4,-0.4639365176039467
diesel-FREEZE,fomaml__mae__multi,10,5,-0.5767829347944815
diesel-FREEZE,fomaml__mae__multi,10,6,-0.641760043640611
diesel-FREEZE,fomaml__mae__multi,10,7,-0.7430198095618379
diesel-FREEZE,fomaml__mae__multi,10,8,-1.965100712688482
diesel-FREEZE,fomaml__mae__multi,10,9,-3.131080392769033
diesel-FREEZE,fomaml__mae__multi,20,0,-0.0698795740802256
diesel-FREEZE,fomaml__mae__multi,20,1,-0.0205685427718687
diesel-FREEZE,fomaml__mae__multi,20,2,-0.3808514530174529
diesel-FREEZE,fomaml__mae__multi,20,3,-0.2926710502733491
diesel-FREEZE,fomaml__mae__multi,20,4,-1.2904638600983152
diesel-FREEZE,fomaml__mae__multi,20,5,-2.524856288790403
diesel-FREEZE,fomaml__mae__multi,20,6,-1.7652268576602417
diesel-FREEZE,fomaml__mae__multi,20,7,-0.9585306414647858
diesel-FREEZE,fomaml__mae__multi,20,8,-2.157007773918383
diesel-FREEZE,fomaml__mae__multi,20,9,-0.0967659997793841
diesel-TOTAL,fomaml__mae__multi,5,0,0.3181162919587389
diesel-TOTAL,fomaml__mae__multi,5,1,-2.565128059600704
diesel-TOTAL,fomaml__mae__multi,5,2,-5.3858444552655
diesel-TOTAL,fomaml__mae__multi,5,3,-2.413377209163745
diesel-TOTAL,fomaml__mae__multi,5,4,-1.703157558411703
diesel-TOTAL,fomaml__mae__multi,5,5,-1.919990183087428
diesel-TOTAL,fomaml__mae__multi,5,6,-7.621793997160001
diesel-TOTAL,fomaml__mae__multi,5,7,-1.062795207686304
diesel-TOTAL,fomaml__mae__multi,5,8,-3.124096076231404
diesel-TOTAL,fomaml__mae__multi,5,9,-9.764734157561197
diesel-TOTAL,fomaml__mae__multi,10,0,-3.258677683916762
diesel-TOTAL,fomaml__mae__multi,10,1,-0.9806898362840608
diesel-TOTAL,fomaml__mae__multi,10,2,-1.1804083485120276
diesel-TOTAL,fomaml__mae__multi,10,3,-10.990717122662849
diesel-TOTAL,fomaml__mae__multi,10,4,-0.2043233977472991
diesel-TOTAL,fomaml__mae__multi,10,5,-1.078481649472162
diesel-TOTAL,fomaml__mae__multi,10,6,-2.094387292423805
diesel-TOTAL,fomaml__mae__multi,10,7,-0.637283150485868
diesel-TOTAL,fomaml__mae__multi,10,8,-1.9883444475063896
diesel-TOTAL,fomaml__mae__multi,10,9,-0.5830657532702237
diesel-TOTAL,fomaml__mae__multi,20,0,-0.6935406926037715
diesel-TOTAL,fomaml__mae__multi,20,1,0.6086847914181006
diesel-TOTAL,fomaml__mae__multi,20,2,-1.5143963969972742
diesel-TOTAL,fomaml__mae__multi,20,3,-0.0241932943252578
diesel-TOTAL,fomaml__mae__multi,20,4,-1.454250136237842
diesel-TOTAL,fomaml__mae__multi,20,5,-0.6371826497308082
diesel-TOTAL,fomaml__mae__multi,20,6,-0.3039860849805655
diesel-TOTAL,fomaml__mae__multi,20,7,-0.2570589041388507
diesel-TOTAL,fomaml__mae__multi,20,8,0.3389875260931776
diesel-TOTAL,fomaml__mae__multi,20,9,-1.1971430226371615
diesel-VISC,fomaml__mae__multi,5,0,-11.732461573861976
diesel-VISC,fomaml__mae__multi,5,1,-10.790605751731423
diesel-VISC,fomaml__mae__multi,5,2,-8.581443197034949
diesel-VISC,fomaml__mae__multi,5,3,-1.1395848657947931
diesel-VISC,fomaml__mae__multi,5,4,-5.573048433214111
diesel-VISC,fomaml__mae__multi,5,5,-7.674750325768164
diesel-VISC,fomaml__mae__multi,5,6,-1.659533754707688
diesel-VISC,fomaml__mae__multi,5,7,-8.960169871959971
diesel-VISC,fomaml__mae__multi,5,8,-4.374918568331346
diesel-VISC,fomaml__mae__multi,5,9,-5.3802571956786105
diesel-VISC,fomaml__mae__multi,10,0,-3.0854512738812776
diesel-VISC,fomaml__mae__multi,10,1,-1.0870035698408185
diesel-VISC,fomaml__mae__multi,10,2,-0.859959497680757
diesel-VISC,fomaml__mae__multi,10,3,-7.23914467474969
diesel-VISC,fomaml__mae__multi,10,4,-1.0836176654065146
diesel-VISC,fomaml__mae__multi,10,5,-2.927268061719029
diesel-VISC,fomaml__mae__multi,10,6,-7.005259229676101
diesel-VISC,fomaml__mae__multi,10,7,-3.965373558651601
diesel-VISC,fomaml__mae__multi,10,8,-1.3742838860224809
diesel-VISC,fomaml__mae__multi,10,9,-2.246565476682941
diesel-VISC,fomaml__mae__multi,20,0,-1.5687046204813342
diesel-VISC,fomaml__mae__multi,20,1,-0.0449240722356665
diesel-VISC,fomaml__mae__multi,20,2,-1.0868424735587343
diesel-VISC,fomaml__mae__multi,20,3,-0.4135946086541457
diesel-VISC,fomaml__mae__multi,20,4,-1.2366249134140626
diesel-VISC,fomaml__mae__multi,20,5,-1.1960544787658938
diesel-VISC,fomaml__mae__multi,20,6,-2.2365433539389965
diesel-VISC,fomaml__mae__multi,20,7,-3.651710093830598
diesel-VISC,fomaml__mae__multi,20,8,-0.5730643421981019
diesel-VISC,fomaml__mae__multi,20,9,-0.9795536165050488
gasoline-octane,fomaml__mae__multi,5,0,-1.100412038048002
gasoline-octane,fomaml__mae__multi,5,1,-0.1517703076729
gasoline-octane,fomaml__mae__multi,5,2,-0.5400838342921392
gasoline-octane,fomaml__mae__multi,5,3,0.7929710911997772
gasoline-octane,fomaml__mae__multi,5,4,0.3085319689771785
gasoline-octane,fomaml__mae__multi,5,5,-0.3544242543117231
gasoline-octane,fomaml__mae__multi,5,6,0.5526338618454532
gasoline-octane,fomaml__mae__multi,5,7,-0.503757147338451
gasoline-octane,fomaml__mae__multi,5,8,-0.688683466371502
gasoline-octane,fomaml__mae__multi,5,9,0.7070108113699098
gasoline-octane,fomaml__mae__multi,10,0,0.4997142749431259
gasoline-octane,fomaml__mae__multi,10,1,-0.1930774456907369
gasoline-octane,fomaml__mae__multi,10,2,-1.1510194507483489
gasoline-octane,fomaml__mae__multi,10,3,-0.1332002609932263
gasoline-octane,fomaml__mae__multi,10,4,0.7695865350560428
gasoline-octane,fomaml__mae__multi,10,5,0.1860391562950684
gasoline-octane,fomaml__mae__multi,10,6,0.2346575133023275
gasoline-octane,fomaml__mae__multi,10,7,0.3021919483484113
gasoline-octane,fomaml__mae__multi,10,8,0.1592049456055175
gasoline-octane,fomaml__mae__multi,10,9,0.0842730630177011
gasoline-octane,fomaml__mae__multi,20,0,0.6034279979394166
gasoline-octane,fomaml__mae__multi,20,1,0.5866484275244219
gasoline-octane,fomaml__mae__multi,20,2,0.7279030236993083
gasoline-octane,fomaml__mae__multi,20,3,0.3892993965198849
gasoline-octane,fomaml__mae__multi,20,4,0.2513531146356395
gasoline-octane,fomaml__mae__multi,20,5,0.6573686489446263
gasoline-octane,fomaml__mae__multi,20,6,0.724289255738286
gasoline-octane,fomaml__mae__multi,20,7,0.4243915984074334
gasoline-octane,fomaml__mae__multi,20,8,-0.0291235158539744
gasoline-octane,fomaml__mae__multi,20,9,-0.0503107193989158
diesel-BP50,fomaml__rand__multi,5,0,-2.6189661729328004
diesel-BP50,fomaml__rand__multi,5,1,-0.035157617130463
diesel-BP50,fomaml__rand__multi,5,2,-3.2773952793982124
diesel-BP50,fomaml__rand__multi,5,3,-0.6732491070589619
diesel-BP50,fomaml__rand__multi,5,4,-0.9616752021539688
diesel-BP50,fomaml__rand__multi,5,5,-2.9993468943306336
diesel-BP50,fomaml__rand__multi,5,6,-0.1547043785668564
diesel-BP50,fomaml__rand__multi,5,7,-2.7533171709375246
diesel-BP50,fomaml__rand__multi,5,8,-2.57461930572328
diesel-BP50,fomaml__rand__multi,5,9,-0.6380216387121627
diesel-BP50,fomaml__rand__multi,10,0,-2.797859588770889
diesel-BP50,fomaml__rand__multi,10,1,-2.0310097646060945
diesel-BP50,fomaml__rand__multi,10,2,-0.4318467940376298
diesel-BP50,fomaml__rand__multi,10,3,-9.85047080281274
diesel-BP50,fomaml__rand__multi,10,4,-1.0553835518595864
diesel-BP50,fomaml__rand__multi,10,5,-3.976570172465333
diesel-BP50,fomaml__rand__multi,10,6,-4.2543319985567845
diesel-BP50,fomaml__rand__multi,10,7,-9.77586151888551
diesel-BP50,fomaml__rand__multi,10,8,-2.9582376641093218
diesel-BP50,fomaml__rand__multi,10,9,-8.255570699071662
diesel-BP50,fomaml__rand__multi,20,0,-0.3674615396453817
diesel-BP50,fomaml__rand__multi,20,1,-1.3651231376671946
diesel-BP50,fomaml__rand__multi,20,2,-1.9261719089532443
diesel-BP50,fomaml__rand__multi,20,3,-1.1489591581957763
diesel-BP50,fomaml__rand__multi,20,4,-2.3545834938171777
diesel-BP50,fomaml__rand__multi,20,5,-4.28880515787917
diesel-BP50,fomaml__rand__multi,20,6,-2.3117110195360278
diesel-BP50,fomaml__rand__multi,20,7,-2.4674327525457844
diesel-BP50,fomaml__rand__multi,20,8,-0.704083269752898
diesel-BP50,fomaml__rand__multi,20,9,-0.290767501526264
diesel-CN,fomaml__rand__multi,5,0,-0.9699997301621448
diesel-CN,fomaml__rand__multi,5,1,-7.466627393281831
diesel-CN,fomaml__rand__multi,5,2,-5.08713153059266
diesel-CN,fomaml__rand__multi,5,3,-7.997002097393402
diesel-CN,fomaml__rand__multi,5,4,-6.793828519362391
diesel-CN,fomaml__rand__multi,5,5,-15.04981492728498
diesel-CN,fomaml__rand__multi,5,6,-25.078847947660947
diesel-CN,fomaml__rand__multi,5,7,-7.45639455675907
diesel-CN,fomaml__rand__multi,5,8,-6.959656147966149
diesel-CN,fomaml__rand__multi,5,9,-0.966122165360478
diesel-CN,fomaml__rand__multi,10,0,-6.412997568682361
diesel-CN,fomaml__rand__multi,10,1,-4.651456019868281
diesel-CN,fomaml__rand__multi,10,2,-2.041325718555902
diesel-CN,fomaml__rand__multi,10,3,-1.9965754143689975
diesel-CN,fomaml__rand__multi,10,4,-6.195733134051792
diesel-CN,fomaml__rand__multi,10,5,-1.6793110377522122
diesel-CN,fomaml__rand__multi,10,6,-6.356954832585363
diesel-CN,fomaml__rand__multi,10,7,-4.871578348500883
diesel-CN,fomaml__rand__multi,10,8,-4.8372605199072245
diesel-CN,fomaml__rand__multi,10,9,-6.137396529388482
diesel-CN,fomaml__rand__multi,20,0,-5.789758624105037
diesel-CN,fomaml__rand__multi,20,1,-6.706230136072131
diesel-CN,fomaml__rand__multi,20,2,-3.9957543685136105
diesel-CN,fomaml__rand__multi,20,3,-7.972890724283529
diesel-CN,fomaml__rand__multi,20,4,-7.660215575802766
diesel-CN,fomaml__rand__multi,20,5,-8.756081189140295
diesel-CN,fomaml__rand__multi,20,6,-6.269275605857385
diesel-CN,fomaml__rand__multi,20,7,-1.7901678850522629
diesel-CN,fomaml__rand__multi,20,8,-3.442542176001057
diesel-CN,fomaml__rand__multi,20,9,-2.363665426832936
diesel-D4052,fomaml__rand__multi,5,0,-5.58664078915963
diesel-D4052,fomaml__rand__multi,5,1,-14.685978825367002
diesel-D4052,fomaml__rand__multi,5,2,-0.3923614597417331
diesel-D4052,fomaml__rand__multi,5,3,-0.6869837232284239
diesel-D4052,fomaml__rand__multi,5,4,0.2366071582043386
diesel-D4052,fomaml__rand__multi,5,5,-1.1601771116994666
diesel-D4052,fomaml__rand__multi,5,6,-30.46589286175221
diesel-D4052,fomaml__rand__multi,5,7,-4.565599147443922
diesel-D4052,fomaml__rand__multi,5,8,-3.5896684212810985
diesel-D4052,fomaml__rand__multi,5,9,0.3602465572365452
diesel-D4052,fomaml__rand__multi,10,0,-4.830665450456164
diesel-D4052,fomaml__rand__multi,10,1,-1.0535334609547458
diesel-D4052,fomaml__rand__multi,10,2,-4.401014695498296
diesel-D4052,fomaml__rand__multi,10,3,-0.9895653392466222
diesel-D4052,fomaml__rand__multi,10,4,0.2352139943427097
diesel-D4052,fomaml__rand__multi,10,5,-1.199432757142724
diesel-D4052,fomaml__rand__multi,10,6,-1.4240593134557895
diesel-D4052,fomaml__rand__multi,10,7,-0.2734523707314837
diesel-D4052,fomaml__rand__multi,10,8,-3.819348778205037
diesel-D4052,fomaml__rand__multi,10,9,-4.8593739196185455
diesel-D4052,fomaml__rand__multi,20,0,-0.5874487990415866
diesel-D4052,fomaml__rand__multi,20,1,-1.5215527820700985
diesel-D4052,fomaml__rand__multi,20,2,-0.5536547489848052
diesel-D4052,fomaml__rand__multi,20,3,-0.5328399906565373
diesel-D4052,fomaml__rand__multi,20,4,-0.8312831179341473
diesel-D4052,fomaml__rand__multi,20,5,-2.621120851661531
diesel-D4052,fomaml__rand__multi,20,6,-1.0789546056609551
diesel-D4052,fomaml__rand__multi,20,7,-0.5562131091053233
diesel-D4052,fomaml__rand__multi,20,8,-1.451115246416808
diesel-D4052,fomaml__rand__multi,20,9,-0.3243461488104355
diesel-FLASH,fomaml__rand__multi,5,0,-2.323421259522068
diesel-FLASH,fomaml__rand__multi,5,1,-4.815968855497804
diesel-FLASH,fomaml__rand__multi,5,2,-4.159290927918025
diesel-FLASH,fomaml__rand__multi,5,3,-0.6483599484563234
diesel-FLASH,fomaml__rand__multi,5,4,-9.978596563774389
diesel-FLASH,fomaml__rand__multi,5,5,-5.063668074483809
diesel-FLASH,fomaml__rand__multi,5,6,-2.165442689179664
diesel-FLASH,fomaml__rand__multi,5,7,-15.396207589221266
diesel-FLASH,fomaml__rand__multi,5,8,-8.870863072405637
diesel-FLASH,fomaml__rand__multi,5,9,-0.6475876338682145
diesel-FLASH,fomaml__rand__multi,10,0,-0.3586441769577806
diesel-FLASH,fomaml__rand__multi,10,1,-6.701723028835168
diesel-FLASH,fomaml__rand__multi,10,2,-13.46132996925583
diesel-FLASH,fomaml__rand__multi,10,3,-0.9775310070720652
diesel-FLASH,fomaml__rand__multi,10,4,-0.9503774011703474
diesel-FLASH,fomaml__rand__multi,10,5,-7.787744834903394
diesel-FLASH,fomaml__rand__multi,10,6,-5.999755593239004
diesel-FLASH,fomaml__rand__multi,10,7,-2.345171764066038
diesel-FLASH,fomaml__rand__multi,10,8,-24.07191442831315
diesel-FLASH,fomaml__rand__multi,10,9,-17.85872957384726
diesel-FLASH,fomaml__rand__multi,20,0,-0.7737461465091944
diesel-FLASH,fomaml__rand__multi,20,1,-1.4939029300222644
diesel-FLASH,fomaml__rand__multi,20,2,-2.348995234771929
diesel-FLASH,fomaml__rand__multi,20,3,-1.421501931044626
diesel-FLASH,fomaml__rand__multi,20,4,-2.392452371544725
diesel-FLASH,fomaml__rand__multi,20,5,-5.950669493807056
diesel-FLASH,fomaml__rand__multi,20,6,-1.6136082585293563
diesel-FLASH,fomaml__rand__multi,20,7,-1.1987879148489506
diesel-FLASH,fomaml__rand__multi,20,8,-6.189162413619063
diesel-FLASH,fomaml__rand__multi,20,9,-2.375999390144468
diesel-FREEZE,fomaml__rand__multi,5,0,-4.173631666458636
diesel-FREEZE,fomaml__rand__multi,5,1,-17.85527137530532
diesel-FREEZE,fomaml__rand__multi,5,2,-0.0989600618586723
diesel-FREEZE,fomaml__rand__multi,5,3,0.0342872346956798
diesel-FREEZE,fomaml__rand__multi,5,4,-0.3414295521079458
diesel-FREEZE,fomaml__rand__multi,5,5,-5.462574788148828
diesel-FREEZE,fomaml__rand__multi,5,6,0.0786690424523777
diesel-FREEZE,fomaml__rand__multi,5,7,-0.0342659532986739
diesel-FREEZE,fomaml__rand__multi,5,8,-0.2610006684136681
diesel-FREEZE,fomaml__rand__multi,5,9,0.0035239505745726
diesel-FREEZE,fomaml__rand__multi,10,0,-1.798813374515217
diesel-FREEZE,fomaml__rand__multi,10,1,-1.9033932608702688
diesel-FREEZE,fomaml__rand__multi,10,2,-14.35038917548759
diesel-FREEZE,fomaml__rand__multi,10,3,-3.369689715563167
diesel-FREEZE,fomaml__rand__multi,10,4,-0.182747353030257
diesel-FREEZE,fomaml__rand__multi,10,5,-0.1444384180734168
diesel-FREEZE,fomaml__rand__multi,10,6,0.0160414439338606
diesel-FREEZE,fomaml__rand__multi,10,7,-0.0087052628530719
diesel-FREEZE,fomaml__rand__multi,10,8,-2.9516806255125814
diesel-FREEZE,fomaml__rand__multi,10,9,-6.200825448748988
diesel-FREEZE,fomaml__rand__multi,20,0,-0.3336111708947493
diesel-FREEZE,fomaml__rand__multi,20,1,-3.526846784482485
diesel-FREEZE,fomaml__rand__multi,20,2,-0.0410776753080102
diesel-FREEZE,fomaml__rand__multi,20,3,-1.119136051992916
diesel-FREEZE,fomaml__rand__multi,20,4,-0.3070249218619156
diesel-FREEZE,fomaml__rand__multi,20,5,-4.266689616528008
diesel-FREEZE,fomaml__rand__multi,20,6,-4.488868732655392
diesel-FREEZE,fomaml__rand__multi,20,7,-1.094635535054656
diesel-FREEZE,fomaml__rand__multi,20,8,-2.036165539578356
diesel-FREEZE,fomaml__rand__multi,20,9,-4.749206327271794
diesel-TOTAL,fomaml__rand__multi,5,0,-2.005420875587964
diesel-TOTAL,fomaml__rand__multi,5,1,-2.7277356047851664
diesel-TOTAL,fomaml__rand__multi,5,2,-0.4552896635553838
diesel-TOTAL,fomaml__rand__multi,5,3,0.4292884132266581
diesel-TOTAL,fomaml__rand__multi,5,4,-3.190233886392545
diesel-TOTAL,fomaml__rand__multi,5,5,-0.6363591129039017
diesel-TOTAL,fomaml__rand__multi,5,6,0.5588038466530807
diesel-TOTAL,fomaml__rand__multi,5,7,-1.5392726765167577
diesel-TOTAL,fomaml__rand__multi,5,8,-4.690760923091727
diesel-TOTAL,fomaml__rand__multi,5,9,-7.860917185553264
diesel-TOTAL,fomaml__rand__multi,10,0,-0.0559755806729131
diesel-TOTAL,fomaml__rand__multi,10,1,-0.5178891833324339
diesel-TOTAL,fomaml__rand__multi,10,2,0.3375004845681927
diesel-TOTAL,fomaml__rand__multi,10,3,0.446482311011784
diesel-TOTAL,fomaml__rand__multi,10,4,-1.1014073061663718
diesel-TOTAL,fomaml__rand__multi,10,5,-0.03876242471553
diesel-TOTAL,fomaml__rand__multi,10,6,0.4713883927161673
diesel-TOTAL,fomaml__rand__multi,10,7,0.5923844612260377
diesel-TOTAL,fomaml__rand__multi,10,8,-1.7379626636922376
diesel-TOTAL,fomaml__rand__multi,10,9,-1.385481621359331
diesel-TOTAL,fomaml__rand__multi,20,0,-0.5826553240415244
diesel-TOTAL,fomaml__rand__multi,20,1,-1.2557729391654209
diesel-TOTAL,fomaml__rand__multi,20,2,-0.6111289462749772
diesel-TOTAL,fomaml__rand__multi,20,3,0.4429814207925873
diesel-TOTAL,fomaml__rand__multi,20,4,-0.9067431011731456
diesel-TOTAL,fomaml__rand__multi,20,5,0.3623776549760796
diesel-TOTAL,fomaml__rand__multi,20,6,-1.1323524866855208
diesel-TOTAL,fomaml__rand__multi,20,7,-1.2210510144990554
diesel-TOTAL,fomaml__rand__multi,20,8,-0.2090606904802832
diesel-TOTAL,fomaml__rand__multi,20,9,-0.2619862069616965
diesel-VISC,fomaml__rand__multi,5,0,-3.314976489056983
diesel-VISC,fomaml__rand__multi,5,1,-1.790998940078632
diesel-VISC,fomaml__rand__multi,5,2,-22.79337653285575
diesel-VISC,fomaml__rand__multi,5,3,-3.659797144430217
diesel-VISC,fomaml__rand__multi,5,4,-2.7094517905349
diesel-VISC,fomaml__rand__multi,5,5,-5.799348831310101
diesel-VISC,fomaml__rand__multi,5,6,-0.4148051782235065
diesel-VISC,fomaml__rand__multi,5,7,-4.960622328113204
diesel-VISC,fomaml__rand__multi,5,8,-0.3950630593170965
diesel-VISC,fomaml__rand__multi,5,9,-1.585739207292114
diesel-VISC,fomaml__rand__multi,10,0,-3.287869006216224
diesel-VISC,fomaml__rand__multi,10,1,-1.2213985921084438
diesel-VISC,fomaml__rand__multi,10,2,-2.6824751360944856
diesel-VISC,fomaml__rand__multi,10,3,-3.709363776280252
diesel-VISC,fomaml__rand__multi,10,4,-1.7861839830394803
diesel-VISC,fomaml__rand__multi,10,5,-6.916715603256103
diesel-VISC,fomaml__rand__multi,10,6,-8.46964467082572
diesel-VISC,fomaml__rand__multi,10,7,-0.8873883330523173
diesel-VISC,fomaml__rand__multi,10,8,-5.542282270352853
diesel-VISC,fomaml__rand__multi,10,9,-5.592146489335079
diesel-VISC,fomaml__rand__multi,20,0,-1.276689059547579
diesel-VISC,fomaml__rand__multi,20,1,-1.9886445026152224
diesel-VISC,fomaml__rand__multi,20,2,-2.3842221016072687
diesel-VISC,fomaml__rand__multi,20,3,-0.2378991825320517
diesel-VISC,fomaml__rand__multi,20,4,-2.5478665127909905
diesel-VISC,fomaml__rand__multi,20,5,-1.9137559846840797
diesel-VISC,fomaml__rand__multi,20,6,-4.27401889010674
diesel-VISC,fomaml__rand__multi,20,7,-5.336292678164747
diesel-VISC,fomaml__rand__multi,20,8,-4.70673510990372
diesel-VISC,fomaml__rand__multi,20,9,-2.918811393472535
gasoline-octane,fomaml__rand__multi,5,0,0.0511454428316426
gasoline-octane,fomaml__rand__multi,5,1,-2.0612368984260976
gasoline-octane,fomaml__rand__multi,5,2,-0.3827420671933426
gasoline-octane,fomaml__rand__multi,5,3,0.1960064501293723
gasoline-octane,fomaml__rand__multi,5,4,0.1039061208538119
gasoline-octane,fomaml__rand__multi,5,5,-12.37334743090834
gasoline-octane,fomaml__rand__multi,5,6,-0.2186641002801022
gasoline-octane,fomaml__rand__multi,5,7,-5.014555226640869
gasoline-octane,fomaml__rand__multi,5,8,-2.001474190997318
gasoline-octane,fomaml__rand__multi,5,9,0.0539017133740657
gasoline-octane,fomaml__rand__multi,10,0,-0.949347408033364
gasoline-octane,fomaml__rand__multi,10,1,-1.5060580375524095
gasoline-octane,fomaml__rand__multi,10,2,-2.188585325054149
gasoline-octane,fomaml__rand__multi,10,3,0.1344330367467778
gasoline-octane,fomaml__rand__multi,10,4,0.2431468703617082
gasoline-octane,fomaml__rand__multi,10,5,-1.227927034240254
gasoline-octane,fomaml__rand__multi,10,6,0.3649728810896112
gasoline-octane,fomaml__rand__multi,10,7,0.3064858638107074
gasoline-octane,fomaml__rand__multi,10,8,-0.3026627301162186
gasoline-octane,fomaml__rand__multi,10,9,0.1589583261868689
gasoline-octane,fomaml__rand__multi,20,0,0.27823701172511
gasoline-octane,fomaml__rand__multi,20,1,-0.0415926059175175
gasoline-octane,fomaml__rand__multi,20,2,0.2307188374189681
gasoline-octane,fomaml__rand__multi,20,3,0.3425793560622695
gasoline-octane,fomaml__rand__multi,20,4,0.2146336631511386
gasoline-octane,fomaml__rand__multi,20,5,-0.5812644092738888
gasoline-octane,fomaml__rand__multi,20,6,0.1642185255112375
gasoline-octane,fomaml__rand__multi,20,7,0.2494757416301951
gasoline-octane,fomaml__rand__multi,20,8,0.140431731506567
gasoline-octane,fomaml__rand__multi,20,9,0.3400377647982242
corn_m5-moisture,gp,5,0,-0.111249142185259
corn_m5-moisture,gp,5,1,-0.1337045263543941
corn_m5-moisture,gp,5,2,-0.070850633579206
corn_m5-moisture,gp,5,3,-0.001345777245806
corn_m5-moisture,gp,5,4,-0.2900397282969373
corn_m5-moisture,gp,5,5,-0.1308398388931824
corn_m5-moisture,gp,5,6,-0.018782053255224
corn_m5-moisture,gp,5,7,-0.0152100705881659
corn_m5-moisture,gp,5,8,-0.1679271680238971
corn_m5-moisture,gp,5,9,-0.1761925230171228
corn_m5-moisture,gp,5,10,0.0013116769976992
corn_m5-moisture,gp,5,11,-0.1038341714489701
corn_m5-moisture,gp,5,12,0.0063459061508257
corn_m5-moisture,gp,5,13,-0.2160755211766429
corn_m5-moisture,gp,5,14,-0.4889049337921332
corn_m5-moisture,gp,5,15,-0.0253680509165799
corn_m5-moisture,gp,5,16,-0.001212422555076
corn_m5-moisture,gp,5,17,-0.3089279077919333
corn_m5-moisture,gp,5,18,-1.2366418964342172
corn_m5-moisture,gp,5,19,-0.1188795070389705
corn_m5-moisture,gp,5,20,-0.0226781241523057
corn_m5-moisture,gp,5,21,-0.1621513684106501
corn_m5-moisture,gp,5,22,-0.0841741933618582
corn_m5-moisture,gp,5,23,-0.017273117190218
corn_m5-moisture,gp,5,24,0.0411319903204695
corn_m5-moisture,gp,5,25,-0.0542034035717839
corn_m5-moisture,gp,5,26,-0.290637025896352
corn_m5-moisture,gp,5,27,-0.1814087169004088
corn_m5-moisture,gp,5,28,-0.1894443734364301
corn_m5-moisture,gp,5,29,-0.0265889530825269
corn_m5-moisture,gp,10,0,-1.4038235455898378
corn_m5-moisture,gp,10,1,-0.0851411960960406
corn_m5-moisture,gp,10,2,0.186334256198188
corn_m5-moisture,gp,10,3,0.0867468106917072
corn_m5-moisture,gp,10,4,-0.0813959795986076
corn_m5-moisture,gp,10,5,-0.2155371708907592
corn_m5-moisture,gp,10,6,-0.0010037816420633
corn_m5-moisture,gp,10,7,-0.1494979125476288
corn_m5-moisture,gp,10,8,-0.0076109985766876
corn_m5-moisture,gp,10,9,-0.0405417310620526
corn_m5-moisture,gp,10,10,-0.0715511643020327
corn_m5-moisture,gp,10,11,0.071537643730683
corn_m5-moisture,gp,10,12,0.2724932172648786
corn_m5-moisture,gp,10,13,-0.0470559195632589
corn_m5-moisture,gp,10,14,-0.0119114823903774
corn_m5-moisture,gp,10,15,0.1450528409159512
corn_m5-moisture,gp,10,16,-0.1024082851131791
corn_m5-moisture,gp,10,17,-0.7137508671393573
corn_m5-moisture,gp,10,18,-0.0063545108373819
corn_m5-moisture,gp,10,19,-0.1253362397212842
corn_m5-moisture,gp,10,20,-0.0121402377381998
corn_m5-moisture,gp,10,21,0.0270637101884865
corn_m5-moisture,gp,10,22,-0.0039191031972387
corn_m5-moisture,gp,10,23,0.0040796860823053
corn_m5-moisture,gp,10,24,-0.0279907445686078
corn_m5-moisture,gp,10,25,0.1549932697895826
corn_m5-moisture,gp,10,26,-0.0626250312523406
corn_m5-moisture,gp,10,27,-0.149523562024108
corn_m5-moisture,gp,10,28,0.0004348139338694
corn_m5-moisture,gp,10,29,-4.817084969399588e-05
corn_m5-moisture,gp,20,0,0.3217633233361577
corn_m5-moisture,gp,20,1,0.01385651693576
corn_m5-moisture,gp,20,2,0.2612982976280934
corn_m5-moisture,gp,20,3,0.260614415147534
corn_m5-moisture,gp,20,4,0.4087912219050558
corn_m5-moisture,gp,20,5,-0.0284605813998684
corn_m5-moisture,gp,20,6,0.0748816429432353
corn_m5-moisture,gp,20,7,0.1472895260213083
corn_m5-moisture,gp,20,8,0.1241544198309682
corn_m5-moisture,gp,20,9,0.4123049986103015
corn_m5-moisture,gp,20,10,0.3151526416971097
corn_m5-moisture,gp,20,11,0.0519972867503059
corn_m5-moisture,gp,20,12,0.3745241215759131
corn_m5-moisture,gp,20,13,-0.0078625382091865
corn_m5-moisture,gp,20,14,0.3657293468745062
corn_m5-moisture,gp,20,15,0.2411629573978004
corn_m5-moisture,gp,20,16,0.411766765463867
corn_m5-moisture,gp,20,17,0.3296063729461208
corn_m5-moisture,gp,20,18,-0.0105253256650996
corn_m5-moisture,gp,20,19,0.3146092786763721
corn_m5-moisture,gp,20,20,0.0132977651999154
corn_m5-moisture,gp,20,21,0.3273729399598147
corn_m5-moisture,gp,20,22,-0.0105283316291431
corn_m5-moisture,gp,20,23,0.3147898487872766
corn_m5-moisture,gp,20,24,0.0858139314252813
corn_m5-moisture,gp,20,25,0.1533290948467618
corn_m5-moisture,gp,20,26,0.0023090473886279
corn_m5-moisture,gp,20,27,0.1036305759291047
corn_m5-moisture,gp,20,28,0.1578251086288358
corn_m5-moisture,gp,20,29,0.1836097028293359
corn_m5-oil,gp,5,0,-0.061687907977546
corn_m5-oil,gp,5,1,-0.0051024644878827
corn_m5-oil,gp,5,2,-0.1365539928518016
corn_m5-oil,gp,5,3,-0.5265685739008661
corn_m5-oil,gp,5,4,-0.8557719182392394
corn_m5-oil,gp,5,5,-0.3457214271895836
corn_m5-oil,gp,5,6,-0.0103181917181371
corn_m5-oil,gp,5,7,-0.44323992447442
corn_m5-oil,gp,5,8,-0.5329271064246892
corn_m5-oil,gp,5,9,-0.3633540821426233
corn_m5-oil,gp,5,10,-0.0003764732271289
corn_m5-oil,gp,5,11,0.1416486634648507
corn_m5-oil,gp,5,12,-0.0037043817086546
corn_m5-oil,gp,5,13,0.0006510972528653
corn_m5-oil,gp,5,14,-0.4914462517035158
corn_m5-oil,gp,5,15,-0.5540678483623112
corn_m5-oil,gp,5,16,-0.1889951851773379
corn_m5-oil,gp,5,17,-0.0015805255480916
corn_m5-oil,gp,5,18,-0.0413242206449508
corn_m5-oil,gp,5,19,-0.0385461823448609
corn_m5-oil,gp,5,20,-0.2745528268920021
corn_m5-oil,gp,5,21,-0.7334840790506953
corn_m5-oil,gp,5,22,-0.0015339035257311
corn_m5-oil,gp,5,23,-0.0024967835374307
corn_m5-oil,gp,5,24,0.1180680290834795
corn_m5-oil,gp,5,25,-0.1860293369140695
corn_m5-oil,gp,5,26,-0.0664586092613113
corn_m5-oil,gp,5,27,-0.0143053468121727
corn_m5-oil,gp,5,28,-0.1944890741403169
corn_m5-oil,gp,5,29,-0.1008040087907711
corn_m5-oil,gp,10,0,0.1129395733991934
corn_m5-oil,gp,10,1,0.1359513204072531
corn_m5-oil,gp,10,2,-0.0152694275188594
corn_m5-oil,gp,10,3,-0.0401007274905522
corn_m5-oil,gp,10,4,-0.091893293545628
corn_m5-oil,gp,10,5,-0.0755785654481213
corn_m5-oil,gp,10,6,0.1046887012970345
corn_m5-oil,gp,10,7,-0.1437730855118466
corn_m5-oil,gp,10,8,-0.006885844396798
corn_m5-oil,gp,10,9,-0.0444825902091885
corn_m5-oil,gp,10,10,-0.2038790755359509
corn_m5-oil,gp,10,11,-0.0695987089170591
corn_m5-oil,gp,10,12,-0.0112339681465074
corn_m5-oil,gp,10,13,0.1377312613411968
corn_m5-oil,gp,10,14,-0.1644284777625324
corn_m5-oil,gp,10,15,-0.0466222710660109
corn_m5-oil,gp,10,16,0.1122754028056257
corn_m5-oil,gp,10,17,-0.0122197657172349
corn_m5-oil,gp,10,18,-0.0031894832644947
corn_m5-oil,gp,10,19,-0.35356666854623
corn_m5-oil,gp,10,20,-0.3588246245236426
corn_m5-oil,gp,10,21,0.127127098427205
corn_m5-oil,gp,10,22,0.1938632305038816
corn_m5-oil,gp,10,23,-0.1580569862108989
corn_m5-oil,gp,10,24,0.329323198697098
corn_m5-oil,gp,10,25,-0.0370841734027458
corn_m5-oil,gp,10,26,0.0722191231129575
corn_m5-oil,gp,10,27,-0.1586555787706813
corn_m5-oil,gp,10,28,-0.0557648029977662
corn_m5-oil,gp,10,29,-0.0152729217778757
corn_m5-oil,gp,20,0,0.4562337292883097
corn_m5-oil,gp,20,1,0.1898968353571436
corn_m5-oil,gp,20,2,0.2997396156047127
corn_m5-oil,gp,20,3,0.3641096471151489
corn_m5-oil,gp,20,4,0.1918655843413989
corn_m5-oil,gp,20,5,0.2838880055619488
corn_m5-oil,gp,20,6,0.1641072633626504
corn_m5-oil,gp,20,7,0.1208629444027146
corn_m5-oil,gp,20,8,0.1990851788079805
corn_m5-oil,gp,20,9,0.3775496810840252
corn_m5-oil,gp,20,10,0.3397867170523195
corn_m5-oil,gp,20,11,0.3472195004415862
corn_m5-oil,gp,20,12,-0.017168266311861
corn_m5-oil,gp,20,13,0.1685514702932454
corn_m5-oil,gp,20,14,0.4472682287689498
corn_m5-oil,gp,20,15,0.4322723551909879
corn_m5-oil,gp,20,16,0.3882086852891364
corn_m5-oil,gp,20,17,0.4574356343565128
corn_m5-oil,gp,20,18,0.2237488926859583
corn_m5-oil,gp,20,19,0.1767635349567347
corn_m5-oil,gp,20,20,0.2684927435730072
corn_m5-oil,gp,20,21,0.3536921635558825
corn_m5-oil,gp,20,22,0.1785370779055438
corn_m5-oil,gp,20,23,-0.108552389015915
corn_m5-oil,gp,20,24,-0.0483295285047598
corn_m5-oil,gp,20,25,0.218194967401816
corn_m5-oil,gp,20,26,0.1294955446344776
corn_m5-oil,gp,20,27,0.3704733841578075
corn_m5-oil,gp,20,28,0.2032336849656053
corn_m5-oil,gp,20,29,0.4207045785169615
corn_m5-protein,gp,5,0,-0.0252157792649911
corn_m5-protein,gp,5,1,-0.0588129557651679
corn_m5-protein,gp,5,2,-0.0050462162175031
corn_m5-protein,gp,5,3,-0.0423458842590525
corn_m5-protein,gp,5,4,-0.1045606956325029
corn_m5-protein,gp,5,5,-0.0132039031061836
corn_m5-protein,gp,5,6,-0.0114682645210386
corn_m5-protein,gp,5,7,-0.0364347933680033
corn_m5-protein,gp,5,8,-0.4387516497933001
corn_m5-protein,gp,5,9,-0.5813153421803166
corn_m5-protein,gp,5,10,-0.0148904466553796
corn_m5-protein,gp,5,11,-0.003733412392983
corn_m5-protein,gp,5,12,0.0204477448681145
corn_m5-protein,gp,5,13,0.0151384873345109
corn_m5-protein,gp,5,14,-0.4492431731505935
corn_m5-protein,gp,5,15,-0.4336667433906489
corn_m5-protein,gp,5,16,-0.0833624551731757
corn_m5-protein,gp,5,17,-0.0059883058396978
corn_m5-protein,gp,5,18,-0.6119951328002928
corn_m5-protein,gp,5,19,-0.3420189923204229
corn_m5-protein,gp,5,20,-0.3815054932159241
corn_m5-protein,gp,5,21,-0.3903843871658645
corn_m5-protein,gp,5,22,-0.0557336117728457
corn_m5-protein,gp,5,23,-0.2045988460612655
corn_m5-protein,gp,5,24,-0.1162894837478207
corn_m5-protein,gp,5,25,-0.0238382526446647
corn_m5-protein,gp,5,26,-0.5269995027095138
corn_m5-protein,gp,5,27,-0.0753452913341223
corn_m5-protein,gp,5,28,-0.6949110429097358
corn_m5-protein,gp,5,29,-0.4547279574422369
corn_m5-protein,gp,10,0,0.1965486786830494
corn_m5-protein,gp,10,1,0.1635991192171244
corn_m5-protein,gp,10,2,-0.0539182325011275
corn_m5-protein,gp,10,3,-0.3304033783825839
corn_m5-protein,gp,10,4,-0.0080116831365351
corn_m5-protein,gp,10,5,-0.0435470754342093
corn_m5-protein,gp,10,6,0.3070311895338429
corn_m5-protein,gp,10,7,0.1540160852614748
corn_m5-protein,gp,10,8,-0.077141604065029
corn_m5-protein,gp,10,9,-0.0256155116622192
corn_m5-protein,gp,10,10,0.0928193777085508
corn_m5-protein,gp,10,11,0.3150747908559541
corn_m5-protein,gp,10,12,-0.2708661414603308
corn_m5-protein,gp,10,13,-0.0041953202357249
corn_m5-protein,gp,10,14,-0.0002251923445584
corn_m5-protein,gp,10,15,0.2339528812029624
corn_m5-protein,gp,10,16,-0.1347369251252883
corn_m5-protein,gp,10,17,-0.3235444142431116
corn_m5-protein,gp,10,18,-0.161611333318995
corn_m5-protein,gp,10,19,-0.0699922250457598
corn_m5-protein,gp,10,20,-0.097285404902601
corn_m5-protein,gp,10,21,0.1915638857111741
corn_m5-protein,gp,10,22,0.1544417654973113
corn_m5-protein,gp,10,23,0.045654841817551
corn_m5-protein,gp,10,24,0.2078302706646972
corn_m5-protein,gp,10,25,0.1662069877194699
corn_m5-protein,gp,10,26,-0.0278008196647017
corn_m5-protein,gp,10,27,-0.0020855277555229
corn_m5-protein,gp,10,28,-0.0012753595321586
corn_m5-protein,gp,10,29,-0.0124539255290039
corn_m5-protein,gp,20,0,0.4812585547744668
corn_m5-protein,gp,20,1,0.3006481151572863
corn_m5-protein,gp,20,2,0.4489089326259639
corn_m5-protein,gp,20,3,0.2569718108876505
corn_m5-protein,gp,20,4,0.4853509769568411
corn_m5-protein,gp,20,5,-0.0102178838506825
corn_m5-protein,gp,20,6,0.5228213654042804
corn_m5-protein,gp,20,7,0.3337342919706356
corn_m5-protein,gp,20,8,0.2167628504380218
corn_m5-protein,gp,20,9,0.4247423890104927
corn_m5-protein,gp,20,10,0.409500159350427
corn_m5-protein,gp,20,11,0.4051983767233289
corn_m5-protein,gp,20,12,0.393894720384389
corn_m5-protein,gp,20,13,0.268756993919672
corn_m5-protein,gp,20,14,0.432384649707932
corn_m5-protein,gp,20,15,0.39543009277397
corn_m5-protein,gp,20,16,0.3553770590553723
corn_m5-protein,gp,20,17,0.2494465697600028
corn_m5-protein,gp,20,18,0.4012029695923536
corn_m5-protein,gp,20,19,0.215702653936277
corn_m5-protein,gp,20,20,0.4023971645337819
corn_m5-protein,gp,20,21,0.2909116090139182
corn_m5-protein,gp,20,22,0.2032148041382309
corn_m5-protein,gp,20,23,-0.0029759792983612
corn_m5-protein,gp,20,24,-0.0247781950469148
corn_m5-protein,gp,20,25,0.4529328450156293
corn_m5-protein,gp,20,26,0.530692514050824
corn_m5-protein,gp,20,27,0.3127040089182549
corn_m5-protein,gp,20,28,0.3862619125056389
corn_m5-protein,gp,20,29,0.3178915508847878
corn_m5-starch,gp,5,0,-0.02139343096174
corn_m5-starch,gp,5,1,-0.1046747645943335
corn_m5-starch,gp,5,2,-0.0301317941991892
corn_m5-starch,gp,5,3,-0.0029703565245946
corn_m5-starch,gp,5,4,-0.025682974814543
corn_m5-starch,gp,5,5,-0.0681090722948616
corn_m5-starch,gp,5,6,-0.1332018393292975
corn_m5-starch,gp,5,7,-0.0564227110572235
corn_m5-starch,gp,5,8,-0.0230503481763284
corn_m5-starch,gp,5,9,-0.1169856276449214
corn_m5-starch,gp,5,10,-0.0521747941078782
corn_m5-starch,gp,5,11,-0.3659177285759132
corn_m5-starch,gp,5,12,-0.0002368436895525
corn_m5-starch,gp,5,13,-0.0250076200032265
corn_m5-starch,gp,5,14,-0.1255582614315564
corn_m5-starch,gp,5,15,-0.153021222697423
corn_m5-starch,gp,5,16,-1.1904681066488791
corn_m5-starch,gp,5,17,-0.0269270705541972
corn_m5-starch,gp,5,18,-0.1002998849188552
corn_m5-starch,gp,5,19,-0.7250052974322021
corn_m5-starch,gp,5,20,-0.2863296155412933
corn_m5-starch,gp,5,21,-0.0549683819878283
corn_m5-starch,gp,5,22,-0.0055584888428865
corn_m5-starch,gp,5,23,-0.1089456652469491
corn_m5-starch,gp,5,24,-0.4953162579595391
corn_m5-starch,gp,5,25,-0.0022724334222108
corn_m5-starch,gp,5,26,-0.207225450675355
corn_m5-starch,gp,5,27,-0.6298819728653591
corn_m5-starch,gp,5,28,-0.5708108797666285
corn_m5-starch,gp,5,29,-0.5374605451980154
corn_m5-starch,gp,10,0,-0.4618287488944201
corn_m5-starch,gp,10,1,0.0856433723686611
corn_m5-starch,gp,10,2,-0.013052909781434
corn_m5-starch,gp,10,3,-0.2877941670546502
corn_m5-starch,gp,10,4,-0.0261000396249813
corn_m5-starch,gp,10,5,-0.0693968224346781
corn_m5-starch,gp,10,6,0.1345884348902284
corn_m5-starch,gp,10,7,0.0257879910602049
corn_m5-starch,gp,10,8,-0.0630598351466689
corn_m5-starch,gp,10,9,-0.0109062488825453
corn_m5-starch,gp,10,10,0.0568278858576816
corn_m5-starch,gp,10,11,0.0169959509846815
corn_m5-starch,gp,10,12,-0.1810367438025824
corn_m5-starch,gp,10,13,-0.0150911612389867
corn_m5-starch,gp,10,14,-0.0009448516145929
corn_m5-starch,gp,10,15,0.047035277885563
corn_m5-starch,gp,10,16,-0.0240195568633494
corn_m5-starch,gp,10,17,-0.0500397678339161
corn_m5-starch,gp,10,18,-0.3642874943534
corn_m5-starch,gp,10,19,-0.0004309972030847
corn_m5-starch,gp,10,20,-0.0072811001773716
corn_m5-starch,gp,10,21,-0.1369074386538094
corn_m5-starch,gp,10,22,0.0791438125508627
corn_m5-starch,gp,10,23,0.0009137776007464
corn_m5-starch,gp,10,24,0.0480013913498428
corn_m5-starch,gp,10,25,0.0669968059102257
corn_m5-starch,gp,10,26,-0.0022646543533721
corn_m5-starch,gp,10,27,0.0639151531931974
corn_m5-starch,gp,10,28,-0.0040446246318714
corn_m5-starch,gp,10,29,-0.0007160572938906
corn_m5-starch,gp,20,0,0.2842202763023459
corn_m5-starch,gp,20,1,-0.0001800610949376
corn_m5-starch,gp,20,2,0.2113405827415573
corn_m5-starch,gp,20,3,0.0729315323704757
corn_m5-starch,gp,20,4,0.2351001423198842
corn_m5-starch,gp,20,5,0.0090728945189725
corn_m5-starch,gp,20,6,-5.8481468858673225e-06
corn_m5-starch,gp,20,7,-0.1548483818242245
corn_m5-starch,gp,20,8,0.1726366855379878
corn_m5-starch,gp,20,9,-0.0209115074684171
corn_m5-starch,gp,20,10,0.0914889660445039
corn_m5-starch,gp,20,11,0.1455004254962237
corn_m5-starch,gp,20,12,0.0838721511448263
corn_m5-starch,gp,20,13,-0.1216975283902843
corn_m5-starch,gp,20,14,0.2455953465970441
corn_m5-starch,gp,20,15,0.01880966440955
corn_m5-starch,gp,20,16,0.0915363798727771
corn_m5-starch,gp,20,17,0.0955921492333705
corn_m5-starch,gp,20,18,0.2929140982907627
corn_m5-starch,gp,20,19,0.0826598224056467
corn_m5-starch,gp,20,20,-0.1103845401411574
corn_m5-starch,gp,20,21,0.0221731321415024
corn_m5-starch,gp,20,22,0.1284917389771825
corn_m5-starch,gp,20,23,-0.0166334210717633
corn_m5-starch,gp,20,24,-0.0039957345053402
corn_m5-starch,gp,20,25,0.0273845361640578
corn_m5-starch,gp,20,26,0.0082173324761265
corn_m5-starch,gp,20,27,-0.1711804161884349
corn_m5-starch,gp,20,28,-0.0362137169205807
corn_m5-starch,gp,20,29,0.0228183917435266
diesel-BP50,gp,5,0,-0.81854427111772
diesel-BP50,gp,5,1,-0.1661855542420356
diesel-BP50,gp,5,2,0.002185429971078
diesel-BP50,gp,5,3,-0.584016371741422
diesel-BP50,gp,5,4,-0.0032988703978371
diesel-BP50,gp,5,5,-0.419744174433446
diesel-BP50,gp,5,6,-0.0634926348686251
diesel-BP50,gp,5,7,-0.0031828311986494
diesel-BP50,gp,5,8,-0.2392937133465984
diesel-BP50,gp,5,9,-0.4694693464740749
diesel-BP50,gp,5,10,-0.1586881535242865
diesel-BP50,gp,5,11,-0.1231282974988623
diesel-BP50,gp,5,12,-0.0381557095557032
diesel-BP50,gp,5,13,-0.0540204271881599
diesel-BP50,gp,5,14,-0.2395064018611929
diesel-BP50,gp,5,15,-0.0009058289123284
diesel-BP50,gp,5,16,-0.2813074654083458
diesel-BP50,gp,5,17,-0.4133587798068814
diesel-BP50,gp,5,18,-0.0073935265275337
diesel-BP50,gp,5,19,-0.101999653110242
diesel-BP50,gp,5,20,-0.0850758207966324
diesel-BP50,gp,5,21,-0.0089812833613358
diesel-BP50,gp,5,22,-1.1616808983575564
diesel-BP50,gp,5,23,-0.3448671329792969
diesel-BP50,gp,5,24,-0.0634098179794879
diesel-BP50,gp,5,25,-0.0974400634716781
diesel-BP50,gp,5,26,-0.1316182231798472
diesel-BP50,gp,5,27,-0.3104286471777346
diesel-BP50,gp,5,28,-0.0139148474249564
diesel-BP50,gp,5,29,-0.0596547484011271
diesel-BP50,gp,10,0,0.0865295565661034
diesel-BP50,gp,10,1,0.0388595280015595
diesel-BP50,gp,10,2,-0.0607968413917825
diesel-BP50,gp,10,3,-0.0057925402616572
diesel-BP50,gp,10,4,-0.3849878297664162
diesel-BP50,gp,10,5,0.0278933786745197
diesel-BP50,gp,10,6,0.0528529525946763
diesel-BP50,gp,10,7,0.0790952565597009
diesel-BP50,gp,10,8,0.1571961171358055
diesel-BP50,gp,10,9,0.0510698169499634
diesel-BP50,gp,10,10,-0.0057009779800094
diesel-BP50,gp,10,11,-0.2188408690323857
diesel-BP50,gp,10,12,0.0950337510851171
diesel-BP50,gp,10,13,0.0015375352431553
diesel-BP50,gp,10,14,-0.1649325032552024
diesel-BP50,gp,10,15,0.0898359404414238
diesel-BP50,gp,10,16,-0.0007545803419379
diesel-BP50,gp,10,17,0.0807129867066198
diesel-BP50,gp,10,18,-0.1410788560272624
diesel-BP50,gp,10,19,0.0403067157827391
diesel-BP50,gp,10,20,-0.0297512504761596
diesel-BP50,gp,10,21,0.2031972515578608
diesel-BP50,gp,10,22,0.0962171444317111
diesel-BP50,gp,10,23,-0.2289015158202298
diesel-BP50,gp,10,24,0.0464952615023929
diesel-BP50,gp,10,25,-0.0472832844421235
diesel-BP50,gp,10,26,-0.2238460603662406
diesel-BP50,gp,10,27,-0.0562112259439933
diesel-BP50,gp,10,28,-0.1063592133753008
diesel-BP50,gp,10,29,0.0189299917027157
diesel-BP50,gp,20,0,-0.1620660045482003
diesel-BP50,gp,20,1,-0.0050029566412956
diesel-BP50,gp,20,2,0.1790599102151527
diesel-BP50,gp,20,3,0.0810116921728765
diesel-BP50,gp,20,4,0.4012181982729145
diesel-BP50,gp,20,5,0.0604155850905592
diesel-BP50,gp,20,6,0.3014685671919397
diesel-BP50,gp,20,7,-0.0160844834181883
diesel-BP50,gp,20,8,0.0622352591577454
diesel-BP50,gp,20,9,-0.1467467492746992
diesel-BP50,gp,20,10,0.2823311940259755
diesel-BP50,gp,20,11,0.1574331963366808
diesel-BP50,gp,20,12,-0.0397938999310816
diesel-BP50,gp,20,13,0.2842548330003526
diesel-BP50,gp,20,14,0.0329063712879011
diesel-BP50,gp,20,15,0.1523478488142262
diesel-BP50,gp,20,16,0.1933738045184027
diesel-BP50,gp,20,17,0.3307856569410828
diesel-BP50,gp,20,18,0.1651455251758633
diesel-BP50,gp,20,19,0.2605137507905636
diesel-BP50,gp,20,20,0.0473479778115466
diesel-BP50,gp,20,21,-0.1168817843813379
diesel-BP50,gp,20,22,0.2339644152532731
diesel-BP50,gp,20,23,-0.0185750152602657
diesel-BP50,gp,20,24,0.0083734644975242
diesel-BP50,gp,20,25,0.3138010547929705
diesel-BP50,gp,20,26,0.1370354099725731
diesel-BP50,gp,20,27,0.232095789472739
diesel-BP50,gp,20,28,0.4091071230956872
diesel-BP50,gp,20,29,0.4157433353793117
diesel-CN,gp,5,0,-0.1385048126231809
diesel-CN,gp,5,1,-0.0074375362849719
diesel-CN,gp,5,2,-0.0004405811307879
diesel-CN,gp,5,3,-0.159457575021453
diesel-CN,gp,5,4,0.0555547825423913
diesel-CN,gp,5,5,-0.9162362794581616
diesel-CN,gp,5,6,-0.5851298028090826
diesel-CN,gp,5,7,-0.0002138011332313
diesel-CN,gp,5,8,-0.1229563644357856
diesel-CN,gp,5,9,-6.695928747579849e-05
diesel-CN,gp,5,10,-0.0016168432681189
diesel-CN,gp,5,11,-0.0829437283607263
diesel-CN,gp,5,12,-0.3190517051592785
diesel-CN,gp,5,13,-0.3514322862740315
diesel-CN,gp,5,14,-0.0073371236461352
diesel-CN,gp,5,15,-0.0357336565523465
diesel-CN,gp,5,16,-0.0081231578901905
diesel-CN,gp,5,17,-0.2420720812431964
diesel-CN,gp,5,18,-0.2919684603433485
diesel-CN,gp,5,19,-0.0001314817612398
diesel-CN,gp,5,20,-0.0595692074845901
diesel-CN,gp,5,21,0.0629514295842007
diesel-CN,gp,5,22,-0.009489521695031
diesel-CN,gp,5,23,-0.0533867149251898
diesel-CN,gp,5,24,-0.0731582405180004
diesel-CN,gp,5,25,-0.0026467560402512
diesel-CN,gp,5,26,0.0017099925687443
diesel-CN,gp,5,27,-0.0277740961418533
diesel-CN,gp,5,28,-0.2122839935057803
diesel-CN,gp,5,29,-0.405716301174565
diesel-CN,gp,10,0,0.0961203626649011
diesel-CN,gp,10,1,0.0166693211768732
diesel-CN,gp,10,2,-0.1692507689251119
diesel-CN,gp,10,3,0.0865724075385526
diesel-CN,gp,10,4,-0.0861272228644063
diesel-CN,gp,10,5,-0.0047833927633393
diesel-CN,gp,10,6,-0.0277599272575235
diesel-CN,gp,10,7,0.1429605039170113
diesel-CN,gp,10,8,0.1147200615868893
diesel-CN,gp,10,9,0.0375519051266118
diesel-CN,gp,10,10,-0.2906628735787788
diesel-CN,gp,10,11,-0.1355457921807656
diesel-CN,gp,10,12,0.06912909311356
diesel-CN,gp,10,13,-0.0713381157364008
diesel-CN,gp,10,14,0.0107792422901129
diesel-CN,gp,10,15,0.0806761951870589
diesel-CN,gp,10,16,-0.34639243470554
diesel-CN,gp,10,17,0.0288613623915781
diesel-CN,gp,10,18,0.0091601683165816
diesel-CN,gp,10,19,-0.079847207297917
diesel-CN,gp,10,20,-0.0007265288901039
diesel-CN,gp,10,21,-0.0282720214059377
diesel-CN,gp,10,22,-0.1202038587453935
diesel-CN,gp,10,23,0.0122541952443672
diesel-CN,gp,10,24,-0.0542117091204932
diesel-CN,gp,10,25,0.0446876303029618
diesel-CN,gp,10,26,-0.0302694973677692
diesel-CN,gp,10,27,-0.018104950287356
diesel-CN,gp,10,28,-0.0172271165399762
diesel-CN,gp,10,29,0.0132289979967529
diesel-CN,gp,20,0,0.0975695903914701
diesel-CN,gp,20,1,-0.0239705479823129
diesel-CN,gp,20,2,-0.0259352921659299
diesel-CN,gp,20,3,0.214910564631734
diesel-CN,gp,20,4,0.0817080804930832
diesel-CN,gp,20,5,0.000403502559171
diesel-CN,gp,20,6,0.2185500087196927
diesel-CN,gp,20,7,0.017039082372346
diesel-CN,gp,20,8,-0.0739837436531491
diesel-CN,gp,20,9,0.1327599839136222
diesel-CN,gp,20,10,-0.0307215432776346
diesel-CN,gp,20,11,0.0604227906252063
diesel-CN,gp,20,12,-0.155709451310948
diesel-CN,gp,20,13,0.1832991647887553
diesel-CN,gp,20,14,-0.0927766873994637
diesel-CN,gp,20,15,-0.0083311532538197
diesel-CN,gp,20,16,0.0711714034102792
diesel-CN,gp,20,17,0.1131900673009637
diesel-CN,gp,20,18,0.0979814453108653
diesel-CN,gp,20,19,0.1437923505331372
diesel-CN,gp,20,20,-0.0948315019327803
diesel-CN,gp,20,21,-0.0096728386572004
diesel-CN,gp,20,22,0.2341627496980008
diesel-CN,gp,20,23,0.1668545481646201
diesel-CN,gp,20,24,0.263412056122111
diesel-CN,gp,20,25,-0.0185990054420788
diesel-CN,gp,20,26,-0.00111611507946
diesel-CN,gp,20,27,0.1199325684131971
diesel-CN,gp,20,28,0.2293959210147352
diesel-CN,gp,20,29,0.0843407136634789
diesel-D4052,gp,5,0,-0.959001394615379
diesel-D4052,gp,5,1,-0.4281076893736046
diesel-D4052,gp,5,2,-1.0099257503917718
diesel-D4052,gp,5,3,-0.0539340722408729
diesel-D4052,gp,5,4,0.0357728819863339
diesel-D4052,gp,5,5,0.1449596813393127
diesel-D4052,gp,5,6,-0.67101616270524
diesel-D4052,gp,5,7,0.2374484568376752
diesel-D4052,gp,5,8,-0.149738609185831
diesel-D4052,gp,5,9,0.0239487307721236
diesel-D4052,gp,5,10,-0.0042131770370645
diesel-D4052,gp,5,11,-0.1418197726009933
diesel-D4052,gp,5,12,-0.1012249284754698
diesel-D4052,gp,5,13,-0.0454786754431286
diesel-D4052,gp,5,14,0.0017586396973735
diesel-D4052,gp,5,15,-0.0039482735303419
diesel-D4052,gp,5,16,-0.1498137172215705
diesel-D4052,gp,5,17,-0.0859066775947614
diesel-D4052,gp,5,18,-0.0496325603627256
diesel-D4052,gp,5,19,-0.4325093828685167
diesel-D4052,gp,5,20,-0.4097776784056783
diesel-D4052,gp,5,21,0.0073278449680469
diesel-D4052,gp,5,22,-3.5861073406806554e-05
diesel-D4052,gp,5,23,-0.279318981323243
diesel-D4052,gp,5,24,-0.3053215769588726
diesel-D4052,gp,5,25,-0.2717088795964311
diesel-D4052,gp,5,26,0.0006241952002803
diesel-D4052,gp,5,27,-0.2423217385380354
diesel-D4052,gp,5,28,-0.3390689851914359
diesel-D4052,gp,5,29,-0.0375376343884577
diesel-D4052,gp,10,0,0.3077458795786908
diesel-D4052,gp,10,1,0.2938025224344193
diesel-D4052,gp,10,2,0.2241586279544842
diesel-D4052,gp,10,3,-0.0051776628262385
diesel-D4052,gp,10,4,-0.1889034694750642
diesel-D4052,gp,10,5,0.0835810389574016
diesel-D4052,gp,10,6,-0.096590156099122
diesel-D4052,gp,10,7,0.1627807301217186
diesel-D4052,gp,10,8,0.2658028968126017
diesel-D4052,gp,10,9,0.3128845803098398
diesel-D4052,gp,10,10,0.1286942856016666
diesel-D4052,gp,10,11,0.1043879413818799
diesel-D4052,gp,10,12,0.2400354677689326
diesel-D4052,gp,10,13,0.2648871651445138
diesel-D4052,gp,10,14,-0.0043154075636977
diesel-D4052,gp,10,15,0.128824421224264
diesel-D4052,gp,10,16,0.1046883217041202
diesel-D4052,gp,10,17,-0.5850342762242078
diesel-D4052,gp,10,18,-0.0723241346603578
diesel-D4052,gp,10,19,0.3664304359889808
diesel-D4052,gp,10,20,-0.040010926452483
diesel-D4052,gp,10,21,0.316074597991779
diesel-D4052,gp,10,22,-0.1212714332864752
diesel-D4052,gp,10,23,0.0867588091295293
diesel-D4052,gp,10,24,0.2791027554685693
diesel-D4052,gp,10,25,-0.1043084535992677
diesel-D4052,gp,10,26,0.095155622588772
diesel-D4052,gp,10,27,0.0965848864571607
diesel-D4052,gp,10,28,0.2567110468399305
diesel-D4052,gp,10,29,-0.0591598234620733
diesel-D4052,gp,20,0,0.4502108914923112
diesel-D4052,gp,20,1,0.4768342439507642
diesel-D4052,gp,20,2,0.2840828668739265
diesel-D4052,gp,20,3,0.3049324225538062
diesel-D4052,gp,20,4,0.5741504225141705
diesel-D4052,gp,20,5,0.4999617789714961
diesel-D4052,gp,20,6,0.3509005836074084
diesel-D4052,gp,20,7,0.1969417762462421
diesel-D4052,gp,20,8,0.4001477533546455
diesel-D4052,gp,20,9,0.60862346076142
diesel-D4052,gp,20,10,0.3000556320622844
diesel-D4052,gp,20,11,-0.020359965785472
diesel-D4052,gp,20,12,0.2655928526403249
diesel-D4052,gp,20,13,0.1390229285205069
diesel-D4052,gp,20,14,0.5700147266041727
diesel-D4052,gp,20,15,0.5425556587612883
diesel-D4052,gp,20,16,0.2650463106894537
diesel-D4052,gp,20,17,0.3802238051393984
diesel-D4052,gp,20,18,0.5141730813139197
diesel-D4052,gp,20,19,0.4504005130885997
diesel-D4052,gp,20,20,0.1121870768833549
diesel-D4052,gp,20,21,0.2038722059447927
diesel-D4052,gp,20,22,0.4383033069953418
diesel-D4052,gp,20,23,0.3503596913221931
diesel-D4052,gp,20,24,0.4044359557668826
diesel-D4052,gp,20,25,0.3516631938405335
diesel-D4052,gp,20,26,0.5819221526157723
diesel-D4052,gp,20,27,0.3071874445355915
diesel-D4052,gp,20,28,-0.0066373953549971
diesel-D4052,gp,20,29,0.2056450823420664
diesel-FLASH,gp,5,0,-0.4925047671263995
diesel-FLASH,gp,5,1,-0.9794143900109966
diesel-FLASH,gp,5,2,0.0063576543384358
diesel-FLASH,gp,5,3,-7.988620451837569e-05
diesel-FLASH,gp,5,4,-0.3175730247286894
diesel-FLASH,gp,5,5,-0.8520943052207794
diesel-FLASH,gp,5,6,-0.2448857140286249
diesel-FLASH,gp,5,7,-0.002526911835524
diesel-FLASH,gp,5,8,-0.0780316284749105
diesel-FLASH,gp,5,9,-0.1949895508247277
diesel-FLASH,gp,5,10,-0.0360485603088447
diesel-FLASH,gp,5,11,-0.0651124850113316
diesel-FLASH,gp,5,12,-0.000236609731274
diesel-FLASH,gp,5,13,-0.077358008057166
diesel-FLASH,gp,5,14,-0.0534392511480255
diesel-FLASH,gp,5,15,-0.3383463262133592
diesel-FLASH,gp,5,16,-1.294684701583269
diesel-FLASH,gp,5,17,-0.0435358459435681
diesel-FLASH,gp,5,18,-0.1549177399905614
diesel-FLASH,gp,5,19,-0.3209011607929763
diesel-FLASH,gp,5,20,-0.0020441483371931
diesel-FLASH,gp,5,21,-0.1995751840636506
diesel-FLASH,gp,5,22,-0.0255876180315046
diesel-FLASH,gp,5,23,-0.156139239553932
diesel-FLASH,gp,5,24,-0.1054775216551071
diesel-FLASH,gp,5,25,-0.0446836490423905
diesel-FLASH,gp,5,26,-0.5629158378697323
diesel-FLASH,gp,5,27,-0.1416538314429325
diesel-FLASH,gp,5,28,-0.1743413761987151
diesel-FLASH,gp,5,29,-0.0072199663088414
diesel-FLASH,gp,10,0,-0.0262649189020147
diesel-FLASH,gp,10,1,-0.0326661020518392
diesel-FLASH,gp,10,2,-0.0007058311258645
diesel-FLASH,gp,10,3,0.003089967648044
diesel-FLASH,gp,10,4,-0.0855261377528722
diesel-FLASH,gp,10,5,-0.0894155794970106
diesel-FLASH,gp,10,6,-0.125719285969454
diesel-FLASH,gp,10,7,-0.0178063632777309
diesel-FLASH,gp,10,8,-0.1395462070370954
diesel-FLASH,gp,10,9,-0.0137141420981079
diesel-FLASH,gp,10,10,-0.0159969699637891
diesel-FLASH,gp,10,11,-0.0998259305093176
diesel-FLASH,gp,10,12,0.0001996001967754
diesel-FLASH,gp,10,13,-0.0534161241792905
diesel-FLASH,gp,10,14,0.0971299153886491
diesel-FLASH,gp,10,15,-0.3170143679315782
diesel-FLASH,gp,10,16,-0.016288152794448
diesel-FLASH,gp,10,17,-0.0602406740910581
diesel-FLASH,gp,10,18,-0.0585592975135007
diesel-FLASH,gp,10,19,-0.0270180126842149
diesel-FLASH,gp,10,20,-0.3267292988356507
diesel-FLASH,gp,10,21,-0.56177210097571
diesel-FLASH,gp,10,22,-0.0132159508383733
diesel-FLASH,gp,10,23,-0.003065009989885
diesel-FLASH,gp,10,24,-0.1051677325723723
diesel-FLASH,gp,10,25,-0.0248946781472103
diesel-FLASH,gp,10,26,-0.0749282749783515
diesel-FLASH,gp,10,27,-0.0949385655809753
diesel-FLASH,gp,10,28,-0.0440664471606249
diesel-FLASH,gp,10,29,-0.0002205061111311
diesel-FLASH,gp,20,0,-0.0561228855785458
diesel-FLASH,gp,20,1,-0.0003839803503287
diesel-FLASH,gp,20,2,0.0052450458023228
diesel-FLASH,gp,20,3,-0.0360234340486531
diesel-FLASH,gp,20,4,0.1137651311817614
diesel-FLASH,gp,20,5,-0.0615635776701311
diesel-FLASH,gp,20,6,-0.3878748241292888
diesel-FLASH,gp,20,7,-0.2251484719333762
diesel-FLASH,gp,20,8,-0.0315665116114021
diesel-FLASH,gp,20,9,-0.0687080790639638
diesel-FLASH,gp,20,10,0.1120247189967011
diesel-FLASH,gp,20,11,-0.0790993853650403
diesel-FLASH,gp,20,12,0.1686730791039838
diesel-FLASH,gp,20,13,0.1219574275580214
diesel-FLASH,gp,20,14,-0.0363450206826407
diesel-FLASH,gp,20,15,-0.0066321458839739
diesel-FLASH,gp,20,16,-0.0025374455637992
diesel-FLASH,gp,20,17,0.1672753045121524
diesel-FLASH,gp,20,18,0.1022067976153479
diesel-FLASH,gp,20,19,-0.0002208852192513
diesel-FLASH,gp,20,20,-0.0825182051189727
diesel-FLASH,gp,20,21,0.0069919636354764
diesel-FLASH,gp,20,22,-0.0470049513523334
diesel-FLASH,gp,20,23,-0.0888640903215736
diesel-FLASH,gp,20,24,-0.0726223795603784
diesel-FLASH,gp,20,25,-0.1830428978234854
diesel-FLASH,gp,20,26,0.0552786854071311
diesel-FLASH,gp,20,27,-0.0020811703921566
diesel-FLASH,gp,20,28,0.052064478544699
diesel-FLASH,gp,20,29,-0.1708880173911575
diesel-FREEZE,gp,5,0,-0.1443705450386285
diesel-FREEZE,gp,5,1,-0.1948776615855052
diesel-FREEZE,gp,5,2,-0.1707261477947721
diesel-FREEZE,gp,5,3,-0.1394198475291497
diesel-FREEZE,gp,5,4,-0.0134201396116162
diesel-FREEZE,gp,5,5,-3.4888337864445456
diesel-FREEZE,gp,5,6,-0.0611285026579042
diesel-FREEZE,gp,5,7,-0.2180331040484799
diesel-FREEZE,gp,5,8,-0.0055700006300671
diesel-FREEZE,gp,5,9,-0.1407216468248751
diesel-FREEZE,gp,5,10,-0.0018206531067281
diesel-FREEZE,gp,5,11,-0.0675034079168619
diesel-FREEZE,gp,5,12,-0.0490337329878123
diesel-FREEZE,gp,5,13,0.0064047433121935
diesel-FREEZE,gp,5,14,-0.000656717182853
diesel-FREEZE,gp,5,15,-0.1160663248612654
diesel-FREEZE,gp,5,16,-0.0409347396351427
diesel-FREEZE,gp,5,17,0.0544997975924896
diesel-FREEZE,gp,5,18,-0.0250205358591251
diesel-FREEZE,gp,5,19,-0.0981789548969118
diesel-FREEZE,gp,5,20,-0.039154780524151
diesel-FREEZE,gp,5,21,-0.1653195846683557
diesel-FREEZE,gp,5,22,-0.1078698760290661
diesel-FREEZE,gp,5,23,-0.1764853918212168
diesel-FREEZE,gp,5,24,-0.0019283659366395
diesel-FREEZE,gp,5,25,-0.2728553309499186
diesel-FREEZE,gp,5,26,-0.1619963197573237
diesel-FREEZE,gp,5,27,-0.1331073046719324
diesel-FREEZE,gp,5,28,-0.2310432430764544
diesel-FREEZE,gp,5,29,-0.0356115199046289
diesel-FREEZE,gp,10,0,0.2862195689207505
diesel-FREEZE,gp,10,1,0.0766194518550799
diesel-FREEZE,gp,10,2,0.1075226696545819
diesel-FREEZE,gp,10,3,0.1056603274131399
diesel-FREEZE,gp,10,4,-0.2468031958034482
diesel-FREEZE,gp,10,5,-0.1577585300681638
diesel-FREEZE,gp,10,6,-0.0896631888012557
diesel-FREEZE,gp,10,7,-0.0067730476555294
diesel-FREEZE,gp,10,8,0.1179480865081468
diesel-FREEZE,gp,10,9,0.0626398768331757
diesel-FREEZE,gp,10,10,-0.0222390780439314
diesel-FREEZE,gp,10,11,0.2343653840346192
diesel-FREEZE,gp,10,12,-0.0365979021996092
diesel-FREEZE,gp,10,13,0.2370731192727262
diesel-FREEZE,gp,10,14,-0.1633544770886126
diesel-FREEZE,gp,10,15,0.1926013826880972
diesel-FREEZE,gp,10,16,-0.080941994422903
diesel-FREEZE,gp,10,17,-0.0014686026510404
diesel-FREEZE,gp,10,18,-0.0039809095297169
diesel-FREEZE,gp,10,19,-0.0421745247297158
diesel-FREEZE,gp,10,20,-0.0582417739788148
diesel-FREEZE,gp,10,21,0.0019852089874087
diesel-FREEZE,gp,10,22,0.1006232066040955
diesel-FREEZE,gp,10,23,0.1099358145475682
diesel-FREEZE,gp,10,24,0.0652341345670809
diesel-FREEZE,gp,10,25,-0.0194284161825279
diesel-FREEZE,gp,10,26,0.1917067348919784
diesel-FREEZE,gp,10,27,0.0474857997306739
diesel-FREEZE,gp,10,28,-0.1137607793594954
diesel-FREEZE,gp,10,29,-0.1837067051387593
diesel-FREEZE,gp,20,0,-0.0775674643050814
diesel-FREEZE,gp,20,1,0.3977686236298623
diesel-FREEZE,gp,20,2,-0.0923353336437211
diesel-FREEZE,gp,20,3,0.037007252946704
diesel-FREEZE,gp,20,4,-0.0011604196187722
diesel-FREEZE,gp,20,5,0.3363118947005901
diesel-FREEZE,gp,20,6,0.4326493952437975
diesel-FREEZE,gp,20,7,0.2904836225315192
diesel-FREEZE,gp,20,8,-0.0190069666592678
diesel-FREEZE,gp,20,9,0.3556447360578136
diesel-FREEZE,gp,20,10,0.322219900564213
diesel-FREEZE,gp,20,11,-0.0902727532534395
diesel-FREEZE,gp,20,12,0.4059697668339621
diesel-FREEZE,gp,20,13,0.345171058502059
diesel-FREEZE,gp,20,14,0.3786879089513177
diesel-FREEZE,gp,20,15,0.2812712122725431
diesel-FREEZE,gp,20,16,-0.0270045997327377
diesel-FREEZE,gp,20,17,-0.0127625187100604
diesel-FREEZE,gp,20,18,0.4053178647961494
diesel-FREEZE,gp,20,19,0.447718980885757
diesel-FREEZE,gp,20,20,0.3663370546944287
diesel-FREEZE,gp,20,21,0.1763899926927263
diesel-FREEZE,gp,20,22,0.2320224483014312
diesel-FREEZE,gp,20,23,0.2700191177388773
diesel-FREEZE,gp,20,24,-0.0994289883245487
diesel-FREEZE,gp,20,25,0.2021904944505588
diesel-FREEZE,gp,20,26,-0.031133940270436
diesel-FREEZE,gp,20,27,-0.0023278205165502
diesel-FREEZE,gp,20,28,0.383601591905133
diesel-FREEZE,gp,20,29,0.3980567268394375
diesel-TOTAL,gp,5,0,-0.1566740964129342
diesel-TOTAL,gp,5,1,-0.0078936232769104
diesel-TOTAL,gp,5,2,-0.136803234930424
diesel-TOTAL,gp,5,3,-0.3534398110138497
diesel-TOTAL,gp,5,4,-0.093171994656612
diesel-TOTAL,gp,5,5,0.0638627269890055
diesel-TOTAL,gp,5,6,-0.049750081987224
diesel-TOTAL,gp,5,7,0.2164649318964708
diesel-TOTAL,gp,5,8,-0.0191669214804972
diesel-TOTAL,gp,5,9,-0.0227228368807101
diesel-TOTAL,gp,5,10,-0.0080524934288679
diesel-TOTAL,gp,5,11,0.0297566308790274
diesel-TOTAL,gp,5,12,-0.0052668457375151
diesel-TOTAL,gp,5,13,0.1479841696567662
diesel-TOTAL,gp,5,14,0.1864077835173161
diesel-TOTAL,gp,5,15,-0.0065021670281431
diesel-TOTAL,gp,5,16,-0.0378242247808877
diesel-TOTAL,gp,5,17,-0.291135346082638
diesel-TOTAL,gp,5,18,-0.1408703668785036
diesel-TOTAL,gp,5,19,-0.1323691825662865
diesel-TOTAL,gp,5,20,-0.5027151499673554
diesel-TOTAL,gp,5,21,-0.0152339727578736
diesel-TOTAL,gp,5,22,-0.0084223514872616
diesel-TOTAL,gp,5,23,-0.0705745861313782
diesel-TOTAL,gp,5,24,0.0477719612073546
diesel-TOTAL,gp,5,25,-0.0403116364486542
diesel-TOTAL,gp,5,26,0.0018833902145993
diesel-TOTAL,gp,5,27,-0.0052501021464455
diesel-TOTAL,gp,5,28,-0.1420789605923726
diesel-TOTAL,gp,5,29,-0.0444557741433251
diesel-TOTAL,gp,10,0,0.2091880980392826
diesel-TOTAL,gp,10,1,0.058497568550123
diesel-TOTAL,gp,10,2,-0.1433993790789647
diesel-TOTAL,gp,10,3,0.0173276262433383
diesel-TOTAL,gp,10,4,0.2771435668372863
diesel-TOTAL,gp,10,5,-0.0667504531803937
diesel-TOTAL,gp,10,6,-0.1299125423018619
diesel-TOTAL,gp,10,7,-0.1934611133385075
diesel-TOTAL,gp,10,8,0.5461092743254159
diesel-TOTAL,gp,10,9,0.5899093334148924
diesel-TOTAL,gp,10,10,0.2156620751019335
diesel-TOTAL,gp,10,11,0.0645128200173851
diesel-TOTAL,gp,10,12,0.2322855692568782
diesel-TOTAL,gp,10,13,0.0914602644794986
diesel-TOTAL,gp,10,14,0.5540380214508092
diesel-TOTAL,gp,10,15,0.1045863832958712
diesel-TOTAL,gp,10,16,-0.1862353206961617
diesel-TOTAL,gp,10,17,0.3876432101465704
diesel-TOTAL,gp,10,18,0.0559166071303922
diesel-TOTAL,gp,10,19,0.2070429384463056
diesel-TOTAL,gp,10,20,-0.0692312536030328
diesel-TOTAL,gp,10,21,0.4074520354723535
diesel-TOTAL,gp,10,22,0.361568174486
diesel-TOTAL,gp,10,23,0.5436819766369803
diesel-TOTAL,gp,10,24,0.1463619102378076
diesel-TOTAL,gp,10,25,0.3539708308041215
diesel-TOTAL,gp,10,26,0.2169860483147859
diesel-TOTAL,gp,10,27,-1.6366122072221154
diesel-TOTAL,gp,10,28,0.1801879652793144
diesel-TOTAL,gp,10,29,0.0872776602501856
diesel-TOTAL,gp,20,0,0.2967056743307902
diesel-TOTAL,gp,20,1,0.6327363815929257
diesel-TOTAL,gp,20,2,0.3903978907805606
diesel-TOTAL,gp,20,3,0.1501271254810028
diesel-TOTAL,gp,20,4,0.5120527340601824
diesel-TOTAL,gp,20,5,0.5102071210973509
diesel-TOTAL,gp,20,6,0.646079083200644
diesel-TOTAL,gp,20,7,0.5446875322487517
diesel-TOTAL,gp,20,8,0.6680725125186698
diesel-TOTAL,gp,20,9,0.5227260574610975
diesel-TOTAL,gp,20,10,0.5543049169618725
diesel-TOTAL,gp,20,11,0.2797868604774397
diesel-TOTAL,gp,20,12,0.2974013767999244
diesel-TOTAL,gp,20,13,0.530656939316613
diesel-TOTAL,gp,20,14,0.5210878219516828
diesel-TOTAL,gp,20,15,0.3766880367675163
diesel-TOTAL,gp,20,16,0.2717864270075023
diesel-TOTAL,gp,20,17,0.3232591425487271
diesel-TOTAL,gp,20,18,0.1880709802372102
diesel-TOTAL,gp,20,19,0.6215433178838978
diesel-TOTAL,gp,20,20,0.3982668369620722
diesel-TOTAL,gp,20,21,0.34060237708956
diesel-TOTAL,gp,20,22,0.6903663999555236
diesel-TOTAL,gp,20,23,0.285994298496537
diesel-TOTAL,gp,20,24,0.4907256954262349
diesel-TOTAL,gp,20,25,0.3176454448674266
diesel-TOTAL,gp,20,26,0.2367980393965748
diesel-TOTAL,gp,20,27,0.2846106046674921
diesel-TOTAL,gp,20,28,0.4043189389162025
diesel-TOTAL,gp,20,29,0.5962825197663477
diesel-VISC,gp,5,0,-0.601571503234966
diesel-VISC,gp,5,1,-0.7384414497566674
diesel-VISC,gp,5,2,-0.0027312582837857
diesel-VISC,gp,5,3,-0.0990032389829562
diesel-VISC,gp,5,4,-0.4197854664071627
diesel-VISC,gp,5,5,-0.0164547486133914
diesel-VISC,gp,5,6,-0.0402602137788936
diesel-VISC,gp,5,7,-0.0938586432940673
diesel-VISC,gp,5,8,-0.0066368114089316
diesel-VISC,gp,5,9,-1.359053329706391
diesel-VISC,gp,5,10,-0.878824077920124
diesel-VISC,gp,5,11,-0.0776225307417564
diesel-VISC,gp,5,12,-0.1246355023243013
diesel-VISC,gp,5,13,-0.0050283856778048
diesel-VISC,gp,5,14,-0.185418600180929
diesel-VISC,gp,5,15,-0.0854424469851724
diesel-VISC,gp,5,16,-0.7748914626214054
diesel-VISC,gp,5,17,0.0018318866071278
diesel-VISC,gp,5,18,-0.3533303866717296
diesel-VISC,gp,5,19,-0.9115250694972394
diesel-VISC,gp,5,20,-0.0981964914628263
diesel-VISC,gp,5,21,-0.1936205829017676
diesel-VISC,gp,5,22,-0.0286569730218102
diesel-VISC,gp,5,23,-0.9192903222959908
diesel-VISC,gp,5,24,-0.0168814170052415
diesel-VISC,gp,5,25,-0.0001796487187846
diesel-VISC,gp,5,26,-0.1003869748773567
diesel-VISC,gp,5,27,-0.2153192500279459
diesel-VISC,gp,5,28,-0.0007427462091482
diesel-VISC,gp,5,29,-0.0012572601002003
diesel-VISC,gp,10,0,0.1301151941175046
diesel-VISC,gp,10,1,-5.160976275186968e-05
diesel-VISC,gp,10,2,-0.0072375497954457
diesel-VISC,gp,10,3,0.1387947234000455
diesel-VISC,gp,10,4,-0.2453310502228862
diesel-VISC,gp,10,5,0.0260703645952711
diesel-VISC,gp,10,6,0.1078114919549396
diesel-VISC,gp,10,7,-0.1417014229815247
diesel-VISC,gp,10,8,-0.0979135704784126
diesel-VISC,gp,10,9,-0.1668046577432469
diesel-VISC,gp,10,10,0.0217949602319184
diesel-VISC,gp,10,11,-0.0928652555752505
diesel-VISC,gp,10,12,0.1249346869798535
diesel-VISC,gp,10,13,-0.029951380107922
diesel-VISC,gp,10,14,-0.0091548601589099
diesel-VISC,gp,10,15,0.0689729321512098
diesel-VISC,gp,10,16,-0.2240132318979493
diesel-VISC,gp,10,17,0.2305434223542823
diesel-VISC,gp,10,18,0.0107423008048371
diesel-VISC,gp,10,19,0.037848367209339
diesel-VISC,gp,10,20,-0.069929675130558
diesel-VISC,gp,10,21,0.0862577683436155
diesel-VISC,gp,10,22,-0.0061222193351815
diesel-VISC,gp,10,23,-0.1461846300820282
diesel-VISC,gp,10,24,0.0371915018106063
diesel-VISC,gp,10,25,0.0358161475370868
diesel-VISC,gp,10,26,0.1389906423866164
diesel-VISC,gp,10,27,0.1469254080053786
diesel-VISC,gp,10,28,-0.0424221896292675
diesel-VISC,gp,10,29,0.0552035150009985
diesel-VISC,gp,20,0,0.1904016998615815
diesel-VISC,gp,20,1,0.3430199190163355
diesel-VISC,gp,20,2,0.2601224527305557
diesel-VISC,gp,20,3,-0.0283303343000764
diesel-VISC,gp,20,4,0.0016826177623875
diesel-VISC,gp,20,5,0.1606770914618536
diesel-VISC,gp,20,6,0.2980236770860077
diesel-VISC,gp,20,7,0.3040464724903567
diesel-VISC,gp,20,8,0.0777284292403052
diesel-VISC,gp,20,9,0.3152064488235947
diesel-VISC,gp,20,10,0.3198625335572205
diesel-VISC,gp,20,11,0.0715847741621139
diesel-VISC,gp,20,12,-0.0968461199329806
diesel-VISC,gp,20,13,0.3512560157323021
diesel-VISC,gp,20,14,-0.0182665615205823
diesel-VISC,gp,20,15,0.1386556591570575
diesel-VISC,gp,20,16,0.194206936963232
diesel-VISC,gp,20,17,-0.1037237775688109
diesel-VISC,gp,20,18,0.2729732821399016
diesel-VISC,gp,20,19,0.1360269612412911
diesel-VISC,gp,20,20,-0.0690825067450595
diesel-VISC,gp,20,21,0.2354834203559657
diesel-VISC,gp,20,22,0.0692161223263223
diesel-VISC,gp,20,23,0.1248517762777231
diesel-VISC,gp,20,24,-0.0127702510971652
diesel-VISC,gp,20,25,-0.0014513647644696
diesel-VISC,gp,20,26,0.2286887744497849
diesel-VISC,gp,20,27,0.2309157361496611
diesel-VISC,gp,20,28,-0.0631864271340907
diesel-VISC,gp,20,29,0.2432521297774073
evoo-adulteration,gp,5,0,-0.1979502016508605
evoo-adulteration,gp,5,1,-0.0946738442412087
evoo-adulteration,gp,5,2,-0.0308275300428739
evoo-adulteration,gp,5,3,-0.1248702687160459
evoo-adulteration,gp,5,4,-9.573948647423336e-06
evoo-adulteration,gp,5,5,-1.0233584311353248
evoo-adulteration,gp,5,6,-0.0381388087766147
evoo-adulteration,gp,5,7,-0.7550529022777686
evoo-adulteration,gp,5,8,-0.0018157004674466
evoo-adulteration,gp,5,9,-9.59668069833164e-06
evoo-adulteration,gp,5,10,-0.0595459380925258
evoo-adulteration,gp,5,11,-0.143354045582805
evoo-adulteration,gp,5,12,-0.1454677265829911
evoo-adulteration,gp,5,13,-0.6196328931555743
evoo-adulteration,gp,5,14,-0.2780087222565484
evoo-adulteration,gp,5,15,-0.0734487873925782
evoo-adulteration,gp,5,16,-0.1899069575327041
evoo-adulteration,gp,5,17,-0.3761548583344754
evoo-adulteration,gp,5,18,-0.1108086464731648
evoo-adulteration,gp,5,19,-0.1249379748926668
evoo-adulteration,gp,5,20,-0.0537419225810855
evoo-adulteration,gp,5,21,-0.2497277243043798
evoo-adulteration,gp,5,22,-0.1592908361355247
evoo-adulteration,gp,5,23,-0.0127599591367351
evoo-adulteration,gp,5,24,-0.0062758909960856
evoo-adulteration,gp,5,25,-0.0780097081767112
evoo-adulteration,gp,5,26,-0.0430024922428156
evoo-adulteration,gp,5,27,-0.0331553979117773
evoo-adulteration,gp,5,28,-0.0261092761428218
evoo-adulteration,gp,5,29,-0.0381388010099381
evoo-adulteration,gp,10,0,-0.0005780008558438
evoo-adulteration,gp,10,1,-0.0220885762401426
evoo-adulteration,gp,10,2,-0.0160932018387354
evoo-adulteration,gp,10,3,-0.5080832987622257
evoo-adulteration,gp,10,4,-0.013620528035841
evoo-adulteration,gp,10,5,-0.4987036921143799
evoo-adulteration,gp,10,6,-0.110471656573631
evoo-adulteration,gp,10,7,-0.002331270495343
evoo-adulteration,gp,10,8,0.0350896297019347
evoo-adulteration,gp,10,9,-0.03970735553941
evoo-adulteration,gp,10,10,-0.1922256936643964
evoo-adulteration,gp,10,11,-0.0648237815803294
evoo-adulteration,gp,10,12,-0.1257445237904564
evoo-adulteration,gp,10,13,0.0695708813795812
evoo-adulteration,gp,10,14,-0.1364231985188149
evoo-adulteration,gp,10,15,-0.0695335135647678
evoo-adulteration,gp,10,16,-0.5090808460402998
evoo-adulteration,gp,10,17,-0.0105143827013174
evoo-adulteration,gp,10,18,5.155331200346058e-05
evoo-adulteration,gp,10,19,-0.2350559104903096
evoo-adulteration,gp,10,20,-0.1077861968655822
evoo-adulteration,gp,10,21,-0.0210862036379047
evoo-adulteration,gp,10,22,-0.0294399131298344
evoo-adulteration,gp,10,23,-0.2130334816574826
evoo-adulteration,gp,10,24,-0.0150362389021063
evoo-adulteration,gp,10,25,-0.0078712409299959
evoo-adulteration,gp,10,26,-0.3460654617401852
evoo-adulteration,gp,10,27,-0.0434544547338251
evoo-adulteration,gp,10,28,0.0354450429191939
evoo-adulteration,gp,10,29,-0.0048830818763698
evoo-adulteration,gp,20,0,0.1105595947837096
evoo-adulteration,gp,20,1,-0.0723574882748172
evoo-adulteration,gp,20,2,0.0329599014252814
evoo-adulteration,gp,20,3,-0.0016792837837185
evoo-adulteration,gp,20,4,0.0548662138911664
evoo-adulteration,gp,20,5,-0.2029237555266911
evoo-adulteration,gp,20,6,-0.0035663996213035
evoo-adulteration,gp,20,7,-0.0276829202415076
evoo-adulteration,gp,20,8,-0.0421134204163951
evoo-adulteration,gp,20,9,-0.0101215120240321
evoo-adulteration,gp,20,10,-0.0129386574234198
evoo-adulteration,gp,20,11,0.0489098945642076
evoo-adulteration,gp,20,12,-0.1150233206632189
evoo-adulteration,gp,20,13,-0.0008680162658361
evoo-adulteration,gp,20,14,-0.0058066974736559
evoo-adulteration,gp,20,15,0.1669453557580457
evoo-adulteration,gp,20,16,-0.0718108534090125
evoo-adulteration,gp,20,17,-0.0108213590770818
evoo-adulteration,gp,20,18,0.0570923561862155
evoo-adulteration,gp,20,19,-0.0444333370765859
evoo-adulteration,gp,20,20,0.012435778038071
evoo-adulteration,gp,20,21,-0.0001443194792083
evoo-adulteration,gp,20,22,0.1672185574751566
evoo-adulteration,gp,20,23,0.2077393928470301
evoo-adulteration,gp,20,24,-0.0296804822341152
evoo-adulteration,gp,20,25,0.1832503241530956
evoo-adulteration,gp,20,26,0.0711327663208959
evoo-adulteration,gp,20,27,0.1312412702208651
evoo-adulteration,gp,20,28,0.0186523757492613
evoo-adulteration,gp,20,29,-0.0061295601568978
gasoline-octane,gp,5,0,-0.113344371653965
gasoline-octane,gp,5,1,0.0238298889391647
gasoline-octane,gp,5,2,-0.6948395032612473
gasoline-octane,gp,5,3,-0.0307050926237737
gasoline-octane,gp,5,4,0.253497301655497
gasoline-octane,gp,5,5,-0.2021706139493226
gasoline-octane,gp,5,6,-0.4290044774864396
gasoline-octane,gp,5,7,-0.4174973752359661
gasoline-octane,gp,5,8,-1.2360011715696704
gasoline-octane,gp,5,9,-0.0097791629840293
gasoline-octane,gp,5,10,-0.0670965460189512
gasoline-octane,gp,5,11,-0.4422013898922614
gasoline-octane,gp,5,12,-0.2480864706286694
gasoline-octane,gp,5,13,-0.0273922794232652
gasoline-octane,gp,5,14,-0.0759383199840413
gasoline-octane,gp,5,15,-0.0240630507312349
gasoline-octane,gp,5,16,-0.0603727651853605
gasoline-octane,gp,5,17,-0.0283690478449629
gasoline-octane,gp,5,18,-0.6323519621303162
gasoline-octane,gp,5,19,-0.2911698225324284
gasoline-octane,gp,5,20,-0.020092937933378
gasoline-octane,gp,5,21,-0.0026398480526941
gasoline-octane,gp,5,22,-0.109561348042857
gasoline-octane,gp,5,23,-0.1079689136170438
gasoline-octane,gp,5,24,-0.0242161692369557
gasoline-octane,gp,5,25,-0.1160891067364515
gasoline-octane,gp,5,26,-0.000262236905248
gasoline-octane,gp,5,27,-0.0270548959672656
gasoline-octane,gp,5,28,-0.3713114160308597
gasoline-octane,gp,5,29,-0.0149388422282243
gasoline-octane,gp,10,0,0.3179423187003877
gasoline-octane,gp,10,1,0.3596487622077392
gasoline-octane,gp,10,2,0.3639772775083425
gasoline-octane,gp,10,3,9.587460913884628e-05
gasoline-octane,gp,10,4,0.4611890059398691
gasoline-octane,gp,10,5,0.5662744967155394
gasoline-octane,gp,10,6,0.4988118771963915
gasoline-octane,gp,10,7,0.3758439521729562
gasoline-octane,gp,10,8,0.5042746459929637
gasoline-octane,gp,10,9,0.3157435214183236
gasoline-octane,gp,10,10,0.323919755511183
gasoline-octane,gp,10,11,0.200899839414093
gasoline-octane,gp,10,12,-0.0643067774281043
gasoline-octane,gp,10,13,0.0776659961772782
gasoline-octane,gp,10,14,0.4400646281862873
gasoline-octane,gp,10,15,0.4355350971286921
gasoline-octane,gp,10,16,-0.5138262151593764
gasoline-octane,gp,10,17,0.4857827532240106
gasoline-octane,gp,10,18,0.159357819028498
gasoline-octane,gp,10,19,0.3355783969952348
gasoline-octane,gp,10,20,0.3506561865690343
gasoline-octane,gp,10,21,-0.0361653650450601
gasoline-octane,gp,10,22,0.6141574712917004
gasoline-octane,gp,10,23,0.1270161579040009
gasoline-octane,gp,10,24,-0.1347286100764664
gasoline-octane,gp,10,25,0.4724931378411886
gasoline-octane,gp,10,26,0.3990956923674056
gasoline-octane,gp,10,27,0.4127071929071946
gasoline-octane,gp,10,28,0.0108399855303955
gasoline-octane,gp,10,29,-0.5624151870059799
gasoline-octane,gp,20,0,0.6014738796643122
gasoline-octane,gp,20,1,0.6949684632410913
gasoline-octane,gp,20,2,0.5982981678844419
gasoline-octane,gp,20,3,0.576444393972994
gasoline-octane,gp,20,4,0.7209261599406158
gasoline-octane,gp,20,5,0.6039167524289353
gasoline-octane,gp,20,6,0.4642138417504118
gasoline-octane,gp,20,7,0.5585997177530233
gasoline-octane,gp,20,8,0.4186496805269858
gasoline-octane,gp,20,9,0.6949904167643137
gasoline-octane,gp,20,10,0.4146280102067819
gasoline-octane,gp,20,11,0.4346933076423169
gasoline-octane,gp,20,12,0.2712171594255396
gasoline-octane,gp,20,13,0.5528283926368176
gasoline-octane,gp,20,14,0.721764252428435
gasoline-octane,gp,20,15,0.6744828757627812
gasoline-octane,gp,20,16,0.590362574550559
gasoline-octane,gp,20,17,0.6130502295971172
gasoline-octane,gp,20,18,0.5533473400061648
gasoline-octane,gp,20,19,0.7556953596661015
gasoline-octane,gp,20,20,0.6748600130805651
gasoline-octane,gp,20,21,0.5802226188063264
gasoline-octane,gp,20,22,0.7173189830694987
gasoline-octane,gp,20,23,0.6751921163726777
gasoline-octane,gp,20,24,0.6690049526267916
gasoline-octane,gp,20,25,0.6671235650242757
gasoline-octane,gp,20,26,0.6995055975272702
gasoline-octane,gp,20,27,0.3122601985041078
gasoline-octane,gp,20,28,0.7160518077399447
gasoline-octane,gp,20,29,0.6165634580632022
corn_m5-moisture,knn,5,0,-0.0805089982049449
corn_m5-moisture,knn,5,1,0.1371261423808049
corn_m5-moisture,knn,5,2,0.0417507373787386
corn_m5-moisture,knn,5,3,0.1246024359842051
corn_m5-moisture,knn,5,4,-0.0706318746376262
corn_m5-moisture,knn,5,5,0.126074416904653
corn_m5-moisture,knn,5,6,0.1157698551003502
corn_m5-moisture,knn,5,7,0.018797103948176
corn_m5-moisture,knn,5,8,0.0368325212750995
corn_m5-moisture,knn,5,9,0.22884569685801
corn_m5-moisture,knn,5,10,0.1836936700529614
corn_m5-moisture,knn,5,11,0.2247584367299293
corn_m5-moisture,knn,5,12,0.2013568185371066
corn_m5-moisture,knn,5,13,-0.0798437319953022
corn_m5-moisture,knn,5,14,-0.7910052286415876
corn_m5-moisture,knn,5,15,-0.2038080777873736
corn_m5-moisture,knn,5,16,-0.1697640272705218
corn_m5-moisture,knn,5,17,-0.3912957265746231
corn_m5-moisture,knn,5,18,-1.5233196401144395
corn_m5-moisture,knn,5,19,0.2363013038958459
corn_m5-moisture,knn,5,20,-0.0918060437295607
corn_m5-moisture,knn,5,21,0.2988998175606524
corn_m5-moisture,knn,5,22,0.1168843982233366
corn_m5-moisture,knn,5,23,0.0699069747829858
corn_m5-moisture,knn,5,24,0.2440365732334236
corn_m5-moisture,knn,5,25,0.0642480618300657
corn_m5-moisture,knn,5,26,0.106709089960298
corn_m5-moisture,knn,5,27,0.0021622002641926
corn_m5-moisture,knn,5,28,0.262681743915396
corn_m5-moisture,knn,5,29,0.0599941965151998
corn_m5-moisture,knn,10,0,-1.4827955458099416
corn_m5-moisture,knn,10,1,-0.0149822946215341
corn_m5-moisture,knn,10,2,0.2771273771504079
corn_m5-moisture,knn,10,3,0.2592284004164114
corn_m5-moisture,knn,10,4,0.310088979954527
corn_m5-moisture,knn,10,5,-0.3286606641762029
corn_m5-moisture,knn,10,6,0.012759816005323
corn_m5-moisture,knn,10,7,-0.0094324262712843
corn_m5-moisture,knn,10,8,0.1861739598153576
corn_m5-moisture,knn,10,9,0.119512222350635
corn_m5-moisture,knn,10,10,0.0785920253892222
corn_m5-moisture,knn,10,11,0.1132830616298971
corn_m5-moisture,knn,10,12,0.205963583963475
corn_m5-moisture,knn,10,13,0.1775206736365154
corn_m5-moisture,knn,10,14,0.2001678365730342
corn_m5-moisture,knn,10,15,0.2707867214493499
corn_m5-moisture,knn,10,16,0.1630659148760267
corn_m5-moisture,knn,10,17,-0.505034118530465
corn_m5-moisture,knn,10,18,0.1502637661999653
corn_m5-moisture,knn,10,19,0.2488421505801274
corn_m5-moisture,knn,10,20,0.1762038972335889
corn_m5-moisture,knn,10,21,0.2015600863385143
corn_m5-moisture,knn,10,22,0.1805894423211564
corn_m5-moisture,knn,10,23,0.2184752713057228
corn_m5-moisture,knn,10,24,0.1559930573981859
corn_m5-moisture,knn,10,25,0.2151989202721966
corn_m5-moisture,knn,10,26,0.40457610905507
corn_m5-moisture,knn,10,27,0.1006683694140322
corn_m5-moisture,knn,10,28,0.2799424103847684
corn_m5-moisture,knn,10,29,0.1916160404716642
corn_m5-moisture,knn,20,0,0.3356932350739854
corn_m5-moisture,knn,20,1,0.1914164936131509
corn_m5-moisture,knn,20,2,0.2595844148015553
corn_m5-moisture,knn,20,3,0.1505464209388592
corn_m5-moisture,knn,20,4,0.3330435965955323
corn_m5-moisture,knn,20,5,0.4307081031659153
corn_m5-moisture,knn,20,6,0.0594762336553563
corn_m5-moisture,knn,20,7,0.2599678530601501
corn_m5-moisture,knn,20,8,0.1535156044357282
corn_m5-moisture,knn,20,9,0.4138557259341754
corn_m5-moisture,knn,20,10,-0.0262931729143847
corn_m5-moisture,knn,20,11,0.1257427370888865
corn_m5-moisture,knn,20,12,0.3526885842711723
corn_m5-moisture,knn,20,13,-0.1618115161376594
corn_m5-moisture,knn,20,14,0.3443215998974037
corn_m5-moisture,knn,20,15,0.0413460270666633
corn_m5-moisture,knn,20,16,0.388132725682027
corn_m5-moisture,knn,20,17,0.3356317503125264
corn_m5-moisture,knn,20,18,0.2544857562907865
corn_m5-moisture,knn,20,19,0.3340950381702284
corn_m5-moisture,knn,20,20,0.00430850069654
corn_m5-moisture,knn,20,21,0.3392684620601391
corn_m5-moisture,knn,20,22,0.3786927181297594
corn_m5-moisture,knn,20,23,0.3198684954995532
corn_m5-moisture,knn,20,24,0.3527839545749587
corn_m5-moisture,knn,20,25,0.2812022036540097
corn_m5-moisture,knn,20,26,0.1953148013309509
corn_m5-moisture,knn,20,27,0.1132689595062952
corn_m5-moisture,knn,20,28,-1.0306717326469776
corn_m5-moisture,knn,20,29,0.3959355383600615
corn_m5-oil,knn,5,0,-0.7303606441106107
corn_m5-oil,knn,5,1,-0.4122712594625117
corn_m5-oil,knn,5,2,-0.1455740630264432
corn_m5-oil,knn,5,3,-0.6842279038993786
corn_m5-oil,knn,5,4,-0.6795580263365946
corn_m5-oil,knn,5,5,-0.4362871504649255
corn_m5-oil,knn,5,6,0.0882082828329735
corn_m5-oil,knn,5,7,-0.1169921496925587
corn_m5-oil,knn,5,8,-0.4451813964683193
corn_m5-oil,knn,5,9,-0.1796875248665634
corn_m5-oil,knn,5,10,0.0948733937092187
corn_m5-oil,knn,5,11,-0.0529168409988598
corn_m5-oil,knn,5,12,0.0273827054793845
corn_m5-oil,knn,5,13,0.0905589229447377
corn_m5-oil,knn,5,14,-0.0492149350573394
corn_m5-oil,knn,5,15,-0.7210600113724979
corn_m5-oil,knn,5,16,-0.5908654996288587
corn_m5-oil,knn,5,17,0.1239746269063266
corn_m5-oil,knn,5,18,-2.381131365101269
corn_m5-oil,knn,5,19,-0.0758049552197215
corn_m5-oil,knn,5,20,-0.0912975473038362
corn_m5-oil,knn,5,21,-0.4557554257779095
corn_m5-oil,knn,5,22,-0.3959624255121705
corn_m5-oil,knn,5,23,0.0661550016255733
corn_m5-oil,knn,5,24,-0.1298052951956674
corn_m5-oil,knn,5,25,-0.1738729483487195
corn_m5-oil,knn,5,26,0.1680444981377664
corn_m5-oil,knn,5,27,-0.19040111313229
corn_m5-oil,knn,5,28,-0.7251401924062182
corn_m5-oil,knn,5,29,-0.2405016744609189
corn_m5-oil,knn,10,0,-0.0051987364853263
corn_m5-oil,knn,10,1,-0.2827110987805246
corn_m5-oil,knn,10,2,-0.0205001620571696
corn_m5-oil,knn,10,3,0.2491264146435458
corn_m5-oil,knn,10,4,0.0205142695529515
corn_m5-oil,knn,10,5,0.1730072815092698
corn_m5-oil,knn,10,6,-0.0995687218768071
corn_m5-oil,knn,10,7,-0.0977872041111498
corn_m5-oil,knn,10,8,0.2756193503089506
corn_m5-oil,knn,10,9,0.0506585544264055
corn_m5-oil,knn,10,10,-0.1441311103078033
corn_m5-oil,knn,10,11,-0.2250874610363662
corn_m5-oil,knn,10,12,0.0866547513144784
corn_m5-oil,knn,10,13,0.0034576016145639
corn_m5-oil,knn,10,14,-0.3045412638946794
corn_m5-oil,knn,10,15,-0.3403553685584191
corn_m5-oil,knn,10,16,0.0225915495428665
corn_m5-oil,knn,10,17,0.1580303659656882
corn_m5-oil,knn,10,18,0.1081930572740141
corn_m5-oil,knn,10,19,-0.237315241178718
corn_m5-oil,knn,10,20,-0.8783854934334356
corn_m5-oil,knn,10,21,-0.8528850650597453
corn_m5-oil,knn,10,22,0.2307707284635178
corn_m5-oil,knn,10,23,0.1220477854423516
corn_m5-oil,knn,10,24,0.2150613269546174
corn_m5-oil,knn,10,25,0.254281318266883
corn_m5-oil,knn,10,26,0.0686132214013643
corn_m5-oil,knn,10,27,-0.1015193423175686
corn_m5-oil,knn,10,28,-0.161847433097749
corn_m5-oil,knn,10,29,0.0378120695812269
corn_m5-oil,knn,20,0,0.2538239784851998
corn_m5-oil,knn,20,1,0.222422676829834
corn_m5-oil,knn,20,2,0.1273520956357005
corn_m5-oil,knn,20,3,0.2606535614327607
corn_m5-oil,knn,20,4,0.1200411362697982
corn_m5-oil,knn,20,5,0.4123039703121158
corn_m5-oil,knn,20,6,0.2648338935540678
corn_m5-oil,knn,20,7,0.2109988202383244
corn_m5-oil,knn,20,8,0.2205598510936917
corn_m5-oil,knn,20,9,0.3210896427940577
corn_m5-oil,knn,20,10,-0.0063359353363987
corn_m5-oil,knn,20,11,0.3462194085048954
corn_m5-oil,knn,20,12,0.2432334908980192
corn_m5-oil,knn,20,13,0.242402896398308
corn_m5-oil,knn,20,14,0.2003631721118109
corn_m5-oil,knn,20,15,0.1850070622412061
corn_m5-oil,knn,20,16,0.3023135525664658
corn_m5-oil,knn,20,17,0.4364727778521591
corn_m5-oil,knn,20,18,0.3123454023153882
corn_m5-oil,knn,20,19,-0.557372031546481
corn_m5-oil,knn,20,20,0.1950609983750719
corn_m5-oil,knn,20,21,0.2415553379374765
corn_m5-oil,knn,20,22,0.0735164395561219
corn_m5-oil,knn,20,23,0.296149090867211
corn_m5-oil,knn,20,24,0.2000487022686852
corn_m5-oil,knn,20,25,-0.0229330159611014
corn_m5-oil,knn,20,26,-0.1332517793859076
corn_m5-oil,knn,20,27,0.2621709228424801
corn_m5-oil,knn,20,28,-0.0321097364844791
corn_m5-oil,knn,20,29,0.3883866266674111
corn_m5-protein,knn,5,0,0.1273957358307259
corn_m5-protein,knn,5,1,0.1087038761644977
corn_m5-protein,knn,5,2,0.0416147583181486
corn_m5-protein,knn,5,3,0.2015055262689352
corn_m5-protein,knn,5,4,-0.5005306921754107
corn_m5-protein,knn,5,5,0.1832264000023497
corn_m5-protein,knn,5,6,0.0981708928822077
corn_m5-protein,knn,5,7,0.273778866836444
corn_m5-protein,knn,5,8,-0.0406632853098241
corn_m5-protein,knn,5,9,-1.9058980966675825
corn_m5-protein,knn,5,10,0.1356746682805283
corn_m5-protein,knn,5,11,-0.1910925942687
corn_m5-protein,knn,5,12,-0.2400354002555469
corn_m5-protein,knn,5,13,-0.0748946969782806
corn_m5-protein,knn,5,14,-0.3148522194959327
corn_m5-protein,knn,5,15,-0.5411497431942514
corn_m5-protein,knn,5,16,-0.1307842675949095
corn_m5-protein,knn,5,17,0.3173821996343603
corn_m5-protein,knn,5,18,-1.644167443029684
corn_m5-protein,knn,5,19,-0.2620070555679565
corn_m5-protein,knn,5,20,-0.3363214378137173
corn_m5-protein,knn,5,21,-0.2430180849160663
corn_m5-protein,knn,5,22,-0.0852388186868728
corn_m5-protein,knn,5,23,-0.2582058098949309
corn_m5-protein,knn,5,24,-0.1708264983630507
corn_m5-protein,knn,5,25,-0.2124225701155773
corn_m5-protein,knn,5,26,-0.3405861330393598
corn_m5-protein,knn,5,27,-0.0834521624661801
corn_m5-protein,knn,5,28,-0.2897885846089265
corn_m5-protein,knn,5,29,-0.4089945028857453
corn_m5-protein,knn,10,0,0.231248960416315
corn_m5-protein,knn,10,1,0.2259236692477978
corn_m5-protein,knn,10,2,0.0916033043015576
corn_m5-protein,knn,10,3,-0.0903917296519849
corn_m5-protein,knn,10,4,0.3292099758951778
corn_m5-protein,knn,10,5,0.1649970011033203
corn_m5-protein,knn,10,6,0.3516077015782956
corn_m5-protein,knn,10,7,0.1228897327394094
corn_m5-protein,knn,10,8,0.3431053982873885
corn_m5-protein,knn,10,9,-0.0140314703657564
corn_m5-protein,knn,10,10,0.0437665105095184
corn_m5-protein,knn,10,11,-0.2562601162270594
corn_m5-protein,knn,10,12,-0.0522132835116468
corn_m5-protein,knn,10,13,-0.0145671653902581
corn_m5-protein,knn,10,14,0.2990247148115749
corn_m5-protein,knn,10,15,0.2994230107663578
corn_m5-protein,knn,10,16,0.1530792106495572
corn_m5-protein,knn,10,17,-0.3966134724718391
corn_m5-protein,knn,10,18,-0.1033025585440958
corn_m5-protein,knn,10,19,-0.0844831780485082
corn_m5-protein,knn,10,20,-0.4234568022372744
corn_m5-protein,knn,10,21,0.1890906216733744
corn_m5-protein,knn,10,22,-0.1886542635921677
corn_m5-protein,knn,10,23,0.2823172677088984
corn_m5-protein,knn,10,24,0.2441089401411872
corn_m5-protein,knn,10,25,-0.009034150103099
corn_m5-protein,knn,10,26,0.1446479066576073
corn_m5-protein,knn,10,27,0.2843777202291111
corn_m5-protein,knn,10,28,0.1617731335288639
corn_m5-protein,knn,10,29,0.1735835990785327
corn_m5-protein,knn,20,0,0.4228782930497846
corn_m5-protein,knn,20,1,0.2862666071845197
corn_m5-protein,knn,20,2,0.28036919202638
corn_m5-protein,knn,20,3,-0.0944942711196545
corn_m5-protein,knn,20,4,0.4061758667565076
corn_m5-protein,knn,20,5,0.4532249651156949
corn_m5-protein,knn,20,6,0.4329599061586781
corn_m5-protein,knn,20,7,0.3103467287470347
corn_m5-protein,knn,20,8,0.419340805142517
corn_m5-protein,knn,20,9,0.3759431644930456
corn_m5-protein,knn,20,10,0.3057099040330449
corn_m5-protein,knn,20,11,0.4113137541285119
corn_m5-protein,knn,20,12,0.4038336565850604
corn_m5-protein,knn,20,13,0.1679058269096861
corn_m5-protein,knn,20,14,0.4124168227219804
corn_m5-protein,knn,20,15,0.3328707245876242
corn_m5-protein,knn,20,16,0.3796127694522824
corn_m5-protein,knn,20,17,0.0100654152107768
corn_m5-protein,knn,20,18,0.4185646214870325
corn_m5-protein,knn,20,19,0.1404540765438013
corn_m5-protein,knn,20,20,0.3662256268407605
corn_m5-protein,knn,20,21,0.2977280964764294
corn_m5-protein,knn,20,22,0.0800385263176963
corn_m5-protein,knn,20,23,0.4405398617221957
corn_m5-protein,knn,20,24,0.360171606112167
corn_m5-protein,knn,20,25,0.2636366574026841
corn_m5-protein,knn,20,26,0.2548178508061348
corn_m5-protein,knn,20,27,0.3667215987047314
corn_m5-protein,knn,20,28,-0.0586249529794973
corn_m5-protein,knn,20,29,-0.0577467631816781
corn_m5-starch,knn,5,0,-0.2412134582724503
corn_m5-starch,knn,5,1,-0.1164403957119331
corn_m5-starch,knn,5,2,-0.0569088397187043
corn_m5-starch,knn,5,3,0.0041541446307389
corn_m5-starch,knn,5,4,-0.3151618176917488
corn_m5-starch,knn,5,5,-0.0331212954774018
corn_m5-starch,knn,5,6,-0.1444407173967574
corn_m5-starch,knn,5,7,-0.2040098178619263
corn_m5-starch,knn,5,8,-0.0090460281149542
corn_m5-starch,knn,5,9,-2.3697866514229218
corn_m5-starch,knn,5,10,-0.0416323311957451
corn_m5-starch,knn,5,11,-0.3333633013591845
corn_m5-starch,knn,5,12,-0.480074005702362
corn_m5-starch,knn,5,13,-0.0447128671894234
corn_m5-starch,knn,5,14,-0.2470909402417826
corn_m5-starch,knn,5,15,-0.3134642537520218
corn_m5-starch,knn,5,16,-1.9598907352273551
corn_m5-starch,knn,5,17,0.1244965228982228
corn_m5-starch,knn,5,18,-0.1561608200068092
corn_m5-starch,knn,5,19,-0.2089608087260612
corn_m5-starch,knn,5,20,-0.3549803854816213
corn_m5-starch,knn,5,21,-0.1696713139843486
corn_m5-starch,knn,5,22,-0.5574224259740828
corn_m5-starch,knn,5,23,-0.1617442106155171
corn_m5-starch,knn,5,24,-0.4680034464175566
corn_m5-starch,knn,5,25,-0.0473441164403747
corn_m5-starch,knn,5,26,-0.128237938265719
corn_m5-starch,knn,5,27,-0.9381813340634388
corn_m5-starch,knn,5,28,-0.904811068443384
corn_m5-starch,knn,5,29,-0.8017902783297972
corn_m5-starch,knn,10,0,-0.3123650409995779
corn_m5-starch,knn,10,1,0.0975458186557929
corn_m5-starch,knn,10,2,-0.0434644453556112
corn_m5-starch,knn,10,3,-0.3313393524573484
corn_m5-starch,knn,10,4,0.094172208800709
corn_m5-starch,knn,10,5,0.0645157003555626
corn_m5-starch,knn,10,6,-0.093022986220957
corn_m5-starch,knn,10,7,-0.0267345075521414
corn_m5-starch,knn,10,8,0.0061376582554278
corn_m5-starch,knn,10,9,-0.2219598249198799
corn_m5-starch,knn,10,10,0.0979192338956213
corn_m5-starch,knn,10,11,-0.7218273693758528
corn_m5-starch,knn,10,12,-0.0809143140119941
corn_m5-starch,knn,10,13,-0.237461159827526
corn_m5-starch,knn,10,14,-0.1007152728338458
corn_m5-starch,knn,10,15,0.0710730100608701
corn_m5-starch,knn,10,16,-0.1224252256163733
corn_m5-starch,knn,10,17,-0.0902303942013982
corn_m5-starch,knn,10,18,-0.3159620881086249
corn_m5-starch,knn,10,19,-0.2256687625161719
corn_m5-starch,knn,10,20,-1.347040552477674
corn_m5-starch,knn,10,21,-0.0699352272337192
corn_m5-starch,knn,10,22,-0.5779566502992555
corn_m5-starch,knn,10,23,0.0933939937136687
corn_m5-starch,knn,10,24,0.0126233463639037
corn_m5-starch,knn,10,25,0.0197648085840361
corn_m5-starch,knn,10,26,-0.08376849300354
corn_m5-starch,knn,10,27,0.0098028772336257
corn_m5-starch,knn,10,28,-0.0126959862453617
corn_m5-starch,knn,10,29,-0.2065554065474384
corn_m5-starch,knn,20,0,0.1691125534493688
corn_m5-starch,knn,20,1,-0.3880634385003689
corn_m5-starch,knn,20,2,0.1021431533715344
corn_m5-starch,knn,20,3,-0.3994823167660752
corn_m5-starch,knn,20,4,0.2386593357365183
corn_m5-starch,knn,20,5,0.153575003284822
corn_m5-starch,knn,20,6,0.2206378514494733
corn_m5-starch,knn,20,7,-0.2133367412161451
corn_m5-starch,knn,20,8,0.2703960375315154
corn_m5-starch,knn,20,9,0.0306252807766564
corn_m5-starch,knn,20,10,0.0204113451059304
corn_m5-starch,knn,20,11,0.0224395031342206
corn_m5-starch,knn,20,12,0.0638572378978834
corn_m5-starch,knn,20,13,0.3618386828974312
corn_m5-starch,knn,20,14,0.1142080298740858
corn_m5-starch,knn,20,15,0.0117636740040554
corn_m5-starch,knn,20,16,0.2276566414636591
corn_m5-starch,knn,20,17,-0.4098349802662815
corn_m5-starch,knn,20,18,0.0177879450711822
corn_m5-starch,knn,20,19,-0.1015198756545538
corn_m5-starch,knn,20,20,-0.0732464144693514
corn_m5-starch,knn,20,21,0.0049426662444055
corn_m5-starch,knn,20,22,-0.1336209383298325
corn_m5-starch,knn,20,23,0.2494809338307068
corn_m5-starch,knn,20,24,0.1199450203492841
corn_m5-starch,knn,20,25,-0.2270402433920992
corn_m5-starch,knn,20,26,-0.370276000638619
corn_m5-starch,knn,20,27,-0.3108639057582136
corn_m5-starch,knn,20,28,0.1287042104951659
corn_m5-starch,knn,20,29,-0.4900883566277014
diesel-BP50,knn,5,0,-0.9446118838861908
diesel-BP50,knn,5,1,-0.2437200858836816
diesel-BP50,knn,5,2,0.0101061222415884
diesel-BP50,knn,5,3,-0.5309404452227799
diesel-BP50,knn,5,4,-0.2032365830704274
diesel-BP50,knn,5,5,-0.1722764200625457
diesel-BP50,knn,5,6,0.0141740059308786
diesel-BP50,knn,5,7,0.1350827448423244
diesel-BP50,knn,5,8,0.1347908595092765
diesel-BP50,knn,5,9,-0.446024115806743
diesel-BP50,knn,5,10,-0.0172840537925356
diesel-BP50,knn,5,11,-1.3753625215722836
diesel-BP50,knn,5,12,0.0123744139532002
diesel-BP50,knn,5,13,0.0124801467007631
diesel-BP50,knn,5,14,-0.1248471780354583
diesel-BP50,knn,5,15,0.0635441406831256
diesel-BP50,knn,5,16,-0.1922290292545994
diesel-BP50,knn,5,17,-0.367146920043838
diesel-BP50,knn,5,18,-0.5279899526041028
diesel-BP50,knn,5,19,0.0088423657043846
diesel-BP50,knn,5,20,0.1808750089671048
diesel-BP50,knn,5,21,-0.2174799091819341
diesel-BP50,knn,5,22,-1.04929684723562
diesel-BP50,knn,5,23,-0.3682855355159906
diesel-BP50,knn,5,24,-0.0402833979873296
diesel-BP50,knn,5,25,0.2131241560447152
diesel-BP50,knn,5,26,-0.5377915797267832
diesel-BP50,knn,5,27,-0.172186090328154
diesel-BP50,knn,5,28,-0.5556630812542076
diesel-BP50,knn,5,29,-2.1648653234568576
diesel-BP50,knn,10,0,-0.5316750912114663
diesel-BP50,knn,10,1,0.091996208803055
diesel-BP50,knn,10,2,0.0459486008269363
diesel-BP50,knn,10,3,0.2063659396499749
diesel-BP50,knn,10,4,-0.3190410152312295
diesel-BP50,knn,10,5,0.0982747125642243
diesel-BP50,knn,10,6,0.0144627868615876
diesel-BP50,knn,10,7,-0.5519265785077472
diesel-BP50,knn,10,8,-0.1057666428288877
diesel-BP50,knn,10,9,0.0237815614380028
diesel-BP50,knn,10,10,0.0529112208301943
diesel-BP50,knn,10,11,-0.1771105168695772
diesel-BP50,knn,10,12,0.124148949437655
diesel-BP50,knn,10,13,0.0397467054551841
diesel-BP50,knn,10,14,-0.0559935657085413
diesel-BP50,knn,10,15,-0.0071992672218272
diesel-BP50,knn,10,16,-0.0414187395916298
diesel-BP50,knn,10,17,-0.0889999321799281
diesel-BP50,knn,10,18,-0.4024498931030331
diesel-BP50,knn,10,19,0.2065317125666691
diesel-BP50,knn,10,20,0.2126439561481511
diesel-BP50,knn,10,21,0.1708804342263102
diesel-BP50,knn,10,22,0.1319379504313431
diesel-BP50,knn,10,23,-0.1628647870893038
diesel-BP50,knn,10,24,0.0654959231263052
diesel-BP50,knn,10,25,-0.1295612999551605
diesel-BP50,knn,10,26,-0.039501863706983
diesel-BP50,knn,10,27,-0.0730092905742125
diesel-BP50,knn,10,28,-0.0017798611332697
diesel-BP50,knn,10,29,0.0227232946746596
diesel-BP50,knn,20,0,-0.0053333942141184
diesel-BP50,knn,20,1,0.1848086759300353
diesel-BP50,knn,20,2,-0.1274353195509565
diesel-BP50,knn,20,3,0.141985105792735
diesel-BP50,knn,20,4,0.0509389913617726
diesel-BP50,knn,20,5,0.2306034439838085
diesel-BP50,knn,20,6,0.1788305605058765
diesel-BP50,knn,20,7,0.1367113288699094
diesel-BP50,knn,20,8,-0.0030322946965755
diesel-BP50,knn,20,9,-0.1483517087464574
diesel-BP50,knn,20,10,0.1898810837946922
diesel-BP50,knn,20,11,0.1124895597226014
diesel-BP50,knn,20,12,0.0661611682376491
diesel-BP50,knn,20,13,0.2379880897697797
diesel-BP50,knn,20,14,-0.0001900907842597
diesel-BP50,knn,20,15,-0.1445390550489531
diesel-BP50,knn,20,16,0.0313067207298848
diesel-BP50,knn,20,17,0.2013730816970453
diesel-BP50,knn,20,18,-0.5147970458034947
diesel-BP50,knn,20,19,0.1921255653940029
diesel-BP50,knn,20,20,0.0421736141205136
diesel-BP50,knn,20,21,-0.0851544915286852
diesel-BP50,knn,20,22,0.1607059051533861
diesel-BP50,knn,20,23,-0.2550354485731834
diesel-BP50,knn,20,24,0.1333947968673933
diesel-BP50,knn,20,25,0.220838344098334
diesel-BP50,knn,20,26,-0.2778330630497814
diesel-BP50,knn,20,27,0.2153219867472756
diesel-BP50,knn,20,28,0.2215511122291158
diesel-BP50,knn,20,29,-0.0669045098304259
diesel-CN,knn,5,0,-0.0016696577254273
diesel-CN,knn,5,1,0.0094759603774035
diesel-CN,knn,5,2,-0.0101786773427048
diesel-CN,knn,5,3,-0.2185189841902266
diesel-CN,knn,5,4,-0.0116549067426143
diesel-CN,knn,5,5,0.108130919725089
diesel-CN,knn,5,6,0.0342512032983464
diesel-CN,knn,5,7,0.0662455300023471
diesel-CN,knn,5,8,-0.2698440150439769
diesel-CN,knn,5,9,0.1271369452184446
diesel-CN,knn,5,10,0.0638318660633843
diesel-CN,knn,5,11,-0.3813534984069548
diesel-CN,knn,5,12,-0.3630772501809403
diesel-CN,knn,5,13,-0.0106312401648926
diesel-CN,knn,5,14,-0.157733963278579
diesel-CN,knn,5,15,-0.0672713323049651
diesel-CN,knn,5,16,-0.0033618220388327
diesel-CN,knn,5,17,0.1861595241847518
diesel-CN,knn,5,18,-0.4422868604195951
diesel-CN,knn,5,19,-0.1041756018932313
diesel-CN,knn,5,20,0.04507142913399
diesel-CN,knn,5,21,0.1953839451808682
diesel-CN,knn,5,22,-0.0155849106939027
diesel-CN,knn,5,23,-0.2022160701267792
diesel-CN,knn,5,24,-0.048008269811155
diesel-CN,knn,5,25,0.0798150076329631
diesel-CN,knn,5,26,0.1276526947768905
diesel-CN,knn,5,27,0.1220647258146657
diesel-CN,knn,5,28,-0.1728931437421614
diesel-CN,knn,5,29,-0.2447919921419747
diesel-CN,knn,10,0,-0.2453070748682513
diesel-CN,knn,10,1,0.1921698063264196
diesel-CN,knn,10,2,-0.1921080794819685
diesel-CN,knn,10,3,0.1355107015306365
diesel-CN,knn,10,4,0.1767543932790807
diesel-CN,knn,10,5,0.1191647794423982
diesel-CN,knn,10,6,0.1457270311583572
diesel-CN,knn,10,7,0.0723220992191854
diesel-CN,knn,10,8,0.1692010820899152
diesel-CN,knn,10,9,0.0895767230638034
diesel-CN,knn,10,10,-0.924961371552986
diesel-CN,knn,10,11,-0.0261529266691094
diesel-CN,knn,10,12,0.1514081325771025
diesel-CN,knn,10,13,-0.0718551546985308
diesel-CN,knn,10,14,0.1995552117393966
diesel-CN,knn,10,15,0.1678675216155546
diesel-CN,knn,10,16,0.0832556341756983
diesel-CN,knn,10,17,-1.4385167211055068
diesel-CN,knn,10,18,0.1335875831448539
diesel-CN,knn,10,19,0.0418149885502362
diesel-CN,knn,10,20,0.1933270737154852
diesel-CN,knn,10,21,-0.0924863072280912
diesel-CN,knn,10,22,-0.2673771294831344
diesel-CN,knn,10,23,0.1392314678994863
diesel-CN,knn,10,24,0.1480411842387182
diesel-CN,knn,10,25,0.0806294052133098
diesel-CN,knn,10,26,0.1583554690049199
diesel-CN,knn,10,27,0.172452898688982
diesel-CN,knn,10,28,0.0276838040330682
diesel-CN,knn,10,29,0.1411281286647352
diesel-CN,knn,20,0,0.1549992423795915
diesel-CN,knn,20,1,0.0620673453588841
diesel-CN,knn,20,2,0.2497437057818605
diesel-CN,knn,20,3,0.1471017648115118
diesel-CN,knn,20,4,0.1320363329058126
diesel-CN,knn,20,5,0.2289626016200646
diesel-CN,knn,20,6,0.267504255441585
diesel-CN,knn,20,7,0.0910100681734557
diesel-CN,knn,20,8,0.1039908222683614
diesel-CN,knn,20,9,0.1373621652251511
diesel-CN,knn,20,10,-0.1105522296601086
diesel-CN,knn,20,11,0.1817020319273868
diesel-CN,knn,20,12,-0.1362200951929475
diesel-CN,knn,20,13,0.1687051889441013
diesel-CN,knn,20,14,0.1180993505991395
diesel-CN,knn,20,15,0.2929852591287398
diesel-CN,knn,20,16,0.2579701819497115
diesel-CN,knn,20,17,0.2074294953931695
diesel-CN,knn,20,18,0.1997920199286481
diesel-CN,knn,20,19,0.0922534309308708
diesel-CN,knn,20,20,-0.0801436135802835
diesel-CN,knn,20,21,-0.0018399722922974
diesel-CN,knn,20,22,0.1840771830018177
diesel-CN,knn,20,23,0.2543974867855121
diesel-CN,knn,20,24,0.2584018503423207
diesel-CN,knn,20,25,0.1276917873452514
diesel-CN,knn,20,26,0.1769999403091009
diesel-CN,knn,20,27,0.1020915402658617
diesel-CN,knn,20,28,0.1698908915500494
diesel-CN,knn,20,29,0.1914213088214051
diesel-D4052,knn,5,0,-0.4182656319536217
diesel-D4052,knn,5,1,-0.519125428423141
diesel-D4052,knn,5,2,-0.9266485997241238
diesel-D4052,knn,5,3,-0.1660827699682887
diesel-D4052,knn,5,4,0.1903925335845391
diesel-D4052,knn,5,5,-0.2458921826405351
diesel-D4052,knn,5,6,-0.7397725270655953
diesel-D4052,knn,5,7,0.1482865273167983
diesel-D4052,knn,5,8,0.0486999781747977
diesel-D4052,knn,5,9,0.1627200889658846
diesel-D4052,knn,5,10,0.171817845804448
diesel-D4052,knn,5,11,-0.120220669269389
diesel-D4052,knn,5,12,-0.3133434124063539
diesel-D4052,knn,5,13,-0.3233571661050962
diesel-D4052,knn,5,14,0.255950982677515
diesel-D4052,knn,5,15,-0.2793720249016715
diesel-D4052,knn,5,16,-0.1704233613498407
diesel-D4052,knn,5,17,0.0306586320784152
diesel-D4052,knn,5,18,0.1573649765250848
diesel-D4052,knn,5,19,-1.0581524307181347
diesel-D4052,knn,5,20,-0.2441944008832604
diesel-D4052,knn,5,21,0.4379034107114689
diesel-D4052,knn,5,22,-0.2543337801477952
diesel-D4052,knn,5,23,0.031538745026165
diesel-D4052,knn,5,24,0.1157428786160704
diesel-D4052,knn,5,25,-0.0593914063989282
diesel-D4052,knn,5,26,-0.1559230360171091
diesel-D4052,knn,5,27,-0.005448389302699
diesel-D4052,knn,5,28,-0.0658284159735536
diesel-D4052,knn,5,29,0.3046601888675334
diesel-D4052,knn,10,0,-0.0911067873556963
diesel-D4052,knn,10,1,0.1124801791547671
diesel-D4052,knn,10,2,0.3336568354189253
diesel-D4052,knn,10,3,0.4536759455254393
diesel-D4052,knn,10,4,-0.0415144347619256
diesel-D4052,knn,10,5,0.1897714295699842
diesel-D4052,knn,10,6,0.2057463038897651
diesel-D4052,knn,10,7,0.2501342679699592
diesel-D4052,knn,10,8,0.3102809181912015
diesel-D4052,knn,10,9,0.3849045976528328
diesel-D4052,knn,10,10,0.1349559130406156
diesel-D4052,knn,10,11,0.0166703715178997
diesel-D4052,knn,10,12,0.3893264308050139
diesel-D4052,knn,10,13,0.2908197087424605
diesel-D4052,knn,10,14,0.4380855881252397
diesel-D4052,knn,10,15,0.145109267748883
diesel-D4052,knn,10,16,0.2277437188189971
diesel-D4052,knn,10,17,-0.2419580870837507
diesel-D4052,knn,10,18,0.3626702557648928
diesel-D4052,knn,10,19,0.2942947328865622
diesel-D4052,knn,10,20,0.1569608371453443
diesel-D4052,knn,10,21,0.3355766606427259
diesel-D4052,knn,10,22,0.0141865219396122
diesel-D4052,knn,10,23,0.1585811477333184
diesel-D4052,knn,10,24,0.4493992236656075
diesel-D4052,knn,10,25,0.3210741817088998
diesel-D4052,knn,10,26,0.2434202303919987
diesel-D4052,knn,10,27,0.1722611289922647
diesel-D4052,knn,10,28,0.2846642730778692
diesel-D4052,knn,10,29,0.1000590152305318
diesel-D4052,knn,20,0,0.3832799852568231
diesel-D4052,knn,20,1,0.5564527119890925
diesel-D4052,knn,20,2,0.3604328863299336
diesel-D4052,knn,20,3,0.2992522944626373
diesel-D4052,knn,20,4,0.4939189837612528
diesel-D4052,knn,20,5,0.4018566742894491
diesel-D4052,knn,20,6,0.4018136509377189
diesel-D4052,knn,20,7,0.2305052015528291
diesel-D4052,knn,20,8,0.3195998070289011
diesel-D4052,knn,20,9,0.4798333535840262
diesel-D4052,knn,20,10,0.2943799007011779
diesel-D4052,knn,20,11,0.3039527540919973
diesel-D4052,knn,20,12,0.1571813475122945
diesel-D4052,knn,20,13,0.2867657087782549
diesel-D4052,knn,20,14,0.5280877515444304
diesel-D4052,knn,20,15,0.3098898412951035
diesel-D4052,knn,20,16,0.3608108436846368
diesel-D4052,knn,20,17,0.2925677557825823
diesel-D4052,knn,20,18,0.5130457918289659
diesel-D4052,knn,20,19,0.1959649044380642
diesel-D4052,knn,20,20,0.1876693094385373
diesel-D4052,knn,20,21,0.2412610963110932
diesel-D4052,knn,20,22,0.341830521907455
diesel-D4052,knn,20,23,0.3284760536053932
diesel-D4052,knn,20,24,0.3478750185396781
diesel-D4052,knn,20,25,0.3004257536540348
diesel-D4052,knn,20,26,0.350810861899862
diesel-D4052,knn,20,27,0.4020402604894439
diesel-D4052,knn,20,28,0.4866091888215691
diesel-D4052,knn,20,29,0.3339083299463963
diesel-FLASH,knn,5,0,-0.8044008846130204
diesel-FLASH,knn,5,1,-0.7595685280384759
diesel-FLASH,knn,5,2,-0.6753497700920599
diesel-FLASH,knn,5,3,-0.4469845968563108
diesel-FLASH,knn,5,4,-1.1789010055645983
diesel-FLASH,knn,5,5,-1.050666493482341
diesel-FLASH,knn,5,6,-0.1462671087210918
diesel-FLASH,knn,5,7,-1.073788749793302
diesel-FLASH,knn,5,8,-0.153278219426117
diesel-FLASH,knn,5,9,-0.2506984455039922
diesel-FLASH,knn,5,10,-0.038756927560529
diesel-FLASH,knn,5,11,-0.1724063044411605
diesel-FLASH,knn,5,12,0.0324097890844083
diesel-FLASH,knn,5,13,-0.1809596983777628
diesel-FLASH,knn,5,14,0.0370248510134443
diesel-FLASH,knn,5,15,-0.4379970048893877
diesel-FLASH,knn,5,16,-1.9057858358179909
diesel-FLASH,knn,5,17,-0.6496480967498739
diesel-FLASH,knn,5,18,-0.4318052594203048
diesel-FLASH,knn,5,19,-0.2966864962429862
diesel-FLASH,knn,5,20,-0.0475547725223997
diesel-FLASH,knn,5,21,-0.3538120885749543
diesel-FLASH,knn,5,22,-0.0064592760208856
diesel-FLASH,knn,5,23,-0.4461608479718437
diesel-FLASH,knn,5,24,-0.1827148380457222
diesel-FLASH,knn,5,25,-0.1913258015818848
diesel-FLASH,knn,5,26,-1.461914854627253
diesel-FLASH,knn,5,27,-0.1414781976791368
diesel-FLASH,knn,5,28,-0.1283318950865337
diesel-FLASH,knn,5,29,-0.0214054411601556
diesel-FLASH,knn,10,0,0.0284186609455115
diesel-FLASH,knn,10,1,-0.0015657972169735
diesel-FLASH,knn,10,2,-0.0040518895746144
diesel-FLASH,knn,10,3,0.0026735331275759
diesel-FLASH,knn,10,4,-0.1172850198810919
diesel-FLASH,knn,10,5,-0.4778747285092626
diesel-FLASH,knn,10,6,0.0035243936718591
diesel-FLASH,knn,10,7,-0.0764152112423215
diesel-FLASH,knn,10,8,-0.0248219193690202
diesel-FLASH,knn,10,9,-0.863017121942852
diesel-FLASH,knn,10,10,0.0437351063108053
diesel-FLASH,knn,10,11,0.0551504208738173
diesel-FLASH,knn,10,12,-0.0511173455569045
diesel-FLASH,knn,10,13,0.0081276452570253
diesel-FLASH,knn,10,14,0.0696891696700485
diesel-FLASH,knn,10,15,-0.2436858677930702
diesel-FLASH,knn,10,16,-0.013926218550176
diesel-FLASH,knn,10,17,-0.1066383867657612
diesel-FLASH,knn,10,18,-0.2806100941357907
diesel-FLASH,knn,10,19,-0.1368796743988207
diesel-FLASH,knn,10,20,-0.8513482169961988
diesel-FLASH,knn,10,21,-0.5045898297053275
diesel-FLASH,knn,10,22,-0.0082192863611483
diesel-FLASH,knn,10,23,0.0725408239809854
diesel-FLASH,knn,10,24,-0.0167644698958955
diesel-FLASH,knn,10,25,0.0292166186939029
diesel-FLASH,knn,10,26,-0.0029316066411224
diesel-FLASH,knn,10,27,-0.1393283911083478
diesel-FLASH,knn,10,28,-0.1096708526974781
diesel-FLASH,knn,10,29,-0.5596912402771326
diesel-FLASH,knn,20,0,-0.0681237266982059
diesel-FLASH,knn,20,1,0.0285345595359233
diesel-FLASH,knn,20,2,-0.1190513205757437
diesel-FLASH,knn,20,3,0.0364167564069447
diesel-FLASH,knn,20,4,0.0768620852556122
diesel-FLASH,knn,20,5,-0.2313611312384813
diesel-FLASH,knn,20,6,-0.991979234870452
diesel-FLASH,knn,20,7,-0.2734521070165538
diesel-FLASH,knn,20,8,0.0125142209005394
diesel-FLASH,knn,20,9,-0.0527295369145508
diesel-FLASH,knn,20,10,0.0363312688295495
diesel-FLASH,knn,20,11,-0.0774646737761526
diesel-FLASH,knn,20,12,-0.2164419183490671
diesel-FLASH,knn,20,13,0.0941317471268327
diesel-FLASH,knn,20,14,-0.0921517364443129
diesel-FLASH,knn,20,15,0.0852435914379152
diesel-FLASH,knn,20,16,0.0286215235590847
diesel-FLASH,knn,20,17,0.0991258470860669
diesel-FLASH,knn,20,18,0.0964768952153245
diesel-FLASH,knn,20,19,0.079454484424405
diesel-FLASH,knn,20,20,-0.0015229830553213
diesel-FLASH,knn,20,21,0.0037677063097374
diesel-FLASH,knn,20,22,0.0749101662116475
diesel-FLASH,knn,20,23,0.0325316522934243
diesel-FLASH,knn,20,24,-0.1632140127343808
diesel-FLASH,knn,20,25,-0.0837527052259432
diesel-FLASH,knn,20,26,0.0248900362977075
diesel-FLASH,knn,20,27,0.0512500729402477
diesel-FLASH,knn,20,28,-0.1780909172931568
diesel-FLASH,knn,20,29,-0.1650991874255918
diesel-FREEZE,knn,5,0,0.0237705816664682
diesel-FREEZE,knn,5,1,-0.0449359639987547
diesel-FREEZE,knn,5,2,-0.1605505068133705
diesel-FREEZE,knn,5,3,-0.0876565375964477
diesel-FREEZE,knn,5,4,-0.0494883403673798
diesel-FREEZE,knn,5,5,-3.0941789307964305
diesel-FREEZE,knn,5,6,-0.0538484709183026
diesel-FREEZE,knn,5,7,-0.2299789375828553
diesel-FREEZE,knn,5,8,-0.2760098587526125
diesel-FREEZE,knn,5,9,-0.0995034055385495
diesel-FREEZE,knn,5,10,0.0780288177831485
diesel-FREEZE,knn,5,11,0.0331598579065197
diesel-FREEZE,knn,5,12,-0.0099940876913826
diesel-FREEZE,knn,5,13,-0.1444996402293403
diesel-FREEZE,knn,5,14,0.0063970080486061
diesel-FREEZE,knn,5,15,-0.0868032880204332
diesel-FREEZE,knn,5,16,-0.0110619196477015
diesel-FREEZE,knn,5,17,-0.1425759536023902
diesel-FREEZE,knn,5,18,0.002640564071441
diesel-FREEZE,knn,5,19,-2.5358817243084437
diesel-FREEZE,knn,5,20,0.1538197643031038
diesel-FREEZE,knn,5,21,-0.1249021618438388
diesel-FREEZE,knn,5,22,-0.0882426818863353
diesel-FREEZE,knn,5,23,-0.1609268458464605
diesel-FREEZE,knn,5,24,0.030358013930577
diesel-FREEZE,knn,5,25,-0.4301387431900068
diesel-FREEZE,knn,5,26,-0.295082620880376
diesel-FREEZE,knn,5,27,-0.0698549302138382
diesel-FREEZE,knn,5,28,-0.2343399153992487
diesel-FREEZE,knn,5,29,-0.1950148231115398
diesel-FREEZE,knn,10,0,0.1566470286113804
diesel-FREEZE,knn,10,1,0.0905800200081148
diesel-FREEZE,knn,10,2,0.1609356644322493
diesel-FREEZE,knn,10,3,-1.7183583843176562
diesel-FREEZE,knn,10,4,-0.1804761714229223
diesel-FREEZE,knn,10,5,-0.1669299132426229
diesel-FREEZE,knn,10,6,-0.1351770765575906
diesel-FREEZE,knn,10,7,0.0276035445504413
diesel-FREEZE,knn,10,8,0.1028948736593966
diesel-FREEZE,knn,10,9,-0.0198296186836643
diesel-FREEZE,knn,10,10,-0.0065328692192072
diesel-FREEZE,knn,10,11,0.1385863359673906
diesel-FREEZE,knn,10,12,0.0332461229928804
diesel-FREEZE,knn,10,13,0.1310267850699424
diesel-FREEZE,knn,10,14,-0.1612873069400113
diesel-FREEZE,knn,10,15,0.0357009210650477
diesel-FREEZE,knn,10,16,-0.1602402055384861
diesel-FREEZE,knn,10,17,0.137607464188752
diesel-FREEZE,knn,10,18,0.1158506412998572
diesel-FREEZE,knn,10,19,-0.0645460211069539
diesel-FREEZE,knn,10,20,-0.186484243266372
diesel-FREEZE,knn,10,21,0.0098877589990166
diesel-FREEZE,knn,10,22,0.0064981381983602
diesel-FREEZE,knn,10,23,0.1970239173687594
diesel-FREEZE,knn,10,24,-0.3831324953037645
diesel-FREEZE,knn,10,25,-0.3819477008565974
diesel-FREEZE,knn,10,26,-0.5184405709414959
diesel-FREEZE,knn,10,27,0.0615739088644144
diesel-FREEZE,knn,10,28,-0.088385035591705
diesel-FREEZE,knn,10,29,-0.2293164084288648
diesel-FREEZE,knn,20,0,0.087069204030732
diesel-FREEZE,knn,20,1,-0.1640339749618997
diesel-FREEZE,knn,20,2,-0.1533892459512664
diesel-FREEZE,knn,20,3,-0.0077042047815421
diesel-FREEZE,knn,20,4,0.141132867070882
diesel-FREEZE,knn,20,5,-0.1064169487875805
diesel-FREEZE,knn,20,6,0.32585829951804
diesel-FREEZE,knn,20,7,0.1944735173829176
diesel-FREEZE,knn,20,8,0.3881434789878299
diesel-FREEZE,knn,20,9,-0.0720647645707321
diesel-FREEZE,knn,20,10,0.240224188589628
diesel-FREEZE,knn,20,11,-0.060140918899914
diesel-FREEZE,knn,20,12,0.0770139424322104
diesel-FREEZE,knn,20,13,0.2387399156076309
diesel-FREEZE,knn,20,14,-0.0756810854017735
diesel-FREEZE,knn,20,15,0.1215895313723506
diesel-FREEZE,knn,20,16,0.036276629777195
diesel-FREEZE,knn,20,17,0.0729113745825952
diesel-FREEZE,knn,20,18,0.2925931202309706
diesel-FREEZE,knn,20,19,0.2060614631644661
diesel-FREEZE,knn,20,20,0.0379103251442265
diesel-FREEZE,knn,20,21,0.1303479493952565
diesel-FREEZE,knn,20,22,0.0313815241050701
diesel-FREEZE,knn,20,23,0.2811444665556446
diesel-FREEZE,knn,20,24,-0.1409591463360224
diesel-FREEZE,knn,20,25,-0.4038484476941246
diesel-FREEZE,knn,20,26,-0.0453131282913024
diesel-FREEZE,knn,20,27,0.0914551962041962
diesel-FREEZE,knn,20,28,0.2720967194672206
diesel-FREEZE,knn,20,29,0.1848633428483719
diesel-TOTAL,knn,5,0,0.4581795371999618
diesel-TOTAL,knn,5,1,0.4976667267064798
diesel-TOTAL,knn,5,2,0.0210790045804475
diesel-TOTAL,knn,5,3,0.3458531844484295
diesel-TOTAL,knn,5,4,0.4839130551878107
diesel-TOTAL,knn,5,5,0.5514542749446174
diesel-TOTAL,knn,5,6,0.4855803308044814
diesel-TOTAL,knn,5,7,0.6122839092768569
diesel-TOTAL,knn,5,8,0.4528990607622739
diesel-TOTAL,knn,5,9,0.3959595576538169
diesel-TOTAL,knn,5,10,0.4786270374564167
diesel-TOTAL,knn,5,11,0.3145572048455077
diesel-TOTAL,knn,5,12,0.2814211427125681
diesel-TOTAL,knn,5,13,0.2896043510271996
diesel-TOTAL,knn,5,14,0.4780655873281185
diesel-TOTAL,knn,5,15,0.2413627375347583
diesel-TOTAL,knn,5,16,0.4986466667039522
diesel-TOTAL,knn,5,17,0.1722205115661677
diesel-TOTAL,knn,5,18,0.5518757690455087
diesel-TOTAL,knn,5,19,0.6628403706902971
diesel-TOTAL,knn,5,20,0.3076636554308739
diesel-TOTAL,knn,5,21,0.441947924786182
diesel-TOTAL,knn,5,22,0.2322531804330248
diesel-TOTAL,knn,5,23,0.5645590012440218
diesel-TOTAL,knn,5,24,0.5889501586463102
diesel-TOTAL,knn,5,25,0.5932601037688426
diesel-TOTAL,knn,5,26,0.3384431935628552
diesel-TOTAL,knn,5,27,0.0793478426875066
diesel-TOTAL,knn,5,28,0.451847869108208
diesel-TOTAL,knn,5,29,0.2135958282969938
diesel-TOTAL,knn,10,0,0.5163442252987889
diesel-TOTAL,knn,10,1,0.4952716113229617
diesel-TOTAL,knn,10,2,0.2718193783480517
diesel-TOTAL,knn,10,3,0.2331101052370603
diesel-TOTAL,knn,10,4,0.3733390074155563
diesel-TOTAL,knn,10,5,0.4281428070834372
diesel-TOTAL,knn,10,6,0.3176428356415482
diesel-TOTAL,knn,10,7,0.1230083865544013
diesel-TOTAL,knn,10,8,0.7578938632168672
diesel-TOTAL,knn,10,9,0.6726487448880063
diesel-TOTAL,knn,10,10,0.6208724618265793
diesel-TOTAL,knn,10,11,0.3780838906211782
diesel-TOTAL,knn,10,12,0.6514579098959878
diesel-TOTAL,knn,10,13,0.069738728335402
diesel-TOTAL,knn,10,14,0.7696513344107387
diesel-TOTAL,knn,10,15,0.5276510244557422
diesel-TOTAL,knn,10,16,0.721157523408776
diesel-TOTAL,knn,10,17,0.6052206531238329
diesel-TOTAL,knn,10,18,0.4554939224522969
diesel-TOTAL,knn,10,19,0.6588390198912333
diesel-TOTAL,knn,10,20,0.3485380003785997
diesel-TOTAL,knn,10,21,0.7459216727911371
diesel-TOTAL,knn,10,22,0.7966060433800554
diesel-TOTAL,knn,10,23,0.6262408602984554
diesel-TOTAL,knn,10,24,0.5299326689563372
diesel-TOTAL,knn,10,25,0.5471953350684575
diesel-TOTAL,knn,10,26,0.5355271042345092
diesel-TOTAL,knn,10,27,0.4301766934870616
diesel-TOTAL,knn,10,28,0.5604573316526631
diesel-TOTAL,knn,10,29,0.7093246336473482
diesel-TOTAL,knn,20,0,0.6812905093575727
diesel-TOTAL,knn,20,1,0.7020672860631336
diesel-TOTAL,knn,20,2,0.7231295297569574
diesel-TOTAL,knn,20,3,0.6460865029857001
diesel-TOTAL,knn,20,4,0.7067821745647271
diesel-TOTAL,knn,20,5,0.7226723747605329
diesel-TOTAL,knn,20,6,0.7161884444967291
diesel-TOTAL,knn,20,7,0.6669453626911225
diesel-TOTAL,knn,20,8,0.7007532253642746
diesel-TOTAL,knn,20,9,0.7688733102568865
diesel-TOTAL,knn,20,10,0.6545477743236358
diesel-TOTAL,knn,20,11,0.736232324615981
diesel-TOTAL,knn,20,12,0.7340310529590771
diesel-TOTAL,knn,20,13,0.7560859637455948
diesel-TOTAL,knn,20,14,0.6583773900177381
diesel-TOTAL,knn,20,15,0.6792577915919907
diesel-TOTAL,knn,20,16,0.6173919507487697
diesel-TOTAL,knn,20,17,0.6552467735770513
diesel-TOTAL,knn,20,18,0.6033012709429667
diesel-TOTAL,knn,20,19,0.7214062119144017
diesel-TOTAL,knn,20,20,0.6623954054640986
diesel-TOTAL,knn,20,21,0.4654093854599954
diesel-TOTAL,knn,20,22,0.5737555556042648
diesel-TOTAL,knn,20,23,0.6664008768862842
diesel-TOTAL,knn,20,24,0.7567567753755118
diesel-TOTAL,knn,20,25,0.6152768899360976
diesel-TOTAL,knn,20,26,0.5799497351669615
diesel-TOTAL,knn,20,27,0.6001805408284342
diesel-TOTAL,knn,20,28,0.680685381432456
diesel-TOTAL,knn,20,29,0.7505005059422218
diesel-VISC,knn,5,0,-1.0914942635312692
diesel-VISC,knn,5,1,-0.6663597327986936
diesel-VISC,knn,5,2,0.0453646874885989
diesel-VISC,knn,5,3,-0.0827625404716694
diesel-VISC,knn,5,4,-0.9184833870372602
diesel-VISC,knn,5,5,-0.0322949122933922
diesel-VISC,knn,5,6,0.0211212091789662
diesel-VISC,knn,5,7,-0.8281439735676763
diesel-VISC,knn,5,8,-0.3518298313684092
diesel-VISC,knn,5,9,-0.9798431069714716
diesel-VISC,knn,5,10,-0.9119084273915185
diesel-VISC,knn,5,11,-0.133845166786515
diesel-VISC,knn,5,12,-0.1055049830966921
diesel-VISC,knn,5,13,-0.7489984962217306
diesel-VISC,knn,5,14,-0.2338515029530141
diesel-VISC,knn,5,15,0.0045662376496627
diesel-VISC,knn,5,16,-0.5283555709733154
diesel-VISC,knn,5,17,-0.4845902759690288
diesel-VISC,knn,5,18,-0.8930925416986673
diesel-VISC,knn,5,19,-0.6940220787054145
diesel-VISC,knn,5,20,-0.0982259036267119
diesel-VISC,knn,5,21,-0.5881963006102544
diesel-VISC,knn,5,22,-0.0070076407772743
diesel-VISC,knn,5,23,-0.983079810078752
diesel-VISC,knn,5,24,-0.1242373967932461
diesel-VISC,knn,5,25,0.1257648132293699
diesel-VISC,knn,5,26,-0.1797854120002866
diesel-VISC,knn,5,27,-0.2066888593706854
diesel-VISC,knn,5,28,-0.7023911431507559
diesel-VISC,knn,5,29,0.0484099060106578
diesel-VISC,knn,10,0,-0.1380991703731757
diesel-VISC,knn,10,1,0.0350647889199214
diesel-VISC,knn,10,2,0.0487610723645167
diesel-VISC,knn,10,3,-0.0381930253630178
diesel-VISC,knn,10,4,-0.1890492448855196
diesel-VISC,knn,10,5,0.1130073992206569
diesel-VISC,knn,10,6,-0.3559819772183421
diesel-VISC,knn,10,7,-0.1004741405258307
diesel-VISC,knn,10,8,-0.3092276453559448
diesel-VISC,knn,10,9,-0.262415816392411
diesel-VISC,knn,10,10,-0.2001328821753554
diesel-VISC,knn,10,11,0.0756035188244427
diesel-VISC,knn,10,12,-0.0278702486611917
diesel-VISC,knn,10,13,0.0801010283320284
diesel-VISC,knn,10,14,0.0302645330800332
diesel-VISC,knn,10,15,-0.0911342449602841
diesel-VISC,knn,10,16,-0.3296465502218675
diesel-VISC,knn,10,17,-0.20247377515205
diesel-VISC,knn,10,18,0.0801707529111316
diesel-VISC,knn,10,19,0.0410325693410321
diesel-VISC,knn,10,20,-0.0370949114213108
diesel-VISC,knn,10,21,-0.5553791978119496
diesel-VISC,knn,10,22,-0.1130302593798198
diesel-VISC,knn,10,23,-0.0338044990508548
diesel-VISC,knn,10,24,-0.0880207450452634
diesel-VISC,knn,10,25,0.2202212037017658
diesel-VISC,knn,10,26,0.0664287195140738
diesel-VISC,knn,10,27,-1.4636628789838069
diesel-VISC,knn,10,28,0.0200410805875905
diesel-VISC,knn,10,29,-0.0207586285934477
diesel-VISC,knn,20,0,-0.0003602285963713
diesel-VISC,knn,20,1,0.1026094386464944
diesel-VISC,knn,20,2,-0.0798787128941984
diesel-VISC,knn,20,3,0.0728658637576673
diesel-VISC,knn,20,4,0.279614004435843
diesel-VISC,knn,20,5,0.0738926206050381
diesel-VISC,knn,20,6,0.0539670032697719
diesel-VISC,knn,20,7,0.1132343923866775
diesel-VISC,knn,20,8,-0.0595298185138455
diesel-VISC,knn,20,9,0.1856904579986112
diesel-VISC,knn,20,10,0.1367528748472729
diesel-VISC,knn,20,11,-0.0294148425959444
diesel-VISC,knn,20,12,0.0026645088637166
diesel-VISC,knn,20,13,0.256911162449661
diesel-VISC,knn,20,14,0.112715788202982
diesel-VISC,knn,20,15,0.0256952936499621
diesel-VISC,knn,20,16,0.1520540630606889
diesel-VISC,knn,20,17,0.0069838656922404
diesel-VISC,knn,20,18,0.1620357244983337
diesel-VISC,knn,20,19,0.1506437108921448
diesel-VISC,knn,20,20,0.2122629672727429
diesel-VISC,knn,20,21,0.2777367072081153
diesel-VISC,knn,20,22,0.1337685635190936
diesel-VISC,knn,20,23,-0.5248959274176457
diesel-VISC,knn,20,24,-0.157459818036532
diesel-VISC,knn,20,25,0.2221253909859766
diesel-VISC,knn,20,26,-0.0355786472875796
diesel-VISC,knn,20,27,0.0374007052357105
diesel-VISC,knn,20,28,-0.4960745355066263
diesel-VISC,knn,20,29,-0.3885780660068174
evoo-adulteration,knn,5,0,-0.2280081608077147
evoo-adulteration,knn,5,1,-0.0294699969951619
evoo-adulteration,knn,5,2,-0.3943156031936599
evoo-adulteration,knn,5,3,0.0167620878857547
evoo-adulteration,knn,5,4,0.0382486729798555
evoo-adulteration,knn,5,5,-1.0233584311353248
evoo-adulteration,knn,5,6,0.0759427030301864
evoo-adulteration,knn,5,7,-1.2695468791818216
evoo-adulteration,knn,5,8,-0.0193425581021045
evoo-adulteration,knn,5,9,-0.0933718844332207
evoo-adulteration,knn,5,10,-0.5552516439667785
evoo-adulteration,knn,5,11,-0.1794418064725516
evoo-adulteration,knn,5,12,-0.0793938109633778
evoo-adulteration,knn,5,13,-0.5693627260468879
evoo-adulteration,knn,5,14,-0.1091527727403596
evoo-adulteration,knn,5,15,-0.1348109668967749
evoo-adulteration,knn,5,16,-0.0551704943416759
evoo-adulteration,knn,5,17,0.2021174681276156
evoo-adulteration,knn,5,18,-0.7020051017642386
evoo-adulteration,knn,5,19,-0.119439554556985
evoo-adulteration,knn,5,20,-0.7772514674968558
evoo-adulteration,knn,5,21,-0.2496406359788965
evoo-adulteration,knn,5,22,-0.0816062079170933
evoo-adulteration,knn,5,23,-0.3656332378643583
evoo-adulteration,knn,5,24,-0.1205392082878509
evoo-adulteration,knn,5,25,-0.5836710032110584
evoo-adulteration,knn,5,26,0.0956260354682864
evoo-adulteration,knn,5,27,-0.1441871244103878
evoo-adulteration,knn,5,28,0.2012465612259542
evoo-adulteration,knn,5,29,-0.237920472231776
evoo-adulteration,knn,10,0,-0.0286433755234138
evoo-adulteration,knn,10,1,-0.0785579325813805
evoo-adulteration,knn,10,2,-0.3655017431034286
evoo-adulteration,knn,10,3,0.0873420339157776
evoo-adulteration,knn,10,4,-0.033464276330082
evoo-adulteration,knn,10,5,-0.8193916079538994
evoo-adulteration,knn,10,6,-0.2568288437477812
evoo-adulteration,knn,10,7,0.1606808367103616
evoo-adulteration,knn,10,8,0.0150359690281988
evoo-adulteration,knn,10,9,0.04488734819653
evoo-adulteration,knn,10,10,-0.1804966715021383
evoo-adulteration,knn,10,11,-0.1048064316668253
evoo-adulteration,knn,10,12,-0.1681453258824456
evoo-adulteration,knn,10,13,0.1495372402177283
evoo-adulteration,knn,10,14,0.1528756030551481
evoo-adulteration,knn,10,15,-0.0193197632187389
evoo-adulteration,knn,10,16,0.0436147917251157
evoo-adulteration,knn,10,17,0.0108836984255696
evoo-adulteration,knn,10,18,-0.1272989157176065
evoo-adulteration,knn,10,19,-0.1002590893980948
evoo-adulteration,knn,10,20,0.4194975419780641
evoo-adulteration,knn,10,21,0.0624763906289362
evoo-adulteration,knn,10,22,0.0532237931345679
evoo-adulteration,knn,10,23,-0.2257786342908723
evoo-adulteration,knn,10,24,0.0493857811633789
evoo-adulteration,knn,10,25,0.0232483913737787
evoo-adulteration,knn,10,26,-0.3330583246997391
evoo-adulteration,knn,10,27,0.1046121438926078
evoo-adulteration,knn,10,28,0.0268645410512365
evoo-adulteration,knn,10,29,-0.0106092877577059
evoo-adulteration,knn,20,0,0.1732744344415633
evoo-adulteration,knn,20,1,0.0166048569564031
evoo-adulteration,knn,20,2,-0.0901727948678017
evoo-adulteration,knn,20,3,-0.1323481309980529
evoo-adulteration,knn,20,4,0.1999549561778845
evoo-adulteration,knn,20,5,-0.1113416008787195
evoo-adulteration,knn,20,6,-0.1415369715179
evoo-adulteration,knn,20,7,0.1115614019114784
evoo-adulteration,knn,20,8,0.139314215074544
evoo-adulteration,knn,20,9,0.1989259594758744
evoo-adulteration,knn,20,10,0.1136656554890233
evoo-adulteration,knn,20,11,0.1581741757249057
evoo-adulteration,knn,20,12,0.0737676191598565
evoo-adulteration,knn,20,13,0.0416460021929567
evoo-adulteration,knn,20,14,0.1567862873417481
evoo-adulteration,knn,20,15,0.2465207113230364
evoo-adulteration,knn,20,16,0.0989755888664365
evoo-adulteration,knn,20,17,-0.1697437173074336
evoo-adulteration,knn,20,18,0.1703807362130479
evoo-adulteration,knn,20,19,0.1239287990401529
evoo-adulteration,knn,20,20,0.303271448822456
evoo-adulteration,knn,20,21,0.1741164730663414
evoo-adulteration,knn,20,22,0.2968832553071295
evoo-adulteration,knn,20,23,0.2936749681473453
evoo-adulteration,knn,20,24,0.0484700328884163
evoo-adulteration,knn,20,25,0.2137284181229654
evoo-adulteration,knn,20,26,0.2622945228312298
evoo-adulteration,knn,20,27,0.2160723456610463
evoo-adulteration,knn,20,28,0.2122389620595831
evoo-adulteration,knn,20,29,0.0652247805574743
gasoline-octane,knn,5,0,0.5409469263833075
gasoline-octane,knn,5,1,0.4562613402099329
gasoline-octane,knn,5,2,-0.2958979061933797
gasoline-octane,knn,5,3,0.2540092388202049
gasoline-octane,knn,5,4,0.1752627174983672
gasoline-octane,knn,5,5,-0.4187076489615351
gasoline-octane,knn,5,6,-0.5020346848808104
gasoline-octane,knn,5,7,-0.3336379824488649
gasoline-octane,knn,5,8,-0.121793080330701
gasoline-octane,knn,5,9,0.2779618754210183
gasoline-octane,knn,5,10,0.2627349211231816
gasoline-octane,knn,5,11,-0.3110399887766637
gasoline-octane,knn,5,12,0.0098729805924304
gasoline-octane,knn,5,13,0.1174182044435799
gasoline-octane,knn,5,14,0.3100104177940981
gasoline-octane,knn,5,15,0.2100107428709626
gasoline-octane,knn,5,16,-0.1240034463259953
gasoline-octane,knn,5,17,-0.070827370340615
gasoline-octane,knn,5,18,-0.5621375837036282
gasoline-octane,knn,5,19,-0.7644143633892162
gasoline-octane,knn,5,20,0.3767938052754613
gasoline-octane,knn,5,21,0.2768203728236129
gasoline-octane,knn,5,22,-0.2748036530116085
gasoline-octane,knn,5,23,0.1436517195845663
gasoline-octane,knn,5,24,0.1495942237306715
gasoline-octane,knn,5,25,0.5278415914804435
gasoline-octane,knn,5,26,-0.1842424622033605
gasoline-octane,knn,5,27,0.4128873700500958
gasoline-octane,knn,5,28,0.1823970542180158
gasoline-octane,knn,5,29,0.4275992783772712
gasoline-octane,knn,10,0,0.449947624068132
gasoline-octane,knn,10,1,0.4021165185250364
gasoline-octane,knn,10,2,0.2582797452043042
gasoline-octane,knn,10,3,0.4851758355339076
gasoline-octane,knn,10,4,0.6525758442185884
gasoline-octane,knn,10,5,0.5327565015928803
gasoline-octane,knn,10,6,0.7298652544525956
gasoline-octane,knn,10,7,0.4944431830989131
gasoline-octane,knn,10,8,0.3185836796039267
gasoline-octane,knn,10,9,0.1585837414958346
gasoline-octane,knn,10,10,0.5370829679073277
gasoline-octane,knn,10,11,0.2319441814062016
gasoline-octane,knn,10,12,0.3844915836716318
gasoline-octane,knn,10,13,0.4851573085017915
gasoline-octane,knn,10,14,0.5344536906111393
gasoline-octane,knn,10,15,0.4449436469161831
gasoline-octane,knn,10,16,0.1329127107792779
gasoline-octane,knn,10,17,0.4125037644156772
gasoline-octane,knn,10,18,0.0636559103325465
gasoline-octane,knn,10,19,0.5365896335533938
gasoline-octane,knn,10,20,0.6542423074887199
gasoline-octane,knn,10,21,0.1626734591237554
gasoline-octane,knn,10,22,0.4690442884422581
gasoline-octane,knn,10,23,0.3243573250949074
gasoline-octane,knn,10,24,0.3328741301119886
gasoline-octane,knn,10,25,0.6066212268743911
gasoline-octane,knn,10,26,0.455685717666548
gasoline-octane,knn,10,27,0.6300353694158211
gasoline-octane,knn,10,28,0.608095758933797
gasoline-octane,knn,10,29,0.3003747915335804
gasoline-octane,knn,20,0,0.4870251651407803
gasoline-octane,knn,20,1,0.5633334841706155
gasoline-octane,knn,20,2,0.6537857434427656
gasoline-octane,knn,20,3,0.760351845011017
gasoline-octane,knn,20,4,0.5841383925174408
gasoline-octane,knn,20,5,0.7916369570802197
gasoline-octane,knn,20,6,0.5529022969347169
gasoline-octane,knn,20,7,0.6379579108937836
gasoline-octane,knn,20,8,0.6186335315799302
gasoline-octane,knn,20,9,0.2032042093252216
gasoline-octane,knn,20,10,0.6617788742181373
gasoline-octane,knn,20,11,0.6350524797980961
gasoline-octane,knn,20,12,0.5557766547966831
gasoline-octane,knn,20,13,0.6429158083139974
gasoline-octane,knn,20,14,0.7869783300926481
gasoline-octane,knn,20,15,0.669231709175403
gasoline-octane,knn,20,16,0.404551327647614
gasoline-octane,knn,20,17,0.7610127446468556
gasoline-octane,knn,20,18,0.6529278626380612
gasoline-octane,knn,20,19,0.7147263498597263
gasoline-octane,knn,20,20,0.4488542987364818
gasoline-octane,knn,20,21,0.5839785544195855
gasoline-octane,knn,20,22,0.7910172398117666
gasoline-octane,knn,20,23,0.709067724758107
gasoline-octane,knn,20,24,0.6985116287577511
gasoline-octane,knn,20,25,0.615561541518163
gasoline-octane,knn,20,26,0.6667707513384167
gasoline-octane,knn,20,27,0.7371883504543811
gasoline-octane,knn,20,28,0.8116078840823125
gasoline-octane,knn,20,29,0.6026433503557318
diesel-CN,mae_ft,5,0,0.136138971049933
diesel-CN,mae_ft,5,1,-0.8806488638941241
diesel-CN,mae_ft,5,2,-0.0029850311692209
diesel-CN,mae_ft,5,3,0.320530950707025
diesel-CN,mae_ft,5,4,0.1333322276835278
diesel-CN,mae_ft,5,5,0.0848227276579858
diesel-CN,mae_ft,5,6,0.0903970245103162
diesel-CN,mae_ft,5,7,0.0381294978815112
diesel-CN,mae_ft,5,8,-2.7152056874195987
diesel-CN,mae_ft,5,9,-0.1189379482365968
diesel-CN,mae_ft,10,0,-0.1859298252327252
diesel-CN,mae_ft,10,1,-0.7993654713044991
diesel-CN,mae_ft,10,2,-0.3424200447346754
diesel-CN,mae_ft,10,3,0.4106638248444016
diesel-CN,mae_ft,10,4,0.2623727545659544
diesel-CN,mae_ft,10,5,-0.013132218840131
diesel-CN,mae_ft,10,6,-0.0437412358030613
diesel-CN,mae_ft,10,7,0.2449823578758448
diesel-CN,mae_ft,10,8,0.1918751355959933
diesel-CN,mae_ft,10,9,0.3833934755480496
diesel-CN,mae_ft,20,0,-0.4750550799986663
diesel-CN,mae_ft,20,1,0.1042038045804031
diesel-CN,mae_ft,20,2,0.0829827294130188
diesel-CN,mae_ft,20,3,0.1116733789723712
diesel-CN,mae_ft,20,4,-0.2587572507821292
diesel-CN,mae_ft,20,5,-0.0765180451431177
diesel-CN,mae_ft,20,6,-1.846845557731884
diesel-CN,mae_ft,20,7,-0.5070657152650082
diesel-CN,mae_ft,20,8,0.4368613926102206
diesel-CN,mae_ft,20,9,0.4111333162784667
evoo-adulteration,mae_ft,5,0,-0.311003297183364
evoo-adulteration,mae_ft,5,1,-0.0437824924016174
evoo-adulteration,mae_ft,5,2,-0.8325464082893876
evoo-adulteration,mae_ft,5,3,-0.7718917199941715
evoo-adulteration,mae_ft,5,4,-0.7578836988596653
evoo-adulteration,mae_ft,5,5,-0.6197074657507777
evoo-adulteration,mae_ft,5,6,-0.1004597216456182
evoo-adulteration,mae_ft,5,7,-0.518361814906851
evoo-adulteration,mae_ft,5,8,-3.2722568047674354
evoo-adulteration,mae_ft,5,9,-1.0534559188950956
evoo-adulteration,mae_ft,10,0,-0.0863500823239431
evoo-adulteration,mae_ft,10,1,0.0199727201399343
evoo-adulteration,mae_ft,10,2,0.4739323678776785
evoo-adulteration,mae_ft,10,3,-1.5686142558348108
evoo-adulteration,mae_ft,10,4,-0.2473745660512138
evoo-adulteration,mae_ft,10,5,0.1978589432458907
evoo-adulteration,mae_ft,10,6,-1.2948243039619831
evoo-adulteration,mae_ft,10,7,-0.5131782473620559
evoo-adulteration,mae_ft,10,8,-0.0953564419804162
evoo-adulteration,mae_ft,10,9,0.3294268981994994
evoo-adulteration,mae_ft,20,0,-2.482431148206717
evoo-adulteration,mae_ft,20,1,-0.8207776651520955
evoo-adulteration,mae_ft,20,2,-8.365169599748825
evoo-adulteration,mae_ft,20,3,-0.4326788721779928
evoo-adulteration,mae_ft,20,4,-4.6399375904141404
evoo-adulteration,mae_ft,20,5,-0.0210129011659119
evoo-adulteration,mae_ft,20,6,-2.006021456237845
evoo-adulteration,mae_ft,20,7,-0.5064735572683479
evoo-adulteration,mae_ft,20,8,-0.2992457813361719
evoo-adulteration,mae_ft,20,9,-0.0569604651584889
gasoline-octane,mae_ft,5,0,0.9109375729080472
gasoline-octane,mae_ft,5,1,0.5823615187281035
gasoline-octane,mae_ft,5,2,0.9358982978155714
gasoline-octane,mae_ft,5,3,0.9349458629039632
gasoline-octane,mae_ft,5,4,0.9534067613079222
gasoline-octane,mae_ft,5,5,0.8452747162137451
gasoline-octane,mae_ft,5,6,0.5652849517022616
gasoline-octane,mae_ft,5,7,0.6721379980280271
gasoline-octane,mae_ft,5,8,0.5087310568914798
gasoline-octane,mae_ft,5,9,0.8745905613470057
gasoline-octane,mae_ft,10,0,0.9519227546314128
gasoline-octane,mae_ft,10,1,0.963184005406901
gasoline-octane,mae_ft,10,2,0.9303551685550454
gasoline-octane,mae_ft,10,3,0.8976762186939098
gasoline-octane,mae_ft,10,4,0.958895949917207
gasoline-octane,mae_ft,10,5,0.9454897396579586
gasoline-octane,mae_ft,10,6,0.8883973075038946
gasoline-octane,mae_ft,10,7,0.930525990444916
gasoline-octane,mae_ft,10,8,0.8092301321353967
gasoline-octane,mae_ft,10,9,0.884711054652622
gasoline-octane,mae_ft,20,0,0.6504858865217571
gasoline-octane,mae_ft,20,1,0.7820727818467772
gasoline-octane,mae_ft,20,2,0.9519936886901113
gasoline-octane,mae_ft,20,3,0.9531465887634696
gasoline-octane,mae_ft,20,4,0.8625439449171005
gasoline-octane,mae_ft,20,5,0.8642551831687807
gasoline-octane,mae_ft,20,6,0.3724936254879144
gasoline-octane,mae_ft,20,7,-0.7956114913321111
gasoline-octane,mae_ft,20,8,0.8863337255862286
gasoline-octane,mae_ft,20,9,-0.2563436584609937
corn_m5-oil,mae_ridge,5,0,-1.010805451362152
corn_m5-oil,mae_ridge,5,1,-0.2176777577362798
corn_m5-oil,mae_ridge,5,2,-0.4117950948426645
corn_m5-oil,mae_ridge,5,3,-0.7068685710837619
corn_m5-oil,mae_ridge,5,4,-0.4374959987184381
corn_m5-oil,mae_ridge,5,5,-0.3204272936065684
corn_m5-oil,mae_ridge,5,6,0.0783509963768042
corn_m5-oil,mae_ridge,5,7,-0.4351721867328944
corn_m5-oil,mae_ridge,5,8,-1.4122998164452047
corn_m5-oil,mae_ridge,5,9,-1.0503377965864709
corn_m5-oil,mae_ridge,5,10,-0.0150745010009416
corn_m5-oil,mae_ridge,5,11,-0.0574079244609915
corn_m5-oil,mae_ridge,5,12,-0.0104935737174034
corn_m5-oil,mae_ridge,5,13,0.0584507563467187
corn_m5-oil,mae_ridge,5,14,0.138792611427493
corn_m5-oil,mae_ridge,5,15,-0.5349906833550058
corn_m5-oil,mae_ridge,5,16,-0.2236527581155696
corn_m5-oil,mae_ridge,5,17,-0.0297262964998292
corn_m5-oil,mae_ridge,5,18,-1.619529791024485
corn_m5-oil,mae_ridge,5,19,0.0740384524535191
corn_m5-oil,mae_ridge,5,20,-0.1446618052100048
corn_m5-oil,mae_ridge,5,21,-0.0967658332309717
corn_m5-oil,mae_ridge,5,22,-0.5706593360309811
corn_m5-oil,mae_ridge,5,23,-0.0793891091131138
corn_m5-oil,mae_ridge,5,24,-0.4152259963950446
corn_m5-oil,mae_ridge,5,25,-0.9013226745889008
corn_m5-oil,mae_ridge,5,26,0.3850337711174524
corn_m5-oil,mae_ridge,5,27,0.0685578000265285
corn_m5-oil,mae_ridge,5,28,-1.0284086668732146
corn_m5-oil,mae_ridge,5,29,0.04412982766332
corn_m5-oil,mae_ridge,10,0,0.4039365204091081
corn_m5-oil,mae_ridge,10,1,-0.1063443770179268
corn_m5-oil,mae_ridge,10,2,0.2604264884650896
corn_m5-oil,mae_ridge,10,3,0.5491729438243802
corn_m5-oil,mae_ridge,10,4,-0.0336760599931764
corn_m5-oil,mae_ridge,10,5,0.3395045224215225
corn_m5-oil,mae_ridge,10,6,0.0855031531296511
corn_m5-oil,mae_ridge,10,7,0.4745589449879468
corn_m5-oil,mae_ridge,10,8,0.4099141525198005
corn_m5-oil,mae_ridge,10,9,0.3917938383471711
corn_m5-oil,mae_ridge,10,10,0.1175614963073599
corn_m5-oil,mae_ridge,10,11,-0.3614611240751904
corn_m5-oil,mae_ridge,10,12,0.2723580161471021
corn_m5-oil,mae_ridge,10,13,0.5368650948655673
corn_m5-oil,mae_ridge,10,14,0.104391732907323
corn_m5-oil,mae_ridge,10,15,-0.1862366749323087
corn_m5-oil,mae_ridge,10,16,0.3671001274267139
corn_m5-oil,mae_ridge,10,17,0.4146977476815702
corn_m5-oil,mae_ridge,10,18,0.3313640696997489
corn_m5-oil,mae_ridge,10,19,-0.1517248236178829
corn_m5-oil,mae_ridge,10,20,0.088423848324171
corn_m5-oil,mae_ridge,10,21,-0.1059730153455698
corn_m5-oil,mae_ridge,10,22,-0.0616003872028183
corn_m5-oil,mae_ridge,10,23,0.4833436101828881
corn_m5-oil,mae_ridge,10,24,0.3760849662819199
corn_m5-oil,mae_ridge,10,25,0.3599131501233684
corn_m5-oil,mae_ridge,10,26,0.4230390170831094
corn_m5-oil,mae_ridge,10,27,-0.1734212714276186
corn_m5-oil,mae_ridge,10,28,0.4746595435634869
corn_m5-oil,mae_ridge,10,29,-0.3905992627363184
corn_m5-oil,mae_ridge,20,0,0.6062857441948979
corn_m5-oil,mae_ridge,20,1,0.7123523400344178
corn_m5-oil,mae_ridge,20,2,0.5612444311101499
corn_m5-oil,mae_ridge,20,3,0.4546044219183501
corn_m5-oil,mae_ridge,20,4,0.4242890671324769
corn_m5-oil,mae_ridge,20,5,0.6877085120688748
corn_m5-oil,mae_ridge,20,6,0.6861798031459663
corn_m5-oil,mae_ridge,20,7,0.4391019937512411
corn_m5-oil,mae_ridge,20,8,0.5918760983851388
corn_m5-oil,mae_ridge,20,9,0.4695489214705771
corn_m5-oil,mae_ridge,20,10,0.7197129325910807
corn_m5-oil,mae_ridge,20,11,0.5283924368550655
corn_m5-oil,mae_ridge,20,12,0.4401937904293587
corn_m5-oil,mae_ridge,20,13,0.5661596771124393
corn_m5-oil,mae_ridge,20,14,0.5968193302596076
corn_m5-oil,mae_ridge,20,15,0.5191973552330922
corn_m5-oil,mae_ridge,20,16,0.5118463293065938
corn_m5-oil,mae_ridge,20,17,-0.190672120308839
corn_m5-oil,mae_ridge,20,18,0.3628580189832536
corn_m5-oil,mae_ridge,20,19,0.2988251887390304
corn_m5-oil,mae_ridge,20,20,0.3843087508437237
corn_m5-oil,mae_ridge,20,21,0.5955959289554883
corn_m5-oil,mae_ridge,20,22,0.5483706696612429
corn_m5-oil,mae_ridge,20,23,0.6138112006334888
corn_m5-oil,mae_ridge,20,24,0.6303453134539136
corn_m5-oil,mae_ridge,20,25,0.6126452815032346
corn_m5-oil,mae_ridge,20,26,0.5346720096398723
corn_m5-oil,mae_ridge,20,27,0.504475187008876
corn_m5-oil,mae_ridge,20,28,0.1169310437852514
corn_m5-oil,mae_ridge,20,29,0.7430861699583033
corn_m5-protein,mae_ridge,5,0,0.2315402522474644
corn_m5-protein,mae_ridge,5,1,-0.0550360239668412
corn_m5-protein,mae_ridge,5,2,0.0159567272947187
corn_m5-protein,mae_ridge,5,3,0.3275456473112388
corn_m5-protein,mae_ridge,5,4,0.0443343314232151
corn_m5-protein,mae_ridge,5,5,0.0185993173233685
corn_m5-protein,mae_ridge,5,6,0.324916307941626
corn_m5-protein,mae_ridge,5,7,0.3129015650340557
corn_m5-protein,mae_ridge,5,8,-0.14478618801613
corn_m5-protein,mae_ridge,5,9,-0.7229123970364892
corn_m5-protein,mae_ridge,5,10,0.0631175425296022
corn_m5-protein,mae_ridge,5,11,-0.0238391359215348
corn_m5-protein,mae_ridge,5,12,-0.285133311829598
corn_m5-protein,mae_ridge,5,13,-0.0568339226663499
corn_m5-protein,mae_ridge,5,14,-0.3081205730153566
corn_m5-protein,mae_ridge,5,15,-0.5083542270242449
corn_m5-protein,mae_ridge,5,16,-0.0322714986862064
corn_m5-protein,mae_ridge,5,17,0.4879921431314135
corn_m5-protein,mae_ridge,5,18,-0.626382698737667
corn_m5-protein,mae_ridge,5,19,0.3073863666629017
corn_m5-protein,mae_ridge,5,20,-0.3877305969347722
corn_m5-protein,mae_ridge,5,21,-0.1623997294854966
corn_m5-protein,mae_ridge,5,22,-0.0061928110684805
corn_m5-protein,mae_ridge,5,23,-0.587155417986972
corn_m5-protein,mae_ridge,5,24,-0.4258272247530001
corn_m5-protein,mae_ridge,5,25,-0.0114664242726802
corn_m5-protein,mae_ridge,5,26,-1.5745678877062663
corn_m5-protein,mae_ridge,5,27,-0.1638557658102495
corn_m5-protein,mae_ridge,5,28,-0.2822798658995664
corn_m5-protein,mae_ridge,5,29,0.2580127663427626
corn_m5-protein,mae_ridge,10,0,0.5096363072874088
corn_m5-protein,mae_ridge,10,1,0.614889791621271
corn_m5-protein,mae_ridge,10,2,0.4407611022927619
corn_m5-protein,mae_ridge,10,3,-0.2435178444139911
corn_m5-protein,mae_ridge,10,4,0.3313741377208042
corn_m5-protein,mae_ridge,10,5,0.214221834472388
corn_m5-protein,mae_ridge,10,6,0.4762216422421619
corn_m5-protein,mae_ridge,10,7,-0.0459173233505367
corn_m5-protein,mae_ridge,10,8,0.1359064101362289
corn_m5-protein,mae_ridge,10,9,-0.0298933485572803
corn_m5-protein,mae_ridge,10,10,0.7242559131136695
corn_m5-protein,mae_ridge,10,11,0.4770631130332009
corn_m5-protein,mae_ridge,10,12,0.3697007881629206
corn_m5-protein,mae_ridge,10,13,0.592907328122876
corn_m5-protein,mae_ridge,10,14,0.3480945421264672
corn_m5-protein,mae_ridge,10,15,0.3718554726479428
corn_m5-protein,mae_ridge,10,16,0.4232181784903577
corn_m5-protein,mae_ridge,10,17,0.6039477044678461
corn_m5-protein,mae_ridge,10,18,0.1432275567211264
corn_m5-protein,mae_ridge,10,19,0.5746842109838828
corn_m5-protein,mae_ridge,10,20,0.1957646259742564
corn_m5-protein,mae_ridge,10,21,0.3465019484544162
corn_m5-protein,mae_ridge,10,22,0.4980290089458237
corn_m5-protein,mae_ridge,10,23,0.292544776496373
corn_m5-protein,mae_ridge,10,24,0.5088162050109066
corn_m5-protein,mae_ridge,10,25,0.8086905495501793
corn_m5-protein,mae_ridge,10,26,0.6608226008561513
corn_m5-protein,mae_ridge,10,27,0.5050771822454607
corn_m5-protein,mae_ridge,10,28,0.4361472043325546
corn_m5-protein,mae_ridge,10,29,0.4901467595256564
corn_m5-protein,mae_ridge,20,0,0.6167476765175808
corn_m5-protein,mae_ridge,20,1,0.7758819289131025
corn_m5-protein,mae_ridge,20,2,0.8462447954618355
corn_m5-protein,mae_ridge,20,3,0.7445219406844777
corn_m5-protein,mae_ridge,20,4,0.704064396019719
corn_m5-protein,mae_ridge,20,5,0.8090908805523223
corn_m5-protein,mae_ridge,20,6,0.6989188150525094
corn_m5-protein,mae_ridge,20,7,0.8329603601855599
corn_m5-protein,mae_ridge,20,8,0.7211352985416637
corn_m5-protein,mae_ridge,20,9,0.8491742369492183
corn_m5-protein,mae_ridge,20,10,0.6790248749402661
corn_m5-protein,mae_ridge,20,11,0.5061187438362318
corn_m5-protein,mae_ridge,20,12,0.6976398146756202
corn_m5-protein,mae_ridge,20,13,0.5804637748299908
corn_m5-protein,mae_ridge,20,14,0.8317347491344637
corn_m5-protein,mae_ridge,20,15,0.77427564996459
corn_m5-protein,mae_ridge,20,16,0.8598595832871903
corn_m5-protein,mae_ridge,20,17,0.769034946646669
corn_m5-protein,mae_ridge,20,18,0.8463905533512581
corn_m5-protein,mae_ridge,20,19,0.6732189476350683
corn_m5-protein,mae_ridge,20,20,0.400560013422868
corn_m5-protein,mae_ridge,20,21,0.7564084430993516
corn_m5-protein,mae_ridge,20,22,0.8366095092805704
corn_m5-protein,mae_ridge,20,23,0.6513983952905475
corn_m5-protein,mae_ridge,20,24,0.8004514895230449
corn_m5-protein,mae_ridge,20,25,0.29456315267415
corn_m5-protein,mae_ridge,20,26,0.4305059274736741
corn_m5-protein,mae_ridge,20,27,0.8821222698843081
corn_m5-protein,mae_ridge,20,28,0.6748823772560923
corn_m5-protein,mae_ridge,20,29,0.8073267621969731
diesel-BP50,mae_ridge,5,0,-1.4115361924456111
diesel-BP50,mae_ridge,5,1,-0.1727174786218837
diesel-BP50,mae_ridge,5,2,0.0257738145411633
diesel-BP50,mae_ridge,5,3,-0.8847003608588302
diesel-BP50,mae_ridge,5,4,-0.0083358372552455
diesel-BP50,mae_ridge,5,5,-1.680868425523934
diesel-BP50,mae_ridge,5,6,-0.0296832245489497
diesel-BP50,mae_ridge,5,7,0.30085980158946
diesel-BP50,mae_ridge,5,8,-0.2071957939930202
diesel-BP50,mae_ridge,5,9,-0.4740592745381593
diesel-BP50,mae_ridge,5,10,-0.3696986920129623
diesel-BP50,mae_ridge,5,11,-1.7966310096862164
diesel-BP50,mae_ridge,5,12,-0.0357806510763929
diesel-BP50,mae_ridge,5,13,-1.0651677259810215
diesel-BP50,mae_ridge,5,14,-0.23522674703726
diesel-BP50,mae_ridge,5,15,0.0541778828075574
diesel-BP50,mae_ridge,5,16,-1.8713189049111687
diesel-BP50,mae_ridge,5,17,-0.5276403202004973
diesel-BP50,mae_ridge,5,18,-0.0111106531197362
diesel-BP50,mae_ridge,5,19,-0.0935667917109526
diesel-BP50,mae_ridge,5,20,-0.0622930275379889
diesel-BP50,mae_ridge,5,21,-0.6136259055102431
diesel-BP50,mae_ridge,5,22,-0.4314412856433103
diesel-BP50,mae_ridge,5,23,-1.377907588340074
diesel-BP50,mae_ridge,5,24,-0.1741753747087218
diesel-BP50,mae_ridge,5,25,-0.0856492305857328
diesel-BP50,mae_ridge,5,26,-0.9387886814022236
diesel-BP50,mae_ridge,5,27,-0.4938914444951061
diesel-BP50,mae_ridge,5,28,-0.08865128898626
diesel-BP50,mae_ridge,5,29,-1.2609328244988212
diesel-BP50,mae_ridge,10,0,0.1800575278706361
diesel-BP50,mae_ridge,10,1,0.0056615446994088
diesel-BP50,mae_ridge,10,2,-0.0528897281789948
diesel-BP50,mae_ridge,10,3,0.5226532999224937
diesel-BP50,mae_ridge,10,4,-0.3834685583098425
diesel-BP50,mae_ridge,10,5,0.039011901238108
diesel-BP50,mae_ridge,10,6,0.3245170713042343
diesel-BP50,mae_ridge,10,7,0.2567065449197289
diesel-BP50,mae_ridge,10,8,0.5653951170345993
diesel-BP50,mae_ridge,10,9,0.1740443083840213
diesel-BP50,mae_ridge,10,10,0.0319949410902719
diesel-BP50,mae_ridge,10,11,-0.2324034457585688
diesel-BP50,mae_ridge,10,12,0.6097822674633981
diesel-BP50,mae_ridge,10,13,0.4314350745877984
diesel-BP50,mae_ridge,10,14,-0.1608400594546963
diesel-BP50,mae_ridge,10,15,-0.012298812033874
diesel-BP50,mae_ridge,10,16,-0.1521209093423539
diesel-BP50,mae_ridge,10,17,0.1315090839196466
diesel-BP50,mae_ridge,10,18,-0.1035830524718943
diesel-BP50,mae_ridge,10,19,-0.2118389625646797
diesel-BP50,mae_ridge,10,20,0.2022319687652453
diesel-BP50,mae_ridge,10,21,0.4969306883800162
diesel-BP50,mae_ridge,10,22,0.4423936442358273
diesel-BP50,mae_ridge,10,23,-0.2278675819320141
diesel-BP50,mae_ridge,10,24,0.0751524098087402
diesel-BP50,mae_ridge,10,25,-2.4061539625739488
diesel-BP50,mae_ridge,10,26,0.1990028561691579
diesel-BP50,mae_ridge,10,27,0.2983999186038966
diesel-BP50,mae_ridge,10,28,0.4678235597713854
diesel-BP50,mae_ridge,10,29,0.4137977318641191
diesel-BP50,mae_ridge,20,0,-0.2897440127632906
diesel-BP50,mae_ridge,20,1,0.5226049064259597
diesel-BP50,mae_ridge,20,2,0.6192258593900182
diesel-BP50,mae_ridge,20,3,0.1369756878732115
diesel-BP50,mae_ridge,20,4,0.7411424750336071
diesel-BP50,mae_ridge,20,5,0.5204971158562732
diesel-BP50,mae_ridge,20,6,0.6055339471794465
diesel-BP50,mae_ridge,20,7,0.4708717273898953
diesel-BP50,mae_ridge,20,8,0.5456977837699801
diesel-BP50,mae_ridge,20,9,0.6165186756727378
diesel-BP50,mae_ridge,20,10,0.601062302890701
diesel-BP50,mae_ridge,20,11,0.3394579878328171
diesel-BP50,mae_ridge,20,12,0.2082230572844781
diesel-BP50,mae_ridge,20,13,0.6650961899415457
diesel-BP50,mae_ridge,20,14,0.661983246237533
diesel-BP50,mae_ridge,20,15,0.503599692727372
diesel-BP50,mae_ridge,20,16,0.6940815676942397
diesel-BP50,mae_ridge,20,17,0.7647116553408022
diesel-BP50,mae_ridge,20,18,0.7216808298686765
diesel-BP50,mae_ridge,20,19,0.7268556904594645
diesel-BP50,mae_ridge,20,20,0.579710088295464
diesel-BP50,mae_ridge,20,21,-0.1172542662254987
diesel-BP50,mae_ridge,20,22,0.6878245604726305
diesel-BP50,mae_ridge,20,23,0.677050403543199
diesel-BP50,mae_ridge,20,24,-0.0053677605205602
diesel-BP50,mae_ridge,20,25,0.8374859296884546
diesel-BP50,mae_ridge,20,26,-0.8684090541778116
diesel-BP50,mae_ridge,20,27,0.6447900218525944
diesel-BP50,mae_ridge,20,28,0.6762064041410145
diesel-BP50,mae_ridge,20,29,0.711422809477466
diesel-CN,mae_ridge,5,0,-0.1605299515506142
diesel-CN,mae_ridge,5,1,0.0085295030623099
diesel-CN,mae_ridge,5,2,0.1808807989356355
diesel-CN,mae_ridge,5,3,0.1091168829072101
diesel-CN,mae_ridge,5,4,0.234191844393342
diesel-CN,mae_ridge,5,5,-0.0426230318623244
diesel-CN,mae_ridge,5,6,0.1549020050654415
diesel-CN,mae_ridge,5,7,0.1747160668347329
diesel-CN,mae_ridge,5,8,-3.610590081396509
diesel-CN,mae_ridge,5,9,0.1324138668184613
diesel-CN,mae_ridge,5,10,0.0106736474121701
diesel-CN,mae_ridge,5,11,-0.0434300415382324
diesel-CN,mae_ridge,5,12,-0.3080708381828809
diesel-CN,mae_ridge,5,13,0.1468932884427511
diesel-CN,mae_ridge,5,14,0.0267945123843125
diesel-CN,mae_ridge,5,15,-0.0370370758771849
diesel-CN,mae_ridge,5,16,-0.0030452954729169
diesel-CN,mae_ridge,5,17,-0.3997495843138077
diesel-CN,mae_ridge,5,18,-0.5491413039856996
diesel-CN,mae_ridge,5,19,0.1218091432699844
diesel-CN,mae_ridge,5,20,0.0272590921385889
diesel-CN,mae_ridge,5,21,0.2546425588798681
diesel-CN,mae_ridge,5,22,-0.1534758653357479
diesel-CN,mae_ridge,5,23,0.1793551759112251
diesel-CN,mae_ridge,5,24,-0.0789545601916965
diesel-CN,mae_ridge,5,25,0.1778933576790285
diesel-CN,mae_ridge,5,26,0.2474185608496067
diesel-CN,mae_ridge,5,27,-0.0129023572662849
diesel-CN,mae_ridge,5,28,-0.2109553705703921
diesel-CN,mae_ridge,5,29,-0.2255192743023173
diesel-CN,mae_ridge,10,0,-0.1419935454964185
diesel-CN,mae_ridge,10,1,-0.2167035285672429
diesel-CN,mae_ridge,10,2,-1.296875475835359
diesel-CN,mae_ridge,10,3,0.3329314281264317
diesel-CN,mae_ridge,10,4,0.1414627568204458
diesel-CN,mae_ridge,10,5,-0.1504122087813106
diesel-CN,mae_ridge,10,6,0.0694725321615797
diesel-CN,mae_ridge,10,7,0.2232630411301079
diesel-CN,mae_ridge,10,8,0.2948083872590942
diesel-CN,mae_ridge,10,9,0.3428028973947534
diesel-CN,mae_ridge,10,10,0.1203125216662764
diesel-CN,mae_ridge,10,11,-1.490872056847865
diesel-CN,mae_ridge,10,12,0.0867684559198047
diesel-CN,mae_ridge,10,13,0.0983593337820243
diesel-CN,mae_ridge,10,14,0.1859101516091911
diesel-CN,mae_ridge,10,15,0.326541670312665
diesel-CN,mae_ridge,10,16,-0.3410492476097753
diesel-CN,mae_ridge,10,17,-1.491645138434294
diesel-CN,mae_ridge,10,18,0.1989233509694911
diesel-CN,mae_ridge,10,19,-0.0600428991152246
diesel-CN,mae_ridge,10,20,0.3321057072785074
diesel-CN,mae_ridge,10,21,0.3395046162660022
diesel-CN,mae_ridge,10,22,-0.3952963930956863
diesel-CN,mae_ridge,10,23,0.2042042212841888
diesel-CN,mae_ridge,10,24,0.0315688178261753
diesel-CN,mae_ridge,10,25,0.3004214198570155
diesel-CN,mae_ridge,10,26,-0.1961037480050909
diesel-CN,mae_ridge,10,27,0.4158284572416021
diesel-CN,mae_ridge,10,28,-0.0101881187100731
diesel-CN,mae_ridge,10,29,-1.2807628108639464
diesel-CN,mae_ridge,20,0,-0.2929873192336374
diesel-CN,mae_ridge,20,1,0.0051536828290944
diesel-CN,mae_ridge,20,2,0.3348662603994722
diesel-CN,mae_ridge,20,3,0.3182544303221861
diesel-CN,mae_ridge,20,4,-0.478265089230389
diesel-CN,mae_ridge,20,5,0.415177692716859
diesel-CN,mae_ridge,20,6,0.264401346468169
diesel-CN,mae_ridge,20,7,0.2570313686293162
diesel-CN,mae_ridge,20,8,0.399765266572328
diesel-CN,mae_ridge,20,9,0.3825354364483428
diesel-CN,mae_ridge,20,10,-0.0196642998806915
diesel-CN,mae_ridge,20,11,0.3327102283659029
diesel-CN,mae_ridge,20,12,0.0965703464899823
diesel-CN,mae_ridge,20,13,0.3251438168587752
diesel-CN,mae_ridge,20,14,-2.3657532438179176
diesel-CN,mae_ridge,20,15,0.374202736037225
diesel-CN,mae_ridge,20,16,0.3253101885524567
diesel-CN,mae_ridge,20,17,0.1321965325295783
diesel-CN,mae_ridge,20,18,0.2686200104615188
diesel-CN,mae_ridge,20,19,0.2257546559599322
diesel-CN,mae_ridge,20,20,0.1072516843357606
diesel-CN,mae_ridge,20,21,0.3205889100709697
diesel-CN,mae_ridge,20,22,0.2670661314452943
diesel-CN,mae_ridge,20,23,0.4038905294747332
diesel-CN,mae_ridge,20,24,0.3344191226589202
diesel-CN,mae_ridge,20,25,0.4247321457832953
diesel-CN,mae_ridge,20,26,0.1939899514457582
diesel-CN,mae_ridge,20,27,0.3182536530043659
diesel-CN,mae_ridge,20,28,0.3717720680291387
diesel-CN,mae_ridge,20,29,0.4005834284660998
diesel-D4052,mae_ridge,5,0,-0.3207528686547241
diesel-D4052,mae_ridge,5,1,0.2309735006463766
diesel-D4052,mae_ridge,5,2,-0.9234593141326076
diesel-D4052,mae_ridge,5,3,0.2657577937237463
diesel-D4052,mae_ridge,5,4,0.2769802796207646
diesel-D4052,mae_ridge,5,5,-0.6302781237890442
diesel-D4052,mae_ridge,5,6,-0.8729006156488115
diesel-D4052,mae_ridge,5,7,0.1539462381376158
diesel-D4052,mae_ridge,5,8,0.1257512370135882
diesel-D4052,mae_ridge,5,9,0.0111123618999737
diesel-D4052,mae_ridge,5,10,0.2627868073153065
diesel-D4052,mae_ridge,5,11,0.0373222917282929
diesel-D4052,mae_ridge,5,12,0.4079298584419026
diesel-D4052,mae_ridge,5,13,0.318121167591992
diesel-D4052,mae_ridge,5,14,0.093386227904471
diesel-D4052,mae_ridge,5,15,0.2100823305518838
diesel-D4052,mae_ridge,5,16,-0.1520803897374425
diesel-D4052,mae_ridge,5,17,-1.7787147759469994
diesel-D4052,mae_ridge,5,18,-0.030296433873227
diesel-D4052,mae_ridge,5,19,-5.022613379895102
diesel-D4052,mae_ridge,5,20,0.3695964810537524
diesel-D4052,mae_ridge,5,21,0.388138437008411
diesel-D4052,mae_ridge,5,22,-0.2055782453368517
diesel-D4052,mae_ridge,5,23,-0.7280929728566266
diesel-D4052,mae_ridge,5,24,-2.487373104753665e-05
diesel-D4052,mae_ridge,5,25,-0.2637982133745047
diesel-D4052,mae_ridge,5,26,-0.2642200815280155
diesel-D4052,mae_ridge,5,27,0.32171401975878
diesel-D4052,mae_ridge,5,28,-0.3164860963039269
diesel-D4052,mae_ridge,5,29,0.3568459193610375
diesel-D4052,mae_ridge,10,0,0.5465276029568367
diesel-D4052,mae_ridge,10,1,0.6861894556780872
diesel-D4052,mae_ridge,10,2,0.6753040277739055
diesel-D4052,mae_ridge,10,3,0.6905223965235727
diesel-D4052,mae_ridge,10,4,0.3066984422142129
diesel-D4052,mae_ridge,10,5,0.2647901158254074
diesel-D4052,mae_ridge,10,6,0.6936855442240171
diesel-D4052,mae_ridge,10,7,0.7887265892686588
diesel-D4052,mae_ridge,10,8,0.3357476407580008
diesel-D4052,mae_ridge,10,9,0.6075245167574772
diesel-D4052,mae_ridge,10,10,0.427346483879412
diesel-D4052,mae_ridge,10,11,0.8040757775590838
diesel-D4052,mae_ridge,10,12,0.7193818819849191
diesel-D4052,mae_ridge,10,13,0.5083691169448664
diesel-D4052,mae_ridge,10,14,0.7973828892290825
diesel-D4052,mae_ridge,10,15,0.7666746848901818
diesel-D4052,mae_ridge,10,16,0.4613828879760838
diesel-D4052,mae_ridge,10,17,0.0072797363067375
diesel-D4052,mae_ridge,10,18,0.4062318428903489
diesel-D4052,mae_ridge,10,19,0.5973152989584923
diesel-D4052,mae_ridge,10,20,0.5722018820117498
diesel-D4052,mae_ridge,10,21,0.6821288234990698
diesel-D4052,mae_ridge,10,22,0.6095099984872158
diesel-D4052,mae_ridge,10,23,0.2373683093764423
diesel-D4052,mae_ridge,10,24,0.6020036152213009
diesel-D4052,mae_ridge,10,25,0.8092182973603929
diesel-D4052,mae_ridge,10,26,0.3275423226989469
diesel-D4052,mae_ridge,10,27,0.5722688976604011
diesel-D4052,mae_ridge,10,28,0.7006978058544994
diesel-D4052,mae_ridge,10,29,0.379801109472498
diesel-D4052,mae_ridge,20,0,0.7476323386763808
diesel-D4052,mae_ridge,20,1,0.8542357827943095
diesel-D4052,mae_ridge,20,2,0.7672421258327149
diesel-D4052,mae_ridge,20,3,0.8738843963230731
diesel-D4052,mae_ridge,20,4,0.8119469459488134
diesel-D4052,mae_ridge,20,5,0.5669116993556063
diesel-D4052,mae_ridge,20,6,0.880998236669324
diesel-D4052,mae_ridge,20,7,0.8493348770152818
diesel-D4052,mae_ridge,20,8,0.8216400730178016
diesel-D4052,mae_ridge,20,9,0.8609070529691257
diesel-D4052,mae_ridge,20,10,0.8754508225033265
diesel-D4052,mae_ridge,20,11,0.8976734625740445
diesel-D4052,mae_ridge,20,12,0.8702016996981277
diesel-D4052,mae_ridge,20,13,0.7146070658929914
diesel-D4052,mae_ridge,20,14,0.8734986346271952
diesel-D4052,mae_ridge,20,15,0.7770128352831216
diesel-D4052,mae_ridge,20,16,0.6253325338879777
diesel-D4052,mae_ridge,20,17,0.4300683586967257
diesel-D4052,mae_ridge,20,18,0.7408252175528682
diesel-D4052,mae_ridge,20,19,0.7006972998810974
diesel-D4052,mae_ridge,20,20,0.8771621968417795
diesel-D4052,mae_ridge,20,21,0.4163095118975747
diesel-D4052,mae_ridge,20,22,0.7981284766519868
diesel-D4052,mae_ridge,20,23,0.8031226849578447
diesel-D4052,mae_ridge,20,24,0.770660176030589
diesel-D4052,mae_ridge,20,25,0.8370869441312587
diesel-D4052,mae_ridge,20,26,0.8323260945499907
diesel-D4052,mae_ridge,20,27,0.5354825016033793
diesel-D4052,mae_ridge,20,28,0.8625150889795801
diesel-D4052,mae_ridge,20,29,0.8191280437992179
diesel-FLASH,mae_ridge,5,0,-0.4906227726009133
diesel-FLASH,mae_ridge,5,1,-0.870867304766868
diesel-FLASH,mae_ridge,5,2,-0.3716888338467592
diesel-FLASH,mae_ridge,5,3,-0.349385372112271
diesel-FLASH,mae_ridge,5,4,-3.438615053558503
diesel-FLASH,mae_ridge,5,5,-0.8488169845551672
diesel-FLASH,mae_ridge,5,6,-0.6148909285398321
diesel-FLASH,mae_ridge,5,7,-0.7531103659780198
diesel-FLASH,mae_ridge,5,8,-0.093473317692335
diesel-FLASH,mae_ridge,5,9,-0.2059871090297593
diesel-FLASH,mae_ridge,5,10,-1.192786036143083
diesel-FLASH,mae_ridge,5,11,-0.0660386771872094
diesel-FLASH,mae_ridge,5,12,0.0014811289169394
diesel-FLASH,mae_ridge,5,13,-0.1981954433147907
diesel-FLASH,mae_ridge,5,14,-0.043527312121145
diesel-FLASH,mae_ridge,5,15,-0.3386268328001753
diesel-FLASH,mae_ridge,5,16,-2.851821502681994
diesel-FLASH,mae_ridge,5,17,-0.0459863325784746
diesel-FLASH,mae_ridge,5,18,-0.4481160448809294
diesel-FLASH,mae_ridge,5,19,-0.1948221631563367
diesel-FLASH,mae_ridge,5,20,-0.098490170399299
diesel-FLASH,mae_ridge,5,21,-0.3656357043329394
diesel-FLASH,mae_ridge,5,22,-0.8310895293294669
diesel-FLASH,mae_ridge,5,23,-0.161351392550219
diesel-FLASH,mae_ridge,5,24,-1.3264496333957587
diesel-FLASH,mae_ridge,5,25,-0.8566437410939469
diesel-FLASH,mae_ridge,5,26,-0.5414498791650533
diesel-FLASH,mae_ridge,5,27,-0.142091317793094
diesel-FLASH,mae_ridge,5,28,-1.138349989449242
diesel-FLASH,mae_ridge,5,29,-0.0051401245632103
diesel-FLASH,mae_ridge,10,0,-0.5773673971173807
diesel-FLASH,mae_ridge,10,1,-0.0290322058384999
diesel-FLASH,mae_ridge,10,2,-0.6385071913239904
diesel-FLASH,mae_ridge,10,3,0.0024651314831117
diesel-FLASH,mae_ridge,10,4,-0.0862476472851203
diesel-FLASH,mae_ridge,10,5,-0.2871575700627902
diesel-FLASH,mae_ridge,10,6,-0.1142107154252807
diesel-FLASH,mae_ridge,10,7,-0.8852802521357466
diesel-FLASH,mae_ridge,10,8,-0.5599897079995801
diesel-FLASH,mae_ridge,10,9,-0.8260413282980872
diesel-FLASH,mae_ridge,10,10,0.1293239913846122
diesel-FLASH,mae_ridge,10,11,-0.7005851782748052
diesel-FLASH,mae_ridge,10,12,-0.0629477748879112
diesel-FLASH,mae_ridge,10,13,-0.0257266607577701
diesel-FLASH,mae_ridge,10,14,-0.068042001167035
diesel-FLASH,mae_ridge,10,15,0.0204685664653756
diesel-FLASH,mae_ridge,10,16,-0.0136114812694199
diesel-FLASH,mae_ridge,10,17,-0.1860733131214262
diesel-FLASH,mae_ridge,10,18,-0.0451150340824784
diesel-FLASH,mae_ridge,10,19,-0.0525585612000027
diesel-FLASH,mae_ridge,10,20,-3.555573896083378
diesel-FLASH,mae_ridge,10,21,-1.502429065126034
diesel-FLASH,mae_ridge,10,22,0.004209244888901
diesel-FLASH,mae_ridge,10,23,0.0016809398787495
diesel-FLASH,mae_ridge,10,24,-8.752361967141331
diesel-FLASH,mae_ridge,10,25,-0.1977094296044566
diesel-FLASH,mae_ridge,10,26,0.0184342030051205
diesel-FLASH,mae_ridge,10,27,-0.0910779933796961
diesel-FLASH,mae_ridge,10,28,-0.02809467064132
diesel-FLASH,mae_ridge,10,29,-0.2378016904671436
diesel-FLASH,mae_ridge,20,0,-0.0628559947358382
diesel-FLASH,mae_ridge,20,1,0.0255251140347801
diesel-FLASH,mae_ridge,20,2,-0.5681604310770476
diesel-FLASH,mae_ridge,20,3,0.034846687894483
diesel-FLASH,mae_ridge,20,4,0.067623598310366
diesel-FLASH,mae_ridge,20,5,-0.0577622272920164
diesel-FLASH,mae_ridge,20,6,-0.1797905672194975
diesel-FLASH,mae_ridge,20,7,-1.9918944684735729
diesel-FLASH,mae_ridge,20,8,-0.0785175583062913
diesel-FLASH,mae_ridge,20,9,-0.0198366180347224
diesel-FLASH,mae_ridge,20,10,0.2053501764888323
diesel-FLASH,mae_ridge,20,11,-0.3708565268257324
diesel-FLASH,mae_ridge,20,12,0.0528358045578233
diesel-FLASH,mae_ridge,20,13,0.1096109552743018
diesel-FLASH,mae_ridge,20,14,-0.8882735388861576
diesel-FLASH,mae_ridge,20,15,0.1867040219459923
diesel-FLASH,mae_ridge,20,16,-0.0052343531126732
diesel-FLASH,mae_ridge,20,17,0.2634698304670673
diesel-FLASH,mae_ridge,20,18,0.2837158263313463
diesel-FLASH,mae_ridge,20,19,0.3171561598266864
diesel-FLASH,mae_ridge,20,20,-0.084199078227511
diesel-FLASH,mae_ridge,20,21,-0.1076391728750767
diesel-FLASH,mae_ridge,20,22,-0.3215155377524097
diesel-FLASH,mae_ridge,20,23,0.0228821064944941
diesel-FLASH,mae_ridge,20,24,0.0954518629999331
diesel-FLASH,mae_ridge,20,25,-0.0065502660048828
diesel-FLASH,mae_ridge,20,26,-0.0173811310951459
diesel-FLASH,mae_ridge,20,27,0.0048198114017476
diesel-FLASH,mae_ridge,20,28,0.0352527994141416
diesel-FLASH,mae_ridge,20,29,-0.1682666593112214
diesel-FREEZE,mae_ridge,5,0,-0.411228115584638
diesel-FREEZE,mae_ridge,5,1,-0.0939328727703185
diesel-FREEZE,mae_ridge,5,2,-0.1316955913676307
diesel-FREEZE,mae_ridge,5,3,0.0771310202319086
diesel-FREEZE,mae_ridge,5,4,0.0103357056615438
diesel-FREEZE,mae_ridge,5,5,-2.008949123315192
diesel-FREEZE,mae_ridge,5,6,-0.0594198192809993
diesel-FREEZE,mae_ridge,5,7,-0.2197976417157447
diesel-FREEZE,mae_ridge,5,8,-0.5772362234619679
diesel-FREEZE,mae_ridge,5,9,-0.1385903852713135
diesel-FREEZE,mae_ridge,5,10,-0.641480492594904
diesel-FREEZE,mae_ridge,5,11,-0.7967299702558581
diesel-FREEZE,mae_ridge,5,12,-1.3696709559049367
diesel-FREEZE,mae_ridge,5,13,-0.1227013607068039
diesel-FREEZE,mae_ridge,5,14,-0.0004770675490683
diesel-FREEZE,mae_ridge,5,15,-0.1144948326337482
diesel-FREEZE,mae_ridge,5,16,-0.0373285679059298
diesel-FREEZE,mae_ridge,5,17,-0.8553317050361955
diesel-FREEZE,mae_ridge,5,18,0.0048407634654872
diesel-FREEZE,mae_ridge,5,19,-2.368420557323125
diesel-FREEZE,mae_ridge,5,20,-1.150019293426345
diesel-FREEZE,mae_ridge,5,21,-0.103962089614769
diesel-FREEZE,mae_ridge,5,22,-0.1022186712742041
diesel-FREEZE,mae_ridge,5,23,-0.1783203665296659
diesel-FREEZE,mae_ridge,5,24,-0.0023792499359114
diesel-FREEZE,mae_ridge,5,25,-0.1986992324927221
diesel-FREEZE,mae_ridge,5,26,-0.7691087907601921
diesel-FREEZE,mae_ridge,5,27,-0.0641454879294562
diesel-FREEZE,mae_ridge,5,28,-0.2403808920554757
diesel-FREEZE,mae_ridge,5,29,-0.0458560079494039
diesel-FREEZE,mae_ridge,10,0,0.1026166068123526
diesel-FREEZE,mae_ridge,10,1,-0.3159911475910435
diesel-FREEZE,mae_ridge,10,2,0.0286880956393035
diesel-FREEZE,mae_ridge,10,3,-1.097601729755906
diesel-FREEZE,mae_ridge,10,4,0.0354364333135116
diesel-FREEZE,mae_ridge,10,5,-0.1969372795837876
diesel-FREEZE,mae_ridge,10,6,-0.1000035621350297
diesel-FREEZE,mae_ridge,10,7,-0.1368717192183235
diesel-FREEZE,mae_ridge,10,8,0.0958092444647533
diesel-FREEZE,mae_ridge,10,9,0.6076938602702809
diesel-FREEZE,mae_ridge,10,10,0.3299261979628745
diesel-FREEZE,mae_ridge,10,11,0.1216433610800712
diesel-FREEZE,mae_ridge,10,12,-0.0278027397542044
diesel-FREEZE,mae_ridge,10,13,0.4502757752956189
diesel-FREEZE,mae_ridge,10,14,-0.1640413168332539
diesel-FREEZE,mae_ridge,10,15,0.4057617372225565
diesel-FREEZE,mae_ridge,10,16,-0.3185857003747354
diesel-FREEZE,mae_ridge,10,17,-0.1456642258830487
diesel-FREEZE,mae_ridge,10,18,0.2194327616677551
diesel-FREEZE,mae_ridge,10,19,-0.0434636078300991
diesel-FREEZE,mae_ridge,10,20,-1.187845863854602
diesel-FREEZE,mae_ridge,10,21,0.0042915198768918
diesel-FREEZE,mae_ridge,10,22,0.0103745342475178
diesel-FREEZE,mae_ridge,10,23,0.6485148318101748
diesel-FREEZE,mae_ridge,10,24,-0.0239450028490126
diesel-FREEZE,mae_ridge,10,25,0.0862308739969988
diesel-FREEZE,mae_ridge,10,26,0.1928976945596114
diesel-FREEZE,mae_ridge,10,27,0.5622462422918733
diesel-FREEZE,mae_ridge,10,28,0.296648269457888
diesel-FREEZE,mae_ridge,10,29,-0.2583308274063165
diesel-FREEZE,mae_ridge,20,0,0.4521080061782666
diesel-FREEZE,mae_ridge,20,1,0.3990234469883047
diesel-FREEZE,mae_ridge,20,2,0.0002841240701288
diesel-FREEZE,mae_ridge,20,3,0.0631404946567552
diesel-FREEZE,mae_ridge,20,4,0.1345886699944616
diesel-FREEZE,mae_ridge,20,5,0.291229614626724
diesel-FREEZE,mae_ridge,20,6,0.5326623143632048
diesel-FREEZE,mae_ridge,20,7,0.5231840390998113
diesel-FREEZE,mae_ridge,20,8,0.373107162576559
diesel-FREEZE,mae_ridge,20,9,0.6886708181830425
diesel-FREEZE,mae_ridge,20,10,0.5281280505190781
diesel-FREEZE,mae_ridge,20,11,-0.0213098583506126
diesel-FREEZE,mae_ridge,20,12,0.6147409570897187
diesel-FREEZE,mae_ridge,20,13,0.5911415413772884
diesel-FREEZE,mae_ridge,20,14,0.5864210496303057
diesel-FREEZE,mae_ridge,20,15,0.63855605678739
diesel-FREEZE,mae_ridge,20,16,0.4528046769097366
diesel-FREEZE,mae_ridge,20,17,-0.0083895748895022
diesel-FREEZE,mae_ridge,20,18,0.6340080805014422
diesel-FREEZE,mae_ridge,20,19,0.5690480295258176
diesel-FREEZE,mae_ridge,20,20,0.5330005652203234
diesel-FREEZE,mae_ridge,20,21,0.0434714240578018
diesel-FREEZE,mae_ridge,20,22,0.6744673470949467
diesel-FREEZE,mae_ridge,20,23,0.4533231136818709
diesel-FREEZE,mae_ridge,20,24,0.1833648498338307
diesel-FREEZE,mae_ridge,20,25,0.3677720867285492
diesel-FREEZE,mae_ridge,20,26,0.3981667877903384
diesel-FREEZE,mae_ridge,20,27,0.587624696686284
diesel-FREEZE,mae_ridge,20,28,0.1202836276840577
diesel-FREEZE,mae_ridge,20,29,0.5380372066547313
diesel-TOTAL,mae_ridge,5,0,0.7417730944116661
diesel-TOTAL,mae_ridge,5,1,0.2406971510060751
diesel-TOTAL,mae_ridge,5,2,0.6356079214234576
diesel-TOTAL,mae_ridge,5,3,0.4760752733149699
diesel-TOTAL,mae_ridge,5,4,0.7167982662791674
diesel-TOTAL,mae_ridge,5,5,0.46301471095155
diesel-TOTAL,mae_ridge,5,6,0.1451007014355937
diesel-TOTAL,mae_ridge,5,7,0.7553132746634375
diesel-TOTAL,mae_ridge,5,8,0.6603145956793405
diesel-TOTAL,mae_ridge,5,9,0.7765822545547357
diesel-TOTAL,mae_ridge,5,10,0.4616419929012425
diesel-TOTAL,mae_ridge,5,11,0.6893239473787146
diesel-TOTAL,mae_ridge,5,12,0.6146941108209861
diesel-TOTAL,mae_ridge,5,13,0.5421407383104615
diesel-TOTAL,mae_ridge,5,14,0.6646212546601902
diesel-TOTAL,mae_ridge,5,15,0.4702882537806606
diesel-TOTAL,mae_ridge,5,16,0.7809667910102384
diesel-TOTAL,mae_ridge,5,17,0.5901422980164939
diesel-TOTAL,mae_ridge,5,18,0.6463688103260334
diesel-TOTAL,mae_ridge,5,19,0.55997038369567
diesel-TOTAL,mae_ridge,5,20,0.7083394922862912
diesel-TOTAL,mae_ridge,5,21,0.6732191925161861
diesel-TOTAL,mae_ridge,5,22,0.3684865528290019
diesel-TOTAL,mae_ridge,5,23,0.7983443114933295
diesel-TOTAL,mae_ridge,5,24,0.4676185475981339
diesel-TOTAL,mae_ridge,5,25,0.6237966807217092
diesel-TOTAL,mae_ridge,5,26,0.8496811011845815
diesel-TOTAL,mae_ridge,5,27,0.0103477763299753
diesel-TOTAL,mae_ridge,5,28,0.7361490163588489
diesel-TOTAL,mae_ridge,5,29,0.5505643821775354
diesel-TOTAL,mae_ridge,10,0,0.7952588494072195
diesel-TOTAL,mae_ridge,10,1,0.774295517747384
diesel-TOTAL,mae_ridge,10,2,0.5896933410498494
diesel-TOTAL,mae_ridge,10,3,0.8489789407253104
diesel-TOTAL,mae_ridge,10,4,0.7827926888997523
diesel-TOTAL,mae_ridge,10,5,0.8143688534266349
diesel-TOTAL,mae_ridge,10,6,0.7628559938693724
diesel-TOTAL,mae_ridge,10,7,0.7493722037679977
diesel-TOTAL,mae_ridge,10,8,0.8872841503197147
diesel-TOTAL,mae_ridge,10,9,0.8030104878484593
diesel-TOTAL,mae_ridge,10,10,0.8572744218187527
diesel-TOTAL,mae_ridge,10,11,0.8066608446111849
diesel-TOTAL,mae_ridge,10,12,0.8298011321767947
diesel-TOTAL,mae_ridge,10,13,0.6026321199479727
diesel-TOTAL,mae_ridge,10,14,0.8303738438130666
diesel-TOTAL,mae_ridge,10,15,0.7563893889176072
diesel-TOTAL,mae_ridge,10,16,0.4540330740381066
diesel-TOTAL,mae_ridge,10,17,0.7840563645169663
diesel-TOTAL,mae_ridge,10,18,0.8124183250545716
diesel-TOTAL,mae_ridge,10,19,0.7334986848165276
diesel-TOTAL,mae_ridge,10,20,0.7849434170819141
diesel-TOTAL,mae_ridge,10,21,0.9239485581549308
diesel-TOTAL,mae_ridge,10,22,0.7841384288402392
diesel-TOTAL,mae_ridge,10,23,0.8171737065002813
diesel-TOTAL,mae_ridge,10,24,0.7076863401895684
diesel-TOTAL,mae_ridge,10,25,0.7362046505030109
diesel-TOTAL,mae_ridge,10,26,0.782109773522019
diesel-TOTAL,mae_ridge,10,27,0.8237440243621161
diesel-TOTAL,mae_ridge,10,28,0.7371035518864802
diesel-TOTAL,mae_ridge,10,29,0.8244005169286749
diesel-TOTAL,mae_ridge,20,0,0.918082996511033
diesel-TOTAL,mae_ridge,20,1,0.8705272023445576
diesel-TOTAL,mae_ridge,20,2,0.7983576925554836
diesel-TOTAL,mae_ridge,20,3,0.8439767656494885
diesel-TOTAL,mae_ridge,20,4,0.8877454195265351
diesel-TOTAL,mae_ridge,20,5,0.8102921590799491
diesel-TOTAL,mae_ridge,20,6,0.9139148796371052
diesel-TOTAL,mae_ridge,20,7,0.8265413786888098
diesel-TOTAL,mae_ridge,20,8,0.8867774056206335
diesel-TOTAL,mae_ridge,20,9,0.87453565068331
diesel-TOTAL,mae_ridge,20,10,0.8987988716222031
diesel-TOTAL,mae_ridge,20,11,0.7404907233413466
diesel-TOTAL,mae_ridge,20,12,0.8687905742632087
diesel-TOTAL,mae_ridge,20,13,0.7765555923644573
diesel-TOTAL,mae_ridge,20,14,0.8620582450779741
diesel-TOTAL,mae_ridge,20,15,0.9176636759879828
diesel-TOTAL,mae_ridge,20,16,0.9106210316977704
diesel-TOTAL,mae_ridge,20,17,0.8643705439838675
diesel-TOTAL,mae_ridge,20,18,0.855007817781217
diesel-TOTAL,mae_ridge,20,19,0.8367629018521744
diesel-TOTAL,mae_ridge,20,20,0.951183723436808
diesel-TOTAL,mae_ridge,20,21,0.8048704858759732
diesel-TOTAL,mae_ridge,20,22,0.8620676547297753
diesel-TOTAL,mae_ridge,20,23,0.8963737124277136
diesel-TOTAL,mae_ridge,20,24,0.6286458052925386
diesel-TOTAL,mae_ridge,20,25,0.8164951143463676
diesel-TOTAL,mae_ridge,20,26,0.6848926623967342
diesel-TOTAL,mae_ridge,20,27,0.9162831922997314
diesel-TOTAL,mae_ridge,20,28,0.8436627441133302
diesel-TOTAL,mae_ridge,20,29,0.8719703124462465
diesel-VISC,mae_ridge,5,0,-0.7655541896856
diesel-VISC,mae_ridge,5,1,-1.017398027504128
diesel-VISC,mae_ridge,5,2,-0.8749617201769915
diesel-VISC,mae_ridge,5,3,0.3925517073068031
diesel-VISC,mae_ridge,5,4,-0.8283112587240935
diesel-VISC,mae_ridge,5,5,-0.0160433111125615
diesel-VISC,mae_ridge,5,6,-0.0388561517639485
diesel-VISC,mae_ridge,5,7,-0.9250506465402276
diesel-VISC,mae_ridge,5,8,-0.3671534218592349
diesel-VISC,mae_ridge,5,9,-1.3655708747079922
diesel-VISC,mae_ridge,5,10,-0.3710621963800595
diesel-VISC,mae_ridge,5,11,-0.1828729467654486
diesel-VISC,mae_ridge,5,12,0.1485897284452891
diesel-VISC,mae_ridge,5,13,-0.1797002733318102
diesel-VISC,mae_ridge,5,14,-0.189347553741312
diesel-VISC,mae_ridge,5,15,-0.1189667917700532
diesel-VISC,mae_ridge,5,16,-1.384745928885276
diesel-VISC,mae_ridge,5,17,-1.211898324534313
diesel-VISC,mae_ridge,5,18,-0.8747150109413147
diesel-VISC,mae_ridge,5,19,-0.7133596410111263
diesel-VISC,mae_ridge,5,20,-1.000781675983947
diesel-VISC,mae_ridge,5,21,-0.9790485242728382
diesel-VISC,mae_ridge,5,22,-0.0286659457734603
diesel-VISC,mae_ridge,5,23,-1.1989149200259592
diesel-VISC,mae_ridge,5,24,-0.6634104325370229
diesel-VISC,mae_ridge,5,25,0.0157490473857798
diesel-VISC,mae_ridge,5,26,-0.1623250876846569
diesel-VISC,mae_ridge,5,27,-0.8740565929394113
diesel-VISC,mae_ridge,5,28,-2.514698973681823
diesel-VISC,mae_ridge,5,29,0.0089377541905828
diesel-VISC,mae_ridge,10,0,0.1602375367791746
diesel-VISC,mae_ridge,10,1,0.0028665341463316
diesel-VISC,mae_ridge,10,2,-0.004400212751505
diesel-VISC,mae_ridge,10,3,-0.5270555083023245
diesel-VISC,mae_ridge,10,4,-0.2530382242584679
diesel-VISC,mae_ridge,10,5,0.2678505672927677
diesel-VISC,mae_ridge,10,6,-2.787744954449673
diesel-VISC,mae_ridge,10,7,0.0617028666332732
diesel-VISC,mae_ridge,10,8,0.5382466551721958
diesel-VISC,mae_ridge,10,9,-0.6965058614210689
diesel-VISC,mae_ridge,10,10,-0.0384817815084612
diesel-VISC,mae_ridge,10,11,0.6786703747735521
diesel-VISC,mae_ridge,10,12,0.5877102639070761
diesel-VISC,mae_ridge,10,13,-0.1178734167450248
diesel-VISC,mae_ridge,10,14,0.1963313407493276
diesel-VISC,mae_ridge,10,15,-0.1504966319825307
diesel-VISC,mae_ridge,10,16,-0.2313498361950432
diesel-VISC,mae_ridge,10,17,0.26847714373594
diesel-VISC,mae_ridge,10,18,-0.1180166154187847
diesel-VISC,mae_ridge,10,19,0.0390406771215543
diesel-VISC,mae_ridge,10,20,0.0134519627000327
diesel-VISC,mae_ridge,10,21,0.3685661025412446
diesel-VISC,mae_ridge,10,22,0.2231960687560691
diesel-VISC,mae_ridge,10,23,0.5316198917751715
diesel-VISC,mae_ridge,10,24,0.2298226294403903
diesel-VISC,mae_ridge,10,25,0.3506564648806226
diesel-VISC,mae_ridge,10,26,0.4666069515873139
diesel-VISC,mae_ridge,10,27,0.1021478795158102
diesel-VISC,mae_ridge,10,28,-0.0441960190091752
diesel-VISC,mae_ridge,10,29,0.5135600045804006
diesel-VISC,mae_ridge,20,0,0.7060451447820852
diesel-VISC,mae_ridge,20,1,0.8075726348403944
diesel-VISC,mae_ridge,20,2,0.3754967680674754
diesel-VISC,mae_ridge,20,3,0.6360602814197911
diesel-VISC,mae_ridge,20,4,-0.1114341069264972
diesel-VISC,mae_ridge,20,5,0.6283242213933142
diesel-VISC,mae_ridge,20,6,0.5871462388266614
diesel-VISC,mae_ridge,20,7,0.4335183611246006
diesel-VISC,mae_ridge,20,8,0.2836089655549944
diesel-VISC,mae_ridge,20,9,0.4687026887618635
diesel-VISC,mae_ridge,20,10,0.3243153211297047
diesel-VISC,mae_ridge,20,11,0.5819029677914243
diesel-VISC,mae_ridge,20,12,0.3554316356658399
diesel-VISC,mae_ridge,20,13,0.6941811574209635
diesel-VISC,mae_ridge,20,14,0.6018700931566465
diesel-VISC,mae_ridge,20,15,0.4367180001463124
diesel-VISC,mae_ridge,20,16,0.7347297237380306
diesel-VISC,mae_ridge,20,17,0.6711784751710894
diesel-VISC,mae_ridge,20,18,-1.20954051241337
diesel-VISC,mae_ridge,20,19,0.664263512814726
diesel-VISC,mae_ridge,20,20,0.7602965902891703
diesel-VISC,mae_ridge,20,21,0.2475175808421182
diesel-VISC,mae_ridge,20,22,0.6567022012119341
diesel-VISC,mae_ridge,20,23,0.5143041996180477
diesel-VISC,mae_ridge,20,24,0.4053025566995077
diesel-VISC,mae_ridge,20,25,0.6436224767987304
diesel-VISC,mae_ridge,20,26,0.1722183467229753
diesel-VISC,mae_ridge,20,27,0.5641174067863021
diesel-VISC,mae_ridge,20,28,-0.2143253661327726
diesel-VISC,mae_ridge,20,29,0.666519090215788
evoo-adulteration,mae_ridge,5,0,-0.4540757931694699
evoo-adulteration,mae_ridge,5,1,-0.028234210362082
evoo-adulteration,mae_ridge,5,2,-0.6146824356798681
evoo-adulteration,mae_ridge,5,3,-0.3774307221510524
evoo-adulteration,mae_ridge,5,4,-0.0018315952182925
evoo-adulteration,mae_ridge,5,5,-0.3782642543746959
evoo-adulteration,mae_ridge,5,6,-0.1871687581780143
evoo-adulteration,mae_ridge,5,7,-0.183671651253467
evoo-adulteration,mae_ridge,5,8,-1.414912457219473
evoo-adulteration,mae_ridge,5,9,-0.7634596295221281
evoo-adulteration,mae_ridge,5,10,0.2872391194324831
evoo-adulteration,mae_ridge,5,11,-0.1414664788006718
evoo-adulteration,mae_ridge,5,12,-0.0427851421034204
evoo-adulteration,mae_ridge,5,13,-0.4141480832726658
evoo-adulteration,mae_ridge,5,14,-0.0738934760258134
evoo-adulteration,mae_ridge,5,15,0.2421824658481041
evoo-adulteration,mae_ridge,5,16,-1.2545657453610728
evoo-adulteration,mae_ridge,5,17,-0.2751159626735469
evoo-adulteration,mae_ridge,5,18,-0.01648685955609
evoo-adulteration,mae_ridge,5,19,-0.5720614713445338
evoo-adulteration,mae_ridge,5,20,-0.0375655618329935
evoo-adulteration,mae_ridge,5,21,-0.0042392078390915
evoo-adulteration,mae_ridge,5,22,0.0107685548747347
evoo-adulteration,mae_ridge,5,23,0.2611299967273601
evoo-adulteration,mae_ridge,5,24,-0.94003004970302
evoo-adulteration,mae_ridge,5,25,0.0084462095896564
evoo-adulteration,mae_ridge,5,26,0.0179612895936508
evoo-adulteration,mae_ridge,5,27,-0.4006624689346854
evoo-adulteration,mae_ridge,5,28,-0.3193933182241
evoo-adulteration,mae_ridge,5,29,0.0294999501781513
evoo-adulteration,mae_ridge,10,0,-3.205238782540615
evoo-adulteration,mae_ridge,10,1,0.0476859891360388
evoo-adulteration,mae_ridge,10,2,0.3671837718203197
evoo-adulteration,mae_ridge,10,3,0.3650295820827477
evoo-adulteration,mae_ridge,10,4,0.1848239825567346
evoo-adulteration,mae_ridge,10,5,-0.6946142114097251
evoo-adulteration,mae_ridge,10,6,-1.208814919818832
evoo-adulteration,mae_ridge,10,7,0.012299236853977
evoo-adulteration,mae_ridge,10,8,-0.2778079183578126
evoo-adulteration,mae_ridge,10,9,-0.0692359776715916
evoo-adulteration,mae_ridge,10,10,-0.1108502061688487
evoo-adulteration,mae_ridge,10,11,0.1968855025254146
evoo-adulteration,mae_ridge,10,12,-0.0142609986107884
evoo-adulteration,mae_ridge,10,13,0.0387453223878456
evoo-adulteration,mae_ridge,10,14,-0.1181023612379492
evoo-adulteration,mae_ridge,10,15,-0.2280787570166893
evoo-adulteration,mae_ridge,10,16,-0.2224121330545105
evoo-adulteration,mae_ridge,10,17,-4.217454063896131
evoo-adulteration,mae_ridge,10,18,0.5094042918969357
evoo-adulteration,mae_ridge,10,19,-0.3054244267244499
evoo-adulteration,mae_ridge,10,20,-0.0699733209938013
evoo-adulteration,mae_ridge,10,21,-0.0735654584196676
evoo-adulteration,mae_ridge,10,22,-0.0911509242364203
evoo-adulteration,mae_ridge,10,23,-0.1895160571712895
evoo-adulteration,mae_ridge,10,24,-0.6233039344608611
evoo-adulteration,mae_ridge,10,25,0.2458663611927224
evoo-adulteration,mae_ridge,10,26,-0.2199705850409323
evoo-adulteration,mae_ridge,10,27,0.1936208213044763
evoo-adulteration,mae_ridge,10,28,0.1681116963362748
evoo-adulteration,mae_ridge,10,29,0.3243675957076307
evoo-adulteration,mae_ridge,20,0,0.0574777392376868
evoo-adulteration,mae_ridge,20,1,0.2781345262446918
evoo-adulteration,mae_ridge,20,2,0.2225623282117929
evoo-adulteration,mae_ridge,20,3,0.0736015565755371
evoo-adulteration,mae_ridge,20,4,0.4121478503860474
evoo-adulteration,mae_ridge,20,5,0.0843606879218694
evoo-adulteration,mae_ridge,20,6,0.184636477133272
evoo-adulteration,mae_ridge,20,7,0.497941587904816
evoo-adulteration,mae_ridge,20,8,0.1811948870300673
evoo-adulteration,mae_ridge,20,9,0.5005489391802286
evoo-adulteration,mae_ridge,20,10,-0.2994422954066451
evoo-adulteration,mae_ridge,20,11,0.2145376689440702
evoo-adulteration,mae_ridge,20,12,0.2410317352164338
evoo-adulteration,mae_ridge,20,13,0.3823692855049876
evoo-adulteration,mae_ridge,20,14,0.0500996454722083
evoo-adulteration,mae_ridge,20,15,0.5646480993572185
evoo-adulteration,mae_ridge,20,16,0.5487519008100641
evoo-adulteration,mae_ridge,20,17,0.3094318029828437
evoo-adulteration,mae_ridge,20,18,0.4938575458750885
evoo-adulteration,mae_ridge,20,19,0.2559599037753131
evoo-adulteration,mae_ridge,20,20,0.2187103656619945
evoo-adulteration,mae_ridge,20,21,0.1585450989605789
evoo-adulteration,mae_ridge,20,22,0.111539493700334
evoo-adulteration,mae_ridge,20,23,0.3224587627559521
evoo-adulteration,mae_ridge,20,24,-0.2706151085869492
evoo-adulteration,mae_ridge,20,25,0.1503152285579549
evoo-adulteration,mae_ridge,20,26,0.0133189468874842
evoo-adulteration,mae_ridge,20,27,0.3473311490294668
evoo-adulteration,mae_ridge,20,28,0.4601924754229072
evoo-adulteration,mae_ridge,20,29,0.4236791672143453
gasoline-octane,mae_ridge,5,0,0.8796048426636875
gasoline-octane,mae_ridge,5,1,0.940496990951814
gasoline-octane,mae_ridge,5,2,0.5941488907459039
gasoline-octane,mae_ridge,5,3,-0.0129824987717093
gasoline-octane,mae_ridge,5,4,0.5902197183123472
gasoline-octane,mae_ridge,5,5,0.9200282776498178
gasoline-octane,mae_ridge,5,6,-0.5747607996472912
gasoline-octane,mae_ridge,5,7,0.797072912416732
gasoline-octane,mae_ridge,5,8,0.3116078344242292
gasoline-octane,mae_ridge,5,9,0.4800521733858172
gasoline-octane,mae_ridge,5,10,-0.0693066008453557
gasoline-octane,mae_ridge,5,11,0.558858245213945
gasoline-octane,mae_ridge,5,12,0.8882157766013407
gasoline-octane,mae_ridge,5,13,0.7080644732059878
gasoline-octane,mae_ridge,5,14,0.8938027256996603
gasoline-octane,mae_ridge,5,15,0.0551704115173161
gasoline-octane,mae_ridge,5,16,0.5287648218149411
gasoline-octane,mae_ridge,5,17,0.1742768802692282
gasoline-octane,mae_ridge,5,18,-0.4761682001879381
gasoline-octane,mae_ridge,5,19,0.3021020334993531
gasoline-octane,mae_ridge,5,20,-0.001810519229054
gasoline-octane,mae_ridge,5,21,0.757078512504076
gasoline-octane,mae_ridge,5,22,-0.037640944084458
gasoline-octane,mae_ridge,5,23,0.9240712889154736
gasoline-octane,mae_ridge,5,24,0.7205423440717873
gasoline-octane,mae_ridge,5,25,0.6463897871812664
gasoline-octane,mae_ridge,5,26,0.6348628613941283
gasoline-octane,mae_ridge,5,27,0.9203312721273472
gasoline-octane,mae_ridge,5,28,0.1084910573040347
gasoline-octane,mae_ridge,5,29,0.0012969799450434
gasoline-octane,mae_ridge,10,0,0.9311200245817606
gasoline-octane,mae_ridge,10,1,0.89887976689459
gasoline-octane,mae_ridge,10,2,0.9213345961157798
gasoline-octane,mae_ridge,10,3,0.9395702891107864
gasoline-octane,mae_ridge,10,4,0.9452003443095264
gasoline-octane,mae_ridge,10,5,0.9113331036470708
gasoline-octane,mae_ridge,10,6,0.9303891834172634
gasoline-octane,mae_ridge,10,7,0.918549400890445
gasoline-octane,mae_ridge,10,8,0.8224152452927891
gasoline-octane,mae_ridge,10,9,0.9365953090341644
gasoline-octane,mae_ridge,10,10,0.8791743348558797
gasoline-octane,mae_ridge,10,11,0.8935163949811992
gasoline-octane,mae_ridge,10,12,0.9269280295124686
gasoline-octane,mae_ridge,10,13,0.8779217037759324
gasoline-octane,mae_ridge,10,14,0.9549941527563526
gasoline-octane,mae_ridge,10,15,0.9177895103371648
gasoline-octane,mae_ridge,10,16,0.7616205486414955
gasoline-octane,mae_ridge,10,17,0.9597284114664868
gasoline-octane,mae_ridge,10,18,0.940983107420324
gasoline-octane,mae_ridge,10,19,0.7872904353234713
gasoline-octane,mae_ridge,10,20,0.9087998096642168
gasoline-octane,mae_ridge,10,21,0.940186702575434
gasoline-octane,mae_ridge,10,22,0.8958684327540687
gasoline-octane,mae_ridge,10,23,0.8804472712558177
gasoline-octane,mae_ridge,10,24,0.8441595438841818
gasoline-octane,mae_ridge,10,25,0.9448169714193518
gasoline-octane,mae_ridge,10,26,0.943261237187849
gasoline-octane,mae_ridge,10,27,0.8853695360946788
gasoline-octane,mae_ridge,10,28,0.9278487897196064
gasoline-octane,mae_ridge,10,29,0.7812502225915335
gasoline-octane,mae_ridge,20,0,0.9362447581703062
gasoline-octane,mae_ridge,20,1,0.9344935473603186
gasoline-octane,mae_ridge,20,2,0.9315097132534558
gasoline-octane,mae_ridge,20,3,0.943037569772054
gasoline-octane,mae_ridge,20,4,0.9582708841957204
gasoline-octane,mae_ridge,20,5,0.9293158457908458
gasoline-octane,mae_ridge,20,6,0.918459545238998
gasoline-octane,mae_ridge,20,7,0.9527960331133432
gasoline-octane,mae_ridge,20,8,0.944221329654292
gasoline-octane,mae_ridge,20,9,0.95658954957807
gasoline-octane,mae_ridge,20,10,0.9245388828181924
gasoline-octane,mae_ridge,20,11,0.9341875750814216
gasoline-octane,mae_ridge,20,12,0.902140353811978
gasoline-octane,mae_ridge,20,13,0.9160636729321232
gasoline-octane,mae_ridge,20,14,0.937248919160119
gasoline-octane,mae_ridge,20,15,0.882841343622673
gasoline-octane,mae_ridge,20,16,0.8574126941693615
gasoline-octane,mae_ridge,20,17,0.9462846961836698
gasoline-octane,mae_ridge,20,18,0.905614368056744
gasoline-octane,mae_ridge,20,19,0.9627471286273824
gasoline-octane,mae_ridge,20,20,0.8786598148733624
gasoline-octane,mae_ridge,20,21,0.790315899218879
gasoline-octane,mae_ridge,20,22,0.9639719050248176
gasoline-octane,mae_ridge,20,23,0.9455956255486012
gasoline-octane,mae_ridge,20,24,0.9690660782447336
gasoline-octane,mae_ridge,20,25,0.9558819922460042
gasoline-octane,mae_ridge,20,26,0.919265880689906
gasoline-octane,mae_ridge,20,27,0.8269916253097407
gasoline-octane,mae_ridge,20,28,0.9540820985277038
gasoline-octane,mae_ridge,20,29,0.9242479012844786
corn_m5-oil,rand_ridge,5,0,-1.2983407627321952
corn_m5-oil,rand_ridge,5,1,-1.0723576348770516
corn_m5-oil,rand_ridge,5,2,-0.1316676681093074
corn_m5-oil,rand_ridge,5,3,-0.5829292276996123
corn_m5-oil,rand_ridge,5,4,-1.350934410624708
corn_m5-oil,rand_ridge,5,5,-0.9910594454396882
corn_m5-oil,rand_ridge,5,6,-4.8299979962973225
corn_m5-oil,rand_ridge,5,7,-0.4592751434480748
corn_m5-oil,rand_ridge,5,8,-1.484282675379621
corn_m5-oil,rand_ridge,5,9,-0.3541806599075718
corn_m5-oil,rand_ridge,5,10,-2.455298603100564
corn_m5-oil,rand_ridge,5,11,-0.0561800099729761
corn_m5-oil,rand_ridge,5,12,-0.0117135242616301
corn_m5-oil,rand_ridge,5,13,0.0226532929742045
corn_m5-oil,rand_ridge,5,14,-0.9381306206201604
corn_m5-oil,rand_ridge,5,15,-0.5456028625083662
corn_m5-oil,rand_ridge,5,16,-0.4143809868270174
corn_m5-oil,rand_ridge,5,17,-0.0091916896760617
corn_m5-oil,rand_ridge,5,18,-4.539124936713832
corn_m5-oil,rand_ridge,5,19,0.1643414683076189
corn_m5-oil,rand_ridge,5,20,-0.394429041238483
corn_m5-oil,rand_ridge,5,21,-0.401380357222828
corn_m5-oil,rand_ridge,5,22,-1.0123476158603792
corn_m5-oil,rand_ridge,5,23,-1.876883470348812
corn_m5-oil,rand_ridge,5,24,-0.7950206862670126
corn_m5-oil,rand_ridge,5,25,-0.797569261648065
corn_m5-oil,rand_ridge,5,26,-8.536301081906975
corn_m5-oil,rand_ridge,5,27,-0.6089456777555649
corn_m5-oil,rand_ridge,5,28,-1.4416048054128514
corn_m5-oil,rand_ridge,5,29,-0.7444290558710054
corn_m5-oil,rand_ridge,10,0,-0.4891869632906944
corn_m5-oil,rand_ridge,10,1,-0.6095206158408344
corn_m5-oil,rand_ridge,10,2,-0.0376557922148288
corn_m5-oil,rand_ridge,10,3,0.2596451737561001
corn_m5-oil,rand_ridge,10,4,0.3551367175222011
corn_m5-oil,rand_ridge,10,5,0.527413583848059
corn_m5-oil,rand_ridge,10,6,-0.343278998045059
corn_m5-oil,rand_ridge,10,7,0.1534822247126667
corn_m5-oil,rand_ridge,10,8,-1.3655883361556975
corn_m5-oil,rand_ridge,10,9,-0.6079697028919928
corn_m5-oil,rand_ridge,10,10,-0.1674776884882682
corn_m5-oil,rand_ridge,10,11,0.2596514121291819
corn_m5-oil,rand_ridge,10,12,0.3377669121923851
corn_m5-oil,rand_ridge,10,13,0.3358937883134852
corn_m5-oil,rand_ridge,10,14,-0.4019756252958826
corn_m5-oil,rand_ridge,10,15,-0.6259705304440633
corn_m5-oil,rand_ridge,10,16,-0.0030336850368599
corn_m5-oil,rand_ridge,10,17,0.0512271595900442
corn_m5-oil,rand_ridge,10,18,-0.0983522554565994
corn_m5-oil,rand_ridge,10,19,-0.4499536726377011
corn_m5-oil,rand_ridge,10,20,-0.5373180115133014
corn_m5-oil,rand_ridge,10,21,-0.1385447266908035
corn_m5-oil,rand_ridge,10,22,0.4380110712937528
corn_m5-oil,rand_ridge,10,23,0.2438276698390596
corn_m5-oil,rand_ridge,10,24,-0.3638724649522242
corn_m5-oil,rand_ridge,10,25,0.1334507922903451
corn_m5-oil,rand_ridge,10,26,0.3020298982929479
corn_m5-oil,rand_ridge,10,27,-0.2115573817655665
corn_m5-oil,rand_ridge,10,28,0.4343293757444032
corn_m5-oil,rand_ridge,10,29,-0.9538178794635096
corn_m5-oil,rand_ridge,20,0,-0.0477783026788449
corn_m5-oil,rand_ridge,20,1,0.4819863341574738
corn_m5-oil,rand_ridge,20,2,0.277004529335724
corn_m5-oil,rand_ridge,20,3,0.1293926102918847
corn_m5-oil,rand_ridge,20,4,0.6238606673819798
corn_m5-oil,rand_ridge,20,5,0.5891561853744347
corn_m5-oil,rand_ridge,20,6,0.5801505126149312
corn_m5-oil,rand_ridge,20,7,0.2815814363945959
corn_m5-oil,rand_ridge,20,8,0.4898007062858215
corn_m5-oil,rand_ridge,20,9,0.6027261401079721
corn_m5-oil,rand_ridge,20,10,0.6081049814877584
corn_m5-oil,rand_ridge,20,11,0.5541010206435865
corn_m5-oil,rand_ridge,20,12,0.2473592169167209
corn_m5-oil,rand_ridge,20,13,0.5105763744643037
corn_m5-oil,rand_ridge,20,14,0.5875409054988248
corn_m5-oil,rand_ridge,20,15,0.2758890094728239
corn_m5-oil,rand_ridge,20,16,0.5791090959292267
corn_m5-oil,rand_ridge,20,17,0.4218954832491476
corn_m5-oil,rand_ridge,20,18,0.5604979130197358
corn_m5-oil,rand_ridge,20,19,0.4931091531851167
corn_m5-oil,rand_ridge,20,20,-0.3143689862731584
corn_m5-oil,rand_ridge,20,21,-0.1423021288282002
corn_m5-oil,rand_ridge,20,22,0.1624094515367571
corn_m5-oil,rand_ridge,20,23,0.2265025011590489
corn_m5-oil,rand_ridge,20,24,0.7277723648945552
corn_m5-oil,rand_ridge,20,25,0.5342953235353138
corn_m5-oil,rand_ridge,20,26,0.4621319591249739
corn_m5-oil,rand_ridge,20,27,0.3894126151636697
corn_m5-oil,rand_ridge,20,28,-0.4449574586767195
corn_m5-oil,rand_ridge,20,29,0.6458112427191935
corn_m5-protein,rand_ridge,5,0,0.3985265634855413
corn_m5-protein,rand_ridge,5,1,-0.4873221058298811
corn_m5-protein,rand_ridge,5,2,0.0041592972666344
corn_m5-protein,rand_ridge,5,3,0.3908470811842101
corn_m5-protein,rand_ridge,5,4,-0.0542056443027554
corn_m5-protein,rand_ridge,5,5,-0.3941112122187626
corn_m5-protein,rand_ridge,5,6,0.0061265788929374
corn_m5-protein,rand_ridge,5,7,-0.7964478867790714
corn_m5-protein,rand_ridge,5,8,-2.952099734211272
corn_m5-protein,rand_ridge,5,9,-0.5985639811003347
corn_m5-protein,rand_ridge,5,10,-0.2873962521724365
corn_m5-protein,rand_ridge,5,11,-0.0684120649797332
corn_m5-protein,rand_ridge,5,12,-0.501895893962959
corn_m5-protein,rand_ridge,5,13,-0.9614261604194814
corn_m5-protein,rand_ridge,5,14,-0.4528444904919864
corn_m5-protein,rand_ridge,5,15,-0.4511988182810842
corn_m5-protein,rand_ridge,5,16,-0.0792078966489875
corn_m5-protein,rand_ridge,5,17,0.2127676495795513
corn_m5-protein,rand_ridge,5,18,0.2406897370873031
corn_m5-protein,rand_ridge,5,19,0.331108265773439
corn_m5-protein,rand_ridge,5,20,0.1009441290774207
corn_m5-protein,rand_ridge,5,21,-0.2591624018873171
corn_m5-protein,rand_ridge,5,22,-0.0487078615984586
corn_m5-protein,rand_ridge,5,23,-0.2082544419295255
corn_m5-protein,rand_ridge,5,24,0.166106008056435
corn_m5-protein,rand_ridge,5,25,-0.0085683067470427
corn_m5-protein,rand_ridge,5,26,-0.8381444506793458
corn_m5-protein,rand_ridge,5,27,0.372525090687637
corn_m5-protein,rand_ridge,5,28,-0.4737975375785568
corn_m5-protein,rand_ridge,5,29,0.0419569789624089
corn_m5-protein,rand_ridge,10,0,0.3826096333840685
corn_m5-protein,rand_ridge,10,1,0.4370558853926282
corn_m5-protein,rand_ridge,10,2,0.7316691003232123
corn_m5-protein,rand_ridge,10,3,0.7621476499219024
corn_m5-protein,rand_ridge,10,4,0.7195678784721744
corn_m5-protein,rand_ridge,10,5,0.4032347936727048
corn_m5-protein,rand_ridge,10,6,-0.3780671393119967
corn_m5-protein,rand_ridge,10,7,0.3384326797249828
corn_m5-protein,rand_ridge,10,8,-0.2205431032234834
corn_m5-protein,rand_ridge,10,9,0.4537159259813569
corn_m5-protein,rand_ridge,10,10,0.5555826852611949
corn_m5-protein,rand_ridge,10,11,0.4502082804605795
corn_m5-protein,rand_ridge,10,12,0.4707011413392504
corn_m5-protein,rand_ridge,10,13,0.557106182097139
corn_m5-protein,rand_ridge,10,14,0.7353694954368828
corn_m5-protein,rand_ridge,10,15,0.8212683239985719
corn_m5-protein,rand_ridge,10,16,0.2601933423906344
corn_m5-protein,rand_ridge,10,17,0.5923534447181459
corn_m5-protein,rand_ridge,10,18,-0.0425582915709272
corn_m5-protein,rand_ridge,10,19,0.6474198971352034
corn_m5-protein,rand_ridge,10,20,0.1398583627012318
corn_m5-protein,rand_ridge,10,21,0.1151915727976061
corn_m5-protein,rand_ridge,10,22,0.1719449046052669
corn_m5-protein,rand_ridge,10,23,0.336432686190098
corn_m5-protein,rand_ridge,10,24,0.5893109980214066
corn_m5-protein,rand_ridge,10,25,0.219350653108208
corn_m5-protein,rand_ridge,10,26,0.257242909324088
corn_m5-protein,rand_ridge,10,27,0.3179093687834672
corn_m5-protein,rand_ridge,10,28,0.5992391880343191
corn_m5-protein,rand_ridge,10,29,-0.0922249425228967
corn_m5-protein,rand_ridge,20,0,0.8477819627366514
corn_m5-protein,rand_ridge,20,1,0.7653628502917293
corn_m5-protein,rand_ridge,20,2,0.8694635394193473
corn_m5-protein,rand_ridge,20,3,0.5512543695188891
corn_m5-protein,rand_ridge,20,4,0.8176462319196206
corn_m5-protein,rand_ridge,20,5,0.8196037621179726
corn_m5-protein,rand_ridge,20,6,0.4424787049103421
corn_m5-protein,rand_ridge,20,7,0.7531838413432277
corn_m5-protein,rand_ridge,20,8,0.8213686152896622
corn_m5-protein,rand_ridge,20,9,0.7422448165919189
corn_m5-protein,rand_ridge,20,10,0.7932830705539197
corn_m5-protein,rand_ridge,20,11,0.6181275291592842
corn_m5-protein,rand_ridge,20,12,0.7980347689833438
corn_m5-protein,rand_ridge,20,13,0.6591043826284148
corn_m5-protein,rand_ridge,20,14,0.7907802383226834
corn_m5-protein,rand_ridge,20,15,0.4096587376776971
corn_m5-protein,rand_ridge,20,16,0.7957531785058722
corn_m5-protein,rand_ridge,20,17,0.8025510015463483
corn_m5-protein,rand_ridge,20,18,0.7860984635637054
corn_m5-protein,rand_ridge,20,19,0.5269396864062514
corn_m5-protein,rand_ridge,20,20,0.7157260700850769
corn_m5-protein,rand_ridge,20,21,0.6350544447021058
corn_m5-protein,rand_ridge,20,22,0.8552601774335757
corn_m5-protein,rand_ridge,20,23,0.4553800746820661
corn_m5-protein,rand_ridge,20,24,0.8360778844695668
corn_m5-protein,rand_ridge,20,25,0.4720432485871971
corn_m5-protein,rand_ridge,20,26,0.8409202478274985
corn_m5-protein,rand_ridge,20,27,0.8754707936482846
corn_m5-protein,rand_ridge,20,28,0.7965505415256783
corn_m5-protein,rand_ridge,20,29,0.8315256044362256
diesel-BP50,rand_ridge,5,0,-1.5519761488104011
diesel-BP50,rand_ridge,5,1,-0.4921592292566328
diesel-BP50,rand_ridge,5,2,0.0150366050663681
diesel-BP50,rand_ridge,5,3,-0.7441676675700137
diesel-BP50,rand_ridge,5,4,-0.0036815508666925
diesel-BP50,rand_ridge,5,5,-1.725856747732398
diesel-BP50,rand_ridge,5,6,-0.0606138518567953
diesel-BP50,rand_ridge,5,7,0.0479354877745548
diesel-BP50,rand_ridge,5,8,-0.2298597218362621
diesel-BP50,rand_ridge,5,9,-0.4728067883843305
diesel-BP50,rand_ridge,5,10,-0.7706792174892769
diesel-BP50,rand_ridge,5,11,-2.7421792420401623
diesel-BP50,rand_ridge,5,12,-0.0329267776869042
diesel-BP50,rand_ridge,5,13,-0.4235932924579078
diesel-BP50,rand_ridge,5,14,-0.2446566671482986
diesel-BP50,rand_ridge,5,15,-0.0013306385540436
diesel-BP50,rand_ridge,5,16,-0.273736451479541
diesel-BP50,rand_ridge,5,17,-0.5209286234997965
diesel-BP50,rand_ridge,5,18,-0.4412613843012463
diesel-BP50,rand_ridge,5,19,-0.0849048695918321
diesel-BP50,rand_ridge,5,20,-0.0600821660965444
diesel-BP50,rand_ridge,5,21,-1.440535031723527
diesel-BP50,rand_ridge,5,22,-0.915523612680344
diesel-BP50,rand_ridge,5,23,-1.0093739928928231
diesel-BP50,rand_ridge,5,24,-0.1761086629800647
diesel-BP50,rand_ridge,5,25,-0.0905720758062074
diesel-BP50,rand_ridge,5,26,-0.3945063740657968
diesel-BP50,rand_ridge,5,27,-0.0117806046966051
diesel-BP50,rand_ridge,5,28,-0.0075574096940889
diesel-BP50,rand_ridge,5,29,-2.775575889690267
diesel-BP50,rand_ridge,10,0,-1.6197199072935335
diesel-BP50,rand_ridge,10,1,-0.0077233712058035
diesel-BP50,rand_ridge,10,2,-0.05792654291101
diesel-BP50,rand_ridge,10,3,-0.087622521124254
diesel-BP50,rand_ridge,10,4,-0.4944373870339122
diesel-BP50,rand_ridge,10,5,0.0050232765786002
diesel-BP50,rand_ridge,10,6,-0.1549678601065391
diesel-BP50,rand_ridge,10,7,-0.0240561988875089
diesel-BP50,rand_ridge,10,8,-0.2342671942949745
diesel-BP50,rand_ridge,10,9,-0.1465394724061712
diesel-BP50,rand_ridge,10,10,-0.0221118026105051
diesel-BP50,rand_ridge,10,11,-0.3270110294682691
diesel-BP50,rand_ridge,10,12,0.012070372517601
diesel-BP50,rand_ridge,10,13,0.3614602154364829
diesel-BP50,rand_ridge,10,14,-0.170980060420776
diesel-BP50,rand_ridge,10,15,-0.1236310137467702
diesel-BP50,rand_ridge,10,16,0.0214088846673028
diesel-BP50,rand_ridge,10,17,0.0131305861696943
diesel-BP50,rand_ridge,10,18,-0.2066364925695347
diesel-BP50,rand_ridge,10,19,-0.1267614602217637
diesel-BP50,rand_ridge,10,20,-0.2406200060834773
diesel-BP50,rand_ridge,10,21,0.0054758915073904
diesel-BP50,rand_ridge,10,22,-0.1010133363619074
diesel-BP50,rand_ridge,10,23,-0.2290066829052568
diesel-BP50,rand_ridge,10,24,0.001431619996982
diesel-BP50,rand_ridge,10,25,-1.8245672786916347
diesel-BP50,rand_ridge,10,26,0.014439719557126
diesel-BP50,rand_ridge,10,27,-0.9060741510960864
diesel-BP50,rand_ridge,10,28,-0.1085259801243516
diesel-BP50,rand_ridge,10,29,0.4633573671558262
diesel-BP50,rand_ridge,20,0,-0.3564239137622789
diesel-BP50,rand_ridge,20,1,0.4284126194800913
diesel-BP50,rand_ridge,20,2,-0.0707654266975907
diesel-BP50,rand_ridge,20,3,0.178440064406311
diesel-BP50,rand_ridge,20,4,0.5189514895226703
diesel-BP50,rand_ridge,20,5,0.4015540479352475
diesel-BP50,rand_ridge,20,6,0.3566168188547333
diesel-BP50,rand_ridge,20,7,-0.779180477438923
diesel-BP50,rand_ridge,20,8,0.3338046279753383
diesel-BP50,rand_ridge,20,9,0.2619656550081113
diesel-BP50,rand_ridge,20,10,0.4206109139535895
diesel-BP50,rand_ridge,20,11,0.366824497267486
diesel-BP50,rand_ridge,20,12,0.3187638797310439
diesel-BP50,rand_ridge,20,13,-0.0006640237742636
diesel-BP50,rand_ridge,20,14,0.5463022392453181
diesel-BP50,rand_ridge,20,15,0.0674105754381416
diesel-BP50,rand_ridge,20,16,0.5637558933815299
diesel-BP50,rand_ridge,20,17,-0.8314699970606272
diesel-BP50,rand_ridge,20,18,0.4032446019035807
diesel-BP50,rand_ridge,20,19,0.481207425685367
diesel-BP50,rand_ridge,20,20,0.4441706651192193
diesel-BP50,rand_ridge,20,21,-0.1361630449758901
diesel-BP50,rand_ridge,20,22,0.4516938615233308
diesel-BP50,rand_ridge,20,23,-0.8473505747786461
diesel-BP50,rand_ridge,20,24,-0.0140782926446343
diesel-BP50,rand_ridge,20,25,0.5991618219974321
diesel-BP50,rand_ridge,20,26,0.4165286010719389
diesel-BP50,rand_ridge,20,27,0.5227138832965808
diesel-BP50,rand_ridge,20,28,0.0074453045771343
diesel-BP50,rand_ridge,20,29,0.4527857906290172
diesel-CN,rand_ridge,5,0,-0.165889144158414
diesel-CN,rand_ridge,5,1,0.012242270966297
diesel-CN,rand_ridge,5,2,-0.3612556902995856
diesel-CN,rand_ridge,5,3,-0.169157575920021
diesel-CN,rand_ridge,5,4,0.0885842051964316
diesel-CN,rand_ridge,5,5,0.0046580250127252
diesel-CN,rand_ridge,5,6,-0.04475206823832
diesel-CN,rand_ridge,5,7,-0.7507291960721978
diesel-CN,rand_ridge,5,8,-5.768030371265773
diesel-CN,rand_ridge,5,9,0.0332136028720604
diesel-CN,rand_ridge,5,10,0.0039771754134424
diesel-CN,rand_ridge,5,11,-0.045513513652736
diesel-CN,rand_ridge,5,12,-0.322455512130305
diesel-CN,rand_ridge,5,13,0.131008037016847
diesel-CN,rand_ridge,5,14,0.034237938432282
diesel-CN,rand_ridge,5,15,-0.0407729488120656
diesel-CN,rand_ridge,5,16,-0.0501069088615466
diesel-CN,rand_ridge,5,17,-0.4180400666471529
diesel-CN,rand_ridge,5,18,-0.2772856280150979
diesel-CN,rand_ridge,5,19,0.0744347277787854
diesel-CN,rand_ridge,5,20,0.0025131878323259
diesel-CN,rand_ridge,5,21,0.0513942803631407
diesel-CN,rand_ridge,5,22,-0.0153089245597399
diesel-CN,rand_ridge,5,23,-0.0889492245434144
diesel-CN,rand_ridge,5,24,-0.0653123199457503
diesel-CN,rand_ridge,5,25,0.1865327172257305
diesel-CN,rand_ridge,5,26,0.2998616865115671
diesel-CN,rand_ridge,5,27,-0.0273021326497155
diesel-CN,rand_ridge,5,28,-0.2220904694660717
diesel-CN,rand_ridge,5,29,-0.2495439884976242
diesel-CN,rand_ridge,10,0,-1.6504239780689058
diesel-CN,rand_ridge,10,1,-0.2009925110521502
diesel-CN,rand_ridge,10,2,-0.1390004560684283
diesel-CN,rand_ridge,10,3,0.3947843578057718
diesel-CN,rand_ridge,10,4,0.2670391104720285
diesel-CN,rand_ridge,10,5,0.0041652027488362
diesel-CN,rand_ridge,10,6,-0.4701008544830918
diesel-CN,rand_ridge,10,7,0.0993817111731001
diesel-CN,rand_ridge,10,8,0.3397519001823746
diesel-CN,rand_ridge,10,9,0.1822532121938146
diesel-CN,rand_ridge,10,10,-1.8408536784410423
diesel-CN,rand_ridge,10,11,-0.7158450712082356
diesel-CN,rand_ridge,10,12,0.0114162309200052
diesel-CN,rand_ridge,10,13,-0.2130415838133832
diesel-CN,rand_ridge,10,14,0.0101825148930403
diesel-CN,rand_ridge,10,15,-0.2765181515634529
diesel-CN,rand_ridge,10,16,-0.3672471703452284
diesel-CN,rand_ridge,10,17,-0.7690528731775372
diesel-CN,rand_ridge,10,18,0.0189127055816176
diesel-CN,rand_ridge,10,19,-0.0568070708188004
diesel-CN,rand_ridge,10,20,0.1594504057651342
diesel-CN,rand_ridge,10,21,0.2182567270678911
diesel-CN,rand_ridge,10,22,-1.4518388189703215
diesel-CN,rand_ridge,10,23,0.1471617064329434
diesel-CN,rand_ridge,10,24,0.0149229391921237
diesel-CN,rand_ridge,10,25,0.255590803251845
diesel-CN,rand_ridge,10,26,-0.0006312230861165
diesel-CN,rand_ridge,10,27,0.2052983456748366
diesel-CN,rand_ridge,10,28,-0.0190416352481315
diesel-CN,rand_ridge,10,29,-0.0617727833358487
diesel-CN,rand_ridge,20,0,-0.3837864943536457
diesel-CN,rand_ridge,20,1,-0.0291702268868276
diesel-CN,rand_ridge,20,2,0.3294191970524105
diesel-CN,rand_ridge,20,3,0.2353089571525297
diesel-CN,rand_ridge,20,4,-0.0134405427227521
diesel-CN,rand_ridge,20,5,0.3748663959449805
diesel-CN,rand_ridge,20,6,0.1672097620257173
diesel-CN,rand_ridge,20,7,0.1383092352304153
diesel-CN,rand_ridge,20,8,0.364569692111975
diesel-CN,rand_ridge,20,9,0.4141127383085151
diesel-CN,rand_ridge,20,10,-0.0279491937016318
diesel-CN,rand_ridge,20,11,0.3720012036901358
diesel-CN,rand_ridge,20,12,-0.3316417373760978
diesel-CN,rand_ridge,20,13,0.2983403040766702
diesel-CN,rand_ridge,20,14,0.1895222897959347
diesel-CN,rand_ridge,20,15,0.2849715754928194
diesel-CN,rand_ridge,20,16,0.1219550798832431
diesel-CN,rand_ridge,20,17,0.0935602287925513
diesel-CN,rand_ridge,20,18,0.2440894067688034
diesel-CN,rand_ridge,20,19,0.3661577295097868
diesel-CN,rand_ridge,20,20,-0.155044835831712
diesel-CN,rand_ridge,20,21,0.3230830495854401
diesel-CN,rand_ridge,20,22,0.3064598087214555
diesel-CN,rand_ridge,20,23,0.344308547101034
diesel-CN,rand_ridge,20,24,0.2070849086443456
diesel-CN,rand_ridge,20,25,0.4394731731884025
diesel-CN,rand_ridge,20,26,-0.0515297422572949
diesel-CN,rand_ridge,20,27,0.2216376699231512
diesel-CN,rand_ridge,20,28,0.3560652777559744
diesel-CN,rand_ridge,20,29,0.3575578767573318
diesel-D4052,rand_ridge,5,0,-0.0951934337411513
diesel-D4052,rand_ridge,5,1,-4.227748878635832
diesel-D4052,rand_ridge,5,2,-0.839924409630944
diesel-D4052,rand_ridge,5,3,0.1070064573316035
diesel-D4052,rand_ridge,5,4,0.2444807275308357
diesel-D4052,rand_ridge,5,5,0.1242921512635861
diesel-D4052,rand_ridge,5,6,-1.681685209423084
diesel-D4052,rand_ridge,5,7,-0.5338749572837878
diesel-D4052,rand_ridge,5,8,-0.2631582360762037
diesel-D4052,rand_ridge,5,9,0.0015143412944673
diesel-D4052,rand_ridge,5,10,0.0499423021358247
diesel-D4052,rand_ridge,5,11,0.0016992943795273
diesel-D4052,rand_ridge,5,12,-3.966689253849106
diesel-D4052,rand_ridge,5,13,-0.3609449146900971
diesel-D4052,rand_ridge,5,14,0.1699947973576758
diesel-D4052,rand_ridge,5,15,0.2365368347418389
diesel-D4052,rand_ridge,5,16,-0.2600544618640708
diesel-D4052,rand_ridge,5,17,-0.554767022671919
diesel-D4052,rand_ridge,5,18,0.1524951524472424
diesel-D4052,rand_ridge,5,19,-2.7219191892517367
diesel-D4052,rand_ridge,5,20,-0.7109828336577553
diesel-D4052,rand_ridge,5,21,0.3439089611017883
diesel-D4052,rand_ridge,5,22,0.287366677199405
diesel-D4052,rand_ridge,5,23,-2.181902548718901
diesel-D4052,rand_ridge,5,24,0.0343533789899165
diesel-D4052,rand_ridge,5,25,-0.2636752589649367
diesel-D4052,rand_ridge,5,26,0.1860304782234746
diesel-D4052,rand_ridge,5,27,0.0938186559452202
diesel-D4052,rand_ridge,5,28,-0.3138695787943553
diesel-D4052,rand_ridge,5,29,0.0661427586647879
diesel-D4052,rand_ridge,10,0,0.0309731852654756
diesel-D4052,rand_ridge,10,1,0.5073291748661216
diesel-D4052,rand_ridge,10,2,-0.0184020271612936
diesel-D4052,rand_ridge,10,3,0.3184977158475637
diesel-D4052,rand_ridge,10,4,-0.5753150441168293
diesel-D4052,rand_ridge,10,5,0.2092762797567705
diesel-D4052,rand_ridge,10,6,-0.042624238794124
diesel-D4052,rand_ridge,10,7,0.1537442484941817
diesel-D4052,rand_ridge,10,8,0.3207203560544605
diesel-D4052,rand_ridge,10,9,0.1628403798486051
diesel-D4052,rand_ridge,10,10,0.4356672538408083
diesel-D4052,rand_ridge,10,11,0.4873582646877825
diesel-D4052,rand_ridge,10,12,0.3569827932567406
diesel-D4052,rand_ridge,10,13,0.342019616750945
diesel-D4052,rand_ridge,10,14,0.3144503223264931
diesel-D4052,rand_ridge,10,15,-0.1138549189544337
diesel-D4052,rand_ridge,10,16,0.5106381660627595
diesel-D4052,rand_ridge,10,17,0.0849016010190368
diesel-D4052,rand_ridge,10,18,0.5046302307360016
diesel-D4052,rand_ridge,10,19,0.2591080610464055
diesel-D4052,rand_ridge,10,20,0.4066419793985684
diesel-D4052,rand_ridge,10,21,-0.01668603442008
diesel-D4052,rand_ridge,10,22,-0.0058671682739586
diesel-D4052,rand_ridge,10,23,0.0106355952779612
diesel-D4052,rand_ridge,10,24,0.342093447463999
diesel-D4052,rand_ridge,10,25,0.5049004106047134
diesel-D4052,rand_ridge,10,26,0.3064105662319122
diesel-D4052,rand_ridge,10,27,-1.3055975045223849
diesel-D4052,rand_ridge,10,28,0.4817464791701924
diesel-D4052,rand_ridge,10,29,0.0623743118242591
diesel-D4052,rand_ridge,20,0,0.707438452131502
diesel-D4052,rand_ridge,20,1,0.7641638403992128
diesel-D4052,rand_ridge,20,2,0.397294163649959
diesel-D4052,rand_ridge,20,3,0.5206428414877282
diesel-D4052,rand_ridge,20,4,0.8093994706101371
diesel-D4052,rand_ridge,20,5,0.6536912498007195
diesel-D4052,rand_ridge,20,6,0.6074267594494425
diesel-D4052,rand_ridge,20,7,0.8250064678707064
diesel-D4052,rand_ridge,20,8,0.5787265050114789
diesel-D4052,rand_ridge,20,9,0.7593435194377596
diesel-D4052,rand_ridge,20,10,0.4387556813310092
diesel-D4052,rand_ridge,20,11,0.5075437435524981
diesel-D4052,rand_ridge,20,12,0.5303590941139553
diesel-D4052,rand_ridge,20,13,0.3030475333797615
diesel-D4052,rand_ridge,20,14,0.7546084908120382
diesel-D4052,rand_ridge,20,15,-1.5513696341308152
diesel-D4052,rand_ridge,20,16,0.7778735634302743
diesel-D4052,rand_ridge,20,17,0.0902158604368783
diesel-D4052,rand_ridge,20,18,0.7245598195385103
diesel-D4052,rand_ridge,20,19,0.6625640682264324
diesel-D4052,rand_ridge,20,20,0.6428951028804174
diesel-D4052,rand_ridge,20,21,0.7447502951766318
diesel-D4052,rand_ridge,20,22,0.8761779447421878
diesel-D4052,rand_ridge,20,23,0.4234345696305543
diesel-D4052,rand_ridge,20,24,0.4755509645155421
diesel-D4052,rand_ridge,20,25,0.4305465026999892
diesel-D4052,rand_ridge,20,26,0.8613597732186755
diesel-D4052,rand_ridge,20,27,0.6317652396082771
diesel-D4052,rand_ridge,20,28,0.7988881276857118
diesel-D4052,rand_ridge,20,29,0.7801930172900916
diesel-FLASH,rand_ridge,5,0,-0.4910541463414926
diesel-FLASH,rand_ridge,5,1,-0.974071745366152
diesel-FLASH,rand_ridge,5,2,-2.054099270863861
diesel-FLASH,rand_ridge,5,3,-0.3354569113602157
diesel-FLASH,rand_ridge,5,4,-0.3024262251050396
diesel-FLASH,rand_ridge,5,5,-0.8509349404060393
diesel-FLASH,rand_ridge,5,6,-0.2346252483044824
diesel-FLASH,rand_ridge,5,7,-0.7651818779652553
diesel-FLASH,rand_ridge,5,8,-0.0939358289558376
diesel-FLASH,rand_ridge,5,9,-0.2029893103083571
diesel-FLASH,rand_ridge,5,10,-0.0339030334088021
diesel-FLASH,rand_ridge,5,11,-0.0670320035068681
diesel-FLASH,rand_ridge,5,12,0.0007685173219601
diesel-FLASH,rand_ridge,5,13,-0.406872279531018
diesel-FLASH,rand_ridge,5,14,-0.0192026306802661
diesel-FLASH,rand_ridge,5,15,-0.3399431966846138
diesel-FLASH,rand_ridge,5,16,-2.0485093948625392
diesel-FLASH,rand_ridge,5,17,-0.1063659976028388
diesel-FLASH,rand_ridge,5,18,-0.3618380960292857
diesel-FLASH,rand_ridge,5,19,-0.7089629811928513
diesel-FLASH,rand_ridge,5,20,0.0019698672143059
diesel-FLASH,rand_ridge,5,21,-0.415744553851995
diesel-FLASH,rand_ridge,5,22,-0.7515562868235768
diesel-FLASH,rand_ridge,5,23,-0.160193228739206
diesel-FLASH,rand_ridge,5,24,-0.1115201488579935
diesel-FLASH,rand_ridge,5,25,-0.2995439138398108
diesel-FLASH,rand_ridge,5,26,-0.5527144903838912
diesel-FLASH,rand_ridge,5,27,-0.1427101774585326
diesel-FLASH,rand_ridge,5,28,-0.7684556591432286
diesel-FLASH,rand_ridge,5,29,-0.0048131199723886
diesel-FLASH,rand_ridge,10,0,-0.0210715714839211
diesel-FLASH,rand_ridge,10,1,-0.7406332474617099
diesel-FLASH,rand_ridge,10,2,-1.1612858531877657
diesel-FLASH,rand_ridge,10,3,-1.3807089598944584
diesel-FLASH,rand_ridge,10,4,-0.086158110424662
diesel-FLASH,rand_ridge,10,5,-0.5565334426019644
diesel-FLASH,rand_ridge,10,6,-0.1194037926332254
diesel-FLASH,rand_ridge,10,7,-1.4175826945956027
diesel-FLASH,rand_ridge,10,8,-0.697555214744848
diesel-FLASH,rand_ridge,10,9,-0.4061185673884628
diesel-FLASH,rand_ridge,10,10,-0.0334427579417664
diesel-FLASH,rand_ridge,10,11,-0.4872502240029273
diesel-FLASH,rand_ridge,10,12,0.0105967785449877
diesel-FLASH,rand_ridge,10,13,0.0359536229755521
diesel-FLASH,rand_ridge,10,14,-0.0480877258128493
diesel-FLASH,rand_ridge,10,15,-0.1498136929167388
diesel-FLASH,rand_ridge,10,16,-0.1467924214346059
diesel-FLASH,rand_ridge,10,17,-0.007713651077408
diesel-FLASH,rand_ridge,10,18,-0.0290936912708945
diesel-FLASH,rand_ridge,10,19,0.0076133420436446
diesel-FLASH,rand_ridge,10,20,-0.3556460495636937
diesel-FLASH,rand_ridge,10,21,-0.5661003500101209
diesel-FLASH,rand_ridge,10,22,-0.0110149592203734
diesel-FLASH,rand_ridge,10,23,0.0014929222007791
diesel-FLASH,rand_ridge,10,24,-0.0369127352379972
diesel-FLASH,rand_ridge,10,25,-0.0008742019077208
diesel-FLASH,rand_ridge,10,26,-0.0342882753189541
diesel-FLASH,rand_ridge,10,27,-0.0849423277177057
diesel-FLASH,rand_ridge,10,28,-1.875738863751362
diesel-FLASH,rand_ridge,10,29,-0.6683236252722222
diesel-FLASH,rand_ridge,20,0,-0.059991625467977
diesel-FLASH,rand_ridge,20,1,0.1243700333450655
diesel-FLASH,rand_ridge,20,2,0.0281630095348197
diesel-FLASH,rand_ridge,20,3,0.0442600982278982
diesel-FLASH,rand_ridge,20,4,-0.2873502440843316
diesel-FLASH,rand_ridge,20,5,-0.0606564833219236
diesel-FLASH,rand_ridge,20,6,-0.1290751829335117
diesel-FLASH,rand_ridge,20,7,0.0982561204690609
diesel-FLASH,rand_ridge,20,8,-0.0855876921760199
diesel-FLASH,rand_ridge,20,9,-0.0862573819355463
diesel-FLASH,rand_ridge,20,10,0.2292350001689449
diesel-FLASH,rand_ridge,20,11,-1.6228247163954816
diesel-FLASH,rand_ridge,20,12,0.0420717705196759
diesel-FLASH,rand_ridge,20,13,0.0066757460598353
diesel-FLASH,rand_ridge,20,14,-0.0148899976382801
diesel-FLASH,rand_ridge,20,15,0.1604981907654659
diesel-FLASH,rand_ridge,20,16,0.3111252172627669
diesel-FLASH,rand_ridge,20,17,0.2740630270093974
diesel-FLASH,rand_ridge,20,18,-0.1111564278706425
diesel-FLASH,rand_ridge,20,19,0.001974884840572
diesel-FLASH,rand_ridge,20,20,-0.5360523313222447
diesel-FLASH,rand_ridge,20,21,-0.023070257202143
diesel-FLASH,rand_ridge,20,22,-0.0916631763359312
diesel-FLASH,rand_ridge,20,23,-0.1526688699312233
diesel-FLASH,rand_ridge,20,24,0.1272587177538117
diesel-FLASH,rand_ridge,20,25,-0.1668961620506983
diesel-FLASH,rand_ridge,20,26,-0.0177292048502195
diesel-FLASH,rand_ridge,20,27,0.0035707843499898
diesel-FLASH,rand_ridge,20,28,0.0419610305019246
diesel-FLASH,rand_ridge,20,29,-0.170686040134437
diesel-FREEZE,rand_ridge,5,0,-0.7610455177236444
diesel-FREEZE,rand_ridge,5,1,-0.4919108515331525
diesel-FREEZE,rand_ridge,5,2,-0.2322533660698356
diesel-FREEZE,rand_ridge,5,3,0.0154517172684772
diesel-FREEZE,rand_ridge,5,4,0.0317394519190846
diesel-FREEZE,rand_ridge,5,5,-3.311511353604724
diesel-FREEZE,rand_ridge,5,6,-0.0630799358506597
diesel-FREEZE,rand_ridge,5,7,-0.2170513201691464
diesel-FREEZE,rand_ridge,5,8,-0.2592696884162733
diesel-FREEZE,rand_ridge,5,9,-0.1403672994176552
diesel-FREEZE,rand_ridge,5,10,-0.9580245644783104
diesel-FREEZE,rand_ridge,5,11,-1.1218414661700593
diesel-FREEZE,rand_ridge,5,12,-1.4056906904307205
diesel-FREEZE,rand_ridge,5,13,-0.0088472616269321
diesel-FREEZE,rand_ridge,5,14,0.0037649718128064
diesel-FREEZE,rand_ridge,5,15,-0.1185915760674043
diesel-FREEZE,rand_ridge,5,16,-0.0397347037077044
diesel-FREEZE,rand_ridge,5,17,-0.0186764146295266
diesel-FREEZE,rand_ridge,5,18,-0.1760009887085627
diesel-FREEZE,rand_ridge,5,19,-0.1926341125592208
diesel-FREEZE,rand_ridge,5,20,-5.925895968385278
diesel-FREEZE,rand_ridge,5,21,-0.4337703694964183
diesel-FREEZE,rand_ridge,5,22,-0.0080313217881675
diesel-FREEZE,rand_ridge,5,23,-0.267743249942914
diesel-FREEZE,rand_ridge,5,24,-0.0032017389371628
diesel-FREEZE,rand_ridge,5,25,-5.602749292921841
diesel-FREEZE,rand_ridge,5,26,-0.332877335126958
diesel-FREEZE,rand_ridge,5,27,0.0073155329873401
diesel-FREEZE,rand_ridge,5,28,-0.2352650033279428
diesel-FREEZE,rand_ridge,5,29,-0.0566906913333595
diesel-FREEZE,rand_ridge,10,0,0.0599569485252778
diesel-FREEZE,rand_ridge,10,1,-0.0058762182671365
diesel-FREEZE,rand_ridge,10,2,-0.13809303529556
diesel-FREEZE,rand_ridge,10,3,-1.053802023888387
diesel-FREEZE,rand_ridge,10,4,-0.2444255278150524
diesel-FREEZE,rand_ridge,10,5,-0.1427887923074005
diesel-FREEZE,rand_ridge,10,6,-0.1152844977902971
diesel-FREEZE,rand_ridge,10,7,-0.1435282825222648
diesel-FREEZE,rand_ridge,10,8,0.0497394993694414
diesel-FREEZE,rand_ridge,10,9,0.0472501822690627
diesel-FREEZE,rand_ridge,10,10,0.3460840318357379
diesel-FREEZE,rand_ridge,10,11,0.0212140628785374
diesel-FREEZE,rand_ridge,10,12,0.319362537704574
diesel-FREEZE,rand_ridge,10,13,-0.0067476890209121
diesel-FREEZE,rand_ridge,10,14,-0.1646417765468084
diesel-FREEZE,rand_ridge,10,15,0.1281675970283643
diesel-FREEZE,rand_ridge,10,16,-0.6341962918412252
diesel-FREEZE,rand_ridge,10,17,0.2643404792177025
diesel-FREEZE,rand_ridge,10,18,-0.1503438926816012
diesel-FREEZE,rand_ridge,10,19,-0.0405206730326928
diesel-FREEZE,rand_ridge,10,20,-0.588029338870824
diesel-FREEZE,rand_ridge,10,21,0.4745949564267079
diesel-FREEZE,rand_ridge,10,22,0.0055566993570541
diesel-FREEZE,rand_ridge,10,23,-0.694596546640917
diesel-FREEZE,rand_ridge,10,24,-0.1615499594321507
diesel-FREEZE,rand_ridge,10,25,-0.0235218343359995
diesel-FREEZE,rand_ridge,10,26,0.0666615683101605
diesel-FREEZE,rand_ridge,10,27,-0.0117658631547512
diesel-FREEZE,rand_ridge,10,28,0.2034213236048494
diesel-FREEZE,rand_ridge,10,29,-0.3768027787012582
diesel-FREEZE,rand_ridge,20,0,0.4972272671078893
diesel-FREEZE,rand_ridge,20,1,0.6317075212159784
diesel-FREEZE,rand_ridge,20,2,-0.0209768124959184
diesel-FREEZE,rand_ridge,20,3,0.0246401702679871
diesel-FREEZE,rand_ridge,20,4,-0.0813738825609129
diesel-FREEZE,rand_ridge,20,5,0.3875210028255296
diesel-FREEZE,rand_ridge,20,6,0.259765615647719
diesel-FREEZE,rand_ridge,20,7,0.271879804443491
diesel-FREEZE,rand_ridge,20,8,0.3005659534776179
diesel-FREEZE,rand_ridge,20,9,0.497891501789751
diesel-FREEZE,rand_ridge,20,10,0.3951608310328722
diesel-FREEZE,rand_ridge,20,11,0.0050350626080822
diesel-FREEZE,rand_ridge,20,12,0.2508226734753483
diesel-FREEZE,rand_ridge,20,13,-0.0803023322686322
diesel-FREEZE,rand_ridge,20,14,0.3644260052095263
diesel-FREEZE,rand_ridge,20,15,0.5921275394180366
diesel-FREEZE,rand_ridge,20,16,-0.0837632191126538
diesel-FREEZE,rand_ridge,20,17,-0.0091093430194437
diesel-FREEZE,rand_ridge,20,18,0.2394916787416674
diesel-FREEZE,rand_ridge,20,19,0.4068778257698443
diesel-FREEZE,rand_ridge,20,20,0.5691831198751244
diesel-FREEZE,rand_ridge,20,21,-0.2558201678820537
diesel-FREEZE,rand_ridge,20,22,0.4779931439574424
diesel-FREEZE,rand_ridge,20,23,-0.0390137615509946
diesel-FREEZE,rand_ridge,20,24,0.142557083135837
diesel-FREEZE,rand_ridge,20,25,-0.8293885633249214
diesel-FREEZE,rand_ridge,20,26,0.0075448932759221
diesel-FREEZE,rand_ridge,20,27,0.5757097283594813
diesel-FREEZE,rand_ridge,20,28,0.3217926627530736
diesel-FREEZE,rand_ridge,20,29,0.3762908838479077
diesel-TOTAL,rand_ridge,5,0,0.7553740011359629
diesel-TOTAL,rand_ridge,5,1,0.0059163032057959
diesel-TOTAL,rand_ridge,5,2,0.5555426338040054
diesel-TOTAL,rand_ridge,5,3,0.2052777160992981
diesel-TOTAL,rand_ridge,5,4,0.5823871229381425
diesel-TOTAL,rand_ridge,5,5,0.4113455867185566
diesel-TOTAL,rand_ridge,5,6,-0.1445469534080021
diesel-TOTAL,rand_ridge,5,7,0.5479992466990209
diesel-TOTAL,rand_ridge,5,8,0.484825913765491
diesel-TOTAL,rand_ridge,5,9,0.7515778038617577
diesel-TOTAL,rand_ridge,5,10,-0.1044440859705586
diesel-TOTAL,rand_ridge,5,11,0.7443431990266156
diesel-TOTAL,rand_ridge,5,12,0.7628415293052231
diesel-TOTAL,rand_ridge,5,13,0.561855988483679
diesel-TOTAL,rand_ridge,5,14,0.6822340832634473
diesel-TOTAL,rand_ridge,5,15,0.646451726741165
diesel-TOTAL,rand_ridge,5,16,0.6585039195905147
diesel-TOTAL,rand_ridge,5,17,0.6305600783050023
diesel-TOTAL,rand_ridge,5,18,0.6600892643947145
diesel-TOTAL,rand_ridge,5,19,0.6258939356250983
diesel-TOTAL,rand_ridge,5,20,0.6887956522395597
diesel-TOTAL,rand_ridge,5,21,0.5839757443760554
diesel-TOTAL,rand_ridge,5,22,0.4272258684882216
diesel-TOTAL,rand_ridge,5,23,0.6539474855189787
diesel-TOTAL,rand_ridge,5,24,0.3120443927960378
diesel-TOTAL,rand_ridge,5,25,0.6624265064367612
diesel-TOTAL,rand_ridge,5,26,0.7911006880080408
diesel-TOTAL,rand_ridge,5,27,0.0170937414895864
diesel-TOTAL,rand_ridge,5,28,0.7210890884736781
diesel-TOTAL,rand_ridge,5,29,0.5768009693723943
diesel-TOTAL,rand_ridge,10,0,0.7713816230584262
diesel-TOTAL,rand_ridge,10,1,0.6724984795649825
diesel-TOTAL,rand_ridge,10,2,0.579573401591617
diesel-TOTAL,rand_ridge,10,3,0.6133824102844808
diesel-TOTAL,rand_ridge,10,4,0.7256863310331668
diesel-TOTAL,rand_ridge,10,5,0.7598397652796249
diesel-TOTAL,rand_ridge,10,6,0.8102985197754882
diesel-TOTAL,rand_ridge,10,7,0.7308571911196997
diesel-TOTAL,rand_ridge,10,8,0.7776449784257368
diesel-TOTAL,rand_ridge,10,9,0.4930291743076799
diesel-TOTAL,rand_ridge,10,10,0.8609507929824828
diesel-TOTAL,rand_ridge,10,11,0.6580750197327377
diesel-TOTAL,rand_ridge,10,12,0.7303747590383767
diesel-TOTAL,rand_ridge,10,13,0.6586220754538821
diesel-TOTAL,rand_ridge,10,14,0.5890777394966213
diesel-TOTAL,rand_ridge,10,15,0.7314067392804569
diesel-TOTAL,rand_ridge,10,16,0.617234154466181
diesel-TOTAL,rand_ridge,10,17,0.7604172698794736
diesel-TOTAL,rand_ridge,10,18,0.7649731754834129
diesel-TOTAL,rand_ridge,10,19,0.3257770660594964
diesel-TOTAL,rand_ridge,10,20,0.7144252497162815
diesel-TOTAL,rand_ridge,10,21,0.6617106476777104
diesel-TOTAL,rand_ridge,10,22,0.7068869871599792
diesel-TOTAL,rand_ridge,10,23,0.7227394764352936
diesel-TOTAL,rand_ridge,10,24,0.1933128985726775
diesel-TOTAL,rand_ridge,10,25,0.8296713829748533
diesel-TOTAL,rand_ridge,10,26,0.6816452720349587
diesel-TOTAL,rand_ridge,10,27,0.7335807911375024
diesel-TOTAL,rand_ridge,10,28,0.4846855530176843
diesel-TOTAL,rand_ridge,10,29,0.8128592076402179
diesel-TOTAL,rand_ridge,20,0,0.5576009455142719
diesel-TOTAL,rand_ridge,20,1,0.774934207551397
diesel-TOTAL,rand_ridge,20,2,0.8972243716180617
diesel-TOTAL,rand_ridge,20,3,0.8216225308715867
diesel-TOTAL,rand_ridge,20,4,0.8334369802821271
diesel-TOTAL,rand_ridge,20,5,0.8248251856115053
diesel-TOTAL,rand_ridge,20,6,0.8370762143293259
diesel-TOTAL,rand_ridge,20,7,0.7594366994931419
diesel-TOTAL,rand_ridge,20,8,0.808299500566245
diesel-TOTAL,rand_ridge,20,9,0.7460831818671868
diesel-TOTAL,rand_ridge,20,10,0.7646262851498398
diesel-TOTAL,rand_ridge,20,11,0.8186571222222403
diesel-TOTAL,rand_ridge,20,12,0.7376556197541932
diesel-TOTAL,rand_ridge,20,13,0.8213090930387474
diesel-TOTAL,rand_ridge,20,14,0.833684304594774
diesel-TOTAL,rand_ridge,20,15,0.7780589398529785
diesel-TOTAL,rand_ridge,20,16,0.8459676179554246
diesel-TOTAL,rand_ridge,20,17,0.7186980787951184
diesel-TOTAL,rand_ridge,20,18,0.8286890354838989
diesel-TOTAL,rand_ridge,20,19,0.7882229586262911
diesel-TOTAL,rand_ridge,20,20,0.8801718478338532
diesel-TOTAL,rand_ridge,20,21,0.7894888271072656
diesel-TOTAL,rand_ridge,20,22,0.8008497806429538
diesel-TOTAL,rand_ridge,20,23,0.8083665317679389
diesel-TOTAL,rand_ridge,20,24,0.6240866169205544
diesel-TOTAL,rand_ridge,20,25,0.8974608554064122
diesel-TOTAL,rand_ridge,20,26,0.5364438935035962
diesel-TOTAL,rand_ridge,20,27,0.8192680843040847
diesel-TOTAL,rand_ridge,20,28,0.894681624967059
diesel-TOTAL,rand_ridge,20,29,0.5701635980048789
diesel-VISC,rand_ridge,5,0,-1.794127950962384
diesel-VISC,rand_ridge,5,1,-2.4790412639534694
diesel-VISC,rand_ridge,5,2,0.0002909007231004
diesel-VISC,rand_ridge,5,3,-0.0911545617569351
diesel-VISC,rand_ridge,5,4,-0.8359541322997728
diesel-VISC,rand_ridge,5,5,-0.0190255959243026
diesel-VISC,rand_ridge,5,6,-0.0390297692543755
diesel-VISC,rand_ridge,5,7,-0.3239696399950795
diesel-VISC,rand_ridge,5,8,-0.3681693711782059
diesel-VISC,rand_ridge,5,9,-1.3629321876172753
diesel-VISC,rand_ridge,5,10,-0.8829963331613204
diesel-VISC,rand_ridge,5,11,-0.4223195419547019
diesel-VISC,rand_ridge,5,12,-1.1326078948306355
diesel-VISC,rand_ridge,5,13,-0.0322193253383173
diesel-VISC,rand_ridge,5,14,-0.1842544225791493
diesel-VISC,rand_ridge,5,15,-0.1487324463655241
diesel-VISC,rand_ridge,5,16,-0.9441301335495672
diesel-VISC,rand_ridge,5,17,0.0075487974195431
diesel-VISC,rand_ridge,5,18,-1.386967140909002
diesel-VISC,rand_ridge,5,19,-0.8481330020339635
diesel-VISC,rand_ridge,5,20,-0.6427644117919247
diesel-VISC,rand_ridge,5,21,-7.995586319606781
diesel-VISC,rand_ridge,5,22,-0.1581744062711347
diesel-VISC,rand_ridge,5,23,-0.9228815222139946
diesel-VISC,rand_ridge,5,24,-1.2006551604038926
diesel-VISC,rand_ridge,5,25,0.00919081053557
diesel-VISC,rand_ridge,5,26,-0.1280106333877211
diesel-VISC,rand_ridge,5,27,-0.2617670558408052
diesel-VISC,rand_ridge,5,28,-2.173271683263998
diesel-VISC,rand_ridge,5,29,0.0063726693179811
diesel-VISC,rand_ridge,10,0,-0.150987160501772
diesel-VISC,rand_ridge,10,1,0.002630053093492
diesel-VISC,rand_ridge,10,2,-0.0167166806137539
diesel-VISC,rand_ridge,10,3,-1.0040805861978803
diesel-VISC,rand_ridge,10,4,-0.2569007652565209
diesel-VISC,rand_ridge,10,5,-0.0757960582531644
diesel-VISC,rand_ridge,10,6,-2.431095149959854
diesel-VISC,rand_ridge,10,7,-0.0502923405218891
diesel-VISC,rand_ridge,10,8,0.4219036449704154
diesel-VISC,rand_ridge,10,9,-0.3674787856703383
diesel-VISC,rand_ridge,10,10,-0.802670478309419
diesel-VISC,rand_ridge,10,11,0.189033358936787
diesel-VISC,rand_ridge,10,12,-0.6456931029892219
diesel-VISC,rand_ridge,10,13,-0.5402482730834888
diesel-VISC,rand_ridge,10,14,-0.949274803694778
diesel-VISC,rand_ridge,10,15,0.0016399538845796
diesel-VISC,rand_ridge,10,16,-0.242546438143651
diesel-VISC,rand_ridge,10,17,-0.1633120635159992
diesel-VISC,rand_ridge,10,18,0.1611798373631341
diesel-VISC,rand_ridge,10,19,0.0957143955367489
diesel-VISC,rand_ridge,10,20,-0.0180661715209564
diesel-VISC,rand_ridge,10,21,-0.2391872128103509
diesel-VISC,rand_ridge,10,22,-0.0709546194532071
diesel-VISC,rand_ridge,10,23,-0.8768219489273013
diesel-VISC,rand_ridge,10,24,-0.073044303267324
diesel-VISC,rand_ridge,10,25,-0.0223495017383568
diesel-VISC,rand_ridge,10,26,-1.1478394132622318
diesel-VISC,rand_ridge,10,27,-0.2215871555595738
diesel-VISC,rand_ridge,10,28,-1.7158317622459665
diesel-VISC,rand_ridge,10,29,0.2595463404112098
diesel-VISC,rand_ridge,20,0,-0.0904753011727319
diesel-VISC,rand_ridge,20,1,0.6195250222317903
diesel-VISC,rand_ridge,20,2,0.1395432752234714
diesel-VISC,rand_ridge,20,3,0.4635683764541241
diesel-VISC,rand_ridge,20,4,-0.9569281435973612
diesel-VISC,rand_ridge,20,5,0.1284736732765028
diesel-VISC,rand_ridge,20,6,0.1804969246832543
diesel-VISC,rand_ridge,20,7,-0.2945296109986541
diesel-VISC,rand_ridge,20,8,-0.275204039225615
diesel-VISC,rand_ridge,20,9,0.4724987503708182
diesel-VISC,rand_ridge,20,10,0.5983469092912301
diesel-VISC,rand_ridge,20,11,-0.2708988308582054
diesel-VISC,rand_ridge,20,12,-0.4543408844107286
diesel-VISC,rand_ridge,20,13,0.2111905470732124
diesel-VISC,rand_ridge,20,14,0.2775320321855263
diesel-VISC,rand_ridge,20,15,0.3937861710781549
diesel-VISC,rand_ridge,20,16,0.5524771916234172
diesel-VISC,rand_ridge,20,17,0.1939641470376328
diesel-VISC,rand_ridge,20,18,-0.3369324737997239
diesel-VISC,rand_ridge,20,19,0.4701926322672197
diesel-VISC,rand_ridge,20,20,0.336652549249103
diesel-VISC,rand_ridge,20,21,-0.6481669422204706
diesel-VISC,rand_ridge,20,22,0.2914521056996022
diesel-VISC,rand_ridge,20,23,-0.2824603253711035
diesel-VISC,rand_ridge,20,24,-1.2757911788832712
diesel-VISC,rand_ridge,20,25,0.6097887864464115
diesel-VISC,rand_ridge,20,26,0.3277494502455519
diesel-VISC,rand_ridge,20,27,0.1366145320789104
diesel-VISC,rand_ridge,20,28,-0.3125922803883807
diesel-VISC,rand_ridge,20,29,0.6153344456836538
evoo-adulteration,rand_ridge,5,0,-0.6152450772865055
evoo-adulteration,rand_ridge,5,1,-0.0275670074175986
evoo-adulteration,rand_ridge,5,2,-0.6941931765311526
evoo-adulteration,rand_ridge,5,3,-0.1375863264215073
evoo-adulteration,rand_ridge,5,4,-2.1936438165547925
evoo-adulteration,rand_ridge,5,5,-0.3448239494579188
evoo-adulteration,rand_ridge,5,6,-0.1865534290513848
evoo-adulteration,rand_ridge,5,7,-0.3405347797089026
evoo-adulteration,rand_ridge,5,8,-1.591543004986815
evoo-adulteration,rand_ridge,5,9,0.0193531470662187
evoo-adulteration,rand_ridge,5,10,0.1631207261557752
evoo-adulteration,rand_ridge,5,11,-0.1518754519891905
evoo-adulteration,rand_ridge,5,12,-0.0416836957456805
evoo-adulteration,rand_ridge,5,13,-0.9763781101191084
evoo-adulteration,rand_ridge,5,14,-0.0753608858915135
evoo-adulteration,rand_ridge,5,15,0.0633300473067408
evoo-adulteration,rand_ridge,5,16,-0.954127208498966
evoo-adulteration,rand_ridge,5,17,-0.404872051029145
evoo-adulteration,rand_ridge,5,18,-0.1434624342426669
evoo-adulteration,rand_ridge,5,19,-1.9261562447066467
evoo-adulteration,rand_ridge,5,20,-0.0345898166441522
evoo-adulteration,rand_ridge,5,21,-0.2249244755269264
evoo-adulteration,rand_ridge,5,22,0.001254499803669
evoo-adulteration,rand_ridge,5,23,-0.7262770537516532
evoo-adulteration,rand_ridge,5,24,-0.2805517653347982
evoo-adulteration,rand_ridge,5,25,0.0136315787723559
evoo-adulteration,rand_ridge,5,26,0.0156468665239948
evoo-adulteration,rand_ridge,5,27,-1.39224752190173
evoo-adulteration,rand_ridge,5,28,-0.3131271898407848
evoo-adulteration,rand_ridge,5,29,-0.5295930290171365
evoo-adulteration,rand_ridge,10,0,-0.1514330587760834
evoo-adulteration,rand_ridge,10,1,-0.0879295377339173
evoo-adulteration,rand_ridge,10,2,-0.0131177308461631
evoo-adulteration,rand_ridge,10,3,0.3321138271530129
evoo-adulteration,rand_ridge,10,4,-0.0026252830717294
evoo-adulteration,rand_ridge,10,5,-0.8978857550266732
evoo-adulteration,rand_ridge,10,6,-1.0865242145844562
evoo-adulteration,rand_ridge,10,7,-0.3688980933256005
evoo-adulteration,rand_ridge,10,8,0.0148107539803564
evoo-adulteration,rand_ridge,10,9,0.0280719536928922
evoo-adulteration,rand_ridge,10,10,-1.1403874668171436
evoo-adulteration,rand_ridge,10,11,0.3491827300779918
evoo-adulteration,rand_ridge,10,12,-0.6656480656324555
evoo-adulteration,rand_ridge,10,13,0.0344663468238225
evoo-adulteration,rand_ridge,10,14,-0.1159359643233197
evoo-adulteration,rand_ridge,10,15,0.3628963965651828
evoo-adulteration,rand_ridge,10,16,0.1361825786837766
evoo-adulteration,rand_ridge,10,17,0.0150551990151058
evoo-adulteration,rand_ridge,10,18,0.4685859150268895
evoo-adulteration,rand_ridge,10,19,-2.1100977248692296
evoo-adulteration,rand_ridge,10,20,-0.1168446403041194
evoo-adulteration,rand_ridge,10,21,-0.1126943483636468
evoo-adulteration,rand_ridge,10,22,-0.1528587792703903
evoo-adulteration,rand_ridge,10,23,-0.4271232349990426
evoo-adulteration,rand_ridge,10,24,-0.4162282978748537
evoo-adulteration,rand_ridge,10,25,0.1813859839412235
evoo-adulteration,rand_ridge,10,26,-0.3339721271330493
evoo-adulteration,rand_ridge,10,27,-0.5915258618790826
evoo-adulteration,rand_ridge,10,28,0.3093162769405536
evoo-adulteration,rand_ridge,10,29,0.194078110120603
evoo-adulteration,rand_ridge,20,0,0.0534767992192131
evoo-adulteration,rand_ridge,20,1,0.0460895761409136
evoo-adulteration,rand_ridge,20,2,-0.2521796714344897
evoo-adulteration,rand_ridge,20,3,-0.0539763608102805
evoo-adulteration,rand_ridge,20,4,0.521034540586001
evoo-adulteration,rand_ridge,20,5,0.0279447393403724
evoo-adulteration,rand_ridge,20,6,0.1931497493568522
evoo-adulteration,rand_ridge,20,7,0.2299266604514978
evoo-adulteration,rand_ridge,20,8,0.3860773757203042
evoo-adulteration,rand_ridge,20,9,0.3026318309532101
evoo-adulteration,rand_ridge,20,10,-0.1378670811651878
evoo-adulteration,rand_ridge,20,11,0.233822158453943
evoo-adulteration,rand_ridge,20,12,0.2636435014306301
evoo-adulteration,rand_ridge,20,13,0.4061297240309701
evoo-adulteration,rand_ridge,20,14,-0.3360598650783306
evoo-adulteration,rand_ridge,20,15,0.2816462625409849
evoo-adulteration,rand_ridge,20,16,0.4917810552044565
evoo-adulteration,rand_ridge,20,17,0.3119525707832641
evoo-adulteration,rand_ridge,20,18,0.3463587828561595
evoo-adulteration,rand_ridge,20,19,0.1865498638684714
evoo-adulteration,rand_ridge,20,20,-0.037826762953216
evoo-adulteration,rand_ridge,20,21,0.2217191205716393
evoo-adulteration,rand_ridge,20,22,0.2877255301802709
evoo-adulteration,rand_ridge,20,23,0.1849979481908799
evoo-adulteration,rand_ridge,20,24,0.4559891687740909
evoo-adulteration,rand_ridge,20,25,0.2462228589443682
evoo-adulteration,rand_ridge,20,26,0.2894747833376395
evoo-adulteration,rand_ridge,20,27,0.0896000637302283
evoo-adulteration,rand_ridge,20,28,0.1860890248584717
evoo-adulteration,rand_ridge,20,29,0.2226304204714053
gasoline-octane,rand_ridge,5,0,-0.1145481162581256
gasoline-octane,rand_ridge,5,1,0.4564645528754321
gasoline-octane,rand_ridge,5,2,0.4315818696628083
gasoline-octane,rand_ridge,5,3,-2.115624171983299e-05
gasoline-octane,rand_ridge,5,4,0.77605486723539
gasoline-octane,rand_ridge,5,5,0.6502876408408962
gasoline-octane,rand_ridge,5,6,-0.4358101231149482
gasoline-octane,rand_ridge,5,7,0.3457614196446456
gasoline-octane,rand_ridge,5,8,0.5973312718807728
gasoline-octane,rand_ridge,5,9,0.8259403585173676
gasoline-octane,rand_ridge,5,10,-0.0832033712906055
gasoline-octane,rand_ridge,5,11,0.8299539928246672
gasoline-octane,rand_ridge,5,12,0.7315350287516794
gasoline-octane,rand_ridge,5,13,0.6125100197194309
gasoline-octane,rand_ridge,5,14,0.7270199241624192
gasoline-octane,rand_ridge,5,15,0.1691944335548547
gasoline-octane,rand_ridge,5,16,0.2146991401857952
gasoline-octane,rand_ridge,5,17,0.7251385122719423
gasoline-octane,rand_ridge,5,18,-0.2990538323598215
gasoline-octane,rand_ridge,5,19,0.4586223225664705
gasoline-octane,rand_ridge,5,20,0.8437854844885714
gasoline-octane,rand_ridge,5,21,0.0022740807152143
gasoline-octane,rand_ridge,5,22,0.3997868321324634
gasoline-octane,rand_ridge,5,23,-0.0206321151824395
gasoline-octane,rand_ridge,5,24,0.5918891258252755
gasoline-octane,rand_ridge,5,25,0.2409464279537712
gasoline-octane,rand_ridge,5,26,0.8134585088547518
gasoline-octane,rand_ridge,5,27,0.6953222685626781
gasoline-octane,rand_ridge,5,28,0.3355305028265973
gasoline-octane,rand_ridge,5,29,0.0087008813498951
gasoline-octane,rand_ridge,10,0,0.9317784342591634
gasoline-octane,rand_ridge,10,1,0.8496459185127643
gasoline-octane,rand_ridge,10,2,0.9146831769065148
gasoline-octane,rand_ridge,10,3,0.9018534062272968
gasoline-octane,rand_ridge,10,4,0.8738220683099729
gasoline-octane,rand_ridge,10,5,0.8469560797047377
gasoline-octane,rand_ridge,10,6,0.9231736964878756
gasoline-octane,rand_ridge,10,7,0.9221885044242611
gasoline-octane,rand_ridge,10,8,0.2855885774135336
gasoline-octane,rand_ridge,10,9,0.7175452391528484
gasoline-octane,rand_ridge,10,10,0.4617411602690868
gasoline-octane,rand_ridge,10,11,0.7386665630891838
gasoline-octane,rand_ridge,10,12,0.8529043139394028
gasoline-octane,rand_ridge,10,13,0.681854970022734
gasoline-octane,rand_ridge,10,14,0.8631030888939291
gasoline-octane,rand_ridge,10,15,0.8811262707715845
gasoline-octane,rand_ridge,10,16,0.8566803659107705
gasoline-octane,rand_ridge,10,17,0.8107138169860981
gasoline-octane,rand_ridge,10,18,0.8410923060000975
gasoline-octane,rand_ridge,10,19,0.8708415176322861
gasoline-octane,rand_ridge,10,20,0.7453333864462138
gasoline-octane,rand_ridge,10,21,0.5920822892785328
gasoline-octane,rand_ridge,10,22,0.9344505925712764
gasoline-octane,rand_ridge,10,23,0.9098357843782108
gasoline-octane,rand_ridge,10,24,0.797299497465889
gasoline-octane,rand_ridge,10,25,0.7908378956943467
gasoline-octane,rand_ridge,10,26,0.8736278598290608
gasoline-octane,rand_ridge,10,27,0.9255950625797096
gasoline-octane,rand_ridge,10,28,0.8912632668681039
gasoline-octane,rand_ridge,10,29,0.4632412031027323
gasoline-octane,rand_ridge,20,0,0.8974170705944703
gasoline-octane,rand_ridge,20,1,0.9086845227779032
gasoline-octane,rand_ridge,20,2,0.9051216827036818
gasoline-octane,rand_ridge,20,3,0.9461023518124994
gasoline-octane,rand_ridge,20,4,0.8151765349713106
gasoline-octane,rand_ridge,20,5,0.8770089767719569
gasoline-octane,rand_ridge,20,6,0.9596677445733028
gasoline-octane,rand_ridge,20,7,0.926160562507102
gasoline-octane,rand_ridge,20,8,0.879788804311906
gasoline-octane,rand_ridge,20,9,0.9254773859473312
gasoline-octane,rand_ridge,20,10,0.854254740117198
gasoline-octane,rand_ridge,20,11,0.8235740035375638
gasoline-octane,rand_ridge,20,12,0.9311019810490756
gasoline-octane,rand_ridge,20,13,0.9184310010018132
gasoline-octane,rand_ridge,20,14,0.932998081058564
gasoline-octane,rand_ridge,20,15,0.918352736905136
gasoline-octane,rand_ridge,20,16,0.8685136767721362
gasoline-octane,rand_ridge,20,17,0.9520500576297126
gasoline-octane,rand_ridge,20,18,0.9423973835489798
gasoline-octane,rand_ridge,20,19,0.9578534932424329
gasoline-octane,rand_ridge,20,20,0.9513318337341408
gasoline-octane,rand_ridge,20,21,0.8862542993045797
gasoline-octane,rand_ridge,20,22,0.9123589269346608
gasoline-octane,rand_ridge,20,23,0.9287731305229464
gasoline-octane,rand_ridge,20,24,0.9263363842508404
gasoline-octane,rand_ridge,20,25,0.88611864926217
gasoline-octane,rand_ridge,20,26,0.8960156215101861
gasoline-octane,rand_ridge,20,27,0.904081263983838
gasoline-octane,rand_ridge,20,28,0.933968899386168
gasoline-octane,rand_ridge,20,29,0.9259946610191272
corn_m5-oil,simclr_cont60_ridge,5,0,-2.648818102161854
corn_m5-oil,simclr_cont60_ridge,5,1,-0.5472949108213165
corn_m5-oil,simclr_cont60_ridge,5,2,-0.6101132630429507
corn_m5-oil,simclr_cont60_ridge,5,3,-0.5686147155704675
corn_m5-oil,simclr_cont60_ridge,5,4,-1.084529330553926
corn_m5-oil,simclr_cont60_ridge,5,5,-0.699167449613987
corn_m5-oil,simclr_cont60_ridge,5,6,0.0667456417380475
corn_m5-oil,simclr_cont60_ridge,5,7,-0.4331091288396238
corn_m5-oil,simclr_cont60_ridge,5,8,-0.7876189933138302
corn_m5-oil,simclr_cont60_ridge,5,9,-3.61960360346192
corn_m5-oil,simclr_cont60_ridge,5,10,-2.094905699480506
corn_m5-oil,simclr_cont60_ridge,5,11,-0.0639842925165399
corn_m5-oil,simclr_cont60_ridge,5,12,-0.0190443563975073
corn_m5-oil,simclr_cont60_ridge,5,13,0.0639861874469883
corn_m5-oil,simclr_cont60_ridge,5,14,-0.3876541088663905
corn_m5-oil,simclr_cont60_ridge,5,15,-5.160041891822198
corn_m5-oil,simclr_cont60_ridge,5,16,-0.201503083884865
corn_m5-oil,simclr_cont60_ridge,5,17,-0.8940631526241094
corn_m5-oil,simclr_cont60_ridge,5,18,-4.847341929386675
corn_m5-oil,simclr_cont60_ridge,5,19,-0.3730247574955421
corn_m5-oil,simclr_cont60_ridge,5,20,-0.3614672616751104
corn_m5-oil,simclr_cont60_ridge,5,21,-0.4359067206847744
corn_m5-oil,simclr_cont60_ridge,5,22,-0.0403810771838191
corn_m5-oil,simclr_cont60_ridge,5,23,-0.0151415883896166
corn_m5-oil,simclr_cont60_ridge,5,24,-0.1741944841206435
corn_m5-oil,simclr_cont60_ridge,5,25,-5.638443731276923
corn_m5-oil,simclr_cont60_ridge,5,26,-0.0454219787230407
corn_m5-oil,simclr_cont60_ridge,5,27,-0.8515432993764775
corn_m5-oil,simclr_cont60_ridge,5,28,-0.6675413671940624
corn_m5-oil,simclr_cont60_ridge,5,29,-1.1994401220451092
corn_m5-oil,simclr_cont60_ridge,10,0,0.3427750349601537
corn_m5-oil,simclr_cont60_ridge,10,1,0.4029369205927317
corn_m5-oil,simclr_cont60_ridge,10,2,-0.2254085754809482
corn_m5-oil,simclr_cont60_ridge,10,3,0.5371394880362395
corn_m5-oil,simclr_cont60_ridge,10,4,0.0534243292782249
corn_m5-oil,simclr_cont60_ridge,10,5,-0.0085500593142153
corn_m5-oil,simclr_cont60_ridge,10,6,0.0525017809860183
corn_m5-oil,simclr_cont60_ridge,10,7,0.6655896742648287
corn_m5-oil,simclr_cont60_ridge,10,8,-0.4662672710394973
corn_m5-oil,simclr_cont60_ridge,10,9,0.0378609991738074
corn_m5-oil,simclr_cont60_ridge,10,10,0.296372710919406
corn_m5-oil,simclr_cont60_ridge,10,11,-0.58847759653881
corn_m5-oil,simclr_cont60_ridge,10,12,0.4080114036260874
corn_m5-oil,simclr_cont60_ridge,10,13,0.4889652611168691
corn_m5-oil,simclr_cont60_ridge,10,14,-0.0255317714568095
corn_m5-oil,simclr_cont60_ridge,10,15,0.1131405742565686
corn_m5-oil,simclr_cont60_ridge,10,16,0.1010184760188592
corn_m5-oil,simclr_cont60_ridge,10,17,0.2965028172632622
corn_m5-oil,simclr_cont60_ridge,10,18,0.3888113258070054
corn_m5-oil,simclr_cont60_ridge,10,19,0.2107644266953289
corn_m5-oil,simclr_cont60_ridge,10,20,0.1316971055008792
corn_m5-oil,simclr_cont60_ridge,10,21,-0.1327527044353358
corn_m5-oil,simclr_cont60_ridge,10,22,0.1331597951557411
corn_m5-oil,simclr_cont60_ridge,10,23,0.4535401039805453
corn_m5-oil,simclr_cont60_ridge,10,24,-0.0647416008355388
corn_m5-oil,simclr_cont60_ridge,10,25,0.4773344424260917
corn_m5-oil,simclr_cont60_ridge,10,26,0.1485923141963853
corn_m5-oil,simclr_cont60_ridge,10,27,-0.1732183104465279
corn_m5-oil,simclr_cont60_ridge,10,28,0.3605472244527046
corn_m5-oil,simclr_cont60_ridge,10,29,-0.2040023882208039
corn_m5-oil,simclr_cont60_ridge,20,0,0.5305100948579559
corn_m5-oil,simclr_cont60_ridge,20,1,0.3995110296853577
corn_m5-oil,simclr_cont60_ridge,20,2,-0.0253770697090007
corn_m5-oil,simclr_cont60_ridge,20,3,-0.0270955145350948
corn_m5-oil,simclr_cont60_ridge,20,4,0.4457241587611327
corn_m5-oil,simclr_cont60_ridge,20,5,0.6001504149107382
corn_m5-oil,simclr_cont60_ridge,20,6,0.5322336790232551
corn_m5-oil,simclr_cont60_ridge,20,7,0.3358488411577859
corn_m5-oil,simclr_cont60_ridge,20,8,0.4895519182608835
corn_m5-oil,simclr_cont60_ridge,20,9,0.1992149548432324
corn_m5-oil,simclr_cont60_ridge,20,10,0.1236825164577176
corn_m5-oil,simclr_cont60_ridge,20,11,0.4254854976733113
corn_m5-oil,simclr_cont60_ridge,20,12,0.1327312844271645
corn_m5-oil,simclr_cont60_ridge,20,13,0.274575902377125
corn_m5-oil,simclr_cont60_ridge,20,14,0.4802210487099954
corn_m5-oil,simclr_cont60_ridge,20,15,0.1722159959914766
corn_m5-oil,simclr_cont60_ridge,20,16,0.6009240792550917
corn_m5-oil,simclr_cont60_ridge,20,17,0.4877003085506854
corn_m5-oil,simclr_cont60_ridge,20,18,0.6086332371472012
corn_m5-oil,simclr_cont60_ridge,20,19,0.2365331439992415
corn_m5-oil,simclr_cont60_ridge,20,20,0.3561513447125547
corn_m5-oil,simclr_cont60_ridge,20,21,0.296304472608533
corn_m5-oil,simclr_cont60_ridge,20,22,0.4097264387917317
corn_m5-oil,simclr_cont60_ridge,20,23,0.3648605040635199
corn_m5-oil,simclr_cont60_ridge,20,24,0.2558173070785976
corn_m5-oil,simclr_cont60_ridge,20,25,0.4363880638242197
corn_m5-oil,simclr_cont60_ridge,20,26,0.5554962613802175
corn_m5-oil,simclr_cont60_ridge,20,27,0.4240880325247167
corn_m5-oil,simclr_cont60_ridge,20,28,-0.096985563177447
corn_m5-oil,simclr_cont60_ridge,20,29,0.647792543110967
corn_m5-protein,simclr_cont60_ridge,5,0,0.1720796161150243
corn_m5-protein,simclr_cont60_ridge,5,1,0.0518906901248428
corn_m5-protein,simclr_cont60_ridge,5,2,0.0272217575363176
corn_m5-protein,simclr_cont60_ridge,5,3,0.1438646974864931
corn_m5-protein,simclr_cont60_ridge,5,4,-0.7366183006751279
corn_m5-protein,simclr_cont60_ridge,5,5,0.0264655839630399
corn_m5-protein,simclr_cont60_ridge,5,6,0.1184490774755684
corn_m5-protein,simclr_cont60_ridge,5,7,0.0805988182875445
corn_m5-protein,simclr_cont60_ridge,5,8,-0.0117822527579798
corn_m5-protein,simclr_cont60_ridge,5,9,-1.2533907680780407
corn_m5-protein,simclr_cont60_ridge,5,10,0.0604507107414793
corn_m5-protein,simclr_cont60_ridge,5,11,-0.0108932544252333
corn_m5-protein,simclr_cont60_ridge,5,12,0.1992229205312295
corn_m5-protein,simclr_cont60_ridge,5,13,-0.5423644842621975
corn_m5-protein,simclr_cont60_ridge,5,14,-0.3134143236154181
corn_m5-protein,simclr_cont60_ridge,5,15,-1.99604231761058
corn_m5-protein,simclr_cont60_ridge,5,16,-0.0777183922581123
corn_m5-protein,simclr_cont60_ridge,5,17,-2.928650899885531
corn_m5-protein,simclr_cont60_ridge,5,18,-0.0312493395755941
corn_m5-protein,simclr_cont60_ridge,5,19,-0.4879774993886225
corn_m5-protein,simclr_cont60_ridge,5,20,-0.3989428579128837
corn_m5-protein,simclr_cont60_ridge,5,21,-2.77828794111466
corn_m5-protein,simclr_cont60_ridge,5,22,-0.0416923399037674
corn_m5-protein,simclr_cont60_ridge,5,23,-0.277785876311222
corn_m5-protein,simclr_cont60_ridge,5,24,-0.0401953784152757
corn_m5-protein,simclr_cont60_ridge,5,25,-0.0216967812799948
corn_m5-protein,simclr_cont60_ridge,5,26,-0.6947716673059332
corn_m5-protein,simclr_cont60_ridge,5,27,-0.1478036373693338
corn_m5-protein,simclr_cont60_ridge,5,28,-0.4364564249593248
corn_m5-protein,simclr_cont60_ridge,5,29,-0.1210875350834659
corn_m5-protein,simclr_cont60_ridge,10,0,0.0299578232257484
corn_m5-protein,simclr_cont60_ridge,10,1,0.1897719414602765
corn_m5-protein,simclr_cont60_ridge,10,2,-0.4067552295870309
corn_m5-protein,simclr_cont60_ridge,10,3,-0.2337101664485446
corn_m5-protein,simclr_cont60_ridge,10,4,-5.80617929592431
corn_m5-protein,simclr_cont60_ridge,10,5,-0.0386112458806158
corn_m5-protein,simclr_cont60_ridge,10,6,0.092004347863662
corn_m5-protein,simclr_cont60_ridge,10,7,-0.1125982165752446
corn_m5-protein,simclr_cont60_ridge,10,8,0.1023809776375401
corn_m5-protein,simclr_cont60_ridge,10,9,-0.0366481670093612
corn_m5-protein,simclr_cont60_ridge,10,10,0.1095431737807453
corn_m5-protein,simclr_cont60_ridge,10,11,0.3323768762032695
corn_m5-protein,simclr_cont60_ridge,10,12,-0.0486391476027241
corn_m5-protein,simclr_cont60_ridge,10,13,0.009583863918163
corn_m5-protein,simclr_cont60_ridge,10,14,0.1446295509139581
corn_m5-protein,simclr_cont60_ridge,10,15,-5.761270110847602
corn_m5-protein,simclr_cont60_ridge,10,16,-0.6535383329258679
corn_m5-protein,simclr_cont60_ridge,10,17,-0.4621567714729819
corn_m5-protein,simclr_cont60_ridge,10,18,-3.198801668125572
corn_m5-protein,simclr_cont60_ridge,10,19,-0.1175184963193913
corn_m5-protein,simclr_cont60_ridge,10,20,-0.452899028446881
corn_m5-protein,simclr_cont60_ridge,10,21,-1.583053637856633
corn_m5-protein,simclr_cont60_ridge,10,22,-0.2891196634536421
corn_m5-protein,simclr_cont60_ridge,10,23,-0.0234820180604995
corn_m5-protein,simclr_cont60_ridge,10,24,0.3034227224839061
corn_m5-protein,simclr_cont60_ridge,10,25,0.0970330282369479
corn_m5-protein,simclr_cont60_ridge,10,26,0.2944017557758842
corn_m5-protein,simclr_cont60_ridge,10,27,-0.061796006251257
corn_m5-protein,simclr_cont60_ridge,10,28,0.3652537556079711
corn_m5-protein,simclr_cont60_ridge,10,29,0.0531336633249914
corn_m5-protein,simclr_cont60_ridge,20,0,0.5647362856255926
corn_m5-protein,simclr_cont60_ridge,20,1,0.3579054843591629
corn_m5-protein,simclr_cont60_ridge,20,2,0.5808883604971001
corn_m5-protein,simclr_cont60_ridge,20,3,-0.0534886483237997
corn_m5-protein,simclr_cont60_ridge,20,4,0.2863472134004178
corn_m5-protein,simclr_cont60_ridge,20,5,0.5627323085648839
corn_m5-protein,simclr_cont60_ridge,20,6,0.4239655725445214
corn_m5-protein,simclr_cont60_ridge,20,7,-1.5802324636099954
corn_m5-protein,simclr_cont60_ridge,20,8,0.8043892467783574
corn_m5-protein,simclr_cont60_ridge,20,9,0.3792567743562318
corn_m5-protein,simclr_cont60_ridge,20,10,0.4876459038340512
corn_m5-protein,simclr_cont60_ridge,20,11,0.4921293892848047
corn_m5-protein,simclr_cont60_ridge,20,12,0.5986657456419493
corn_m5-protein,simclr_cont60_ridge,20,13,0.1471851352958149
corn_m5-protein,simclr_cont60_ridge,20,14,0.8688918570866399
corn_m5-protein,simclr_cont60_ridge,20,15,0.1267944510093259
corn_m5-protein,simclr_cont60_ridge,20,16,0.8087434779765243
corn_m5-protein,simclr_cont60_ridge,20,17,0.3481462768427843
corn_m5-protein,simclr_cont60_ridge,20,18,0.5704131490333191
corn_m5-protein,simclr_cont60_ridge,20,19,0.6117815152970554
corn_m5-protein,simclr_cont60_ridge,20,20,-0.1631780707459051
corn_m5-protein,simclr_cont60_ridge,20,21,-0.3918730321021808
corn_m5-protein,simclr_cont60_ridge,20,22,0.8367856307299952
corn_m5-protein,simclr_cont60_ridge,20,23,-0.0550452388822035
corn_m5-protein,simclr_cont60_ridge,20,24,0.6567208654377469
corn_m5-protein,simclr_cont60_ridge,20,25,-0.1774138685419406
corn_m5-protein,simclr_cont60_ridge,20,26,-1.960875859330796
corn_m5-protein,simclr_cont60_ridge,20,27,0.3442984032256733
corn_m5-protein,simclr_cont60_ridge,20,28,0.6866721436596437
corn_m5-protein,simclr_cont60_ridge,20,29,0.7925937014327865
diesel-BP50,simclr_cont60_ridge,5,0,-2.058499377451057
diesel-BP50,simclr_cont60_ridge,5,1,-0.1748346167764967
diesel-BP50,simclr_cont60_ridge,5,2,0.0291610083673438
diesel-BP50,simclr_cont60_ridge,5,3,-0.5557446981037939
diesel-BP50,simclr_cont60_ridge,5,4,-0.019019813422958
diesel-BP50,simclr_cont60_ridge,5,5,-1.8131731237350937
diesel-BP50,simclr_cont60_ridge,5,6,0.046338673563918
diesel-BP50,simclr_cont60_ridge,5,7,0.0153879664811673
diesel-BP50,simclr_cont60_ridge,5,8,-0.213318356073245
diesel-BP50,simclr_cont60_ridge,5,9,-0.4743396659465193
diesel-BP50,simclr_cont60_ridge,5,10,-0.129098853596465
diesel-BP50,simclr_cont60_ridge,5,11,-1.5448590984672572
diesel-BP50,simclr_cont60_ridge,5,12,0.2509906878966081
diesel-BP50,simclr_cont60_ridge,5,13,-1.4563614696841198
diesel-BP50,simclr_cont60_ridge,5,14,-0.2418570799515311
diesel-BP50,simclr_cont60_ridge,5,15,0.0036668211773668
diesel-BP50,simclr_cont60_ridge,5,16,-1.5411473187278633
diesel-BP50,simclr_cont60_ridge,5,17,-0.5344699489269955
diesel-BP50,simclr_cont60_ridge,5,18,-0.1013767105260157
diesel-BP50,simclr_cont60_ridge,5,19,-0.0823053931121684
diesel-BP50,simclr_cont60_ridge,5,20,-1.55366261123736
diesel-BP50,simclr_cont60_ridge,5,21,-5.847826148879118
diesel-BP50,simclr_cont60_ridge,5,22,-0.5833164284246917
diesel-BP50,simclr_cont60_ridge,5,23,-1.520015837529645
diesel-BP50,simclr_cont60_ridge,5,24,-0.355636199065428
diesel-BP50,simclr_cont60_ridge,5,25,-0.1000116987942976
diesel-BP50,simclr_cont60_ridge,5,26,-0.8629824788461711
diesel-BP50,simclr_cont60_ridge,5,27,-0.431008929354407
diesel-BP50,simclr_cont60_ridge,5,28,0.1765732047603707
diesel-BP50,simclr_cont60_ridge,5,29,-0.2988098670025236
diesel-BP50,simclr_cont60_ridge,10,0,0.1606559202720908
diesel-BP50,simclr_cont60_ridge,10,1,-0.02128718778282
diesel-BP50,simclr_cont60_ridge,10,2,-0.0465715509335513
diesel-BP50,simclr_cont60_ridge,10,3,0.492747107108458
diesel-BP50,simclr_cont60_ridge,10,4,-0.388842235672433
diesel-BP50,simclr_cont60_ridge,10,5,-0.1434919129223637
diesel-BP50,simclr_cont60_ridge,10,6,0.2781311331012661
diesel-BP50,simclr_cont60_ridge,10,7,0.0289154725321787
diesel-BP50,simclr_cont60_ridge,10,8,0.4601213659997807
diesel-BP50,simclr_cont60_ridge,10,9,0.2760166575037913
diesel-BP50,simclr_cont60_ridge,10,10,-0.1216175590606136
diesel-BP50,simclr_cont60_ridge,10,11,-0.56071079987395
diesel-BP50,simclr_cont60_ridge,10,12,0.2594973334075917
diesel-BP50,simclr_cont60_ridge,10,13,0.3783006350161081
diesel-BP50,simclr_cont60_ridge,10,14,-0.1607180723418935
diesel-BP50,simclr_cont60_ridge,10,15,0.2856879192129952
diesel-BP50,simclr_cont60_ridge,10,16,0.3461967271942231
diesel-BP50,simclr_cont60_ridge,10,17,0.4829838384380583
diesel-BP50,simclr_cont60_ridge,10,18,-0.1074375180763633
diesel-BP50,simclr_cont60_ridge,10,19,0.0439117869731189
diesel-BP50,simclr_cont60_ridge,10,20,0.4530757480423057
diesel-BP50,simclr_cont60_ridge,10,21,0.3593902691293928
diesel-BP50,simclr_cont60_ridge,10,22,0.3543637452542523
diesel-BP50,simclr_cont60_ridge,10,23,-0.2290380138931764
diesel-BP50,simclr_cont60_ridge,10,24,0.1226910664244939
diesel-BP50,simclr_cont60_ridge,10,25,-0.0244908167429473
diesel-BP50,simclr_cont60_ridge,10,26,0.0654247745629996
diesel-BP50,simclr_cont60_ridge,10,27,0.4483032366493424
diesel-BP50,simclr_cont60_ridge,10,28,0.4869813578664639
diesel-BP50,simclr_cont60_ridge,10,29,0.0887212873544612
diesel-BP50,simclr_cont60_ridge,20,0,0.2597944821857801
diesel-BP50,simclr_cont60_ridge,20,1,0.6631117755188545
diesel-BP50,simclr_cont60_ridge,20,2,-1.5672954721710577
diesel-BP50,simclr_cont60_ridge,20,3,-0.1306416238885615
diesel-BP50,simclr_cont60_ridge,20,4,0.4721467673771713
diesel-BP50,simclr_cont60_ridge,20,5,0.6013558224866592
diesel-BP50,simclr_cont60_ridge,20,6,0.5703939785429966
diesel-BP50,simclr_cont60_ridge,20,7,0.321352624662979
diesel-BP50,simclr_cont60_ridge,20,8,0.5731659866999954
diesel-BP50,simclr_cont60_ridge,20,9,0.521636865558681
diesel-BP50,simclr_cont60_ridge,20,10,0.637896744213583
diesel-BP50,simclr_cont60_ridge,20,11,0.5009932969071991
diesel-BP50,simclr_cont60_ridge,20,12,0.5146525468855228
diesel-BP50,simclr_cont60_ridge,20,13,0.6771484254475424
diesel-BP50,simclr_cont60_ridge,20,14,0.6862731122855465
diesel-BP50,simclr_cont60_ridge,20,15,0.3765058501147064
diesel-BP50,simclr_cont60_ridge,20,16,0.7000383292759098
diesel-BP50,simclr_cont60_ridge,20,17,0.4788567574054877
diesel-BP50,simclr_cont60_ridge,20,18,0.4080056245427335
diesel-BP50,simclr_cont60_ridge,20,19,0.6726962805702865
diesel-BP50,simclr_cont60_ridge,20,20,0.5811039488115701
diesel-BP50,simclr_cont60_ridge,20,21,-0.1109812167757622
diesel-BP50,simclr_cont60_ridge,20,22,0.5131690084897523
diesel-BP50,simclr_cont60_ridge,20,23,0.4204235152802531
diesel-BP50,simclr_cont60_ridge,20,24,0.4954234505556916
diesel-BP50,simclr_cont60_ridge,20,25,0.7171521731918271
diesel-BP50,simclr_cont60_ridge,20,26,0.2237552044004871
diesel-BP50,simclr_cont60_ridge,20,27,0.6868278224124424
diesel-BP50,simclr_cont60_ridge,20,28,0.2808269634736497
diesel-BP50,simclr_cont60_ridge,20,29,0.2666668781439902
diesel-CN,simclr_cont60_ridge,5,0,-0.1605063962203683
diesel-CN,simclr_cont60_ridge,5,1,0.0126009374897931
diesel-CN,simclr_cont60_ridge,5,2,0.1547528603242246
diesel-CN,simclr_cont60_ridge,5,3,0.1113818566053695
diesel-CN,simclr_cont60_ridge,5,4,0.4130663539930137
diesel-CN,simclr_cont60_ridge,5,5,0.1194078087573937
diesel-CN,simclr_cont60_ridge,5,6,0.0263114021672161
diesel-CN,simclr_cont60_ridge,5,7,-3.731734580681498
diesel-CN,simclr_cont60_ridge,5,8,-3.8248528828188126
diesel-CN,simclr_cont60_ridge,5,9,0.2119846569394301
diesel-CN,simclr_cont60_ridge,5,10,-0.5152741260945524
diesel-CN,simclr_cont60_ridge,5,11,-0.0364411049268931
diesel-CN,simclr_cont60_ridge,5,12,-0.3061155108600477
diesel-CN,simclr_cont60_ridge,5,13,0.4200160554068262
diesel-CN,simclr_cont60_ridge,5,14,0.2312365001379072
diesel-CN,simclr_cont60_ridge,5,15,-0.0317017897147697
diesel-CN,simclr_cont60_ridge,5,16,-0.0032136803575884
diesel-CN,simclr_cont60_ridge,5,17,-0.8773205490480711
diesel-CN,simclr_cont60_ridge,5,18,-0.1461638427549583
diesel-CN,simclr_cont60_ridge,5,19,0.2797261308062577
diesel-CN,simclr_cont60_ridge,5,20,-1.6289193060743936
diesel-CN,simclr_cont60_ridge,5,21,0.4218433845720833
diesel-CN,simclr_cont60_ridge,5,22,0.1027798408065072
diesel-CN,simclr_cont60_ridge,5,23,0.2459107457795515
diesel-CN,simclr_cont60_ridge,5,24,-0.0692802966791978
diesel-CN,simclr_cont60_ridge,5,25,0.1435728564985439
diesel-CN,simclr_cont60_ridge,5,26,0.2998105661217318
diesel-CN,simclr_cont60_ridge,5,27,0.3509963686296313
diesel-CN,simclr_cont60_ridge,5,28,0.2615924123667345
diesel-CN,simclr_cont60_ridge,5,29,-0.3749065414389469
diesel-CN,simclr_cont60_ridge,10,0,-0.8377795656293896
diesel-CN,simclr_cont60_ridge,10,1,0.3869502463837626
diesel-CN,simclr_cont60_ridge,10,2,0.0363602871425055
diesel-CN,simclr_cont60_ridge,10,3,0.3434512053643411
diesel-CN,simclr_cont60_ridge,10,4,0.329033673649493
diesel-CN,simclr_cont60_ridge,10,5,0.0200924825138852
diesel-CN,simclr_cont60_ridge,10,6,0.2513379575576615
diesel-CN,simclr_cont60_ridge,10,7,0.1600699735080979
diesel-CN,simclr_cont60_ridge,10,8,0.3964491145936966
diesel-CN,simclr_cont60_ridge,10,9,0.1133908086667729
diesel-CN,simclr_cont60_ridge,10,10,0.3584045173384541
diesel-CN,simclr_cont60_ridge,10,11,-1.1621000834833808
diesel-CN,simclr_cont60_ridge,10,12,-0.0168966471271292
diesel-CN,simclr_cont60_ridge,10,13,0.2066401606285585
diesel-CN,simclr_cont60_ridge,10,14,0.1677915142577198
diesel-CN,simclr_cont60_ridge,10,15,-0.1187982091829453
diesel-CN,simclr_cont60_ridge,10,16,-0.3938042704405038
diesel-CN,simclr_cont60_ridge,10,17,0.2084061003554214
diesel-CN,simclr_cont60_ridge,10,18,0.2322930914964747
diesel-CN,simclr_cont60_ridge,10,19,-0.0631855006297998
diesel-CN,simclr_cont60_ridge,10,20,0.2915418538928598
diesel-CN,simclr_cont60_ridge,10,21,0.3343699839682128
diesel-CN,simclr_cont60_ridge,10,22,-7.9295639047378845
diesel-CN,simclr_cont60_ridge,10,23,0.172679435918441
diesel-CN,simclr_cont60_ridge,10,24,0.0473241101958594
diesel-CN,simclr_cont60_ridge,10,25,0.3220933357074871
diesel-CN,simclr_cont60_ridge,10,26,-0.5326931693867358
diesel-CN,simclr_cont60_ridge,10,27,0.2536871496983828
diesel-CN,simclr_cont60_ridge,10,28,-0.0109051176211321
diesel-CN,simclr_cont60_ridge,10,29,0.2118042589727976
diesel-CN,simclr_cont60_ridge,20,0,-0.3101886260208593
diesel-CN,simclr_cont60_ridge,20,1,0.2187884338867329
diesel-CN,simclr_cont60_ridge,20,2,0.4442650166838745
diesel-CN,simclr_cont60_ridge,20,3,0.4728751988397338
diesel-CN,simclr_cont60_ridge,20,4,0.3257499624443305
diesel-CN,simclr_cont60_ridge,20,5,0.3318692925597237
diesel-CN,simclr_cont60_ridge,20,6,-1.777146020118238
diesel-CN,simclr_cont60_ridge,20,7,0.1354385699454026
diesel-CN,simclr_cont60_ridge,20,8,0.4295257878134084
diesel-CN,simclr_cont60_ridge,20,9,0.3500826551240423
diesel-CN,simclr_cont60_ridge,20,10,-0.0101354666589168
diesel-CN,simclr_cont60_ridge,20,11,0.40713386504816
diesel-CN,simclr_cont60_ridge,20,12,0.0932924111417693
diesel-CN,simclr_cont60_ridge,20,13,0.4552278610660333
diesel-CN,simclr_cont60_ridge,20,14,0.5028247196482839
diesel-CN,simclr_cont60_ridge,20,15,0.4596083879438731
diesel-CN,simclr_cont60_ridge,20,16,0.3502123121215558
diesel-CN,simclr_cont60_ridge,20,17,0.1370879433816564
diesel-CN,simclr_cont60_ridge,20,18,0.2960075467840548
diesel-CN,simclr_cont60_ridge,20,19,0.3690881464076565
diesel-CN,simclr_cont60_ridge,20,20,0.0077965765948878
diesel-CN,simclr_cont60_ridge,20,21,0.293724319639738
diesel-CN,simclr_cont60_ridge,20,22,0.3017005878276976
diesel-CN,simclr_cont60_ridge,20,23,0.4304714087710173
diesel-CN,simclr_cont60_ridge,20,24,0.4007369537611063
diesel-CN,simclr_cont60_ridge,20,25,0.4070564976337808
diesel-CN,simclr_cont60_ridge,20,26,0.2935530215181324
diesel-CN,simclr_cont60_ridge,20,27,0.0515489221601965
diesel-CN,simclr_cont60_ridge,20,28,0.377853316381991
diesel-CN,simclr_cont60_ridge,20,29,0.3838191266899987
diesel-D4052,simclr_cont60_ridge,5,0,0.0358490229072897
diesel-D4052,simclr_cont60_ridge,5,1,-1.2583264687004996
diesel-D4052,simclr_cont60_ridge,5,2,-0.9436314585451022
diesel-D4052,simclr_cont60_ridge,5,3,0.2287318014606041
diesel-D4052,simclr_cont60_ridge,5,4,0.2210504636628365
diesel-D4052,simclr_cont60_ridge,5,5,-1.5315527889554454
diesel-D4052,simclr_cont60_ridge,5,6,-2.2539901868892724
diesel-D4052,simclr_cont60_ridge,5,7,-0.8072418409421089
diesel-D4052,simclr_cont60_ridge,5,8,-0.3067165495716728
diesel-D4052,simclr_cont60_ridge,5,9,0.0045498582544524
diesel-D4052,simclr_cont60_ridge,5,10,0.1128498880847527
diesel-D4052,simclr_cont60_ridge,5,11,-0.0989244130175852
diesel-D4052,simclr_cont60_ridge,5,12,-0.1468354953777257
diesel-D4052,simclr_cont60_ridge,5,13,-0.0442136138379118
diesel-D4052,simclr_cont60_ridge,5,14,0.2249008361710285
diesel-D4052,simclr_cont60_ridge,5,15,-1.1947145074013368
diesel-D4052,simclr_cont60_ridge,5,16,-0.1568133950869847
diesel-D4052,simclr_cont60_ridge,5,17,-1.3250187240305782
diesel-D4052,simclr_cont60_ridge,5,18,0.0021883357860987
diesel-D4052,simclr_cont60_ridge,5,19,-3.807882988914842
diesel-D4052,simclr_cont60_ridge,5,20,-0.704804324076171
diesel-D4052,simclr_cont60_ridge,5,21,0.2606510534186318
diesel-D4052,simclr_cont60_ridge,5,22,0.3046655983716005
diesel-D4052,simclr_cont60_ridge,5,23,-0.2831250261788953
diesel-D4052,simclr_cont60_ridge,5,24,0.0422197452860113
diesel-D4052,simclr_cont60_ridge,5,25,-0.263582743743602
diesel-D4052,simclr_cont60_ridge,5,26,0.0065727147136284
diesel-D4052,simclr_cont60_ridge,5,27,0.1667830213652354
diesel-D4052,simclr_cont60_ridge,5,28,-0.3165713366688585
diesel-D4052,simclr_cont60_ridge,5,29,0.2214384585895414
diesel-D4052,simclr_cont60_ridge,10,0,0.6118902685503362
diesel-D4052,simclr_cont60_ridge,10,1,0.516572688228527
diesel-D4052,simclr_cont60_ridge,10,2,0.5216875618329315
diesel-D4052,simclr_cont60_ridge,10,3,0.4701691141389282
diesel-D4052,simclr_cont60_ridge,10,4,0.0019916384947364
diesel-D4052,simclr_cont60_ridge,10,5,0.1607283354883529
diesel-D4052,simclr_cont60_ridge,10,6,0.0354924350954872
diesel-D4052,simclr_cont60_ridge,10,7,0.1531324098140057
diesel-D4052,simclr_cont60_ridge,10,8,0.7366428703361672
diesel-D4052,simclr_cont60_ridge,10,9,0.7728915943053637
diesel-D4052,simclr_cont60_ridge,10,10,0.7653492909018355
diesel-D4052,simclr_cont60_ridge,10,11,0.0363809094766901
diesel-D4052,simclr_cont60_ridge,10,12,0.5982780211398513
diesel-D4052,simclr_cont60_ridge,10,13,0.2085145234435573
diesel-D4052,simclr_cont60_ridge,10,14,0.6905767961738988
diesel-D4052,simclr_cont60_ridge,10,15,0.3661079730987815
diesel-D4052,simclr_cont60_ridge,10,16,0.4967166029055038
diesel-D4052,simclr_cont60_ridge,10,17,0.4584852876364315
diesel-D4052,simclr_cont60_ridge,10,18,0.6668275311228293
diesel-D4052,simclr_cont60_ridge,10,19,0.2155185564823702
diesel-D4052,simclr_cont60_ridge,10,20,0.2124285821819856
diesel-D4052,simclr_cont60_ridge,10,21,0.2307302846571026
diesel-D4052,simclr_cont60_ridge,10,22,0.010573004160218
diesel-D4052,simclr_cont60_ridge,10,23,0.7192609057251124
diesel-D4052,simclr_cont60_ridge,10,24,0.4809329181189027
diesel-D4052,simclr_cont60_ridge,10,25,0.0633410865114821
diesel-D4052,simclr_cont60_ridge,10,26,0.3189965614484205
diesel-D4052,simclr_cont60_ridge,10,27,-0.1185344873176146
diesel-D4052,simclr_cont60_ridge,10,28,0.7210665221897008
diesel-D4052,simclr_cont60_ridge,10,29,0.4679770330785685
diesel-D4052,simclr_cont60_ridge,20,0,0.6713547007534912
diesel-D4052,simclr_cont60_ridge,20,1,0.4803258850206742
diesel-D4052,simclr_cont60_ridge,20,2,0.8139082254812263
diesel-D4052,simclr_cont60_ridge,20,3,0.7522506151881392
diesel-D4052,simclr_cont60_ridge,20,4,0.6707684892278336
diesel-D4052,simclr_cont60_ridge,20,5,0.6655207921791852
diesel-D4052,simclr_cont60_ridge,20,6,0.7007068552033948
diesel-D4052,simclr_cont60_ridge,20,7,0.6580670869665175
diesel-D4052,simclr_cont60_ridge,20,8,0.6688589085873855
diesel-D4052,simclr_cont60_ridge,20,9,0.6036240596760911
diesel-D4052,simclr_cont60_ridge,20,10,0.6648172119166077
diesel-D4052,simclr_cont60_ridge,20,11,0.7305565083607646
diesel-D4052,simclr_cont60_ridge,20,12,0.5128175937270311
diesel-D4052,simclr_cont60_ridge,20,13,0.6824000154592121
diesel-D4052,simclr_cont60_ridge,20,14,0.8177436622307126
diesel-D4052,simclr_cont60_ridge,20,15,-0.3173455271922847
diesel-D4052,simclr_cont60_ridge,20,16,0.3429116773504875
diesel-D4052,simclr_cont60_ridge,20,17,0.2714583763693874
diesel-D4052,simclr_cont60_ridge,20,18,0.6930458219539553
diesel-D4052,simclr_cont60_ridge,20,19,0.7649641467141177
diesel-D4052,simclr_cont60_ridge,20,20,0.6030261343924314
diesel-D4052,simclr_cont60_ridge,20,21,0.4744614870632471
diesel-D4052,simclr_cont60_ridge,20,22,0.4257556470030176
diesel-D4052,simclr_cont60_ridge,20,23,0.6704151341805618
diesel-D4052,simclr_cont60_ridge,20,24,0.5268146709212811
diesel-D4052,simclr_cont60_ridge,20,25,0.6345533516817516
diesel-D4052,simclr_cont60_ridge,20,26,0.6929354688854379
diesel-D4052,simclr_cont60_ridge,20,27,0.7195289734073533
diesel-D4052,simclr_cont60_ridge,20,28,0.7589294347948757
diesel-D4052,simclr_cont60_ridge,20,29,0.7320338933173728
diesel-FLASH,simclr_cont60_ridge,5,0,-0.4635894388002137
diesel-FLASH,simclr_cont60_ridge,5,1,-0.9685734472870332
diesel-FLASH,simclr_cont60_ridge,5,2,-0.1608417205551353
diesel-FLASH,simclr_cont60_ridge,5,3,-0.2654878694492939
diesel-FLASH,simclr_cont60_ridge,5,4,-0.7581042015292236
diesel-FLASH,simclr_cont60_ridge,5,5,-0.8269499516869683
diesel-FLASH,simclr_cont60_ridge,5,6,-0.3719454991713553
diesel-FLASH,simclr_cont60_ridge,5,7,-5.060124220155449
diesel-FLASH,simclr_cont60_ridge,5,8,-0.111429601934673
diesel-FLASH,simclr_cont60_ridge,5,9,-0.2071488787467599
diesel-FLASH,simclr_cont60_ridge,5,10,-4.287697740974988
diesel-FLASH,simclr_cont60_ridge,5,11,-0.0632758170910761
diesel-FLASH,simclr_cont60_ridge,5,12,0.0040145326151356
diesel-FLASH,simclr_cont60_ridge,5,13,-0.3190298662916186
diesel-FLASH,simclr_cont60_ridge,5,14,0.0587835702257218
diesel-FLASH,simclr_cont60_ridge,5,15,-1.8532536294910789
diesel-FLASH,simclr_cont60_ridge,5,16,-1.9244315342790184
diesel-FLASH,simclr_cont60_ridge,5,17,-0.0462287162128447
diesel-FLASH,simclr_cont60_ridge,5,18,-0.651950375388779
diesel-FLASH,simclr_cont60_ridge,5,19,-0.2991271740562966
diesel-FLASH,simclr_cont60_ridge,5,20,-0.0055382372955694
diesel-FLASH,simclr_cont60_ridge,5,21,-0.7379602708072641
diesel-FLASH,simclr_cont60_ridge,5,22,-1.0486461112731948
diesel-FLASH,simclr_cont60_ridge,5,23,-0.1586335717140787
diesel-FLASH,simclr_cont60_ridge,5,24,-1.4809093369583617
diesel-FLASH,simclr_cont60_ridge,5,25,-0.2332602740172149
diesel-FLASH,simclr_cont60_ridge,5,26,-0.5356914420894408
diesel-FLASH,simclr_cont60_ridge,5,27,-0.4020360849154101
diesel-FLASH,simclr_cont60_ridge,5,28,-0.18190743775813
diesel-FLASH,simclr_cont60_ridge,5,29,-0.0023335220964877
diesel-FLASH,simclr_cont60_ridge,10,0,-0.4277550709133932
diesel-FLASH,simclr_cont60_ridge,10,1,-0.0324760609439556
diesel-FLASH,simclr_cont60_ridge,10,2,-0.6857176016365292
diesel-FLASH,simclr_cont60_ridge,10,3,-0.0093975260962815
diesel-FLASH,simclr_cont60_ridge,10,4,-0.0912915559542484
diesel-FLASH,simclr_cont60_ridge,10,5,-0.2944239115750895
diesel-FLASH,simclr_cont60_ridge,10,6,-0.7214551864139283
diesel-FLASH,simclr_cont60_ridge,10,7,0.0169787584575361
diesel-FLASH,simclr_cont60_ridge,10,8,-1.4136780660879924
diesel-FLASH,simclr_cont60_ridge,10,9,-0.0090309524335618
diesel-FLASH,simclr_cont60_ridge,10,10,0.1105946434816576
diesel-FLASH,simclr_cont60_ridge,10,11,-0.0812464072450396
diesel-FLASH,simclr_cont60_ridge,10,12,-0.1762938002088845
diesel-FLASH,simclr_cont60_ridge,10,13,0.0168857613904838
diesel-FLASH,simclr_cont60_ridge,10,14,-0.0633480294716455
diesel-FLASH,simclr_cont60_ridge,10,15,-0.7395035958667191
diesel-FLASH,simclr_cont60_ridge,10,16,0.0248461270337706
diesel-FLASH,simclr_cont60_ridge,10,17,-1.2665826225651986
diesel-FLASH,simclr_cont60_ridge,10,18,-0.0177551948217666
diesel-FLASH,simclr_cont60_ridge,10,19,0.0477273636477978
diesel-FLASH,simclr_cont60_ridge,10,20,-3.1189869605788134
diesel-FLASH,simclr_cont60_ridge,10,21,-0.2311360385190444
diesel-FLASH,simclr_cont60_ridge,10,22,0.0172781460732603
diesel-FLASH,simclr_cont60_ridge,10,23,0.0126271600589962
diesel-FLASH,simclr_cont60_ridge,10,24,-4.894036565498151
diesel-FLASH,simclr_cont60_ridge,10,25,-0.0325677210382586
diesel-FLASH,simclr_cont60_ridge,10,26,-0.0086407764303388
diesel-FLASH,simclr_cont60_ridge,10,27,0.0537617602577331
diesel-FLASH,simclr_cont60_ridge,10,28,-0.7796978631894371
diesel-FLASH,simclr_cont60_ridge,10,29,-0.3902510971350523
diesel-FLASH,simclr_cont60_ridge,20,0,-0.0759325932013983
diesel-FLASH,simclr_cont60_ridge,20,1,0.0388295785101201
diesel-FLASH,simclr_cont60_ridge,20,2,0.1404532878523694
diesel-FLASH,simclr_cont60_ridge,20,3,-1.0021455052236918
diesel-FLASH,simclr_cont60_ridge,20,4,0.1208598279835123
diesel-FLASH,simclr_cont60_ridge,20,5,-0.0473917483673111
diesel-FLASH,simclr_cont60_ridge,20,6,-1.2369299088011396
diesel-FLASH,simclr_cont60_ridge,20,7,-0.0911961164091759
diesel-FLASH,simclr_cont60_ridge,20,8,-0.068799904162609
diesel-FLASH,simclr_cont60_ridge,20,9,-0.07975616888267
diesel-FLASH,simclr_cont60_ridge,20,10,0.0982491550329379
diesel-FLASH,simclr_cont60_ridge,20,11,-0.1929466437006533
diesel-FLASH,simclr_cont60_ridge,20,12,0.0017910103693161
diesel-FLASH,simclr_cont60_ridge,20,13,0.1422192285937936
diesel-FLASH,simclr_cont60_ridge,20,14,-0.6917340476219165
diesel-FLASH,simclr_cont60_ridge,20,15,0.2117017884650212
diesel-FLASH,simclr_cont60_ridge,20,16,0.0123682322442501
diesel-FLASH,simclr_cont60_ridge,20,17,0.2028988421541769
diesel-FLASH,simclr_cont60_ridge,20,18,-3.003184685634533
diesel-FLASH,simclr_cont60_ridge,20,19,0.1903942063855184
diesel-FLASH,simclr_cont60_ridge,20,20,-0.0916353985285389
diesel-FLASH,simclr_cont60_ridge,20,21,-0.0606136797666816
diesel-FLASH,simclr_cont60_ridge,20,22,-0.502727246870861
diesel-FLASH,simclr_cont60_ridge,20,23,-0.089715048899345
diesel-FLASH,simclr_cont60_ridge,20,24,-0.1651547287943719
diesel-FLASH,simclr_cont60_ridge,20,25,-0.1045558491559202
diesel-FLASH,simclr_cont60_ridge,20,26,-0.031953988981118
diesel-FLASH,simclr_cont60_ridge,20,27,0.0122242099880013
diesel-FLASH,simclr_cont60_ridge,20,28,0.1153652269444526
diesel-FLASH,simclr_cont60_ridge,20,29,-0.1576683566747201
diesel-FREEZE,simclr_cont60_ridge,5,0,-0.4083085709605862
diesel-FREEZE,simclr_cont60_ridge,5,1,0.025122643967241
diesel-FREEZE,simclr_cont60_ridge,5,2,-0.1713063767879585
diesel-FREEZE,simclr_cont60_ridge,5,3,0.1346981646575336
diesel-FREEZE,simclr_cont60_ridge,5,4,-0.6271001925648398
diesel-FREEZE,simclr_cont60_ridge,5,5,-6.089337443087408
diesel-FREEZE,simclr_cont60_ridge,5,6,-0.0583358645505194
diesel-FREEZE,simclr_cont60_ridge,5,7,-0.2249790805994509
diesel-FREEZE,simclr_cont60_ridge,5,8,-1.9545796789594008
diesel-FREEZE,simclr_cont60_ridge,5,9,-0.136367370793653
diesel-FREEZE,simclr_cont60_ridge,5,10,-1.3160964751599966
diesel-FREEZE,simclr_cont60_ridge,5,11,-1.348294143619511
diesel-FREEZE,simclr_cont60_ridge,5,12,-1.1803334690655567
diesel-FREEZE,simclr_cont60_ridge,5,13,-0.0595656960844186
diesel-FREEZE,simclr_cont60_ridge,5,14,0.2171408902645626
diesel-FREEZE,simclr_cont60_ridge,5,15,-0.1002361816576731
diesel-FREEZE,simclr_cont60_ridge,5,16,-0.0334240084478423
diesel-FREEZE,simclr_cont60_ridge,5,17,-3.8112081787312873
diesel-FREEZE,simclr_cont60_ridge,5,18,0.0562155616230606
diesel-FREEZE,simclr_cont60_ridge,5,19,-0.4785974175504404
diesel-FREEZE,simclr_cont60_ridge,5,20,-0.6358524182990242
diesel-FREEZE,simclr_cont60_ridge,5,21,0.2306805451354211
diesel-FREEZE,simclr_cont60_ridge,5,22,-0.2003464745548611
diesel-FREEZE,simclr_cont60_ridge,5,23,-0.1791599690377916
diesel-FREEZE,simclr_cont60_ridge,5,24,-0.0011334249916972
diesel-FREEZE,simclr_cont60_ridge,5,25,0.1836443101380018
diesel-FREEZE,simclr_cont60_ridge,5,26,-0.6930866189558873
diesel-FREEZE,simclr_cont60_ridge,5,27,0.1729252285191501
diesel-FREEZE,simclr_cont60_ridge,5,28,-0.397057893599156
diesel-FREEZE,simclr_cont60_ridge,5,29,-0.0047055954706407
diesel-FREEZE,simclr_cont60_ridge,10,0,0.0698346716883067
diesel-FREEZE,simclr_cont60_ridge,10,1,-0.0532048011585226
diesel-FREEZE,simclr_cont60_ridge,10,2,0.1087088554544728
diesel-FREEZE,simclr_cont60_ridge,10,3,-0.8294944881935102
diesel-FREEZE,simclr_cont60_ridge,10,4,-0.2348499623786892
diesel-FREEZE,simclr_cont60_ridge,10,5,-0.1869993525601283
diesel-FREEZE,simclr_cont60_ridge,10,6,-0.0919564036845219
diesel-FREEZE,simclr_cont60_ridge,10,7,-0.6899590778767344
diesel-FREEZE,simclr_cont60_ridge,10,8,0.6385650831613059
diesel-FREEZE,simclr_cont60_ridge,10,9,-0.1158879302381643
diesel-FREEZE,simclr_cont60_ridge,10,10,0.4146367843343156
diesel-FREEZE,simclr_cont60_ridge,10,11,-0.5028065524900063
diesel-FREEZE,simclr_cont60_ridge,10,12,0.3672626477436354
diesel-FREEZE,simclr_cont60_ridge,10,13,-0.0074573598023814
diesel-FREEZE,simclr_cont60_ridge,10,14,-0.1639819312562758
diesel-FREEZE,simclr_cont60_ridge,10,15,0.430064540439691
diesel-FREEZE,simclr_cont60_ridge,10,16,0.305216081095094
diesel-FREEZE,simclr_cont60_ridge,10,17,0.4747462724441942
diesel-FREEZE,simclr_cont60_ridge,10,18,0.1060332854151119
diesel-FREEZE,simclr_cont60_ridge,10,19,-0.0404037624415705
diesel-FREEZE,simclr_cont60_ridge,10,20,0.2281283496443634
diesel-FREEZE,simclr_cont60_ridge,10,21,0.4974410847511955
diesel-FREEZE,simclr_cont60_ridge,10,22,0.038794666040173
diesel-FREEZE,simclr_cont60_ridge,10,23,0.3067696449064476
diesel-FREEZE,simclr_cont60_ridge,10,24,-0.5264575634851398
diesel-FREEZE,simclr_cont60_ridge,10,25,0.3706605904841422
diesel-FREEZE,simclr_cont60_ridge,10,26,0.320663365864461
diesel-FREEZE,simclr_cont60_ridge,10,27,0.0799055830697444
diesel-FREEZE,simclr_cont60_ridge,10,28,0.4945755064736626
diesel-FREEZE,simclr_cont60_ridge,10,29,-0.3630812187194014
diesel-FREEZE,simclr_cont60_ridge,20,0,0.574248226715881
diesel-FREEZE,simclr_cont60_ridge,20,1,0.6133154360512616
diesel-FREEZE,simclr_cont60_ridge,20,2,0.0328056277150311
diesel-FREEZE,simclr_cont60_ridge,20,3,0.0116829278899639
diesel-FREEZE,simclr_cont60_ridge,20,4,0.1939845640914327
diesel-FREEZE,simclr_cont60_ridge,20,5,0.5315503815140051
diesel-FREEZE,simclr_cont60_ridge,20,6,0.6005415735750343
diesel-FREEZE,simclr_cont60_ridge,20,7,0.6313420901908517
diesel-FREEZE,simclr_cont60_ridge,20,8,0.5450924762107829
diesel-FREEZE,simclr_cont60_ridge,20,9,0.5693110859686681
diesel-FREEZE,simclr_cont60_ridge,20,10,0.0460089783244945
diesel-FREEZE,simclr_cont60_ridge,20,11,-0.0746860499679125
diesel-FREEZE,simclr_cont60_ridge,20,12,0.2548527507187011
diesel-FREEZE,simclr_cont60_ridge,20,13,0.6684477589325201
diesel-FREEZE,simclr_cont60_ridge,20,14,0.5069640352107965
diesel-FREEZE,simclr_cont60_ridge,20,15,0.6048624554537274
diesel-FREEZE,simclr_cont60_ridge,20,16,-3.3502282286885583
diesel-FREEZE,simclr_cont60_ridge,20,17,0.5914336826803008
diesel-FREEZE,simclr_cont60_ridge,20,18,0.4226494120154984
diesel-FREEZE,simclr_cont60_ridge,20,19,0.6137591384048879
diesel-FREEZE,simclr_cont60_ridge,20,20,0.2357006087446809
diesel-FREEZE,simclr_cont60_ridge,20,21,0.6284047195167964
diesel-FREEZE,simclr_cont60_ridge,20,22,0.6332218537010734
diesel-FREEZE,simclr_cont60_ridge,20,23,0.3800415649914237
diesel-FREEZE,simclr_cont60_ridge,20,24,0.2102153407078875
diesel-FREEZE,simclr_cont60_ridge,20,25,-0.3283394482697133
diesel-FREEZE,simclr_cont60_ridge,20,26,0.4024695842142884
diesel-FREEZE,simclr_cont60_ridge,20,27,0.5095907070627477
diesel-FREEZE,simclr_cont60_ridge,20,28,0.1651424285945604
diesel-FREEZE,simclr_cont60_ridge,20,29,0.5340667944217239
diesel-TOTAL,simclr_cont60_ridge,5,0,0.8503485595408232
diesel-TOTAL,simclr_cont60_ridge,5,1,0.0967228079460356
diesel-TOTAL,simclr_cont60_ridge,5,2,0.7312273341307591
diesel-TOTAL,simclr_cont60_ridge,5,3,0.3529240520005097
diesel-TOTAL,simclr_cont60_ridge,5,4,0.7803251817562238
diesel-TOTAL,simclr_cont60_ridge,5,5,0.692394728573773
diesel-TOTAL,simclr_cont60_ridge,5,6,0.0961171578810577
diesel-TOTAL,simclr_cont60_ridge,5,7,0.7634342571031468
diesel-TOTAL,simclr_cont60_ridge,5,8,0.6075701720040256
diesel-TOTAL,simclr_cont60_ridge,5,9,-4.203606157237842
diesel-TOTAL,simclr_cont60_ridge,5,10,0.7119185264639049
diesel-TOTAL,simclr_cont60_ridge,5,11,0.4848479537833691
diesel-TOTAL,simclr_cont60_ridge,5,12,0.6306005196876764
diesel-TOTAL,simclr_cont60_ridge,5,13,-2.5327689495098107
diesel-TOTAL,simclr_cont60_ridge,5,14,0.7748742037677422
diesel-TOTAL,simclr_cont60_ridge,5,15,0.6376854948407805
diesel-TOTAL,simclr_cont60_ridge,5,16,-2.3436447291562024
diesel-TOTAL,simclr_cont60_ridge,5,17,0.7160814649675931
diesel-TOTAL,simclr_cont60_ridge,5,18,0.1304059156355259
diesel-TOTAL,simclr_cont60_ridge,5,19,0.8036229245084029
diesel-TOTAL,simclr_cont60_ridge,5,20,0.6038165478160662
diesel-TOTAL,simclr_cont60_ridge,5,21,0.7048462167722631
diesel-TOTAL,simclr_cont60_ridge,5,22,0.47127790534152
diesel-TOTAL,simclr_cont60_ridge,5,23,0.4992313633714698
diesel-TOTAL,simclr_cont60_ridge,5,24,0.5276458264551147
diesel-TOTAL,simclr_cont60_ridge,5,25,0.4388771160872579
diesel-TOTAL,simclr_cont60_ridge,5,26,0.8292387357230391
diesel-TOTAL,simclr_cont60_ridge,5,27,-0.0331478433837508
diesel-TOTAL,simclr_cont60_ridge,5,28,0.6710846983098162
diesel-TOTAL,simclr_cont60_ridge,5,29,0.571974170247782
diesel-TOTAL,simclr_cont60_ridge,10,0,0.7503879780390718
diesel-TOTAL,simclr_cont60_ridge,10,1,0.7041865965427301
diesel-TOTAL,simclr_cont60_ridge,10,2,0.8091798002159337
diesel-TOTAL,simclr_cont60_ridge,10,3,0.6145968823302058
diesel-TOTAL,simclr_cont60_ridge,10,4,0.6270097682081235
diesel-TOTAL,simclr_cont60_ridge,10,5,0.8607182602121828
diesel-TOTAL,simclr_cont60_ridge,10,6,0.8130708095398252
diesel-TOTAL,simclr_cont60_ridge,10,7,0.7967501687298537
diesel-TOTAL,simclr_cont60_ridge,10,8,0.8774757914483157
diesel-TOTAL,simclr_cont60_ridge,10,9,0.7818053601479965
diesel-TOTAL,simclr_cont60_ridge,10,10,0.797268027398468
diesel-TOTAL,simclr_cont60_ridge,10,11,-0.5372698276913022
diesel-TOTAL,simclr_cont60_ridge,10,12,0.837435760739998
diesel-TOTAL,simclr_cont60_ridge,10,13,0.3939165047806311
diesel-TOTAL,simclr_cont60_ridge,10,14,0.8462643414118078
diesel-TOTAL,simclr_cont60_ridge,10,15,0.8061947346972217
diesel-TOTAL,simclr_cont60_ridge,10,16,0.4412261422086228
diesel-TOTAL,simclr_cont60_ridge,10,17,0.800380027969313
diesel-TOTAL,simclr_cont60_ridge,10,18,0.8434829867695226
diesel-TOTAL,simclr_cont60_ridge,10,19,0.7903424647296889
diesel-TOTAL,simclr_cont60_ridge,10,20,0.7189967012831809
diesel-TOTAL,simclr_cont60_ridge,10,21,0.6930695015513872
diesel-TOTAL,simclr_cont60_ridge,10,22,0.8037714254650835
diesel-TOTAL,simclr_cont60_ridge,10,23,0.8411817461106191
diesel-TOTAL,simclr_cont60_ridge,10,24,0.0074958502406458
diesel-TOTAL,simclr_cont60_ridge,10,25,0.8432057793046421
diesel-TOTAL,simclr_cont60_ridge,10,26,0.813197840275109
diesel-TOTAL,simclr_cont60_ridge,10,27,0.6101726961819383
diesel-TOTAL,simclr_cont60_ridge,10,28,0.719658014659984
diesel-TOTAL,simclr_cont60_ridge,10,29,0.7867355752284507
diesel-TOTAL,simclr_cont60_ridge,20,0,0.6352891792506252
diesel-TOTAL,simclr_cont60_ridge,20,1,0.8830296355902851
diesel-TOTAL,simclr_cont60_ridge,20,2,0.8931727447690126
diesel-TOTAL,simclr_cont60_ridge,20,3,0.8987848603046307
diesel-TOTAL,simclr_cont60_ridge,20,4,0.7224584015109285
diesel-TOTAL,simclr_cont60_ridge,20,5,0.7396770813713835
diesel-TOTAL,simclr_cont60_ridge,20,6,0.8490773544432392
diesel-TOTAL,simclr_cont60_ridge,20,7,0.789936981182392
diesel-TOTAL,simclr_cont60_ridge,20,8,0.8352791062535043
diesel-TOTAL,simclr_cont60_ridge,20,9,0.886443007588351
diesel-TOTAL,simclr_cont60_ridge,20,10,0.8792511017112362
diesel-TOTAL,simclr_cont60_ridge,20,11,0.8987287602989651
diesel-TOTAL,simclr_cont60_ridge,20,12,0.5843521156609155
diesel-TOTAL,simclr_cont60_ridge,20,13,0.8809578772190316
diesel-TOTAL,simclr_cont60_ridge,20,14,0.8758246215491248
diesel-TOTAL,simclr_cont60_ridge,20,15,0.8620873259849356
diesel-TOTAL,simclr_cont60_ridge,20,16,0.8569135857988777
diesel-TOTAL,simclr_cont60_ridge,20,17,0.8447468086967045
diesel-TOTAL,simclr_cont60_ridge,20,18,0.83898320121671
diesel-TOTAL,simclr_cont60_ridge,20,19,0.8421791465137387
diesel-TOTAL,simclr_cont60_ridge,20,20,0.8184763804877121
diesel-TOTAL,simclr_cont60_ridge,20,21,0.860423833880138
diesel-TOTAL,simclr_cont60_ridge,20,22,0.7723774314159347
diesel-TOTAL,simclr_cont60_ridge,20,23,0.7065194234549549
diesel-TOTAL,simclr_cont60_ridge,20,24,0.9110349236364208
diesel-TOTAL,simclr_cont60_ridge,20,25,0.8446150473714102
diesel-TOTAL,simclr_cont60_ridge,20,26,0.8298728471025398
diesel-TOTAL,simclr_cont60_ridge,20,27,0.8295664079417253
diesel-TOTAL,simclr_cont60_ridge,20,28,0.905075103891169
diesel-TOTAL,simclr_cont60_ridge,20,29,0.8978597460430067
diesel-VISC,simclr_cont60_ridge,5,0,-0.5807876080932939
diesel-VISC,simclr_cont60_ridge,5,1,-0.9781578243847204
diesel-VISC,simclr_cont60_ridge,5,2,-1.920810578066106
diesel-VISC,simclr_cont60_ridge,5,3,-12.774177425499456
diesel-VISC,simclr_cont60_ridge,5,4,-1.8348043920652355
diesel-VISC,simclr_cont60_ridge,5,5,-0.0165411964131576
diesel-VISC,simclr_cont60_ridge,5,6,-0.1581979430949345
diesel-VISC,simclr_cont60_ridge,5,7,-2.8856769955747024
diesel-VISC,simclr_cont60_ridge,5,8,-0.189161926286173
diesel-VISC,simclr_cont60_ridge,5,9,-1.3699790324683092
diesel-VISC,simclr_cont60_ridge,5,10,-0.9129966127073744
diesel-VISC,simclr_cont60_ridge,5,11,-0.0738881642946767
diesel-VISC,simclr_cont60_ridge,5,12,-0.0724262568913132
diesel-VISC,simclr_cont60_ridge,5,13,-11.488449354973602
diesel-VISC,simclr_cont60_ridge,5,14,-0.1875683286529019
diesel-VISC,simclr_cont60_ridge,5,15,-0.1241340606231418
diesel-VISC,simclr_cont60_ridge,5,16,-0.8389486314863188
diesel-VISC,simclr_cont60_ridge,5,17,0.0054293858653621
diesel-VISC,simclr_cont60_ridge,5,18,-1.115848739725795
diesel-VISC,simclr_cont60_ridge,5,19,-0.7341323884908475
diesel-VISC,simclr_cont60_ridge,5,20,-6.145360847623979
diesel-VISC,simclr_cont60_ridge,5,21,-0.5659152889116632
diesel-VISC,simclr_cont60_ridge,5,22,-0.7480681445383388
diesel-VISC,simclr_cont60_ridge,5,23,-0.924494268755128
diesel-VISC,simclr_cont60_ridge,5,24,-1.31440414576686
diesel-VISC,simclr_cont60_ridge,5,25,0.0091300390725151
diesel-VISC,simclr_cont60_ridge,5,26,-0.1206632469794737
diesel-VISC,simclr_cont60_ridge,5,27,-1.085553137656623
diesel-VISC,simclr_cont60_ridge,5,28,-0.0389021680551522
diesel-VISC,simclr_cont60_ridge,5,29,0.004779902290852
diesel-VISC,simclr_cont60_ridge,10,0,0.2765996251026243
diesel-VISC,simclr_cont60_ridge,10,1,0.003574709683459
diesel-VISC,simclr_cont60_ridge,10,2,-0.0124740273113459
diesel-VISC,simclr_cont60_ridge,10,3,-0.2165331965093642
diesel-VISC,simclr_cont60_ridge,10,4,-0.256301392046022
diesel-VISC,simclr_cont60_ridge,10,5,-0.0744420180939131
diesel-VISC,simclr_cont60_ridge,10,6,0.0192316079263648
diesel-VISC,simclr_cont60_ridge,10,7,-0.8657663366285551
diesel-VISC,simclr_cont60_ridge,10,8,0.4857825471825755
diesel-VISC,simclr_cont60_ridge,10,9,-0.9470513509573606
diesel-VISC,simclr_cont60_ridge,10,10,-0.4776916428874642
diesel-VISC,simclr_cont60_ridge,10,11,0.1554687167331701
diesel-VISC,simclr_cont60_ridge,10,12,-0.162959056965535
diesel-VISC,simclr_cont60_ridge,10,13,-0.0274203048115175
diesel-VISC,simclr_cont60_ridge,10,14,-0.2852109003594518
diesel-VISC,simclr_cont60_ridge,10,15,-0.1978658161210549
diesel-VISC,simclr_cont60_ridge,10,16,-0.221585942982363
diesel-VISC,simclr_cont60_ridge,10,17,-0.5913633680861357
diesel-VISC,simclr_cont60_ridge,10,18,-1.7211174272305172
diesel-VISC,simclr_cont60_ridge,10,19,0.3165622001106626
diesel-VISC,simclr_cont60_ridge,10,20,-0.0510181319836902
diesel-VISC,simclr_cont60_ridge,10,21,0.4775752507421064
diesel-VISC,simclr_cont60_ridge,10,22,-0.0329608246492427
diesel-VISC,simclr_cont60_ridge,10,23,-0.149336525457628
diesel-VISC,simclr_cont60_ridge,10,24,-2.3394531537235115
diesel-VISC,simclr_cont60_ridge,10,25,-0.9832868892956784
diesel-VISC,simclr_cont60_ridge,10,26,-1.9751783396018
diesel-VISC,simclr_cont60_ridge,10,27,0.5206870159701991
diesel-VISC,simclr_cont60_ridge,10,28,0.333100333444276
diesel-VISC,simclr_cont60_ridge,10,29,0.2391533982969094
diesel-VISC,simclr_cont60_ridge,20,0,0.5155547888522745
diesel-VISC,simclr_cont60_ridge,20,1,0.6232230484356049
diesel-VISC,simclr_cont60_ridge,20,2,-2.4253493009421296
diesel-VISC,simclr_cont60_ridge,20,3,0.6475279211186602
diesel-VISC,simclr_cont60_ridge,20,4,0.6995028007788384
diesel-VISC,simclr_cont60_ridge,20,5,0.6515714263610122
diesel-VISC,simclr_cont60_ridge,20,6,0.5439829104173216
diesel-VISC,simclr_cont60_ridge,20,7,0.232264788035824
diesel-VISC,simclr_cont60_ridge,20,8,0.2390222306606995
diesel-VISC,simclr_cont60_ridge,20,9,0.5393861287104671
diesel-VISC,simclr_cont60_ridge,20,10,0.6006562067915038
diesel-VISC,simclr_cont60_ridge,20,11,0.2657431861493118
diesel-VISC,simclr_cont60_ridge,20,12,0.2643028193676365
diesel-VISC,simclr_cont60_ridge,20,13,0.2982573488976562
diesel-VISC,simclr_cont60_ridge,20,14,0.5411623911170148
diesel-VISC,simclr_cont60_ridge,20,15,0.544193420759812
diesel-VISC,simclr_cont60_ridge,20,16,0.3678419112945883
diesel-VISC,simclr_cont60_ridge,20,17,0.0304553365855426
diesel-VISC,simclr_cont60_ridge,20,18,0.5860748767698372
diesel-VISC,simclr_cont60_ridge,20,19,0.550929409692257
diesel-VISC,simclr_cont60_ridge,20,20,0.6043767462913656
diesel-VISC,simclr_cont60_ridge,20,21,-0.8725174251145149
diesel-VISC,simclr_cont60_ridge,20,22,0.5066811569761773
diesel-VISC,simclr_cont60_ridge,20,23,0.5345904461125714
diesel-VISC,simclr_cont60_ridge,20,24,0.3587565957646175
diesel-VISC,simclr_cont60_ridge,20,25,0.6072050098446946
diesel-VISC,simclr_cont60_ridge,20,26,0.3951270169736455
diesel-VISC,simclr_cont60_ridge,20,27,0.5652434362935546
diesel-VISC,simclr_cont60_ridge,20,28,-0.2182297680878087
diesel-VISC,simclr_cont60_ridge,20,29,-0.8788064064270289
evoo-adulteration,simclr_cont60_ridge,5,0,-0.200996823037078
evoo-adulteration,simclr_cont60_ridge,5,1,-0.0010500386058047
evoo-adulteration,simclr_cont60_ridge,5,2,-4.931582521228267
evoo-adulteration,simclr_cont60_ridge,5,3,-0.2357409341405203
evoo-adulteration,simclr_cont60_ridge,5,4,-0.2807209641007158
evoo-adulteration,simclr_cont60_ridge,5,5,-0.7081598049903799
evoo-adulteration,simclr_cont60_ridge,5,6,-0.1977347238498941
evoo-adulteration,simclr_cont60_ridge,5,7,-0.3454088627909524
evoo-adulteration,simclr_cont60_ridge,5,8,-1.4167200773966542
evoo-adulteration,simclr_cont60_ridge,5,9,-1.3897038784646027
evoo-adulteration,simclr_cont60_ridge,5,10,-0.335443327697605
evoo-adulteration,simclr_cont60_ridge,5,11,-0.4491027862204735
evoo-adulteration,simclr_cont60_ridge,5,12,-0.046666527294068
evoo-adulteration,simclr_cont60_ridge,5,13,-0.6771419982021067
evoo-adulteration,simclr_cont60_ridge,5,14,-9.346756240172848
evoo-adulteration,simclr_cont60_ridge,5,15,0.0733014370947886
evoo-adulteration,simclr_cont60_ridge,5,16,-0.0956103326218078
evoo-adulteration,simclr_cont60_ridge,5,17,-0.2420156356962726
evoo-adulteration,simclr_cont60_ridge,5,18,0.0194989254685776
evoo-adulteration,simclr_cont60_ridge,5,19,-0.6877647664360933
evoo-adulteration,simclr_cont60_ridge,5,20,-0.0483220995278452
evoo-adulteration,simclr_cont60_ridge,5,21,0.0037055193463964
evoo-adulteration,simclr_cont60_ridge,5,22,-0.0089352026394977
evoo-adulteration,simclr_cont60_ridge,5,23,-0.2974118588821814
evoo-adulteration,simclr_cont60_ridge,5,24,-1.1133178786604931
evoo-adulteration,simclr_cont60_ridge,5,25,0.0166853927788289
evoo-adulteration,simclr_cont60_ridge,5,26,0.0151829399860834
evoo-adulteration,simclr_cont60_ridge,5,27,-1.0275105805111262
evoo-adulteration,simclr_cont60_ridge,5,28,-1.347703405390492
evoo-adulteration,simclr_cont60_ridge,5,29,-7.557725535912372
evoo-adulteration,simclr_cont60_ridge,10,0,0.0042536840199186
evoo-adulteration,simclr_cont60_ridge,10,1,-0.0625210277045267
evoo-adulteration,simclr_cont60_ridge,10,2,-0.0032416300186852
evoo-adulteration,simclr_cont60_ridge,10,3,0.0018758973896855
evoo-adulteration,simclr_cont60_ridge,10,4,-2.959433149342276
evoo-adulteration,simclr_cont60_ridge,10,5,-0.8595479393898924
evoo-adulteration,simclr_cont60_ridge,10,6,-1.5892944059607583
evoo-adulteration,simclr_cont60_ridge,10,7,0.0905250555938604
evoo-adulteration,simclr_cont60_ridge,10,8,-0.0003319973892965
evoo-adulteration,simclr_cont60_ridge,10,9,-0.2118170761664013
evoo-adulteration,simclr_cont60_ridge,10,10,-1.663853656172459
evoo-adulteration,simclr_cont60_ridge,10,11,-0.1025495387864106
evoo-adulteration,simclr_cont60_ridge,10,12,-0.0140379418164537
evoo-adulteration,simclr_cont60_ridge,10,13,-4.248873885465022
evoo-adulteration,simclr_cont60_ridge,10,14,-0.1026160892850458
evoo-adulteration,simclr_cont60_ridge,10,15,-0.4194169748170935
evoo-adulteration,simclr_cont60_ridge,10,16,-0.1204520555999493
evoo-adulteration,simclr_cont60_ridge,10,17,-6.374710158095937
evoo-adulteration,simclr_cont60_ridge,10,18,0.1829593674099034
evoo-adulteration,simclr_cont60_ridge,10,19,-1.405429912599149
evoo-adulteration,simclr_cont60_ridge,10,20,0.0021463695047203
evoo-adulteration,simclr_cont60_ridge,10,21,-0.0856368882284281
evoo-adulteration,simclr_cont60_ridge,10,22,-0.1402598028937434
evoo-adulteration,simclr_cont60_ridge,10,23,-0.2452382625423559
evoo-adulteration,simclr_cont60_ridge,10,24,-1.008737138876561
evoo-adulteration,simclr_cont60_ridge,10,25,-0.0586106756273525
evoo-adulteration,simclr_cont60_ridge,10,26,-0.0112531679766818
evoo-adulteration,simclr_cont60_ridge,10,27,-0.0886167839808389
evoo-adulteration,simclr_cont60_ridge,10,28,-0.0291810140735582
evoo-adulteration,simclr_cont60_ridge,10,29,-0.0354499846352875
evoo-adulteration,simclr_cont60_ridge,20,0,-0.5264107682217352
evoo-adulteration,simclr_cont60_ridge,20,1,-1.4865972113997792
evoo-adulteration,simclr_cont60_ridge,20,2,-1.934116807417655
evoo-adulteration,simclr_cont60_ridge,20,3,-0.2152395101530717
evoo-adulteration,simclr_cont60_ridge,20,4,0.0201336919910072
evoo-adulteration,simclr_cont60_ridge,20,5,-0.1937697965079834
evoo-adulteration,simclr_cont60_ridge,20,6,-0.0327237274164273
evoo-adulteration,simclr_cont60_ridge,20,7,-1.7801509949959944
evoo-adulteration,simclr_cont60_ridge,20,8,-0.8639787524977982
evoo-adulteration,simclr_cont60_ridge,20,9,0.1189843937364087
evoo-adulteration,simclr_cont60_ridge,20,10,-0.2360968321914165
evoo-adulteration,simclr_cont60_ridge,20,11,0.0633935309836278
evoo-adulteration,simclr_cont60_ridge,20,12,-0.1235758731657825
evoo-adulteration,simclr_cont60_ridge,20,13,-0.6886394810251066
evoo-adulteration,simclr_cont60_ridge,20,14,-1.6691484547146729
evoo-adulteration,simclr_cont60_ridge,20,15,-0.1766755569548399
evoo-adulteration,simclr_cont60_ridge,20,16,0.2184503590473336
evoo-adulteration,simclr_cont60_ridge,20,17,-0.2083701868621292
evoo-adulteration,simclr_cont60_ridge,20,18,-0.1610310917617763
evoo-adulteration,simclr_cont60_ridge,20,19,-0.0697935578276935
evoo-adulteration,simclr_cont60_ridge,20,20,-0.0211417525194477
evoo-adulteration,simclr_cont60_ridge,20,21,-0.0016201680135281
evoo-adulteration,simclr_cont60_ridge,20,22,-3.9360936758727023
evoo-adulteration,simclr_cont60_ridge,20,23,-2.2891174990136784
evoo-adulteration,simclr_cont60_ridge,20,24,-1.498037191173911
evoo-adulteration,simclr_cont60_ridge,20,25,0.2352771285509848
evoo-adulteration,simclr_cont60_ridge,20,26,-13.306630457535304
evoo-adulteration,simclr_cont60_ridge,20,27,-0.2367179279623827
evoo-adulteration,simclr_cont60_ridge,20,28,0.1648137003366721
evoo-adulteration,simclr_cont60_ridge,20,29,0.1376909378647589
gasoline-octane,simclr_cont60_ridge,5,0,0.8733514097598205
gasoline-octane,simclr_cont60_ridge,5,1,0.788130711216873
gasoline-octane,simclr_cont60_ridge,5,2,0.5982487031184864
gasoline-octane,simclr_cont60_ridge,5,3,-0.0059445821837234
gasoline-octane,simclr_cont60_ridge,5,4,0.8667566624369905
gasoline-octane,simclr_cont60_ridge,5,5,0.8565844953941595
gasoline-octane,simclr_cont60_ridge,5,6,0.9639904255184744
gasoline-octane,simclr_cont60_ridge,5,7,0.4148996415725995
gasoline-octane,simclr_cont60_ridge,5,8,0.1594289865091472
gasoline-octane,simclr_cont60_ridge,5,9,0.8749197625860028
gasoline-octane,simclr_cont60_ridge,5,10,-0.0628108033487222
gasoline-octane,simclr_cont60_ridge,5,11,0.809202335079876
gasoline-octane,simclr_cont60_ridge,5,12,0.8060706871336437
gasoline-octane,simclr_cont60_ridge,5,13,0.7619670529716823
gasoline-octane,simclr_cont60_ridge,5,14,0.9416153740321036
gasoline-octane,simclr_cont60_ridge,5,15,0.260403214895279
gasoline-octane,simclr_cont60_ridge,5,16,0.6863708557143509
gasoline-octane,simclr_cont60_ridge,5,17,0.0282426205768774
gasoline-octane,simclr_cont60_ridge,5,18,-0.2546048408618739
gasoline-octane,simclr_cont60_ridge,5,19,0.8248760163993338
gasoline-octane,simclr_cont60_ridge,5,20,0.940080396014634
gasoline-octane,simclr_cont60_ridge,5,21,0.9056449917484204
gasoline-octane,simclr_cont60_ridge,5,22,0.1321783690620401
gasoline-octane,simclr_cont60_ridge,5,23,0.8370829018999395
gasoline-octane,simclr_cont60_ridge,5,24,0.8991009496764499
gasoline-octane,simclr_cont60_ridge,5,25,0.8406576059302505
gasoline-octane,simclr_cont60_ridge,5,26,0.5004149466904293
gasoline-octane,simclr_cont60_ridge,5,27,0.9071010040249357
gasoline-octane,simclr_cont60_ridge,5,28,0.8766212311456203
gasoline-octane,simclr_cont60_ridge,5,29,0.0101799350808102
gasoline-octane,simclr_cont60_ridge,10,0,-0.9639358457139198
gasoline-octane,simclr_cont60_ridge,10,1,0.722041993684894
gasoline-octane,simclr_cont60_ridge,10,2,0.9476224587161612
gasoline-octane,simclr_cont60_ridge,10,3,0.886949476513997
gasoline-octane,simclr_cont60_ridge,10,4,0.9561587004624336
gasoline-octane,simclr_cont60_ridge,10,5,0.7182816262262917
gasoline-octane,simclr_cont60_ridge,10,6,0.8724131007762082
gasoline-octane,simclr_cont60_ridge,10,7,0.9409335825535408
gasoline-octane,simclr_cont60_ridge,10,8,0.9524924143064316
gasoline-octane,simclr_cont60_ridge,10,9,0.9496204015844788
gasoline-octane,simclr_cont60_ridge,10,10,0.8845860494487393
gasoline-octane,simclr_cont60_ridge,10,11,0.7481286253200778
gasoline-octane,simclr_cont60_ridge,10,12,0.8201026335746535
gasoline-octane,simclr_cont60_ridge,10,13,0.2221492933910976
gasoline-octane,simclr_cont60_ridge,10,14,0.9286156651816144
gasoline-octane,simclr_cont60_ridge,10,15,0.9578008622363248
gasoline-octane,simclr_cont60_ridge,10,16,0.8913730675629812
gasoline-octane,simclr_cont60_ridge,10,17,0.9584738517163474
gasoline-octane,simclr_cont60_ridge,10,18,0.9557286044695076
gasoline-octane,simclr_cont60_ridge,10,19,0.9525252555507516
gasoline-octane,simclr_cont60_ridge,10,20,0.9589795160096763
gasoline-octane,simclr_cont60_ridge,10,21,0.5167336652873518
gasoline-octane,simclr_cont60_ridge,10,22,0.916082613623407
gasoline-octane,simclr_cont60_ridge,10,23,0.9052258781345728
gasoline-octane,simclr_cont60_ridge,10,24,0.9639892322367573
gasoline-octane,simclr_cont60_ridge,10,25,0.9029428215662596
gasoline-octane,simclr_cont60_ridge,10,26,0.946463676037432
gasoline-octane,simclr_cont60_ridge,10,27,0.9520089082367594
gasoline-octane,simclr_cont60_ridge,10,28,0.857671503869857
gasoline-octane,simclr_cont60_ridge,10,29,0.6318908420908558
gasoline-octane,simclr_cont60_ridge,20,0,0.9330091916752606
gasoline-octane,simclr_cont60_ridge,20,1,0.8506728212525962
gasoline-octane,simclr_cont60_ridge,20,2,0.9586067333303476
gasoline-octane,simclr_cont60_ridge,20,3,0.9571577050549354
gasoline-octane,simclr_cont60_ridge,20,4,0.9588750920923363
gasoline-octane,simclr_cont60_ridge,20,5,0.9135944178247656
gasoline-octane,simclr_cont60_ridge,20,6,0.7990476084193888
gasoline-octane,simclr_cont60_ridge,20,7,0.9508889312924445
gasoline-octane,simclr_cont60_ridge,20,8,0.940419079218142
gasoline-octane,simclr_cont60_ridge,20,9,0.9426002732990736
gasoline-octane,simclr_cont60_ridge,20,10,0.9606257736441004
gasoline-octane,simclr_cont60_ridge,20,11,0.9636558057044972
gasoline-octane,simclr_cont60_ridge,20,12,0.9462349814166816
gasoline-octane,simclr_cont60_ridge,20,13,0.9422481083462128
gasoline-octane,simclr_cont60_ridge,20,14,0.9634806709764836
gasoline-octane,simclr_cont60_ridge,20,15,0.916722839072764
gasoline-octane,simclr_cont60_ridge,20,16,0.7940496686226155
gasoline-octane,simclr_cont60_ridge,20,17,0.9597116293810092
gasoline-octane,simclr_cont60_ridge,20,18,0.9710326160740104
gasoline-octane,simclr_cont60_ridge,20,19,0.9526504599762028
gasoline-octane,simclr_cont60_ridge,20,20,0.8078548576077179
gasoline-octane,simclr_cont60_ridge,20,21,0.95021833312786
gasoline-octane,simclr_cont60_ridge,20,22,0.9558222216502712
gasoline-octane,simclr_cont60_ridge,20,23,0.9596245288467092
gasoline-octane,simclr_cont60_ridge,20,24,0.971892848888426
gasoline-octane,simclr_cont60_ridge,20,25,0.783049111455764
gasoline-octane,simclr_cont60_ridge,20,26,0.91604853884418
gasoline-octane,simclr_cont60_ridge,20,27,0.9345481413978308
gasoline-octane,simclr_cont60_ridge,20,28,0.95497663433363
gasoline-octane,simclr_cont60_ridge,20,29,0.9480555369417152
corn_m5-oil,simclr_ridge,5,0,-2.780903012637927
corn_m5-oil,simclr_ridge,5,1,-0.4030029437209608
corn_m5-oil,simclr_ridge,5,2,-0.4232580974660849
corn_m5-oil,simclr_ridge,5,3,-0.9625284712663886
corn_m5-oil,simclr_ridge,5,4,-1.1077826016689154
corn_m5-oil,simclr_ridge,5,5,-0.7741656541471647
corn_m5-oil,simclr_ridge,5,6,0.5871287950534126
corn_m5-oil,simclr_ridge,5,7,-0.4398520419989142
corn_m5-oil,simclr_ridge,5,8,-1.624958099240177
corn_m5-oil,simclr_ridge,5,9,-2.473527024697191
corn_m5-oil,simclr_ridge,5,10,-1.584432918480601
corn_m5-oil,simclr_ridge,5,11,-0.0621563388770523
corn_m5-oil,simclr_ridge,5,12,-0.0149216849134248
corn_m5-oil,simclr_ridge,5,13,0.0347219700359417
corn_m5-oil,simclr_ridge,5,14,-0.0608693003466973
corn_m5-oil,simclr_ridge,5,15,-2.7453578802568352
corn_m5-oil,simclr_ridge,5,16,-0.0952167237407177
corn_m5-oil,simclr_ridge,5,17,-1.357326576214827
corn_m5-oil,simclr_ridge,5,18,-1.0826073449129274
corn_m5-oil,simclr_ridge,5,19,-0.6368078133253354
corn_m5-oil,simclr_ridge,5,20,-0.3264774624657032
corn_m5-oil,simclr_ridge,5,21,-0.2897938166477947
corn_m5-oil,simclr_ridge,5,22,-0.8480954529470892
corn_m5-oil,simclr_ridge,5,23,-0.0078386912752552
corn_m5-oil,simclr_ridge,5,24,-0.3408269667473769
corn_m5-oil,simclr_ridge,5,25,-1.9528278694785488
corn_m5-oil,simclr_ridge,5,26,0.4194032848517918
corn_m5-oil,simclr_ridge,5,27,-0.6027372216782287
corn_m5-oil,simclr_ridge,5,28,-0.8995955872552468
corn_m5-oil,simclr_ridge,5,29,-0.6742088059246183
corn_m5-oil,simclr_ridge,10,0,0.1677812493774142
corn_m5-oil,simclr_ridge,10,1,0.4337599090646608
corn_m5-oil,simclr_ridge,10,2,-0.2058768545973262
corn_m5-oil,simclr_ridge,10,3,0.382887688039817
corn_m5-oil,simclr_ridge,10,4,-0.5370678753789437
corn_m5-oil,simclr_ridge,10,5,-0.021188254188162
corn_m5-oil,simclr_ridge,10,6,0.0747857569858583
corn_m5-oil,simclr_ridge,10,7,0.7190446129316667
corn_m5-oil,simclr_ridge,10,8,-0.2060838173699346
corn_m5-oil,simclr_ridge,10,9,0.1062975432509311
corn_m5-oil,simclr_ridge,10,10,-0.051355553449415
corn_m5-oil,simclr_ridge,10,11,-0.1012029473374751
corn_m5-oil,simclr_ridge,10,12,-0.0478309681169846
corn_m5-oil,simclr_ridge,10,13,0.5851772827571773
corn_m5-oil,simclr_ridge,10,14,0.0866563499133845
corn_m5-oil,simclr_ridge,10,15,-3.12032708290303
corn_m5-oil,simclr_ridge,10,16,0.3952622999954631
corn_m5-oil,simclr_ridge,10,17,0.2220206574987294
corn_m5-oil,simclr_ridge,10,18,0.3734102059478513
corn_m5-oil,simclr_ridge,10,19,0.3636286756620691
corn_m5-oil,simclr_ridge,10,20,0.0039352427842095
corn_m5-oil,simclr_ridge,10,21,-0.140892036785033
corn_m5-oil,simclr_ridge,10,22,0.0550637366156595
corn_m5-oil,simclr_ridge,10,23,0.5548316962992577
corn_m5-oil,simclr_ridge,10,24,-0.0416030910405154
corn_m5-oil,simclr_ridge,10,25,0.4587126884796703
corn_m5-oil,simclr_ridge,10,26,0.3644235549376012
corn_m5-oil,simclr_ridge,10,27,-0.1768425188880624
corn_m5-oil,simclr_ridge,10,28,0.0959661231876514
corn_m5-oil,simclr_ridge,10,29,0.0213595940545143
corn_m5-oil,simclr_ridge,20,0,0.3950456047772978
corn_m5-oil,simclr_ridge,20,1,0.4910270195916951
corn_m5-oil,simclr_ridge,20,2,0.0231934846381456
corn_m5-oil,simclr_ridge,20,3,0.1663715643812762
corn_m5-oil,simclr_ridge,20,4,0.607393996780073
corn_m5-oil,simclr_ridge,20,5,0.7005842813378196
corn_m5-oil,simclr_ridge,20,6,0.6555965589039447
corn_m5-oil,simclr_ridge,20,7,0.2002406377916208
corn_m5-oil,simclr_ridge,20,8,0.6499143148075072
corn_m5-oil,simclr_ridge,20,9,0.4738395044185045
corn_m5-oil,simclr_ridge,20,10,0.5729915477892145
corn_m5-oil,simclr_ridge,20,11,0.6054034141327242
corn_m5-oil,simclr_ridge,20,12,0.2466399958242069
corn_m5-oil,simclr_ridge,20,13,0.2869807071524066
corn_m5-oil,simclr_ridge,20,14,0.6862579401433849
corn_m5-oil,simclr_ridge,20,15,0.6655945247949933
corn_m5-oil,simclr_ridge,20,16,-0.0040002995334698
corn_m5-oil,simclr_ridge,20,17,0.4970571244947028
corn_m5-oil,simclr_ridge,20,18,0.7126152637961874
corn_m5-oil,simclr_ridge,20,19,0.4278700123690018
corn_m5-oil,simclr_ridge,20,20,-0.99239090244331
corn_m5-oil,simclr_ridge,20,21,0.6417740541130466
corn_m5-oil,simclr_ridge,20,22,0.4548694168342421
corn_m5-oil,simclr_ridge,20,23,0.4988623596274049
corn_m5-oil,simclr_ridge,20,24,0.4718062035983
corn_m5-oil,simclr_ridge,20,25,0.6654462164899817
corn_m5-oil,simclr_ridge,20,26,0.1796535572512927
corn_m5-oil,simclr_ridge,20,27,0.5272036466237836
corn_m5-oil,simclr_ridge,20,28,-0.181009221893686
corn_m5-oil,simclr_ridge,20,29,0.7189752923242994
corn_m5-protein,simclr_ridge,5,0,0.2589786272717687
corn_m5-protein,simclr_ridge,5,1,0.0171739145850162
corn_m5-protein,simclr_ridge,5,2,0.025823698173274
corn_m5-protein,simclr_ridge,5,3,0.1068404907134884
corn_m5-protein,simclr_ridge,5,4,-0.9289704315580414
corn_m5-protein,simclr_ridge,5,5,0.0179917543524038
corn_m5-protein,simclr_ridge,5,6,0.0484543325584243
corn_m5-protein,simclr_ridge,5,7,0.069945541952652
corn_m5-protein,simclr_ridge,5,8,-0.1371686941144676
corn_m5-protein,simclr_ridge,5,9,-1.2090550551569486
corn_m5-protein,simclr_ridge,5,10,0.0307217228256713
corn_m5-protein,simclr_ridge,5,11,-0.0280760556466157
corn_m5-protein,simclr_ridge,5,12,0.0704486333134054
corn_m5-protein,simclr_ridge,5,13,0.0462854602683148
corn_m5-protein,simclr_ridge,5,14,-0.3352420472031161
corn_m5-protein,simclr_ridge,5,15,-3.3672121315108807
corn_m5-protein,simclr_ridge,5,16,-0.0684527215829782
corn_m5-protein,simclr_ridge,5,17,-1.178333910158027
corn_m5-protein,simclr_ridge,5,18,-0.6552852002187899
corn_m5-protein,simclr_ridge,5,19,-0.5908419021300959
corn_m5-protein,simclr_ridge,5,20,-0.5892345685487714
corn_m5-protein,simclr_ridge,5,21,-3.109085804920354
corn_m5-protein,simclr_ridge,5,22,-0.023545976616057
corn_m5-protein,simclr_ridge,5,23,-0.4054592490569788
corn_m5-protein,simclr_ridge,5,24,-0.0034894739714732
corn_m5-protein,simclr_ridge,5,25,-0.020034975536632
corn_m5-protein,simclr_ridge,5,26,-1.2066974172688043
corn_m5-protein,simclr_ridge,5,27,-0.2310054692996834
corn_m5-protein,simclr_ridge,5,28,-0.5187532455993846
corn_m5-protein,simclr_ridge,5,29,-0.5092615120214317
corn_m5-protein,simclr_ridge,10,0,0.07493649937423
corn_m5-protein,simclr_ridge,10,1,0.2174114070676909
corn_m5-protein,simclr_ridge,10,2,0.307722090269256
corn_m5-protein,simclr_ridge,10,3,-0.3062024562793184
corn_m5-protein,simclr_ridge,10,4,-0.7323725670642971
corn_m5-protein,simclr_ridge,10,5,0.0902635139489123
corn_m5-protein,simclr_ridge,10,6,-0.8933442240862586
corn_m5-protein,simclr_ridge,10,7,-0.2080023108260638
corn_m5-protein,simclr_ridge,10,8,0.1155955669454207
corn_m5-protein,simclr_ridge,10,9,-0.0337941679379329
corn_m5-protein,simclr_ridge,10,10,-0.0948012292073767
corn_m5-protein,simclr_ridge,10,11,0.3374099066400137
corn_m5-protein,simclr_ridge,10,12,-0.1438507093461301
corn_m5-protein,simclr_ridge,10,13,0.2126651318717967
corn_m5-protein,simclr_ridge,10,14,-0.4590696018086901
corn_m5-protein,simclr_ridge,10,15,-0.0911492899160122
corn_m5-protein,simclr_ridge,10,16,-0.1515075352137544
corn_m5-protein,simclr_ridge,10,17,-0.4588924009651329
corn_m5-protein,simclr_ridge,10,18,-0.4755506624519854
corn_m5-protein,simclr_ridge,10,19,0.4109882148720252
corn_m5-protein,simclr_ridge,10,20,-0.3532038152716219
corn_m5-protein,simclr_ridge,10,21,-0.5518792359506566
corn_m5-protein,simclr_ridge,10,22,-0.0239730014014041
corn_m5-protein,simclr_ridge,10,23,0.086175648811376
corn_m5-protein,simclr_ridge,10,24,0.3475882044558926
corn_m5-protein,simclr_ridge,10,25,0.4381229527842299
corn_m5-protein,simclr_ridge,10,26,0.351421533603289
corn_m5-protein,simclr_ridge,10,27,0.1220962392620729
corn_m5-protein,simclr_ridge,10,28,0.4102701324053789
corn_m5-protein,simclr_ridge,10,29,0.3100062929685162
corn_m5-protein,simclr_ridge,20,0,0.8268802458651713
corn_m5-protein,simclr_ridge,20,1,0.6000994792547452
corn_m5-protein,simclr_ridge,20,2,0.519564242710568
corn_m5-protein,simclr_ridge,20,3,0.7220770262494711
corn_m5-protein,simclr_ridge,20,4,0.7268294147268093
corn_m5-protein,simclr_ridge,20,5,0.725656838904629
corn_m5-protein,simclr_ridge,20,6,0.5877212567436603
corn_m5-protein,simclr_ridge,20,7,0.5046915755073099
corn_m5-protein,simclr_ridge,20,8,0.7229529550518932
corn_m5-protein,simclr_ridge,20,9,0.7175309758208303
corn_m5-protein,simclr_ridge,20,10,0.609392887024337
corn_m5-protein,simclr_ridge,20,11,0.7344310335202822
corn_m5-protein,simclr_ridge,20,12,0.150055495383835
corn_m5-protein,simclr_ridge,20,13,0.7501969263188217
corn_m5-protein,simclr_ridge,20,14,0.822753520633968
corn_m5-protein,simclr_ridge,20,15,0.3236320362194818
corn_m5-protein,simclr_ridge,20,16,0.5841235847339663
corn_m5-protein,simclr_ridge,20,17,0.5320482111805395
corn_m5-protein,simclr_ridge,20,18,0.6127238715854749
corn_m5-protein,simclr_ridge,20,19,0.726058575667307
corn_m5-protein,simclr_ridge,20,20,0.3355329537111292
corn_m5-protein,simclr_ridge,20,21,0.8130116297161828
corn_m5-protein,simclr_ridge,20,22,0.8152883429241997
corn_m5-protein,simclr_ridge,20,23,0.4073807436964847
corn_m5-protein,simclr_ridge,20,24,0.6206412685415297
corn_m5-protein,simclr_ridge,20,25,-0.6148716964429841
corn_m5-protein,simclr_ridge,20,26,-2.9406737548601347
corn_m5-protein,simclr_ridge,20,27,0.8219934081906901
corn_m5-protein,simclr_ridge,20,28,0.8354098885552448
corn_m5-protein,simclr_ridge,20,29,0.2977293806760566
diesel-BP50,simclr_ridge,5,0,-1.7671655759117837
diesel-BP50,simclr_ridge,5,1,-0.1746266500386561
diesel-BP50,simclr_ridge,5,2,0.0292961527836971
diesel-BP50,simclr_ridge,5,3,-0.5206142142609531
diesel-BP50,simclr_ridge,5,4,-0.0156322029103133
diesel-BP50,simclr_ridge,5,5,-3.489005994005521
diesel-BP50,simclr_ridge,5,6,0.0215044064140285
diesel-BP50,simclr_ridge,5,7,-0.0070669374948453
diesel-BP50,simclr_ridge,5,8,-0.2137338698478434
diesel-BP50,simclr_ridge,5,9,-0.4750537265313701
diesel-BP50,simclr_ridge,5,10,-0.1366951758848484
diesel-BP50,simclr_ridge,5,11,-2.088545423893595
diesel-BP50,simclr_ridge,5,12,0.2016245850113427
diesel-BP50,simclr_ridge,5,13,-1.1846084192773674
diesel-BP50,simclr_ridge,5,14,-0.2399515263656073
diesel-BP50,simclr_ridge,5,15,0.0045595010675202
diesel-BP50,simclr_ridge,5,16,-1.7626208208168794
diesel-BP50,simclr_ridge,5,17,-0.5336308999856134
diesel-BP50,simclr_ridge,5,18,-0.6886110612593037
diesel-BP50,simclr_ridge,5,19,-0.0889520987778873
diesel-BP50,simclr_ridge,5,20,-2.6947003613763774
diesel-BP50,simclr_ridge,5,21,-2.5755505573234982
diesel-BP50,simclr_ridge,5,22,-0.766898510882327
diesel-BP50,simclr_ridge,5,23,-2.0716947391858445
diesel-BP50,simclr_ridge,5,24,-0.5039087849461235
diesel-BP50,simclr_ridge,5,25,-0.1001952685110312
diesel-BP50,simclr_ridge,5,26,-1.4141569987289988
diesel-BP50,simclr_ridge,5,27,-0.2833661224620791
diesel-BP50,simclr_ridge,5,28,0.1103707019738318
diesel-BP50,simclr_ridge,5,29,-0.3248553066208433
diesel-BP50,simclr_ridge,10,0,-1.0220119467641675
diesel-BP50,simclr_ridge,10,1,-0.0151139536480637
diesel-BP50,simclr_ridge,10,2,-0.0521855748018258
diesel-BP50,simclr_ridge,10,3,0.5883818778343859
diesel-BP50,simclr_ridge,10,4,-0.3885278908809406
diesel-BP50,simclr_ridge,10,5,-0.2195516289297727
diesel-BP50,simclr_ridge,10,6,0.012184454851045
diesel-BP50,simclr_ridge,10,7,0.4371281607323261
diesel-BP50,simclr_ridge,10,8,0.1736717943602935
diesel-BP50,simclr_ridge,10,9,0.075316247148808
diesel-BP50,simclr_ridge,10,10,0.3904302806730837
diesel-BP50,simclr_ridge,10,11,-0.4784095364796408
diesel-BP50,simclr_ridge,10,12,0.5023048492218545
diesel-BP50,simclr_ridge,10,13,0.4767337848950991
diesel-BP50,simclr_ridge,10,14,-0.1632748153746448
diesel-BP50,simclr_ridge,10,15,0.2236029823761202
diesel-BP50,simclr_ridge,10,16,0.2383939659600302
diesel-BP50,simclr_ridge,10,17,0.2327664787255685
diesel-BP50,simclr_ridge,10,18,-0.1043721054671484
diesel-BP50,simclr_ridge,10,19,-0.3339074615398594
diesel-BP50,simclr_ridge,10,20,-0.2084705727963616
diesel-BP50,simclr_ridge,10,21,0.2295245477778439
diesel-BP50,simclr_ridge,10,22,0.6756449185330966
diesel-BP50,simclr_ridge,10,23,-0.2294207305990718
diesel-BP50,simclr_ridge,10,24,-2.296306947562169
diesel-BP50,simclr_ridge,10,25,-0.0253864714636078
diesel-BP50,simclr_ridge,10,26,0.0379214569091834
diesel-BP50,simclr_ridge,10,27,0.4315740282460826
diesel-BP50,simclr_ridge,10,28,-0.1247466418722362
diesel-BP50,simclr_ridge,10,29,0.5559182015852235
diesel-BP50,simclr_ridge,20,0,0.1359727127366651
diesel-BP50,simclr_ridge,20,1,0.6563913852295082
diesel-BP50,simclr_ridge,20,2,-1.0404771236417307
diesel-BP50,simclr_ridge,20,3,-0.1692455981673499
diesel-BP50,simclr_ridge,20,4,0.4074745644413765
diesel-BP50,simclr_ridge,20,5,0.5331634654518925
diesel-BP50,simclr_ridge,20,6,0.6522373310061746
diesel-BP50,simclr_ridge,20,7,0.2821844271351962
diesel-BP50,simclr_ridge,20,8,0.4766720633627818
diesel-BP50,simclr_ridge,20,9,0.482707459434133
diesel-BP50,simclr_ridge,20,10,0.6258445144993676
diesel-BP50,simclr_ridge,20,11,0.0499596642079467
diesel-BP50,simclr_ridge,20,12,0.1215160567768266
diesel-BP50,simclr_ridge,20,13,0.5848041193626654
diesel-BP50,simclr_ridge,20,14,0.5350962537533919
diesel-BP50,simclr_ridge,20,15,0.0368688785252093
diesel-BP50,simclr_ridge,20,16,0.6019379335856279
diesel-BP50,simclr_ridge,20,17,0.4188465052928437
diesel-BP50,simclr_ridge,20,18,0.5195485957916601
diesel-BP50,simclr_ridge,20,19,0.6843620446789377
diesel-BP50,simclr_ridge,20,20,0.3608620873100807
diesel-BP50,simclr_ridge,20,21,-0.1397733766806101
diesel-BP50,simclr_ridge,20,22,0.5041159359958738
diesel-BP50,simclr_ridge,20,23,0.2879479611252984
diesel-BP50,simclr_ridge,20,24,-0.0132714219310161
diesel-BP50,simclr_ridge,20,25,0.4891128460511128
diesel-BP50,simclr_ridge,20,26,0.5933769132643276
diesel-BP50,simclr_ridge,20,27,0.5859968023656719
diesel-BP50,simclr_ridge,20,28,0.5606828916129966
diesel-BP50,simclr_ridge,20,29,0.5393850342918955
diesel-CN,simclr_ridge,5,0,-0.1617139044424138
diesel-CN,simclr_ridge,5,1,0.0145404342331018
diesel-CN,simclr_ridge,5,2,0.0953975025769855
diesel-CN,simclr_ridge,5,3,0.2885913765158556
diesel-CN,simclr_ridge,5,4,0.2933938431035947
diesel-CN,simclr_ridge,5,5,0.1705781775463106
diesel-CN,simclr_ridge,5,6,0.0378063872252344
diesel-CN,simclr_ridge,5,7,-4.321310829964081
diesel-CN,simclr_ridge,5,8,-4.968689547289977
diesel-CN,simclr_ridge,5,9,0.3876973157070726
diesel-CN,simclr_ridge,5,10,-0.5543465057629406
diesel-CN,simclr_ridge,5,11,-0.0336237158521417
diesel-CN,simclr_ridge,5,12,-0.3069759438396708
diesel-CN,simclr_ridge,5,13,0.4172320474394887
diesel-CN,simclr_ridge,5,14,0.1042626666837991
diesel-CN,simclr_ridge,5,15,-0.0332063751965601
diesel-CN,simclr_ridge,5,16,-0.0293938489114904
diesel-CN,simclr_ridge,5,17,-0.2433474774669619
diesel-CN,simclr_ridge,5,18,-0.161319074695756
diesel-CN,simclr_ridge,5,19,0.2979923794147835
diesel-CN,simclr_ridge,5,20,0.1463899443580925
diesel-CN,simclr_ridge,5,21,0.4406994707508295
diesel-CN,simclr_ridge,5,22,0.0385356299570788
diesel-CN,simclr_ridge,5,23,0.1997817257659289
diesel-CN,simclr_ridge,5,24,-0.0744946921812026
diesel-CN,simclr_ridge,5,25,0.1919131657839746
diesel-CN,simclr_ridge,5,26,0.3842395217517846
diesel-CN,simclr_ridge,5,27,0.394746562532736
diesel-CN,simclr_ridge,5,28,0.1308232726187653
diesel-CN,simclr_ridge,5,29,-0.4305170682012953
diesel-CN,simclr_ridge,10,0,-0.6117711900375116
diesel-CN,simclr_ridge,10,1,0.3447850638181723
diesel-CN,simclr_ridge,10,2,-0.0747330204288532
diesel-CN,simclr_ridge,10,3,0.1973739296095552
diesel-CN,simclr_ridge,10,4,0.3351347974398854
diesel-CN,simclr_ridge,10,5,0.020377690892137
diesel-CN,simclr_ridge,10,6,0.101848562343335
diesel-CN,simclr_ridge,10,7,0.2501101971941274
diesel-CN,simclr_ridge,10,8,0.4290144854891212
diesel-CN,simclr_ridge,10,9,0.2587074676260775
diesel-CN,simclr_ridge,10,10,0.2358885154574491
diesel-CN,simclr_ridge,10,11,-1.260108230975049
diesel-CN,simclr_ridge,10,12,-0.065849213736125
diesel-CN,simclr_ridge,10,13,0.1256311366268269
diesel-CN,simclr_ridge,10,14,0.2088795229732222
diesel-CN,simclr_ridge,10,15,0.0677193165055926
diesel-CN,simclr_ridge,10,16,-0.3084421677319127
diesel-CN,simclr_ridge,10,17,-1.2503018673516184
diesel-CN,simclr_ridge,10,18,0.2349207172109878
diesel-CN,simclr_ridge,10,19,-0.0595451450692869
diesel-CN,simclr_ridge,10,20,0.263700245727697
diesel-CN,simclr_ridge,10,21,0.2812356966665392
diesel-CN,simclr_ridge,10,22,-7.344092735102645
diesel-CN,simclr_ridge,10,23,0.1865340935065282
diesel-CN,simclr_ridge,10,24,0.0308028915815311
diesel-CN,simclr_ridge,10,25,0.3132538500142582
diesel-CN,simclr_ridge,10,26,0.3202927662962416
diesel-CN,simclr_ridge,10,27,0.2350805813075143
diesel-CN,simclr_ridge,10,28,-0.0115335813695693
diesel-CN,simclr_ridge,10,29,-0.1295207904459538
diesel-CN,simclr_ridge,20,0,-0.2759924290372053
diesel-CN,simclr_ridge,20,1,0.1137480549377014
diesel-CN,simclr_ridge,20,2,0.3465406307732047
diesel-CN,simclr_ridge,20,3,0.4188150216149606
diesel-CN,simclr_ridge,20,4,0.0942434047622479
diesel-CN,simclr_ridge,20,5,0.3065237919705201
diesel-CN,simclr_ridge,20,6,0.2690317302911049
diesel-CN,simclr_ridge,20,7,0.0378097926370906
diesel-CN,simclr_ridge,20,8,0.4226189769897513
diesel-CN,simclr_ridge,20,9,0.3728601500776888
diesel-CN,simclr_ridge,20,10,-0.0073228512674443
diesel-CN,simclr_ridge,20,11,0.3831597843519939
diesel-CN,simclr_ridge,20,12,0.1882060801787382
diesel-CN,simclr_ridge,20,13,-0.3200370030323434
diesel-CN,simclr_ridge,20,14,-1.0303228249475014
diesel-CN,simclr_ridge,20,15,0.4617563315673336
diesel-CN,simclr_ridge,20,16,-0.0144263375945241
diesel-CN,simclr_ridge,20,17,0.1483779846249264
diesel-CN,simclr_ridge,20,18,0.3093987103760236
diesel-CN,simclr_ridge,20,19,0.4073722723352934
diesel-CN,simclr_ridge,20,20,-0.0002703872324554
diesel-CN,simclr_ridge,20,21,0.356852800011044
diesel-CN,simclr_ridge,20,22,0.3624281398024056
diesel-CN,simclr_ridge,20,23,0.4746211978030097
diesel-CN,simclr_ridge,20,24,0.4690616535851138
diesel-CN,simclr_ridge,20,25,0.399918937691017
diesel-CN,simclr_ridge,20,26,0.1746913170212995
diesel-CN,simclr_ridge,20,27,0.383180019973371
diesel-CN,simclr_ridge,20,28,0.3860998960954735
diesel-CN,simclr_ridge,20,29,0.3820057498805822
diesel-D4052,simclr_ridge,5,0,-0.0451136523785309
diesel-D4052,simclr_ridge,5,1,-2.0365829428566147
diesel-D4052,simclr_ridge,5,2,-0.9293228134396184
diesel-D4052,simclr_ridge,5,3,0.1898120141905444
diesel-D4052,simclr_ridge,5,4,0.2234625327524715
diesel-D4052,simclr_ridge,5,5,-1.4167977218166223
diesel-D4052,simclr_ridge,5,6,-1.968009446857033
diesel-D4052,simclr_ridge,5,7,-0.7665476962870263
diesel-D4052,simclr_ridge,5,8,-0.1653516367530982
diesel-D4052,simclr_ridge,5,9,0.0073331895045121
diesel-D4052,simclr_ridge,5,10,0.1699892999406119
diesel-D4052,simclr_ridge,5,11,-0.0576403800462399
diesel-D4052,simclr_ridge,5,12,-0.1531792586871132
diesel-D4052,simclr_ridge,5,13,-0.3675090853415779
diesel-D4052,simclr_ridge,5,14,0.1957736118413613
diesel-D4052,simclr_ridge,5,15,-1.8866585165418952
diesel-D4052,simclr_ridge,5,16,-0.1558553400642559
diesel-D4052,simclr_ridge,5,17,-1.1542075060119317
diesel-D4052,simclr_ridge,5,18,0.0359928251925455
diesel-D4052,simclr_ridge,5,19,-5.700914361944691
diesel-D4052,simclr_ridge,5,20,-0.6608598691770446
diesel-D4052,simclr_ridge,5,21,0.2840636627668693
diesel-D4052,simclr_ridge,5,22,0.3182102560698586
diesel-D4052,simclr_ridge,5,23,-0.2925174295647723
diesel-D4052,simclr_ridge,5,24,-0.1883749977116189
diesel-D4052,simclr_ridge,5,25,-0.2620955125466595
diesel-D4052,simclr_ridge,5,26,0.0036195236495948
diesel-D4052,simclr_ridge,5,27,0.0508826730345681
diesel-D4052,simclr_ridge,5,28,-0.3124825211599722
diesel-D4052,simclr_ridge,5,29,0.2779954625503509
diesel-D4052,simclr_ridge,10,0,0.696661763910623
diesel-D4052,simclr_ridge,10,1,0.5680895501949916
diesel-D4052,simclr_ridge,10,2,0.6500944152330332
diesel-D4052,simclr_ridge,10,3,0.5625928889131426
diesel-D4052,simclr_ridge,10,4,0.0168355681380579
diesel-D4052,simclr_ridge,10,5,0.4109383320597135
diesel-D4052,simclr_ridge,10,6,0.3021694982882188
diesel-D4052,simclr_ridge,10,7,0.4186102236527574
diesel-D4052,simclr_ridge,10,8,-0.3842214852182311
diesel-D4052,simclr_ridge,10,9,0.614102208544371
diesel-D4052,simclr_ridge,10,10,0.2238530685037066
diesel-D4052,simclr_ridge,10,11,0.0462699945620164
diesel-D4052,simclr_ridge,10,12,0.6755750457652441
diesel-D4052,simclr_ridge,10,13,0.2114324160562946
diesel-D4052,simclr_ridge,10,14,0.1932005910902202
diesel-D4052,simclr_ridge,10,15,0.0032118640338031
diesel-D4052,simclr_ridge,10,16,0.6652035234206147
diesel-D4052,simclr_ridge,10,17,0.6857404957400113
diesel-D4052,simclr_ridge,10,18,0.3454439605057318
diesel-D4052,simclr_ridge,10,19,0.2176228189536543
diesel-D4052,simclr_ridge,10,20,0.2157063669229082
diesel-D4052,simclr_ridge,10,21,0.0372788772519281
diesel-D4052,simclr_ridge,10,22,0.6739167245592027
diesel-D4052,simclr_ridge,10,23,0.2854847965729932
diesel-D4052,simclr_ridge,10,24,0.4724113528244711
diesel-D4052,simclr_ridge,10,25,0.29010348274683
diesel-D4052,simclr_ridge,10,26,0.1970639281525434
diesel-D4052,simclr_ridge,10,27,0.2240402201483108
diesel-D4052,simclr_ridge,10,28,0.5162261121407564
diesel-D4052,simclr_ridge,10,29,0.2010329029532039
diesel-D4052,simclr_ridge,20,0,0.657327199149764
diesel-D4052,simclr_ridge,20,1,0.6765182132836656
diesel-D4052,simclr_ridge,20,2,0.4963345381605621
diesel-D4052,simclr_ridge,20,3,0.7543375276558231
diesel-D4052,simclr_ridge,20,4,0.7440836087755398
diesel-D4052,simclr_ridge,20,5,0.5913293397915182
diesel-D4052,simclr_ridge,20,6,0.3267486405229878
diesel-D4052,simclr_ridge,20,7,0.681068070549538
diesel-D4052,simclr_ridge,20,8,0.4318592395539223
diesel-D4052,simclr_ridge,20,9,0.4788894315081436
diesel-D4052,simclr_ridge,20,10,0.3458981967344194
diesel-D4052,simclr_ridge,20,11,0.7575488303809582
diesel-D4052,simclr_ridge,20,12,0.599011352142205
diesel-D4052,simclr_ridge,20,13,0.6478494512048381
diesel-D4052,simclr_ridge,20,14,0.8235506220504851
diesel-D4052,simclr_ridge,20,15,0.63275653538694
diesel-D4052,simclr_ridge,20,16,0.439455132801914
diesel-D4052,simclr_ridge,20,17,0.4879939599281111
diesel-D4052,simclr_ridge,20,18,0.710344702173467
diesel-D4052,simclr_ridge,20,19,0.6802378609478332
diesel-D4052,simclr_ridge,20,20,0.5614176433319755
diesel-D4052,simclr_ridge,20,21,0.3023553365378423
diesel-D4052,simclr_ridge,20,22,0.0831123065511667
diesel-D4052,simclr_ridge,20,23,0.6745839151218521
diesel-D4052,simclr_ridge,20,24,0.7209801464810472
diesel-D4052,simclr_ridge,20,25,0.524986707026535
diesel-D4052,simclr_ridge,20,26,0.7773446830468017
diesel-D4052,simclr_ridge,20,27,0.0866033556738035
diesel-D4052,simclr_ridge,20,28,0.7391422308940848
diesel-D4052,simclr_ridge,20,29,0.3176122181598937
diesel-FLASH,simclr_ridge,5,0,-2.6261400803238426
diesel-FLASH,simclr_ridge,5,1,-0.968633362032684
diesel-FLASH,simclr_ridge,5,2,-0.1117623329818682
diesel-FLASH,simclr_ridge,5,3,-0.2964852088961742
diesel-FLASH,simclr_ridge,5,4,-0.7631492420345478
diesel-FLASH,simclr_ridge,5,5,-0.8352244201567451
diesel-FLASH,simclr_ridge,5,6,-0.5010245191253604
diesel-FLASH,simclr_ridge,5,7,-8.341731869000089
diesel-FLASH,simclr_ridge,5,8,-0.1040628079788341
diesel-FLASH,simclr_ridge,5,9,-0.206125866068104
diesel-FLASH,simclr_ridge,5,10,-2.633235438080286
diesel-FLASH,simclr_ridge,5,11,-0.065688306560117
diesel-FLASH,simclr_ridge,5,12,0.0019961536738879
diesel-FLASH,simclr_ridge,5,13,-2.305682892867885
diesel-FLASH,simclr_ridge,5,14,-0.038412735237064
diesel-FLASH,simclr_ridge,5,15,-1.7327603207503883
diesel-FLASH,simclr_ridge,5,16,-1.7956082573113648
diesel-FLASH,simclr_ridge,5,17,-0.0466736644933931
diesel-FLASH,simclr_ridge,5,18,-0.5669652101462466
diesel-FLASH,simclr_ridge,5,19,-0.3077141914418009
diesel-FLASH,simclr_ridge,5,20,-0.0038656465109536
diesel-FLASH,simclr_ridge,5,21,-0.6094078412931976
diesel-FLASH,simclr_ridge,5,22,-1.2297842985433314
diesel-FLASH,simclr_ridge,5,23,-0.1597135113889172
diesel-FLASH,simclr_ridge,5,24,-1.017406311333792
diesel-FLASH,simclr_ridge,5,25,-0.2639497057179063
diesel-FLASH,simclr_ridge,5,26,-0.5353633089356491
diesel-FLASH,simclr_ridge,5,27,-0.351160998091262
diesel-FLASH,simclr_ridge,5,28,-0.1696545678948384
diesel-FLASH,simclr_ridge,5,29,-0.0037157511321161
diesel-FLASH,simclr_ridge,10,0,-0.3463884619120345
diesel-FLASH,simclr_ridge,10,1,-0.0310562957063946
diesel-FLASH,simclr_ridge,10,2,-0.8755176175827752
diesel-FLASH,simclr_ridge,10,3,-0.0077158922097189
diesel-FLASH,simclr_ridge,10,4,-0.0912299578159381
diesel-FLASH,simclr_ridge,10,5,-0.1992375772904979
diesel-FLASH,simclr_ridge,10,6,-0.220522569507753
diesel-FLASH,simclr_ridge,10,7,0.0027441871194102
diesel-FLASH,simclr_ridge,10,8,-0.7559432678852638
diesel-FLASH,simclr_ridge,10,9,-0.0471197696219318
diesel-FLASH,simclr_ridge,10,10,0.0762630177369874
diesel-FLASH,simclr_ridge,10,11,-0.0849802927824523
diesel-FLASH,simclr_ridge,10,12,-0.2193589436992813
diesel-FLASH,simclr_ridge,10,13,-0.0331115097052292
diesel-FLASH,simclr_ridge,10,14,-0.0669207255837955
diesel-FLASH,simclr_ridge,10,15,-0.3201175291799687
diesel-FLASH,simclr_ridge,10,16,-0.1628257743593393
diesel-FLASH,simclr_ridge,10,17,-1.5037561539256037
diesel-FLASH,simclr_ridge,10,18,-0.118062421571935
diesel-FLASH,simclr_ridge,10,19,0.0168318370028651
diesel-FLASH,simclr_ridge,10,20,-3.4582092424083983
diesel-FLASH,simclr_ridge,10,21,-0.5508724979424617
diesel-FLASH,simclr_ridge,10,22,0.0293246981488018
diesel-FLASH,simclr_ridge,10,23,0.0062281709147425
diesel-FLASH,simclr_ridge,10,24,-3.798609683281161
diesel-FLASH,simclr_ridge,10,25,-1.1077923185291372
diesel-FLASH,simclr_ridge,10,26,-0.0328128680028427
diesel-FLASH,simclr_ridge,10,27,-0.0751112449276958
diesel-FLASH,simclr_ridge,10,28,-0.7105828093885418
diesel-FLASH,simclr_ridge,10,29,-0.5173780400242227
diesel-FLASH,simclr_ridge,20,0,-0.0745549371502187
diesel-FLASH,simclr_ridge,20,1,0.076010191770123
diesel-FLASH,simclr_ridge,20,2,0.0585711705583588
diesel-FLASH,simclr_ridge,20,3,-5.437275138206762
diesel-FLASH,simclr_ridge,20,4,0.0105232005245767
diesel-FLASH,simclr_ridge,20,5,0.095956788340582
diesel-FLASH,simclr_ridge,20,6,-0.1288226113410604
diesel-FLASH,simclr_ridge,20,7,-0.1167519262639296
diesel-FLASH,simclr_ridge,20,8,-0.0761992894318976
diesel-FLASH,simclr_ridge,20,9,-0.5693444449601399
diesel-FLASH,simclr_ridge,20,10,-0.1243695094212697
diesel-FLASH,simclr_ridge,20,11,-0.4370613394100793
diesel-FLASH,simclr_ridge,20,12,0.0404766607944825
diesel-FLASH,simclr_ridge,20,13,0.2058737337280233
diesel-FLASH,simclr_ridge,20,14,-0.0421981569903651
diesel-FLASH,simclr_ridge,20,15,0.1448842020449637
diesel-FLASH,simclr_ridge,20,16,0.0066708545732354
diesel-FLASH,simclr_ridge,20,17,0.1639276054387706
diesel-FLASH,simclr_ridge,20,18,-1.6224175570120145
diesel-FLASH,simclr_ridge,20,19,0.2206887141004602
diesel-FLASH,simclr_ridge,20,20,-0.093412592633618
diesel-FLASH,simclr_ridge,20,21,-0.1512639465564029
diesel-FLASH,simclr_ridge,20,22,-1.1606899523381695
diesel-FLASH,simclr_ridge,20,23,-0.1394512906088048
diesel-FLASH,simclr_ridge,20,24,0.0203486314296987
diesel-FLASH,simclr_ridge,20,25,-0.1378200978816324
diesel-FLASH,simclr_ridge,20,26,-0.0311740006728153
diesel-FLASH,simclr_ridge,20,27,0.006846957900719
diesel-FLASH,simclr_ridge,20,28,-0.0123000610459003
diesel-FLASH,simclr_ridge,20,29,-0.1618767767826523
diesel-FREEZE,simclr_ridge,5,0,-0.5585892695645021
diesel-FREEZE,simclr_ridge,5,1,-0.0003714843725011
diesel-FREEZE,simclr_ridge,5,2,-0.2267787829598238
diesel-FREEZE,simclr_ridge,5,3,0.1122905602539526
diesel-FREEZE,simclr_ridge,5,4,-0.2248057196990449
diesel-FREEZE,simclr_ridge,5,5,-6.454965960396865
diesel-FREEZE,simclr_ridge,5,6,-0.0587606559677624
diesel-FREEZE,simclr_ridge,5,7,-0.2233402701666516
diesel-FREEZE,simclr_ridge,5,8,-2.2389691444633595
diesel-FREEZE,simclr_ridge,5,9,-0.9817672511616288
diesel-FREEZE,simclr_ridge,5,10,-1.0912584100443
diesel-FREEZE,simclr_ridge,5,11,-1.4929874273340138
diesel-FREEZE,simclr_ridge,5,12,-1.0801686431388946
diesel-FREEZE,simclr_ridge,5,13,-0.1343340185904384
diesel-FREEZE,simclr_ridge,5,14,0.1233915178307007
diesel-FREEZE,simclr_ridge,5,15,-0.11222066862438
diesel-FREEZE,simclr_ridge,5,16,-0.0342379882549592
diesel-FREEZE,simclr_ridge,5,17,-1.359298040970801
diesel-FREEZE,simclr_ridge,5,18,0.0330985983092216
diesel-FREEZE,simclr_ridge,5,19,-1.9757193001543167
diesel-FREEZE,simclr_ridge,5,20,-0.6791183073825191
diesel-FREEZE,simclr_ridge,5,21,0.1843435894544784
diesel-FREEZE,simclr_ridge,5,22,-0.1173345351539338
diesel-FREEZE,simclr_ridge,5,23,-0.1789737749156681
diesel-FREEZE,simclr_ridge,5,24,-0.0262237738422015
diesel-FREEZE,simclr_ridge,5,25,0.1627791074761726
diesel-FREEZE,simclr_ridge,5,26,-0.7521445586004574
diesel-FREEZE,simclr_ridge,5,27,0.1273198336881554
diesel-FREEZE,simclr_ridge,5,28,-0.3880617864751021
diesel-FREEZE,simclr_ridge,5,29,-0.0454655713046607
diesel-FREEZE,simclr_ridge,10,0,0.4713226877479276
diesel-FREEZE,simclr_ridge,10,1,-0.4658804985626203
diesel-FREEZE,simclr_ridge,10,2,0.0155675203846384
diesel-FREEZE,simclr_ridge,10,3,-1.169323171936587
diesel-FREEZE,simclr_ridge,10,4,-0.2365853684709533
diesel-FREEZE,simclr_ridge,10,5,0.1122612846458145
diesel-FREEZE,simclr_ridge,10,6,-0.0947393643001732
diesel-FREEZE,simclr_ridge,10,7,-1.1002220687188085
diesel-FREEZE,simclr_ridge,10,8,0.1463925171491223
diesel-FREEZE,simclr_ridge,10,9,0.1937681390429351
diesel-FREEZE,simclr_ridge,10,10,0.1950858477890021
diesel-FREEZE,simclr_ridge,10,11,0.0590080258160854
diesel-FREEZE,simclr_ridge,10,12,0.1114734584952223
diesel-FREEZE,simclr_ridge,10,13,-0.014462482793295
diesel-FREEZE,simclr_ridge,10,14,-0.1639932197005111
diesel-FREEZE,simclr_ridge,10,15,-0.0836251317723539
diesel-FREEZE,simclr_ridge,10,16,-0.0688393037369912
diesel-FREEZE,simclr_ridge,10,17,0.4660909441320925
diesel-FREEZE,simclr_ridge,10,18,0.0367006736444733
diesel-FREEZE,simclr_ridge,10,19,-0.0419281073223396
diesel-FREEZE,simclr_ridge,10,20,-0.2130580711777037
diesel-FREEZE,simclr_ridge,10,21,0.4380577648008137
diesel-FREEZE,simclr_ridge,10,22,0.0269432913275824
diesel-FREEZE,simclr_ridge,10,23,0.3519282278930661
diesel-FREEZE,simclr_ridge,10,24,-1.2628495847543395
diesel-FREEZE,simclr_ridge,10,25,0.4317655029443262
diesel-FREEZE,simclr_ridge,10,26,0.0197030261632402
diesel-FREEZE,simclr_ridge,10,27,0.0630118334234464
diesel-FREEZE,simclr_ridge,10,28,0.3006869658832136
diesel-FREEZE,simclr_ridge,10,29,-0.3733518913473617
diesel-FREEZE,simclr_ridge,20,0,0.5475741791950128
diesel-FREEZE,simclr_ridge,20,1,0.6761603840857392
diesel-FREEZE,simclr_ridge,20,2,-0.0092277243404876
diesel-FREEZE,simclr_ridge,20,3,-0.0232906988628638
diesel-FREEZE,simclr_ridge,20,4,0.2859357433672476
diesel-FREEZE,simclr_ridge,20,5,0.4343095220104924
diesel-FREEZE,simclr_ridge,20,6,0.5294279474812437
diesel-FREEZE,simclr_ridge,20,7,0.1511423486940829
diesel-FREEZE,simclr_ridge,20,8,0.2956106314746901
diesel-FREEZE,simclr_ridge,20,9,0.4685273502937882
diesel-FREEZE,simclr_ridge,20,10,0.0721597901311497
diesel-FREEZE,simclr_ridge,20,11,-0.0781911113363686
diesel-FREEZE,simclr_ridge,20,12,0.3097785598803212
diesel-FREEZE,simclr_ridge,20,13,0.4097085206520028
diesel-FREEZE,simclr_ridge,20,14,0.4331366937276379
diesel-FREEZE,simclr_ridge,20,15,0.4878532543157839
diesel-FREEZE,simclr_ridge,20,16,0.5327016457625209
diesel-FREEZE,simclr_ridge,20,17,0.6375959836194011
diesel-FREEZE,simclr_ridge,20,18,0.5757210620025535
diesel-FREEZE,simclr_ridge,20,19,0.508199318583507
diesel-FREEZE,simclr_ridge,20,20,0.5528729195141858
diesel-FREEZE,simclr_ridge,20,21,0.3634180248782974
diesel-FREEZE,simclr_ridge,20,22,0.6486730995862016
diesel-FREEZE,simclr_ridge,20,23,0.4294731507780837
diesel-FREEZE,simclr_ridge,20,24,0.3538827416649456
diesel-FREEZE,simclr_ridge,20,25,-0.5636756224363211
diesel-FREEZE,simclr_ridge,20,26,0.4312770071300944
diesel-FREEZE,simclr_ridge,20,27,0.452245146903111
diesel-FREEZE,simclr_ridge,20,28,0.0004600882221752
diesel-FREEZE,simclr_ridge,20,29,0.4953002853410748
diesel-TOTAL,simclr_ridge,5,0,0.8352663947575214
diesel-TOTAL,simclr_ridge,5,1,0.1041881890494201
diesel-TOTAL,simclr_ridge,5,2,0.7223979336939018
diesel-TOTAL,simclr_ridge,5,3,0.3581872291941022
diesel-TOTAL,simclr_ridge,5,4,0.7822993139382475
diesel-TOTAL,simclr_ridge,5,5,0.6809307803178817
diesel-TOTAL,simclr_ridge,5,6,0.3901607356960338
diesel-TOTAL,simclr_ridge,5,7,0.6241505413826802
diesel-TOTAL,simclr_ridge,5,8,0.6951644680701141
diesel-TOTAL,simclr_ridge,5,9,-2.474887006710264
diesel-TOTAL,simclr_ridge,5,10,0.6938624252430975
diesel-TOTAL,simclr_ridge,5,11,0.3590202317391531
diesel-TOTAL,simclr_ridge,5,12,0.802778227115574
diesel-TOTAL,simclr_ridge,5,13,-0.4722456804256936
diesel-TOTAL,simclr_ridge,5,14,0.7617987515011764
diesel-TOTAL,simclr_ridge,5,15,0.6401028362648647
diesel-TOTAL,simclr_ridge,5,16,-1.7941636115798665
diesel-TOTAL,simclr_ridge,5,17,0.6715093821633578
diesel-TOTAL,simclr_ridge,5,18,0.4455486357253154
diesel-TOTAL,simclr_ridge,5,19,0.775996183773756
diesel-TOTAL,simclr_ridge,5,20,0.671735713950057
diesel-TOTAL,simclr_ridge,5,21,0.7041933897434616
diesel-TOTAL,simclr_ridge,5,22,0.4772255808188423
diesel-TOTAL,simclr_ridge,5,23,0.6051749279339695
diesel-TOTAL,simclr_ridge,5,24,-0.3761728047748753
diesel-TOTAL,simclr_ridge,5,25,0.5326338486590927
diesel-TOTAL,simclr_ridge,5,26,0.7800090858644826
diesel-TOTAL,simclr_ridge,5,27,-0.2367101257178987
diesel-TOTAL,simclr_ridge,5,28,0.6945153898140096
diesel-TOTAL,simclr_ridge,5,29,0.5830656972347809
diesel-TOTAL,simclr_ridge,10,0,0.5545582730449723
diesel-TOTAL,simclr_ridge,10,1,0.7253463789295612
diesel-TOTAL,simclr_ridge,10,2,0.7557728844117508
diesel-TOTAL,simclr_ridge,10,3,0.638681618899198
diesel-TOTAL,simclr_ridge,10,4,0.7744181501245756
diesel-TOTAL,simclr_ridge,10,5,0.747090584262975
diesel-TOTAL,simclr_ridge,10,6,0.7004212827914953
diesel-TOTAL,simclr_ridge,10,7,0.7995547296240101
diesel-TOTAL,simclr_ridge,10,8,0.8036618876077405
diesel-TOTAL,simclr_ridge,10,9,0.7357503604030888
diesel-TOTAL,simclr_ridge,10,10,0.8455173866770331
diesel-TOTAL,simclr_ridge,10,11,0.6355996245376034
diesel-TOTAL,simclr_ridge,10,12,0.8395279936615954
diesel-TOTAL,simclr_ridge,10,13,0.126937512236645
diesel-TOTAL,simclr_ridge,10,14,0.7886518778887059
diesel-TOTAL,simclr_ridge,10,15,0.6599912493340961
diesel-TOTAL,simclr_ridge,10,16,-2.121281426216104
diesel-TOTAL,simclr_ridge,10,17,0.7346107839669129
diesel-TOTAL,simclr_ridge,10,18,0.7896537528405967
diesel-TOTAL,simclr_ridge,10,19,0.7292351695443268
diesel-TOTAL,simclr_ridge,10,20,0.7013242393623993
diesel-TOTAL,simclr_ridge,10,21,0.8406763938667651
diesel-TOTAL,simclr_ridge,10,22,0.6017043090937515
diesel-TOTAL,simclr_ridge,10,23,0.839010958491758
diesel-TOTAL,simclr_ridge,10,24,0.5083654118980209
diesel-TOTAL,simclr_ridge,10,25,0.8400283512822471
diesel-TOTAL,simclr_ridge,10,26,0.8253054753291192
diesel-TOTAL,simclr_ridge,10,27,0.8125683092819382
diesel-TOTAL,simclr_ridge,10,28,0.7204721913521601
diesel-TOTAL,simclr_ridge,10,29,0.2915519391802328
diesel-TOTAL,simclr_ridge,20,0,0.7874133320330817
diesel-TOTAL,simclr_ridge,20,1,0.8842443055643063
diesel-TOTAL,simclr_ridge,20,2,0.9300191257312086
diesel-TOTAL,simclr_ridge,20,3,0.899534474624127
diesel-TOTAL,simclr_ridge,20,4,0.8012105157770335
diesel-TOTAL,simclr_ridge,20,5,0.7245844019652135
diesel-TOTAL,simclr_ridge,20,6,0.8207803878875963
diesel-TOTAL,simclr_ridge,20,7,0.8214227041791307
diesel-TOTAL,simclr_ridge,20,8,0.8423025390286355
diesel-TOTAL,simclr_ridge,20,9,0.8463293124370783
diesel-TOTAL,simclr_ridge,20,10,0.9029577712087292
diesel-TOTAL,simclr_ridge,20,11,0.838064444158513
diesel-TOTAL,simclr_ridge,20,12,0.9164872552421094
diesel-TOTAL,simclr_ridge,20,13,0.8389994308659112
diesel-TOTAL,simclr_ridge,20,14,0.8834244510680088
diesel-TOTAL,simclr_ridge,20,15,0.8873660685816062
diesel-TOTAL,simclr_ridge,20,16,0.8385271768811657
diesel-TOTAL,simclr_ridge,20,17,0.906066059291042
diesel-TOTAL,simclr_ridge,20,18,0.8591444210465304
diesel-TOTAL,simclr_ridge,20,19,0.8310996996605844
diesel-TOTAL,simclr_ridge,20,20,0.8211986086197768
diesel-TOTAL,simclr_ridge,20,21,0.8321922660069146
diesel-TOTAL,simclr_ridge,20,22,0.8250198574293006
diesel-TOTAL,simclr_ridge,20,23,0.8687179422033162
diesel-TOTAL,simclr_ridge,20,24,0.8944402981810882
diesel-TOTAL,simclr_ridge,20,25,0.8480911090027469
diesel-TOTAL,simclr_ridge,20,26,0.8424087332943289
diesel-TOTAL,simclr_ridge,20,27,0.9121964801430514
diesel-TOTAL,simclr_ridge,20,28,0.8967327910922867
diesel-TOTAL,simclr_ridge,20,29,0.8809187026732238
diesel-VISC,simclr_ridge,5,0,-0.9395266099654872
diesel-VISC,simclr_ridge,5,1,-0.8177887829320201
diesel-VISC,simclr_ridge,5,2,-2.174911885040526
diesel-VISC,simclr_ridge,5,3,-22.871886120801808
diesel-VISC,simclr_ridge,5,4,-2.009703011221309
diesel-VISC,simclr_ridge,5,5,-0.0206834727589366
diesel-VISC,simclr_ridge,5,6,-0.596953648459803
diesel-VISC,simclr_ridge,5,7,-4.708962779249557
diesel-VISC,simclr_ridge,5,8,-0.2075848898070391
diesel-VISC,simclr_ridge,5,9,-1.370246847504999
diesel-VISC,simclr_ridge,5,10,-0.9142123436416152
diesel-VISC,simclr_ridge,5,11,-0.0752928623001241
diesel-VISC,simclr_ridge,5,12,-1.0541419874127147
diesel-VISC,simclr_ridge,5,13,-1.7284087180522874
diesel-VISC,simclr_ridge,5,14,-0.2482270462762712
diesel-VISC,simclr_ridge,5,15,-0.1233800373599427
diesel-VISC,simclr_ridge,5,16,-1.0180306702478914
diesel-VISC,simclr_ridge,5,17,-1.8907618330445204
diesel-VISC,simclr_ridge,5,18,-1.582400003693896
diesel-VISC,simclr_ridge,5,19,-0.86529011069712
diesel-VISC,simclr_ridge,5,20,-1.153197864441962
diesel-VISC,simclr_ridge,5,21,-0.6125545171663189
diesel-VISC,simclr_ridge,5,22,-1.0853947850591965
diesel-VISC,simclr_ridge,5,23,-0.9275496662676774
diesel-VISC,simclr_ridge,5,24,-1.0682350329842816
diesel-VISC,simclr_ridge,5,25,0.0065634471527804
diesel-VISC,simclr_ridge,5,26,-0.1384970424410159
diesel-VISC,simclr_ridge,5,27,-1.073656282619015
diesel-VISC,simclr_ridge,5,28,-0.0408957195056998
diesel-VISC,simclr_ridge,5,29,0.0004689301751312
diesel-VISC,simclr_ridge,10,0,0.3318744894544763
diesel-VISC,simclr_ridge,10,1,0.0009890348185419
diesel-VISC,simclr_ridge,10,2,-0.0116884446256322
diesel-VISC,simclr_ridge,10,3,-1.3448158522049083
diesel-VISC,simclr_ridge,10,4,-0.256262700950024
diesel-VISC,simclr_ridge,10,5,-0.0758455835194049
diesel-VISC,simclr_ridge,10,6,-0.1714915913036805
diesel-VISC,simclr_ridge,10,7,-0.2969869799358666
diesel-VISC,simclr_ridge,10,8,0.3577411642035547
diesel-VISC,simclr_ridge,10,9,-0.923297160522303
diesel-VISC,simclr_ridge,10,10,-0.1878906139777816
diesel-VISC,simclr_ridge,10,11,0.249578052318211
diesel-VISC,simclr_ridge,10,12,-0.2268188747793398
diesel-VISC,simclr_ridge,10,13,-0.0271385368426742
diesel-VISC,simclr_ridge,10,14,0.0962290955526162
diesel-VISC,simclr_ridge,10,15,-0.4841397912948095
diesel-VISC,simclr_ridge,10,16,-0.2250732402193485
diesel-VISC,simclr_ridge,10,17,0.3889320878577595
diesel-VISC,simclr_ridge,10,18,0.4455477237770375
diesel-VISC,simclr_ridge,10,19,0.0226480924376523
diesel-VISC,simclr_ridge,10,20,-0.0519817492679974
diesel-VISC,simclr_ridge,10,21,0.52791739716928
diesel-VISC,simclr_ridge,10,22,-0.0547961522686089
diesel-VISC,simclr_ridge,10,23,-0.1518032674235783
diesel-VISC,simclr_ridge,10,24,-0.4213974825566309
diesel-VISC,simclr_ridge,10,25,-1.121594427808021
diesel-VISC,simclr_ridge,10,26,-1.7375791254948263
diesel-VISC,simclr_ridge,10,27,0.5980435017747338
diesel-VISC,simclr_ridge,10,28,0.5759914103796759
diesel-VISC,simclr_ridge,10,29,0.4756294633876774
diesel-VISC,simclr_ridge,20,0,0.5985107588691828
diesel-VISC,simclr_ridge,20,1,0.5606471640632203
diesel-VISC,simclr_ridge,20,2,0.0405209096086413
diesel-VISC,simclr_ridge,20,3,0.5637584758345542
diesel-VISC,simclr_ridge,20,4,0.686797287406212
diesel-VISC,simclr_ridge,20,5,0.5122054436880124
diesel-VISC,simclr_ridge,20,6,0.5634922778259677
diesel-VISC,simclr_ridge,20,7,-0.3388236481296272
diesel-VISC,simclr_ridge,20,8,0.3074589257302017
diesel-VISC,simclr_ridge,20,9,0.5272295396693029
diesel-VISC,simclr_ridge,20,10,-0.0910252529992055
diesel-VISC,simclr_ridge,20,11,0.350814315331601
diesel-VISC,simclr_ridge,20,12,0.4983492776389344
diesel-VISC,simclr_ridge,20,13,0.5970147075114279
diesel-VISC,simclr_ridge,20,14,0.6472347145444908
diesel-VISC,simclr_ridge,20,15,0.5449602593320103
diesel-VISC,simclr_ridge,20,16,0.5992756414170985
diesel-VISC,simclr_ridge,20,17,0.3577503614061788
diesel-VISC,simclr_ridge,20,18,-0.8401819318680717
diesel-VISC,simclr_ridge,20,19,0.4937579500806216
diesel-VISC,simclr_ridge,20,20,0.6949259394598266
diesel-VISC,simclr_ridge,20,21,0.569119284342666
diesel-VISC,simclr_ridge,20,22,0.3574575794561869
diesel-VISC,simclr_ridge,20,23,0.4608099067552244
diesel-VISC,simclr_ridge,20,24,0.4269747475433907
diesel-VISC,simclr_ridge,20,25,0.6713479075493172
diesel-VISC,simclr_ridge,20,26,0.4302522751238847
diesel-VISC,simclr_ridge,20,27,-0.0191341233476256
diesel-VISC,simclr_ridge,20,28,-0.2855429522097941
diesel-VISC,simclr_ridge,20,29,0.6128799824828047
evoo-adulteration,simclr_ridge,5,0,-0.2009490813270029
evoo-adulteration,simclr_ridge,5,1,0.0006563570575401
evoo-adulteration,simclr_ridge,5,2,-0.2952070522969128
evoo-adulteration,simclr_ridge,5,3,-0.3158951497621733
evoo-adulteration,simclr_ridge,5,4,-0.2819768209065432
evoo-adulteration,simclr_ridge,5,5,-0.624678006675639
evoo-adulteration,simclr_ridge,5,6,-0.1974643904737429
evoo-adulteration,simclr_ridge,5,7,-0.3356198453986998
evoo-adulteration,simclr_ridge,5,8,-1.3797520861042898
evoo-adulteration,simclr_ridge,5,9,-1.952451470179612
evoo-adulteration,simclr_ridge,5,10,0.124181813424873
evoo-adulteration,simclr_ridge,5,11,-0.4959046500221375
evoo-adulteration,simclr_ridge,5,12,-0.0472190307415367
evoo-adulteration,simclr_ridge,5,13,-1.212518667741679
evoo-adulteration,simclr_ridge,5,14,-8.60381315497585
evoo-adulteration,simclr_ridge,5,15,0.0987345059268784
evoo-adulteration,simclr_ridge,5,16,-0.0988467709979403
evoo-adulteration,simclr_ridge,5,17,-0.2441715377016722
evoo-adulteration,simclr_ridge,5,18,-0.0362749225962657
evoo-adulteration,simclr_ridge,5,19,-0.6860135591319396
evoo-adulteration,simclr_ridge,5,20,-0.0461281331610194
evoo-adulteration,simclr_ridge,5,21,0.0038568024109539
evoo-adulteration,simclr_ridge,5,22,-0.007848434467268
evoo-adulteration,simclr_ridge,5,23,-0.2943700531180964
evoo-adulteration,simclr_ridge,5,24,-0.0313342985574029
evoo-adulteration,simclr_ridge,5,25,0.0146388556492438
evoo-adulteration,simclr_ridge,5,26,0.0140552778203512
evoo-adulteration,simclr_ridge,5,27,-0.5937452933392691
evoo-adulteration,simclr_ridge,5,28,-0.92061010361754
evoo-adulteration,simclr_ridge,5,29,-0.8152033681516857
evoo-adulteration,simclr_ridge,10,0,-0.0023428696153238
evoo-adulteration,simclr_ridge,10,1,-0.1097855135479326
evoo-adulteration,simclr_ridge,10,2,-0.1076581481360821
evoo-adulteration,simclr_ridge,10,3,0.0044612048080268
evoo-adulteration,simclr_ridge,10,4,-0.9976540774607598
evoo-adulteration,simclr_ridge,10,5,-0.5687997141376147
evoo-adulteration,simclr_ridge,10,6,-1.7594580965366249
evoo-adulteration,simclr_ridge,10,7,-0.2809874265300855
evoo-adulteration,simclr_ridge,10,8,0.0073901443058327
evoo-adulteration,simclr_ridge,10,9,-0.2438167327301725
evoo-adulteration,simclr_ridge,10,10,-1.4778636551877713
evoo-adulteration,simclr_ridge,10,11,-0.5146921703496445
evoo-adulteration,simclr_ridge,10,12,-0.0169214174261844
evoo-adulteration,simclr_ridge,10,13,-0.9670599516398846
evoo-adulteration,simclr_ridge,10,14,-0.1015169969261908
evoo-adulteration,simclr_ridge,10,15,-0.1494191899905907
evoo-adulteration,simclr_ridge,10,16,-0.1202453633434683
evoo-adulteration,simclr_ridge,10,17,-7.746924335826714
evoo-adulteration,simclr_ridge,10,18,0.1770948192114377
evoo-adulteration,simclr_ridge,10,19,-1.379286691432775
evoo-adulteration,simclr_ridge,10,20,0.0860207748027288
evoo-adulteration,simclr_ridge,10,21,-0.1274184378349681
evoo-adulteration,simclr_ridge,10,22,-0.1560449055390327
evoo-adulteration,simclr_ridge,10,23,-0.4276272079051588
evoo-adulteration,simclr_ridge,10,24,-0.4269257699217876
evoo-adulteration,simclr_ridge,10,25,-0.2382110383375784
evoo-adulteration,simclr_ridge,10,26,-0.0104977003769717
evoo-adulteration,simclr_ridge,10,27,-0.0570023829700694
evoo-adulteration,simclr_ridge,10,28,-0.0283655322946465
evoo-adulteration,simclr_ridge,10,29,-0.1072402157689831
evoo-adulteration,simclr_ridge,20,0,-0.0916549908510311
evoo-adulteration,simclr_ridge,20,1,-1.2736084850195053
evoo-adulteration,simclr_ridge,20,2,-2.233069664641277
evoo-adulteration,simclr_ridge,20,3,-0.1137235679550094
evoo-adulteration,simclr_ridge,20,4,0.147625217781825
evoo-adulteration,simclr_ridge,20,5,-0.0322337333974211
evoo-adulteration,simclr_ridge,20,6,-0.028582169315874
evoo-adulteration,simclr_ridge,20,7,-0.1783433318545078
evoo-adulteration,simclr_ridge,20,8,0.0732135014101876
evoo-adulteration,simclr_ridge,20,9,0.1088568982231639
evoo-adulteration,simclr_ridge,20,10,-1.0785152253442982
evoo-adulteration,simclr_ridge,20,11,0.0018481289789791
evoo-adulteration,simclr_ridge,20,12,-0.1038617402504249
evoo-adulteration,simclr_ridge,20,13,0.2533865191933212
evoo-adulteration,simclr_ridge,20,14,-0.6003830962105507
evoo-adulteration,simclr_ridge,20,15,0.0008987744934335
evoo-adulteration,simclr_ridge,20,16,0.2383923334125243
evoo-adulteration,simclr_ridge,20,17,-7.485278065383881
evoo-adulteration,simclr_ridge,20,18,-0.2098925112932406
evoo-adulteration,simclr_ridge,20,19,-0.0884830422726434
evoo-adulteration,simclr_ridge,20,20,-0.0257320383041097
evoo-adulteration,simclr_ridge,20,21,-0.0075211995747976
evoo-adulteration,simclr_ridge,20,22,-6.223211517489861
evoo-adulteration,simclr_ridge,20,23,-0.2381357912642445
evoo-adulteration,simclr_ridge,20,24,0.0155619587271674
evoo-adulteration,simclr_ridge,20,25,0.2585966003849896
evoo-adulteration,simclr_ridge,20,26,-4.918253669047203
evoo-adulteration,simclr_ridge,20,27,0.0296626131724425
evoo-adulteration,simclr_ridge,20,28,0.1553993624288173
evoo-adulteration,simclr_ridge,20,29,0.1442662948137062
gasoline-octane,simclr_ridge,5,0,0.8717935510459546
gasoline-octane,simclr_ridge,5,1,0.83086862077391
gasoline-octane,simclr_ridge,5,2,0.7169145063238478
gasoline-octane,simclr_ridge,5,3,-0.0081362399072255
gasoline-octane,simclr_ridge,5,4,0.9254961854556
gasoline-octane,simclr_ridge,5,5,0.9108343938321573
gasoline-octane,simclr_ridge,5,6,0.8685533822198541
gasoline-octane,simclr_ridge,5,7,0.4195564723790612
gasoline-octane,simclr_ridge,5,8,0.2982167642456238
gasoline-octane,simclr_ridge,5,9,-0.3167618696839622
gasoline-octane,simclr_ridge,5,10,-0.0671971746927115
gasoline-octane,simclr_ridge,5,11,0.4796633048955214
gasoline-octane,simclr_ridge,5,12,0.8857339235330957
gasoline-octane,simclr_ridge,5,13,0.2145120532993634
gasoline-octane,simclr_ridge,5,14,0.8283632830692844
gasoline-octane,simclr_ridge,5,15,0.4012169917030095
gasoline-octane,simclr_ridge,5,16,0.7033058192450734
gasoline-octane,simclr_ridge,5,17,0.5944219200308518
gasoline-octane,simclr_ridge,5,18,-0.1192110562425643
gasoline-octane,simclr_ridge,5,19,0.90531989432778
gasoline-octane,simclr_ridge,5,20,0.9361009504931734
gasoline-octane,simclr_ridge,5,21,-0.007446581925383
gasoline-octane,simclr_ridge,5,22,0.3830966331700125
gasoline-octane,simclr_ridge,5,23,0.8377192799429559
gasoline-octane,simclr_ridge,5,24,0.8141965044236252
gasoline-octane,simclr_ridge,5,25,0.2059059370404804
gasoline-octane,simclr_ridge,5,26,0.9307305986615918
gasoline-octane,simclr_ridge,5,27,0.230246027291996
gasoline-octane,simclr_ridge,5,28,0.8733302381241113
gasoline-octane,simclr_ridge,5,29,0.0026757741036457
gasoline-octane,simclr_ridge,10,0,0.7558629866697697
gasoline-octane,simclr_ridge,10,1,0.8431854544882074
gasoline-octane,simclr_ridge,10,2,0.7186906650421202
gasoline-octane,simclr_ridge,10,3,0.8529517852867696
gasoline-octane,simclr_ridge,10,4,0.8989718937622354
gasoline-octane,simclr_ridge,10,5,0.4434299316223109
gasoline-octane,simclr_ridge,10,6,0.8931172705239168
gasoline-octane,simclr_ridge,10,7,0.9033316781474756
gasoline-octane,simclr_ridge,10,8,0.9128907228725632
gasoline-octane,simclr_ridge,10,9,0.9269555516015248
gasoline-octane,simclr_ridge,10,10,0.0108582396356605
gasoline-octane,simclr_ridge,10,11,0.5494553866708722
gasoline-octane,simclr_ridge,10,12,0.8356106906988712
gasoline-octane,simclr_ridge,10,13,0.0082758745452237
gasoline-octane,simclr_ridge,10,14,0.913417474561574
gasoline-octane,simclr_ridge,10,15,0.9181429153306148
gasoline-octane,simclr_ridge,10,16,0.6739099711104807
gasoline-octane,simclr_ridge,10,17,0.9462562761011252
gasoline-octane,simclr_ridge,10,18,0.9115488860190092
gasoline-octane,simclr_ridge,10,19,0.9112438773072712
gasoline-octane,simclr_ridge,10,20,0.9495148900227056
gasoline-octane,simclr_ridge,10,21,0.8350083721185255
gasoline-octane,simclr_ridge,10,22,0.9056767029445092
gasoline-octane,simclr_ridge,10,23,0.8929886813770808
gasoline-octane,simclr_ridge,10,24,0.7898572155571426
gasoline-octane,simclr_ridge,10,25,0.9117646934002288
gasoline-octane,simclr_ridge,10,26,0.9014455105395588
gasoline-octane,simclr_ridge,10,27,0.9154625812014188
gasoline-octane,simclr_ridge,10,28,0.9159574312121864
gasoline-octane,simclr_ridge,10,29,0.6281205132832057
gasoline-octane,simclr_ridge,20,0,0.922613786978414
gasoline-octane,simclr_ridge,20,1,0.8972486985213848
gasoline-octane,simclr_ridge,20,2,0.9654758584611044
gasoline-octane,simclr_ridge,20,3,0.9147731718547628
gasoline-octane,simclr_ridge,20,4,0.9347856961488236
gasoline-octane,simclr_ridge,20,5,0.8375774550431642
gasoline-octane,simclr_ridge,20,6,-4.384170304530025
gasoline-octane,simclr_ridge,20,7,0.9403951627068508
gasoline-octane,simclr_ridge,20,8,0.9329106333265458
gasoline-octane,simclr_ridge,20,9,0.7516056820717522
gasoline-octane,simclr_ridge,20,10,0.8960162986299005
gasoline-octane,simclr_ridge,20,11,0.924548714037298
gasoline-octane,simclr_ridge,20,12,0.9246317772884576
gasoline-octane,simclr_ridge,20,13,0.9420496538902652
gasoline-octane,simclr_ridge,20,14,0.9388037935084472
gasoline-octane,simclr_ridge,20,15,0.5584598864393651
gasoline-octane,simclr_ridge,20,16,0.4987825696538032
gasoline-octane,simclr_ridge,20,17,0.9481347510813556
gasoline-octane,simclr_ridge,20,18,0.8461817611330784
gasoline-octane,simclr_ridge,20,19,0.9387192014707214
gasoline-octane,simclr_ridge,20,20,0.4358938404253615
gasoline-octane,simclr_ridge,20,21,0.943437914274176
gasoline-octane,simclr_ridge,20,22,0.937450948204435
gasoline-octane,simclr_ridge,20,23,0.9448966868327628
gasoline-octane,simclr_ridge,20,24,0.952624984313978
gasoline-octane,simclr_ridge,20,25,0.7871886438275122
gasoline-octane,simclr_ridge,20,26,0.8993556160483138
gasoline-octane,simclr_ridge,20,27,0.9100623776939958
gasoline-octane,simclr_ridge,20,28,0.9514091587184416
gasoline-octane,simclr_ridge,20,29,0.9258581297621352
corn_m5-oil,simclr_scratch60_ridge,5,0,-1.4418388639985085
corn_m5-oil,simclr_scratch60_ridge,5,1,-0.7404431674353318
corn_m5-oil,simclr_scratch60_ridge,5,2,-0.5008846100603683
corn_m5-oil,simclr_scratch60_ridge,5,3,-0.9378441250968124
corn_m5-oil,simclr_scratch60_ridge,5,4,-1.2333832389081834
corn_m5-oil,simclr_scratch60_ridge,5,5,-1.0469667065763502
corn_m5-oil,simclr_scratch60_ridge,5,6,-0.0059899819191961
corn_m5-oil,simclr_scratch60_ridge,5,7,-0.4409014551069012
corn_m5-oil,simclr_scratch60_ridge,5,8,-1.1838277752005215
corn_m5-oil,simclr_scratch60_ridge,5,9,-0.1155342231205625
corn_m5-oil,simclr_scratch60_ridge,5,10,-4.439516843506064
corn_m5-oil,simclr_scratch60_ridge,5,11,-0.0618875487706733
corn_m5-oil,simclr_scratch60_ridge,5,12,-0.0189519318406354
corn_m5-oil,simclr_scratch60_ridge,5,13,0.0149563834021294
corn_m5-oil,simclr_scratch60_ridge,5,14,-0.6037000769072562
corn_m5-oil,simclr_scratch60_ridge,5,15,-0.549259975174027
corn_m5-oil,simclr_scratch60_ridge,5,16,-0.6709795416747435
corn_m5-oil,simclr_scratch60_ridge,5,17,-0.7585906234411977
corn_m5-oil,simclr_scratch60_ridge,5,18,-0.0781549426080929
corn_m5-oil,simclr_scratch60_ridge,5,19,-0.4715990011474269
corn_m5-oil,simclr_scratch60_ridge,5,20,-0.3870130965799228
corn_m5-oil,simclr_scratch60_ridge,5,21,-0.6715107908989542
corn_m5-oil,simclr_scratch60_ridge,5,22,-0.5152940586002028
corn_m5-oil,simclr_scratch60_ridge,5,23,-12.86344997365969
corn_m5-oil,simclr_scratch60_ridge,5,24,-1.6953686921286506
corn_m5-oil,simclr_scratch60_ridge,5,25,-2.112206961360215
corn_m5-oil,simclr_scratch60_ridge,5,26,0.3805360593761766
corn_m5-oil,simclr_scratch60_ridge,5,27,-1.288481034428386
corn_m5-oil,simclr_scratch60_ridge,5,28,-0.2365302433740264
corn_m5-oil,simclr_scratch60_ridge,5,29,-1.6706795797925214
corn_m5-oil,simclr_scratch60_ridge,10,0,0.2921078424893596
corn_m5-oil,simclr_scratch60_ridge,10,1,0.2374379601203442
corn_m5-oil,simclr_scratch60_ridge,10,2,-0.3345989678687191
corn_m5-oil,simclr_scratch60_ridge,10,3,0.2856694517265341
corn_m5-oil,simclr_scratch60_ridge,10,4,0.3693549732181014
corn_m5-oil,simclr_scratch60_ridge,10,5,-0.036963266541957
corn_m5-oil,simclr_scratch60_ridge,10,6,-0.3731289284638985
corn_m5-oil,simclr_scratch60_ridge,10,7,0.1638313338033987
corn_m5-oil,simclr_scratch60_ridge,10,8,-0.1131620388695664
corn_m5-oil,simclr_scratch60_ridge,10,9,-0.1211328287348922
corn_m5-oil,simclr_scratch60_ridge,10,10,-0.1898296577963336
corn_m5-oil,simclr_scratch60_ridge,10,11,-0.5935166630657882
corn_m5-oil,simclr_scratch60_ridge,10,12,-0.1543756032297352
corn_m5-oil,simclr_scratch60_ridge,10,13,0.4733862242719231
corn_m5-oil,simclr_scratch60_ridge,10,14,-0.2638271428859833
corn_m5-oil,simclr_scratch60_ridge,10,15,-2.04280382243281
corn_m5-oil,simclr_scratch60_ridge,10,16,0.1629718903870012
corn_m5-oil,simclr_scratch60_ridge,10,17,0.0823615634447744
corn_m5-oil,simclr_scratch60_ridge,10,18,-0.3792180239173195
corn_m5-oil,simclr_scratch60_ridge,10,19,-0.520452558740373
corn_m5-oil,simclr_scratch60_ridge,10,20,-0.3846494337039619
corn_m5-oil,simclr_scratch60_ridge,10,21,-0.1408605658923374
corn_m5-oil,simclr_scratch60_ridge,10,22,0.1289377193541755
corn_m5-oil,simclr_scratch60_ridge,10,23,0.5041456295509856
corn_m5-oil,simclr_scratch60_ridge,10,24,-0.6922874025577315
corn_m5-oil,simclr_scratch60_ridge,10,25,0.2828740389126427
corn_m5-oil,simclr_scratch60_ridge,10,26,0.2703970353290742
corn_m5-oil,simclr_scratch60_ridge,10,27,-0.1767621104581573
corn_m5-oil,simclr_scratch60_ridge,10,28,0.1291691643257219
corn_m5-oil,simclr_scratch60_ridge,10,29,0.0541962212808516
corn_m5-oil,simclr_scratch60_ridge,20,0,-0.2506012005867202
corn_m5-oil,simclr_scratch60_ridge,20,1,-2.677052416327233
corn_m5-oil,simclr_scratch60_ridge,20,2,0.3480211870661397
corn_m5-oil,simclr_scratch60_ridge,20,3,-0.9897344159955486
corn_m5-oil,simclr_scratch60_ridge,20,4,-0.0451239942492085
corn_m5-oil,simclr_scratch60_ridge,20,5,0.6976929290494579
corn_m5-oil,simclr_scratch60_ridge,20,6,0.5660996518680754
corn_m5-oil,simclr_scratch60_ridge,20,7,0.3889104972571665
corn_m5-oil,simclr_scratch60_ridge,20,8,0.6452729288304146
corn_m5-oil,simclr_scratch60_ridge,20,9,0.2108674082825486
corn_m5-oil,simclr_scratch60_ridge,20,10,0.4244877665019277
corn_m5-oil,simclr_scratch60_ridge,20,11,0.534798832379427
corn_m5-oil,simclr_scratch60_ridge,20,12,0.0289460060167345
corn_m5-oil,simclr_scratch60_ridge,20,13,0.0673851668407768
corn_m5-oil,simclr_scratch60_ridge,20,14,0.61007563228867
corn_m5-oil,simclr_scratch60_ridge,20,15,-0.9738744667793008
corn_m5-oil,simclr_scratch60_ridge,20,16,-0.0056047611144838
corn_m5-oil,simclr_scratch60_ridge,20,17,-0.4899926160490735
corn_m5-oil,simclr_scratch60_ridge,20,18,0.6860231232766062
corn_m5-oil,simclr_scratch60_ridge,20,19,-0.0888699835697661
corn_m5-oil,simclr_scratch60_ridge,20,20,-0.5219443515918945
corn_m5-oil,simclr_scratch60_ridge,20,21,0.497453581989888
corn_m5-oil,simclr_scratch60_ridge,20,22,0.4772898376162336
corn_m5-oil,simclr_scratch60_ridge,20,23,0.575143859865695
corn_m5-oil,simclr_scratch60_ridge,20,24,-0.0691162628782566
corn_m5-oil,simclr_scratch60_ridge,20,25,0.4833650039699947
corn_m5-oil,simclr_scratch60_ridge,20,26,0.3215765521847749
corn_m5-oil,simclr_scratch60_ridge,20,27,0.6012210459955121
corn_m5-oil,simclr_scratch60_ridge,20,28,0.0812871323322551
corn_m5-oil,simclr_scratch60_ridge,20,29,0.2670344490413757
corn_m5-protein,simclr_scratch60_ridge,5,0,-0.0024287789647361
corn_m5-protein,simclr_scratch60_ridge,5,1,0.0658776343338138
corn_m5-protein,simclr_scratch60_ridge,5,2,0.0330919257000966
corn_m5-protein,simclr_scratch60_ridge,5,3,0.0357640044473078
corn_m5-protein,simclr_scratch60_ridge,5,4,-0.7434965300464536
corn_m5-protein,simclr_scratch60_ridge,5,5,0.0233349291433638
corn_m5-protein,simclr_scratch60_ridge,5,6,0.0916529720931236
corn_m5-protein,simclr_scratch60_ridge,5,7,0.083702248406008
corn_m5-protein,simclr_scratch60_ridge,5,8,-0.0995490254054172
corn_m5-protein,simclr_scratch60_ridge,5,9,-1.2367278749389268
corn_m5-protein,simclr_scratch60_ridge,5,10,0.0958165594754931
corn_m5-protein,simclr_scratch60_ridge,5,11,0.006246223082858
corn_m5-protein,simclr_scratch60_ridge,5,12,0.1130999274060117
corn_m5-protein,simclr_scratch60_ridge,5,13,0.1356492629533173
corn_m5-protein,simclr_scratch60_ridge,5,14,-0.1894139382933515
corn_m5-protein,simclr_scratch60_ridge,5,15,-3.2916154266038227
corn_m5-protein,simclr_scratch60_ridge,5,16,-0.0739995503496273
corn_m5-protein,simclr_scratch60_ridge,5,17,-0.5155798363734907
corn_m5-protein,simclr_scratch60_ridge,5,18,-0.6532398865764089
corn_m5-protein,simclr_scratch60_ridge,5,19,-0.5664291654085063
corn_m5-protein,simclr_scratch60_ridge,5,20,-0.3946567157652825
corn_m5-protein,simclr_scratch60_ridge,5,21,-2.254446446973185
corn_m5-protein,simclr_scratch60_ridge,5,22,-0.0006744065546917
corn_m5-protein,simclr_scratch60_ridge,5,23,-0.2877468720902452
corn_m5-protein,simclr_scratch60_ridge,5,24,-0.3947662046248501
corn_m5-protein,simclr_scratch60_ridge,5,25,-0.0213124696124493
corn_m5-protein,simclr_scratch60_ridge,5,26,-1.557168993663935
corn_m5-protein,simclr_scratch60_ridge,5,27,0.1622739638905935
corn_m5-protein,simclr_scratch60_ridge,5,28,-0.6187275234889342
corn_m5-protein,simclr_scratch60_ridge,5,29,-0.5840773545183742
corn_m5-protein,simclr_scratch60_ridge,10,0,0.1487067527524971
corn_m5-protein,simclr_scratch60_ridge,10,1,0.1363463070980347
corn_m5-protein,simclr_scratch60_ridge,10,2,-2.012366330023572
corn_m5-protein,simclr_scratch60_ridge,10,3,-0.3046817524692258
corn_m5-protein,simclr_scratch60_ridge,10,4,-0.4974532386085506
corn_m5-protein,simclr_scratch60_ridge,10,5,-0.0379733124097281
corn_m5-protein,simclr_scratch60_ridge,10,6,0.0958445206517706
corn_m5-protein,simclr_scratch60_ridge,10,7,0.2385467784322328
corn_m5-protein,simclr_scratch60_ridge,10,8,0.105156768086906
corn_m5-protein,simclr_scratch60_ridge,10,9,-0.0319327645342089
corn_m5-protein,simclr_scratch60_ridge,10,10,0.2895419290139586
corn_m5-protein,simclr_scratch60_ridge,10,11,0.3812479587390064
corn_m5-protein,simclr_scratch60_ridge,10,12,-0.3909440064253247
corn_m5-protein,simclr_scratch60_ridge,10,13,0.2776405510576722
corn_m5-protein,simclr_scratch60_ridge,10,14,0.2735029882269388
corn_m5-protein,simclr_scratch60_ridge,10,15,0.0329015280327776
corn_m5-protein,simclr_scratch60_ridge,10,16,0.3251081690445552
corn_m5-protein,simclr_scratch60_ridge,10,17,0.4879055955326586
corn_m5-protein,simclr_scratch60_ridge,10,18,-1.187734435590393
corn_m5-protein,simclr_scratch60_ridge,10,19,-0.1212580634242566
corn_m5-protein,simclr_scratch60_ridge,10,20,-0.4463529553699754
corn_m5-protein,simclr_scratch60_ridge,10,21,-1.1104929485942727
corn_m5-protein,simclr_scratch60_ridge,10,22,-0.2658549823835618
corn_m5-protein,simclr_scratch60_ridge,10,23,-0.0173595602950824
corn_m5-protein,simclr_scratch60_ridge,10,24,0.1766666028674327
corn_m5-protein,simclr_scratch60_ridge,10,25,0.0985456072933074
corn_m5-protein,simclr_scratch60_ridge,10,26,0.3464635279181499
corn_m5-protein,simclr_scratch60_ridge,10,27,-1.200835236587988
corn_m5-protein,simclr_scratch60_ridge,10,28,0.4664205478512147
corn_m5-protein,simclr_scratch60_ridge,10,29,-0.0710271369552819
corn_m5-protein,simclr_scratch60_ridge,20,0,0.5406409859797073
corn_m5-protein,simclr_scratch60_ridge,20,1,0.7454155776962639
corn_m5-protein,simclr_scratch60_ridge,20,2,0.2239542571017483
corn_m5-protein,simclr_scratch60_ridge,20,3,0.0559994369806435
corn_m5-protein,simclr_scratch60_ridge,20,4,0.6965030606494473
corn_m5-protein,simclr_scratch60_ridge,20,5,0.625013159710724
corn_m5-protein,simclr_scratch60_ridge,20,6,0.5742972567966156
corn_m5-protein,simclr_scratch60_ridge,20,7,-0.1919436859955727
corn_m5-protein,simclr_scratch60_ridge,20,8,0.4580333453223241
corn_m5-protein,simclr_scratch60_ridge,20,9,0.587927733034856
corn_m5-protein,simclr_scratch60_ridge,20,10,0.5546586967801732
corn_m5-protein,simclr_scratch60_ridge,20,11,0.7629744308352528
corn_m5-protein,simclr_scratch60_ridge,20,12,0.5854730094964231
corn_m5-protein,simclr_scratch60_ridge,20,13,0.4393762463768726
corn_m5-protein,simclr_scratch60_ridge,20,14,0.9089229694674544
corn_m5-protein,simclr_scratch60_ridge,20,15,0.1536114864821042
corn_m5-protein,simclr_scratch60_ridge,20,16,0.5187208655938662
corn_m5-protein,simclr_scratch60_ridge,20,17,0.7540676292963899
corn_m5-protein,simclr_scratch60_ridge,20,18,0.6510000180200768
corn_m5-protein,simclr_scratch60_ridge,20,19,0.5511733465701223
corn_m5-protein,simclr_scratch60_ridge,20,20,0.3275201535178874
corn_m5-protein,simclr_scratch60_ridge,20,21,0.6069737988388826
corn_m5-protein,simclr_scratch60_ridge,20,22,0.5912351583613971
corn_m5-protein,simclr_scratch60_ridge,20,23,0.8433089470966557
corn_m5-protein,simclr_scratch60_ridge,20,24,-0.5282884515358071
corn_m5-protein,simclr_scratch60_ridge,20,25,0.2550693316401392
corn_m5-protein,simclr_scratch60_ridge,20,26,0.5916126862989606
corn_m5-protein,simclr_scratch60_ridge,20,27,0.6583503996039135
corn_m5-protein,simclr_scratch60_ridge,20,28,0.6296361181936283
corn_m5-protein,simclr_scratch60_ridge,20,29,-0.1953961528947561
diesel-BP50,simclr_scratch60_ridge,5,0,-2.328012859789037
diesel-BP50,simclr_scratch60_ridge,5,1,-0.1759177081052707
diesel-BP50,simclr_scratch60_ridge,5,2,0.0947778217279549
diesel-BP50,simclr_scratch60_ridge,5,3,-0.6852148846362276
diesel-BP50,simclr_scratch60_ridge,5,4,-0.0089886521829691
diesel-BP50,simclr_scratch60_ridge,5,5,-1.4336734937187718
diesel-BP50,simclr_scratch60_ridge,5,6,-0.0553921648676289
diesel-BP50,simclr_scratch60_ridge,5,7,0.1196092875809239
diesel-BP50,simclr_scratch60_ridge,5,8,-0.2059911959333291
diesel-BP50,simclr_scratch60_ridge,5,9,-0.4800108219006584
diesel-BP50,simclr_scratch60_ridge,5,10,-0.080429606183819
diesel-BP50,simclr_scratch60_ridge,5,11,-1.9076034725980464
diesel-BP50,simclr_scratch60_ridge,5,12,-0.0359616353578424
diesel-BP50,simclr_scratch60_ridge,5,13,-0.1320767002151548
diesel-BP50,simclr_scratch60_ridge,5,14,-0.2390661761739676
diesel-BP50,simclr_scratch60_ridge,5,15,-0.0924925632468176
diesel-BP50,simclr_scratch60_ridge,5,16,-2.537185257213378
diesel-BP50,simclr_scratch60_ridge,5,17,-0.5305778414887996
diesel-BP50,simclr_scratch60_ridge,5,18,-0.006868394733015
diesel-BP50,simclr_scratch60_ridge,5,19,-0.0971352697392406
diesel-BP50,simclr_scratch60_ridge,5,20,-0.0181537122745616
diesel-BP50,simclr_scratch60_ridge,5,21,-0.016847269890633
diesel-BP50,simclr_scratch60_ridge,5,22,-0.9223812659054418
diesel-BP50,simclr_scratch60_ridge,5,23,-1.3240651849339704
diesel-BP50,simclr_scratch60_ridge,5,24,-0.5192216654272122
diesel-BP50,simclr_scratch60_ridge,5,25,-0.0886898464810386
diesel-BP50,simclr_scratch60_ridge,5,26,-0.2067030038004236
diesel-BP50,simclr_scratch60_ridge,5,27,-0.1024529498509596
diesel-BP50,simclr_scratch60_ridge,5,28,-0.3195799170005704
diesel-BP50,simclr_scratch60_ridge,5,29,-2.8931037498570285
diesel-BP50,simclr_scratch60_ridge,10,0,-0.6443080835249864
diesel-BP50,simclr_scratch60_ridge,10,1,-0.0008350095572606
diesel-BP50,simclr_scratch60_ridge,10,2,-0.0535468329413946
diesel-BP50,simclr_scratch60_ridge,10,3,-1.3467252948905246
diesel-BP50,simclr_scratch60_ridge,10,4,-1.4696064611151924
diesel-BP50,simclr_scratch60_ridge,10,5,0.0791552715856415
diesel-BP50,simclr_scratch60_ridge,10,6,-1.4578671609308462
diesel-BP50,simclr_scratch60_ridge,10,7,0.004198261643194
diesel-BP50,simclr_scratch60_ridge,10,8,0.3081490498023896
diesel-BP50,simclr_scratch60_ridge,10,9,0.0877405000456961
diesel-BP50,simclr_scratch60_ridge,10,10,0.0445201489496003
diesel-BP50,simclr_scratch60_ridge,10,11,-0.2237945171503848
diesel-BP50,simclr_scratch60_ridge,10,12,-0.0552154577511085
diesel-BP50,simclr_scratch60_ridge,10,13,-2.244158470839344
diesel-BP50,simclr_scratch60_ridge,10,14,-0.1661203268586679
diesel-BP50,simclr_scratch60_ridge,10,15,-0.1312777068161983
diesel-BP50,simclr_scratch60_ridge,10,16,0.2518625064535887
diesel-BP50,simclr_scratch60_ridge,10,17,0.16606528326849
diesel-BP50,simclr_scratch60_ridge,10,18,-0.1019025778920887
diesel-BP50,simclr_scratch60_ridge,10,19,-0.0415855732874936
diesel-BP50,simclr_scratch60_ridge,10,20,0.2217585091650665
diesel-BP50,simclr_scratch60_ridge,10,21,0.2557824999418207
diesel-BP50,simclr_scratch60_ridge,10,22,-7.234211443546966
diesel-BP50,simclr_scratch60_ridge,10,23,-1.1504732118153824
diesel-BP50,simclr_scratch60_ridge,10,24,-0.2107695238914171
diesel-BP50,simclr_scratch60_ridge,10,25,-0.6169593762145882
diesel-BP50,simclr_scratch60_ridge,10,26,-0.0019149586420996
diesel-BP50,simclr_scratch60_ridge,10,27,0.4210236369923463
diesel-BP50,simclr_scratch60_ridge,10,28,-0.1697121160748658
diesel-BP50,simclr_scratch60_ridge,10,29,0.0499377061249558
diesel-BP50,simclr_scratch60_ridge,20,0,-0.5451718490651871
diesel-BP50,simclr_scratch60_ridge,20,1,0.64412594511963
diesel-BP50,simclr_scratch60_ridge,20,2,-0.0383254245476216
diesel-BP50,simclr_scratch60_ridge,20,3,-0.2249940516073041
diesel-BP50,simclr_scratch60_ridge,20,4,0.5023401118207826
diesel-BP50,simclr_scratch60_ridge,20,5,0.6594370996193032
diesel-BP50,simclr_scratch60_ridge,20,6,0.4022250442553486
diesel-BP50,simclr_scratch60_ridge,20,7,0.6167839499570914
diesel-BP50,simclr_scratch60_ridge,20,8,0.2031518163148949
diesel-BP50,simclr_scratch60_ridge,20,9,-1.1207630063335077
diesel-BP50,simclr_scratch60_ridge,20,10,0.4301935407587574
diesel-BP50,simclr_scratch60_ridge,20,11,0.435475807028024
diesel-BP50,simclr_scratch60_ridge,20,12,0.1053823742994257
diesel-BP50,simclr_scratch60_ridge,20,13,0.0694122604959042
diesel-BP50,simclr_scratch60_ridge,20,14,0.2095189207296518
diesel-BP50,simclr_scratch60_ridge,20,15,0.0535983794228177
diesel-BP50,simclr_scratch60_ridge,20,16,0.4132762038777983
diesel-BP50,simclr_scratch60_ridge,20,17,0.4852323648923392
diesel-BP50,simclr_scratch60_ridge,20,18,0.7196075527429429
diesel-BP50,simclr_scratch60_ridge,20,19,0.6942915616382395
diesel-BP50,simclr_scratch60_ridge,20,20,0.2556329206459438
diesel-BP50,simclr_scratch60_ridge,20,21,-0.1951336456985835
diesel-BP50,simclr_scratch60_ridge,20,22,0.5718523319310482
diesel-BP50,simclr_scratch60_ridge,20,23,0.5398794917514489
diesel-BP50,simclr_scratch60_ridge,20,24,-0.0093520903776997
diesel-BP50,simclr_scratch60_ridge,20,25,0.3814202249018263
diesel-BP50,simclr_scratch60_ridge,20,26,-2.509315507334336
diesel-BP50,simclr_scratch60_ridge,20,27,0.6619168724976563
diesel-BP50,simclr_scratch60_ridge,20,28,0.494875226775587
diesel-BP50,simclr_scratch60_ridge,20,29,0.496928993686463
diesel-CN,simclr_scratch60_ridge,5,0,-0.1650683871914113
diesel-CN,simclr_scratch60_ridge,5,1,0.019159211680823
diesel-CN,simclr_scratch60_ridge,5,2,-0.0530218745901465
diesel-CN,simclr_scratch60_ridge,5,3,-2.1582078191826475
diesel-CN,simclr_scratch60_ridge,5,4,0.2135106313380742
diesel-CN,simclr_scratch60_ridge,5,5,0.0639280520744401
diesel-CN,simclr_scratch60_ridge,5,6,0.0980806207888292
diesel-CN,simclr_scratch60_ridge,5,7,0.0547754469745674
diesel-CN,simclr_scratch60_ridge,5,8,-2.5533094044254487
diesel-CN,simclr_scratch60_ridge,5,9,0.1648631870112797
diesel-CN,simclr_scratch60_ridge,5,10,0.0075622769102752
diesel-CN,simclr_scratch60_ridge,5,11,-0.0464829184821389
diesel-CN,simclr_scratch60_ridge,5,12,-0.3104345899729521
diesel-CN,simclr_scratch60_ridge,5,13,0.1500518558998667
diesel-CN,simclr_scratch60_ridge,5,14,0.0285922295377896
diesel-CN,simclr_scratch60_ridge,5,15,-0.0374855513693945
diesel-CN,simclr_scratch60_ridge,5,16,-0.699481051292451
diesel-CN,simclr_scratch60_ridge,5,17,-0.1229450372840801
diesel-CN,simclr_scratch60_ridge,5,18,-0.4721659407107985
diesel-CN,simclr_scratch60_ridge,5,19,0.0826698481724258
diesel-CN,simclr_scratch60_ridge,5,20,0.2642217165025744
diesel-CN,simclr_scratch60_ridge,5,21,0.251314727749966
diesel-CN,simclr_scratch60_ridge,5,22,-2.138108972999029
diesel-CN,simclr_scratch60_ridge,5,23,-0.0508214896628793
diesel-CN,simclr_scratch60_ridge,5,24,-0.0820832107613829
diesel-CN,simclr_scratch60_ridge,5,25,0.1704580490078229
diesel-CN,simclr_scratch60_ridge,5,26,0.2227282473071475
diesel-CN,simclr_scratch60_ridge,5,27,-0.0020967019207074
diesel-CN,simclr_scratch60_ridge,5,28,-0.2152806832120513
diesel-CN,simclr_scratch60_ridge,5,29,-0.5003265625225495
diesel-CN,simclr_scratch60_ridge,10,0,-0.8380023065635007
diesel-CN,simclr_scratch60_ridge,10,1,-0.2536449388807036
diesel-CN,simclr_scratch60_ridge,10,2,-23.202303275114964
diesel-CN,simclr_scratch60_ridge,10,3,0.397907521450154
diesel-CN,simclr_scratch60_ridge,10,4,0.1671916245895786
diesel-CN,simclr_scratch60_ridge,10,5,-2.207922532067796
diesel-CN,simclr_scratch60_ridge,10,6,0.0125985682491617
diesel-CN,simclr_scratch60_ridge,10,7,0.2862768924856933
diesel-CN,simclr_scratch60_ridge,10,8,-4.076264728678519
diesel-CN,simclr_scratch60_ridge,10,9,-0.0315328731671158
diesel-CN,simclr_scratch60_ridge,10,10,-0.4378918518327712
diesel-CN,simclr_scratch60_ridge,10,11,-2.23613322935535
diesel-CN,simclr_scratch60_ridge,10,12,0.0181961272562145
diesel-CN,simclr_scratch60_ridge,10,13,-0.1068556088125005
diesel-CN,simclr_scratch60_ridge,10,14,0.1625631629406504
diesel-CN,simclr_scratch60_ridge,10,15,-3.172862390110815
diesel-CN,simclr_scratch60_ridge,10,16,-0.5516656558335238
diesel-CN,simclr_scratch60_ridge,10,17,-0.7604721714824936
diesel-CN,simclr_scratch60_ridge,10,18,0.2639659675869716
diesel-CN,simclr_scratch60_ridge,10,19,-0.0614202642049852
diesel-CN,simclr_scratch60_ridge,10,20,0.1968057794347645
diesel-CN,simclr_scratch60_ridge,10,21,-0.2992037261529279
diesel-CN,simclr_scratch60_ridge,10,22,-0.8433066417663577
diesel-CN,simclr_scratch60_ridge,10,23,0.1967400779115792
diesel-CN,simclr_scratch60_ridge,10,24,0.0309613859806023
diesel-CN,simclr_scratch60_ridge,10,25,-0.0603855836437647
diesel-CN,simclr_scratch60_ridge,10,26,0.101685871850628
diesel-CN,simclr_scratch60_ridge,10,27,0.244765978551981
diesel-CN,simclr_scratch60_ridge,10,28,-0.002660460471946
diesel-CN,simclr_scratch60_ridge,10,29,-3.712986235915354
diesel-CN,simclr_scratch60_ridge,20,0,-0.0510756194555657
diesel-CN,simclr_scratch60_ridge,20,1,0.0068837368749073
diesel-CN,simclr_scratch60_ridge,20,2,0.1778995505477154
diesel-CN,simclr_scratch60_ridge,20,3,0.3148761504656261
diesel-CN,simclr_scratch60_ridge,20,4,0.235057737597033
diesel-CN,simclr_scratch60_ridge,20,5,0.3760747589323263
diesel-CN,simclr_scratch60_ridge,20,6,0.1842798034616987
diesel-CN,simclr_scratch60_ridge,20,7,0.0265393376862576
diesel-CN,simclr_scratch60_ridge,20,8,0.2423740086685277
diesel-CN,simclr_scratch60_ridge,20,9,0.248182980907243
diesel-CN,simclr_scratch60_ridge,20,10,-0.0177071515938573
diesel-CN,simclr_scratch60_ridge,20,11,0.1898339440295344
diesel-CN,simclr_scratch60_ridge,20,12,-0.331245821737518
diesel-CN,simclr_scratch60_ridge,20,13,0.3588581092934582
diesel-CN,simclr_scratch60_ridge,20,14,-1.53837088042641
diesel-CN,simclr_scratch60_ridge,20,15,0.345371474132411
diesel-CN,simclr_scratch60_ridge,20,16,0.129235299630277
diesel-CN,simclr_scratch60_ridge,20,17,0.1188019899872837
diesel-CN,simclr_scratch60_ridge,20,18,0.2053932616915927
diesel-CN,simclr_scratch60_ridge,20,19,0.3646169091750504
diesel-CN,simclr_scratch60_ridge,20,20,0.1308981520000038
diesel-CN,simclr_scratch60_ridge,20,21,0.0377580293080745
diesel-CN,simclr_scratch60_ridge,20,22,0.0836088888370293
diesel-CN,simclr_scratch60_ridge,20,23,0.2879928379677334
diesel-CN,simclr_scratch60_ridge,20,24,0.3944078283584257
diesel-CN,simclr_scratch60_ridge,20,25,0.4082153334978672
diesel-CN,simclr_scratch60_ridge,20,26,0.0690771371933927
diesel-CN,simclr_scratch60_ridge,20,27,0.2758413480032319
diesel-CN,simclr_scratch60_ridge,20,28,0.1409416631352152
diesel-CN,simclr_scratch60_ridge,20,29,0.2374573885998433
diesel-D4052,simclr_scratch60_ridge,5,0,-0.1332521521470739
diesel-D4052,simclr_scratch60_ridge,5,1,-2.0297176153868683
diesel-D4052,simclr_scratch60_ridge,5,2,-0.8993150065339841
diesel-D4052,simclr_scratch60_ridge,5,3,0.3428259294473869
diesel-D4052,simclr_scratch60_ridge,5,4,0.2131669466878207
diesel-D4052,simclr_scratch60_ridge,5,5,-0.9595133142877124
diesel-D4052,simclr_scratch60_ridge,5,6,-2.362473512688244
diesel-D4052,simclr_scratch60_ridge,5,7,-0.9636763978146524
diesel-D4052,simclr_scratch60_ridge,5,8,-0.177896811147824
diesel-D4052,simclr_scratch60_ridge,5,9,0.0109897775692666
diesel-D4052,simclr_scratch60_ridge,5,10,0.1579433790069114
diesel-D4052,simclr_scratch60_ridge,5,11,0.0645863982572703
diesel-D4052,simclr_scratch60_ridge,5,12,-0.1388096696504666
diesel-D4052,simclr_scratch60_ridge,5,13,0.0968697801412387
diesel-D4052,simclr_scratch60_ridge,5,14,0.2239184905655965
diesel-D4052,simclr_scratch60_ridge,5,15,0.2378277862866517
diesel-D4052,simclr_scratch60_ridge,5,16,-0.1603595954865002
diesel-D4052,simclr_scratch60_ridge,5,17,-1.501785799793283
diesel-D4052,simclr_scratch60_ridge,5,18,-0.4757096118792623
diesel-D4052,simclr_scratch60_ridge,5,19,-3.3941531865530585
diesel-D4052,simclr_scratch60_ridge,5,20,-0.0678989082275627
diesel-D4052,simclr_scratch60_ridge,5,21,0.3630210579139498
diesel-D4052,simclr_scratch60_ridge,5,22,0.0459738984595863
diesel-D4052,simclr_scratch60_ridge,5,23,-0.2862128597662425
diesel-D4052,simclr_scratch60_ridge,5,24,-0.1862380693569378
diesel-D4052,simclr_scratch60_ridge,5,25,-0.2623166141031852
diesel-D4052,simclr_scratch60_ridge,5,26,-0.0830770950080048
diesel-D4052,simclr_scratch60_ridge,5,27,0.2180384401844214
diesel-D4052,simclr_scratch60_ridge,5,28,-0.316550237577986
diesel-D4052,simclr_scratch60_ridge,5,29,0.2145956407215213
diesel-D4052,simclr_scratch60_ridge,10,0,0.1720853541758262
diesel-D4052,simclr_scratch60_ridge,10,1,0.4720457735416665
diesel-D4052,simclr_scratch60_ridge,10,2,0.3706230700645764
diesel-D4052,simclr_scratch60_ridge,10,3,0.3343614310305383
diesel-D4052,simclr_scratch60_ridge,10,4,-0.0289756446460325
diesel-D4052,simclr_scratch60_ridge,10,5,0.2188872192481668
diesel-D4052,simclr_scratch60_ridge,10,6,0.0290115465412852
diesel-D4052,simclr_scratch60_ridge,10,7,0.2437420149168274
diesel-D4052,simclr_scratch60_ridge,10,8,0.3766849301570332
diesel-D4052,simclr_scratch60_ridge,10,9,0.1978561132660343
diesel-D4052,simclr_scratch60_ridge,10,10,0.6130478723417787
diesel-D4052,simclr_scratch60_ridge,10,11,0.4101801678412599
diesel-D4052,simclr_scratch60_ridge,10,12,0.2893682590405974
diesel-D4052,simclr_scratch60_ridge,10,13,0.1401645058792199
diesel-D4052,simclr_scratch60_ridge,10,14,0.3566467710168411
diesel-D4052,simclr_scratch60_ridge,10,15,0.0337170425362108
diesel-D4052,simclr_scratch60_ridge,10,16,0.2690849653119809
diesel-D4052,simclr_scratch60_ridge,10,17,-1.2343474189275767
diesel-D4052,simclr_scratch60_ridge,10,18,0.3953942575502253
diesel-D4052,simclr_scratch60_ridge,10,19,0.2548148503754331
diesel-D4052,simclr_scratch60_ridge,10,20,0.3414572282963336
diesel-D4052,simclr_scratch60_ridge,10,21,0.2534701954814369
diesel-D4052,simclr_scratch60_ridge,10,22,-0.0041121865151867
diesel-D4052,simclr_scratch60_ridge,10,23,-0.0334902128078939
diesel-D4052,simclr_scratch60_ridge,10,24,0.0791334958926358
diesel-D4052,simclr_scratch60_ridge,10,25,0.3673242293965677
diesel-D4052,simclr_scratch60_ridge,10,26,0.1948999307231919
diesel-D4052,simclr_scratch60_ridge,10,27,-2.037011194331832
diesel-D4052,simclr_scratch60_ridge,10,28,0.2684566651169119
diesel-D4052,simclr_scratch60_ridge,10,29,0.2922798767264155
diesel-D4052,simclr_scratch60_ridge,20,0,0.779610391520665
diesel-D4052,simclr_scratch60_ridge,20,1,0.6609430288541783
diesel-D4052,simclr_scratch60_ridge,20,2,0.7849524759989844
diesel-D4052,simclr_scratch60_ridge,20,3,0.73658908228588
diesel-D4052,simclr_scratch60_ridge,20,4,0.7264914872423434
diesel-D4052,simclr_scratch60_ridge,20,5,0.7243475070435477
diesel-D4052,simclr_scratch60_ridge,20,6,0.6599225749895673
diesel-D4052,simclr_scratch60_ridge,20,7,0.0385361155945503
diesel-D4052,simclr_scratch60_ridge,20,8,-0.3007268532056144
diesel-D4052,simclr_scratch60_ridge,20,9,0.8343455562037866
diesel-D4052,simclr_scratch60_ridge,20,10,-1.5564546028459034
diesel-D4052,simclr_scratch60_ridge,20,11,0.3076880937077073
diesel-D4052,simclr_scratch60_ridge,20,12,0.4834394511527937
diesel-D4052,simclr_scratch60_ridge,20,13,0.2994067222048985
diesel-D4052,simclr_scratch60_ridge,20,14,0.7982543740583457
diesel-D4052,simclr_scratch60_ridge,20,15,0.6191648333482231
diesel-D4052,simclr_scratch60_ridge,20,16,0.6071299560017624
diesel-D4052,simclr_scratch60_ridge,20,17,0.7630703090499158
diesel-D4052,simclr_scratch60_ridge,20,18,0.5944435695960236
diesel-D4052,simclr_scratch60_ridge,20,19,0.1024395572559859
diesel-D4052,simclr_scratch60_ridge,20,20,0.4502263793381632
diesel-D4052,simclr_scratch60_ridge,20,21,0.6441886712410887
diesel-D4052,simclr_scratch60_ridge,20,22,0.696957543083211
diesel-D4052,simclr_scratch60_ridge,20,23,0.3676489638205081
diesel-D4052,simclr_scratch60_ridge,20,24,0.7371651796354479
diesel-D4052,simclr_scratch60_ridge,20,25,0.6621533412716858
diesel-D4052,simclr_scratch60_ridge,20,26,0.5884892231045704
diesel-D4052,simclr_scratch60_ridge,20,27,0.7356961362996755
diesel-D4052,simclr_scratch60_ridge,20,28,0.6118938119447963
diesel-D4052,simclr_scratch60_ridge,20,29,-0.2977531406320493
diesel-FLASH,simclr_scratch60_ridge,5,0,-1.171356900843429
diesel-FLASH,simclr_scratch60_ridge,5,1,-0.9222797184196015
diesel-FLASH,simclr_scratch60_ridge,5,2,-0.9432897046730836
diesel-FLASH,simclr_scratch60_ridge,5,3,-0.46350598754304
diesel-FLASH,simclr_scratch60_ridge,5,4,-1.2577004943593475
diesel-FLASH,simclr_scratch60_ridge,5,5,-0.8468990938217429
diesel-FLASH,simclr_scratch60_ridge,5,6,-0.3052090187357577
diesel-FLASH,simclr_scratch60_ridge,5,7,-0.2543596683508584
diesel-FLASH,simclr_scratch60_ridge,5,8,-0.0949980552002185
diesel-FLASH,simclr_scratch60_ridge,5,9,-0.2093639407361824
diesel-FLASH,simclr_scratch60_ridge,5,10,-0.3427009777559349
diesel-FLASH,simclr_scratch60_ridge,5,11,-0.0694554433073617
diesel-FLASH,simclr_scratch60_ridge,5,12,0.0004370704216737
diesel-FLASH,simclr_scratch60_ridge,5,13,-0.2561694408731385
diesel-FLASH,simclr_scratch60_ridge,5,14,-0.0256283796094478
diesel-FLASH,simclr_scratch60_ridge,5,15,-0.3380228277350459
diesel-FLASH,simclr_scratch60_ridge,5,16,-1.881997502375509
diesel-FLASH,simclr_scratch60_ridge,5,17,-0.0443199834562224
diesel-FLASH,simclr_scratch60_ridge,5,18,-0.8048337643928534
diesel-FLASH,simclr_scratch60_ridge,5,19,-0.377472726201824
diesel-FLASH,simclr_scratch60_ridge,5,20,-0.9604122506478812
diesel-FLASH,simclr_scratch60_ridge,5,21,-0.4280620302670392
diesel-FLASH,simclr_scratch60_ridge,5,22,-1.237227270888023
diesel-FLASH,simclr_scratch60_ridge,5,23,-0.1657077986445192
diesel-FLASH,simclr_scratch60_ridge,5,24,-0.4592226364930811
diesel-FLASH,simclr_scratch60_ridge,5,25,-0.2233604118784364
diesel-FLASH,simclr_scratch60_ridge,5,26,-0.5420145785942436
diesel-FLASH,simclr_scratch60_ridge,5,27,-0.1420812524798707
diesel-FLASH,simclr_scratch60_ridge,5,28,-0.1734830784604437
diesel-FLASH,simclr_scratch60_ridge,5,29,-0.0045243591432726
diesel-FLASH,simclr_scratch60_ridge,10,0,-0.0174520122281895
diesel-FLASH,simclr_scratch60_ridge,10,1,-0.0294942241354232
diesel-FLASH,simclr_scratch60_ridge,10,2,-0.0217790000798383
diesel-FLASH,simclr_scratch60_ridge,10,3,0.0002595853319865
diesel-FLASH,simclr_scratch60_ridge,10,4,-0.0885277204860799
diesel-FLASH,simclr_scratch60_ridge,10,5,-0.3785997939524201
diesel-FLASH,simclr_scratch60_ridge,10,6,-0.0956840470879445
diesel-FLASH,simclr_scratch60_ridge,10,7,-0.3081750273891659
diesel-FLASH,simclr_scratch60_ridge,10,8,-0.7836363658324244
diesel-FLASH,simclr_scratch60_ridge,10,9,-2.4898639946680854
diesel-FLASH,simclr_scratch60_ridge,10,10,0.0360125557062933
diesel-FLASH,simclr_scratch60_ridge,10,11,-0.587038019152053
diesel-FLASH,simclr_scratch60_ridge,10,12,-0.4908324425695471
diesel-FLASH,simclr_scratch60_ridge,10,13,-0.0400668493585727
diesel-FLASH,simclr_scratch60_ridge,10,14,-0.070246424878287
diesel-FLASH,simclr_scratch60_ridge,10,15,-0.1481018990195701
diesel-FLASH,simclr_scratch60_ridge,10,16,-0.1545316597101045
diesel-FLASH,simclr_scratch60_ridge,10,17,-0.0562496389843614
diesel-FLASH,simclr_scratch60_ridge,10,18,-0.1891530213342833
diesel-FLASH,simclr_scratch60_ridge,10,19,-0.0394225662793523
diesel-FLASH,simclr_scratch60_ridge,10,20,-1.765077794715955
diesel-FLASH,simclr_scratch60_ridge,10,21,-0.5712025602448418
diesel-FLASH,simclr_scratch60_ridge,10,22,-0.0012241757924027
diesel-FLASH,simclr_scratch60_ridge,10,23,-0.0014545050776353
diesel-FLASH,simclr_scratch60_ridge,10,24,-0.0365637482766676
diesel-FLASH,simclr_scratch60_ridge,10,25,-0.0185365538163899
diesel-FLASH,simclr_scratch60_ridge,10,26,-0.058631988074963
diesel-FLASH,simclr_scratch60_ridge,10,27,-0.0898657009733647
diesel-FLASH,simclr_scratch60_ridge,10,28,-0.2565834386107239
diesel-FLASH,simclr_scratch60_ridge,10,29,0.0052884486725554
diesel-FLASH,simclr_scratch60_ridge,20,0,-0.065027837663792
diesel-FLASH,simclr_scratch60_ridge,20,1,-3.853592893339254
diesel-FLASH,simclr_scratch60_ridge,20,2,-0.989547253763748
diesel-FLASH,simclr_scratch60_ridge,20,3,0.0073019029991473
diesel-FLASH,simclr_scratch60_ridge,20,4,0.0353019820119104
diesel-FLASH,simclr_scratch60_ridge,20,5,-0.0605042587615287
diesel-FLASH,simclr_scratch60_ridge,20,6,-0.1291434213950397
diesel-FLASH,simclr_scratch60_ridge,20,7,-0.2545683784263628
diesel-FLASH,simclr_scratch60_ridge,20,8,-0.088125591720535
diesel-FLASH,simclr_scratch60_ridge,20,9,-0.0886665208872545
diesel-FLASH,simclr_scratch60_ridge,20,10,0.1430953842418859
diesel-FLASH,simclr_scratch60_ridge,20,11,-1.1592324991844634
diesel-FLASH,simclr_scratch60_ridge,20,12,0.1511028061053484
diesel-FLASH,simclr_scratch60_ridge,20,13,0.0076082420129401
diesel-FLASH,simclr_scratch60_ridge,20,14,-0.0105850522944432
diesel-FLASH,simclr_scratch60_ridge,20,15,-0.4483650147502231
diesel-FLASH,simclr_scratch60_ridge,20,16,-0.184512790073881
diesel-FLASH,simclr_scratch60_ridge,20,17,0.0296756405189415
diesel-FLASH,simclr_scratch60_ridge,20,18,0.0200785664286512
diesel-FLASH,simclr_scratch60_ridge,20,19,0.1302943542668376
diesel-FLASH,simclr_scratch60_ridge,20,20,-0.090271799843645
diesel-FLASH,simclr_scratch60_ridge,20,21,-0.0125764248972013
diesel-FLASH,simclr_scratch60_ridge,20,22,-2.950108707537329
diesel-FLASH,simclr_scratch60_ridge,20,23,-0.3854840409000655
diesel-FLASH,simclr_scratch60_ridge,20,24,-0.0443117301229105
diesel-FLASH,simclr_scratch60_ridge,20,25,0.1462474204684763
diesel-FLASH,simclr_scratch60_ridge,20,26,-0.0088489502278159
diesel-FLASH,simclr_scratch60_ridge,20,27,0.003881068152752
diesel-FLASH,simclr_scratch60_ridge,20,28,-0.0965076865486365
diesel-FLASH,simclr_scratch60_ridge,20,29,-0.1680866365832249
diesel-FREEZE,simclr_scratch60_ridge,5,0,-0.1410228387943641
diesel-FREEZE,simclr_scratch60_ridge,5,1,-0.1616282547352154
diesel-FREEZE,simclr_scratch60_ridge,5,2,-0.2025210773255712
diesel-FREEZE,simclr_scratch60_ridge,5,3,0.0246121273156989
diesel-FREEZE,simclr_scratch60_ridge,5,4,0.030851795835197
diesel-FREEZE,simclr_scratch60_ridge,5,5,-3.4442393748874416
diesel-FREEZE,simclr_scratch60_ridge,5,6,-0.0577463304180871
diesel-FREEZE,simclr_scratch60_ridge,5,7,-0.2208853452271071
diesel-FREEZE,simclr_scratch60_ridge,5,8,-0.0036231800413151
diesel-FREEZE,simclr_scratch60_ridge,5,9,-1.2125545812858145
diesel-FREEZE,simclr_scratch60_ridge,5,10,-2.4887306836873635
diesel-FREEZE,simclr_scratch60_ridge,5,11,-1.3627679142966795
diesel-FREEZE,simclr_scratch60_ridge,5,12,-0.4489891945539013
diesel-FREEZE,simclr_scratch60_ridge,5,13,-0.1279166618115714
diesel-FREEZE,simclr_scratch60_ridge,5,14,0.0003444700880791
diesel-FREEZE,simclr_scratch60_ridge,5,15,-0.1168607375156005
diesel-FREEZE,simclr_scratch60_ridge,5,16,-0.0350802186088725
diesel-FREEZE,simclr_scratch60_ridge,5,17,-30.540939928921187
diesel-FREEZE,simclr_scratch60_ridge,5,18,0.0376052140235484
diesel-FREEZE,simclr_scratch60_ridge,5,19,-0.9964100233621884
diesel-FREEZE,simclr_scratch60_ridge,5,20,-3.992947011206097
diesel-FREEZE,simclr_scratch60_ridge,5,21,-0.1704898909026209
diesel-FREEZE,simclr_scratch60_ridge,5,22,-0.3012193885940655
diesel-FREEZE,simclr_scratch60_ridge,5,23,-0.1801916686089415
diesel-FREEZE,simclr_scratch60_ridge,5,24,-0.0167020937562925
diesel-FREEZE,simclr_scratch60_ridge,5,25,-0.2508373188774502
diesel-FREEZE,simclr_scratch60_ridge,5,26,-1.187943496653555
diesel-FREEZE,simclr_scratch60_ridge,5,27,-0.0687439564332643
diesel-FREEZE,simclr_scratch60_ridge,5,28,-0.2555799528890206
diesel-FREEZE,simclr_scratch60_ridge,5,29,-1.3791734924877583
diesel-FREEZE,simclr_scratch60_ridge,10,0,0.0545950528923577
diesel-FREEZE,simclr_scratch60_ridge,10,1,-0.0007953237110549
diesel-FREEZE,simclr_scratch60_ridge,10,2,-0.6505512560677249
diesel-FREEZE,simclr_scratch60_ridge,10,3,-1.25323627196574
diesel-FREEZE,simclr_scratch60_ridge,10,4,-0.2427702764152692
diesel-FREEZE,simclr_scratch60_ridge,10,5,-0.2544227579319009
diesel-FREEZE,simclr_scratch60_ridge,10,6,-0.6746149317564334
diesel-FREEZE,simclr_scratch60_ridge,10,7,-0.1950283267218
diesel-FREEZE,simclr_scratch60_ridge,10,8,-0.0108924233122533
diesel-FREEZE,simclr_scratch60_ridge,10,9,-0.3158554502223141
diesel-FREEZE,simclr_scratch60_ridge,10,10,-0.1675804859631988
diesel-FREEZE,simclr_scratch60_ridge,10,11,0.017664559008521
diesel-FREEZE,simclr_scratch60_ridge,10,12,-0.102167330585986
diesel-FREEZE,simclr_scratch60_ridge,10,13,-0.0133414241832667
diesel-FREEZE,simclr_scratch60_ridge,10,14,-0.3045807453407898
diesel-FREEZE,simclr_scratch60_ridge,10,15,-0.7083277188256567
diesel-FREEZE,simclr_scratch60_ridge,10,16,-0.0762070593723402
diesel-FREEZE,simclr_scratch60_ridge,10,17,0.3029698882549554
diesel-FREEZE,simclr_scratch60_ridge,10,18,0.3350849061793211
diesel-FREEZE,simclr_scratch60_ridge,10,19,-0.0440024296845258
diesel-FREEZE,simclr_scratch60_ridge,10,20,-0.2543783104987975
diesel-FREEZE,simclr_scratch60_ridge,10,21,0.4974788229953961
diesel-FREEZE,simclr_scratch60_ridge,10,22,0.009606542387656
diesel-FREEZE,simclr_scratch60_ridge,10,23,-1.8426978723654228
diesel-FREEZE,simclr_scratch60_ridge,10,24,-3.5787442493240205
diesel-FREEZE,simclr_scratch60_ridge,10,25,-0.8612442920111241
diesel-FREEZE,simclr_scratch60_ridge,10,26,0.0312192940903296
diesel-FREEZE,simclr_scratch60_ridge,10,27,0.0802059335668448
diesel-FREEZE,simclr_scratch60_ridge,10,28,0.070762445790056
diesel-FREEZE,simclr_scratch60_ridge,10,29,-0.262050747730953
diesel-FREEZE,simclr_scratch60_ridge,20,0,0.3887620379922807
diesel-FREEZE,simclr_scratch60_ridge,20,1,0.49940024470636
diesel-FREEZE,simclr_scratch60_ridge,20,2,-0.0244969720545809
diesel-FREEZE,simclr_scratch60_ridge,20,3,0.0390060281979319
diesel-FREEZE,simclr_scratch60_ridge,20,4,0.2106136423063251
diesel-FREEZE,simclr_scratch60_ridge,20,5,0.2732381923013993
diesel-FREEZE,simclr_scratch60_ridge,20,6,0.1876567315945932
diesel-FREEZE,simclr_scratch60_ridge,20,7,0.3078066954900835
diesel-FREEZE,simclr_scratch60_ridge,20,8,0.0325394861880463
diesel-FREEZE,simclr_scratch60_ridge,20,9,0.6104997627344236
diesel-FREEZE,simclr_scratch60_ridge,20,10,-0.0549392545409324
diesel-FREEZE,simclr_scratch60_ridge,20,11,-0.0667388010745744
diesel-FREEZE,simclr_scratch60_ridge,20,12,0.1720310821657479
diesel-FREEZE,simclr_scratch60_ridge,20,13,-0.5542649552076548
diesel-FREEZE,simclr_scratch60_ridge,20,14,0.4494506254555985
diesel-FREEZE,simclr_scratch60_ridge,20,15,0.6546353037362495
diesel-FREEZE,simclr_scratch60_ridge,20,16,0.4664380601578186
diesel-FREEZE,simclr_scratch60_ridge,20,17,-0.0130283577550858
diesel-FREEZE,simclr_scratch60_ridge,20,18,-0.1281791927601976
diesel-FREEZE,simclr_scratch60_ridge,20,19,0.5268347167407809
diesel-FREEZE,simclr_scratch60_ridge,20,20,0.5379288867172822
diesel-FREEZE,simclr_scratch60_ridge,20,21,0.5575951104026944
diesel-FREEZE,simclr_scratch60_ridge,20,22,0.5933085723471982
diesel-FREEZE,simclr_scratch60_ridge,20,23,-0.0399913117655401
diesel-FREEZE,simclr_scratch60_ridge,20,24,-0.1203380727587437
diesel-FREEZE,simclr_scratch60_ridge,20,25,-0.3819578929104199
diesel-FREEZE,simclr_scratch60_ridge,20,26,0.4047824398636769
diesel-FREEZE,simclr_scratch60_ridge,20,27,0.5156313979271263
diesel-FREEZE,simclr_scratch60_ridge,20,28,0.4748547100638003
diesel-FREEZE,simclr_scratch60_ridge,20,29,-0.4338367973428894
diesel-TOTAL,simclr_scratch60_ridge,5,0,0.8055692275355115
diesel-TOTAL,simclr_scratch60_ridge,5,1,-0.0146619933225045
diesel-TOTAL,simclr_scratch60_ridge,5,2,0.7208274623166568
diesel-TOTAL,simclr_scratch60_ridge,5,3,0.5981589770571498
diesel-TOTAL,simclr_scratch60_ridge,5,4,0.7675952652622969
diesel-TOTAL,simclr_scratch60_ridge,5,5,0.7071493605158075
diesel-TOTAL,simclr_scratch60_ridge,5,6,0.3093717845394778
diesel-TOTAL,simclr_scratch60_ridge,5,7,0.8387852741669248
diesel-TOTAL,simclr_scratch60_ridge,5,8,0.6825407692182429
diesel-TOTAL,simclr_scratch60_ridge,5,9,0.8643220892227648
diesel-TOTAL,simclr_scratch60_ridge,5,10,0.3767377286800483
diesel-TOTAL,simclr_scratch60_ridge,5,11,0.8228891927995876
diesel-TOTAL,simclr_scratch60_ridge,5,12,0.8051266748300301
diesel-TOTAL,simclr_scratch60_ridge,5,13,0.8303107299383339
diesel-TOTAL,simclr_scratch60_ridge,5,14,0.8080485823941594
diesel-TOTAL,simclr_scratch60_ridge,5,15,0.6513599860799997
diesel-TOTAL,simclr_scratch60_ridge,5,16,0.8594117350094241
diesel-TOTAL,simclr_scratch60_ridge,5,17,0.7349814840476292
diesel-TOTAL,simclr_scratch60_ridge,5,18,0.2625478007010577
diesel-TOTAL,simclr_scratch60_ridge,5,19,0.6943060986073973
diesel-TOTAL,simclr_scratch60_ridge,5,20,0.8662330902160227
diesel-TOTAL,simclr_scratch60_ridge,5,21,0.8744427260174248
diesel-TOTAL,simclr_scratch60_ridge,5,22,0.7058980640563746
diesel-TOTAL,simclr_scratch60_ridge,5,23,0.8525726116805652
diesel-TOTAL,simclr_scratch60_ridge,5,24,0.5315178352593496
diesel-TOTAL,simclr_scratch60_ridge,5,25,0.7892513917829173
diesel-TOTAL,simclr_scratch60_ridge,5,26,0.7491099641887154
diesel-TOTAL,simclr_scratch60_ridge,5,27,-0.4076562233370593
diesel-TOTAL,simclr_scratch60_ridge,5,28,0.598154740222161
diesel-TOTAL,simclr_scratch60_ridge,5,29,0.5490443699535097
diesel-TOTAL,simclr_scratch60_ridge,10,0,0.8199898002624
diesel-TOTAL,simclr_scratch60_ridge,10,1,0.7406252443418753
diesel-TOTAL,simclr_scratch60_ridge,10,2,0.3431991388003202
diesel-TOTAL,simclr_scratch60_ridge,10,3,0.8128384780599305
diesel-TOTAL,simclr_scratch60_ridge,10,4,0.8271906966873894
diesel-TOTAL,simclr_scratch60_ridge,10,5,0.6185552418057267
diesel-TOTAL,simclr_scratch60_ridge,10,6,0.8291082115680487
diesel-TOTAL,simclr_scratch60_ridge,10,7,0.7268864369591566
diesel-TOTAL,simclr_scratch60_ridge,10,8,0.8430683908665597
diesel-TOTAL,simclr_scratch60_ridge,10,9,0.8377911500823665
diesel-TOTAL,simclr_scratch60_ridge,10,10,0.841885298269813
diesel-TOTAL,simclr_scratch60_ridge,10,11,0.7342588970272159
diesel-TOTAL,simclr_scratch60_ridge,10,12,0.8274654095470345
diesel-TOTAL,simclr_scratch60_ridge,10,13,0.7940279312000367
diesel-TOTAL,simclr_scratch60_ridge,10,14,0.7528405547196022
diesel-TOTAL,simclr_scratch60_ridge,10,15,0.8482842699001099
diesel-TOTAL,simclr_scratch60_ridge,10,16,0.8328936871562453
diesel-TOTAL,simclr_scratch60_ridge,10,17,0.8426088835663224
diesel-TOTAL,simclr_scratch60_ridge,10,18,0.842166017240004
diesel-TOTAL,simclr_scratch60_ridge,10,19,0.8326708116810422
diesel-TOTAL,simclr_scratch60_ridge,10,20,-0.1964015183870109
diesel-TOTAL,simclr_scratch60_ridge,10,21,0.5082669682642545
diesel-TOTAL,simclr_scratch60_ridge,10,22,0.8258937172613467
diesel-TOTAL,simclr_scratch60_ridge,10,23,0.8520991142356531
diesel-TOTAL,simclr_scratch60_ridge,10,24,0.8024673041441021
diesel-TOTAL,simclr_scratch60_ridge,10,25,0.2169176003364202
diesel-TOTAL,simclr_scratch60_ridge,10,26,0.8788280685198729
diesel-TOTAL,simclr_scratch60_ridge,10,27,0.8532893656324089
diesel-TOTAL,simclr_scratch60_ridge,10,28,0.8324885939616907
diesel-TOTAL,simclr_scratch60_ridge,10,29,0.4538019483294371
diesel-TOTAL,simclr_scratch60_ridge,20,0,0.4780602729215606
diesel-TOTAL,simclr_scratch60_ridge,20,1,0.9128792826621412
diesel-TOTAL,simclr_scratch60_ridge,20,2,0.9100007762673212
diesel-TOTAL,simclr_scratch60_ridge,20,3,0.8886209843050084
diesel-TOTAL,simclr_scratch60_ridge,20,4,0.3862677475723032
diesel-TOTAL,simclr_scratch60_ridge,20,5,0.853594938162611
diesel-TOTAL,simclr_scratch60_ridge,20,6,0.8559421101169776
diesel-TOTAL,simclr_scratch60_ridge,20,7,0.8380834149701388
diesel-TOTAL,simclr_scratch60_ridge,20,8,0.8932762647583166
diesel-TOTAL,simclr_scratch60_ridge,20,9,0.8820548105171955
diesel-TOTAL,simclr_scratch60_ridge,20,10,0.9176178984586988
diesel-TOTAL,simclr_scratch60_ridge,20,11,0.7627600522474959
diesel-TOTAL,simclr_scratch60_ridge,20,12,0.8894589552624851
diesel-TOTAL,simclr_scratch60_ridge,20,13,0.8781134366089217
diesel-TOTAL,simclr_scratch60_ridge,20,14,0.8673858722423132
diesel-TOTAL,simclr_scratch60_ridge,20,15,0.8838281206348109
diesel-TOTAL,simclr_scratch60_ridge,20,16,0.8872180063412165
diesel-TOTAL,simclr_scratch60_ridge,20,17,0.8767231527305371
diesel-TOTAL,simclr_scratch60_ridge,20,18,0.8016696584576903
diesel-TOTAL,simclr_scratch60_ridge,20,19,0.8241187841119314
diesel-TOTAL,simclr_scratch60_ridge,20,20,0.8413888912882991
diesel-TOTAL,simclr_scratch60_ridge,20,21,0.8848345044413779
diesel-TOTAL,simclr_scratch60_ridge,20,22,0.8491568057102789
diesel-TOTAL,simclr_scratch60_ridge,20,23,0.8507225085953539
diesel-TOTAL,simclr_scratch60_ridge,20,24,0.9071057223037632
diesel-TOTAL,simclr_scratch60_ridge,20,25,0.8900096791217095
diesel-TOTAL,simclr_scratch60_ridge,20,26,0.8659888901023257
diesel-TOTAL,simclr_scratch60_ridge,20,27,0.7394646152852669
diesel-TOTAL,simclr_scratch60_ridge,20,28,0.8660515410638423
diesel-TOTAL,simclr_scratch60_ridge,20,29,0.8338216313664496
diesel-VISC,simclr_scratch60_ridge,5,0,-1.0323685624586267
diesel-VISC,simclr_scratch60_ridge,5,1,-0.937452433210989
diesel-VISC,simclr_scratch60_ridge,5,2,-8.477099324721848e-07
diesel-VISC,simclr_scratch60_ridge,5,3,-1.320851706503218
diesel-VISC,simclr_scratch60_ridge,5,4,-1.765830491921092
diesel-VISC,simclr_scratch60_ridge,5,5,-0.0175160392128541
diesel-VISC,simclr_scratch60_ridge,5,6,-0.0398280010849121
diesel-VISC,simclr_scratch60_ridge,5,7,-4.237249189603433
diesel-VISC,simclr_scratch60_ridge,5,8,-0.3967464560484872
diesel-VISC,simclr_scratch60_ridge,5,9,-1.3747962465920571
diesel-VISC,simclr_scratch60_ridge,5,10,-0.8924834417157337
diesel-VISC,simclr_scratch60_ridge,5,11,-0.0210930961321982
diesel-VISC,simclr_scratch60_ridge,5,12,-0.1120312542499746
diesel-VISC,simclr_scratch60_ridge,5,13,-8.236847972613251
diesel-VISC,simclr_scratch60_ridge,5,14,-0.2589536425989009
diesel-VISC,simclr_scratch60_ridge,5,15,-0.1169267063650201
diesel-VISC,simclr_scratch60_ridge,5,16,-1.2315393127637644
diesel-VISC,simclr_scratch60_ridge,5,17,-1.850794128913648
diesel-VISC,simclr_scratch60_ridge,5,18,-4.765144526219474
diesel-VISC,simclr_scratch60_ridge,5,19,-0.8436202084887343
diesel-VISC,simclr_scratch60_ridge,5,20,-5.360580233360442
diesel-VISC,simclr_scratch60_ridge,5,21,-2.968791923015992
diesel-VISC,simclr_scratch60_ridge,5,22,-0.3409886365135752
diesel-VISC,simclr_scratch60_ridge,5,23,-0.9287175570541206
diesel-VISC,simclr_scratch60_ridge,5,24,-0.6591524013195809
diesel-VISC,simclr_scratch60_ridge,5,25,0.0131060730908589
diesel-VISC,simclr_scratch60_ridge,5,26,-0.2030087916526888
diesel-VISC,simclr_scratch60_ridge,5,27,-0.8262899004600368
diesel-VISC,simclr_scratch60_ridge,5,28,-0.0485491025614244
diesel-VISC,simclr_scratch60_ridge,5,29,0.0081901783674586
diesel-VISC,simclr_scratch60_ridge,10,0,-0.1325463947363658
diesel-VISC,simclr_scratch60_ridge,10,1,0.0016898844487136
diesel-VISC,simclr_scratch60_ridge,10,2,-0.0102347106067197
diesel-VISC,simclr_scratch60_ridge,10,3,-3.6965539100169273
diesel-VISC,simclr_scratch60_ridge,10,4,-0.2498204806205
diesel-VISC,simclr_scratch60_ridge,10,5,-2.2638550989787203
diesel-VISC,simclr_scratch60_ridge,10,6,-2.2787858804229617
diesel-VISC,simclr_scratch60_ridge,10,7,-0.2749252095234797
diesel-VISC,simclr_scratch60_ridge,10,8,0.3686480613536002
diesel-VISC,simclr_scratch60_ridge,10,9,-0.8450529987020017
diesel-VISC,simclr_scratch60_ridge,10,10,-0.2762575478575946
diesel-VISC,simclr_scratch60_ridge,10,11,-0.3324283558462571
diesel-VISC,simclr_scratch60_ridge,10,12,-0.3267854838849942
diesel-VISC,simclr_scratch60_ridge,10,13,-2.814792867892075
diesel-VISC,simclr_scratch60_ridge,10,14,-1.5015503228661615
diesel-VISC,simclr_scratch60_ridge,10,15,-0.6524985938332666
diesel-VISC,simclr_scratch60_ridge,10,16,-0.2371642294362279
diesel-VISC,simclr_scratch60_ridge,10,17,-1.2152055149566503
diesel-VISC,simclr_scratch60_ridge,10,18,-0.0171848661606623
diesel-VISC,simclr_scratch60_ridge,10,19,-0.0829646115015749
diesel-VISC,simclr_scratch60_ridge,10,20,-0.0102196414898949
diesel-VISC,simclr_scratch60_ridge,10,21,-0.1138263230351603
diesel-VISC,simclr_scratch60_ridge,10,22,-0.0503916042399053
diesel-VISC,simclr_scratch60_ridge,10,23,-0.1598610171643306
diesel-VISC,simclr_scratch60_ridge,10,24,-0.0276818211075839
diesel-VISC,simclr_scratch60_ridge,10,25,-0.5378503061809201
diesel-VISC,simclr_scratch60_ridge,10,26,-1.0705945218610036
diesel-VISC,simclr_scratch60_ridge,10,27,-0.757660092603128
diesel-VISC,simclr_scratch60_ridge,10,28,-6.15558773705172
diesel-VISC,simclr_scratch60_ridge,10,29,0.3095038659316018
diesel-VISC,simclr_scratch60_ridge,20,0,-0.5562330848011383
diesel-VISC,simclr_scratch60_ridge,20,1,0.4434618518659079
diesel-VISC,simclr_scratch60_ridge,20,2,-1.768951259151854
diesel-VISC,simclr_scratch60_ridge,20,3,-0.4621272313900477
diesel-VISC,simclr_scratch60_ridge,20,4,0.4969577630325464
diesel-VISC,simclr_scratch60_ridge,20,5,0.4171564462434575
diesel-VISC,simclr_scratch60_ridge,20,6,0.3394955869245549
diesel-VISC,simclr_scratch60_ridge,20,7,-3.0514584201944928
diesel-VISC,simclr_scratch60_ridge,20,8,0.1044328039055535
diesel-VISC,simclr_scratch60_ridge,20,9,-0.5161134304253197
diesel-VISC,simclr_scratch60_ridge,20,10,0.1939142870615863
diesel-VISC,simclr_scratch60_ridge,20,11,-0.1179183036176301
diesel-VISC,simclr_scratch60_ridge,20,12,0.3511927970347209
diesel-VISC,simclr_scratch60_ridge,20,13,0.6495761524245434
diesel-VISC,simclr_scratch60_ridge,20,14,0.5910718306107922
diesel-VISC,simclr_scratch60_ridge,20,15,0.4886277346561929
diesel-VISC,simclr_scratch60_ridge,20,16,-0.9974120464836818
diesel-VISC,simclr_scratch60_ridge,20,17,0.026901205146612
diesel-VISC,simclr_scratch60_ridge,20,18,0.0213401474295502
diesel-VISC,simclr_scratch60_ridge,20,19,0.1505077306858698
diesel-VISC,simclr_scratch60_ridge,20,20,0.524760959628938
diesel-VISC,simclr_scratch60_ridge,20,21,0.0097438160388798
diesel-VISC,simclr_scratch60_ridge,20,22,0.0183218779853429
diesel-VISC,simclr_scratch60_ridge,20,23,0.3443410145391739
diesel-VISC,simclr_scratch60_ridge,20,24,-0.1652705758046277
diesel-VISC,simclr_scratch60_ridge,20,25,-0.144588761147526
diesel-VISC,simclr_scratch60_ridge,20,26,0.3964287175811644
diesel-VISC,simclr_scratch60_ridge,20,27,0.0033416633609663
diesel-VISC,simclr_scratch60_ridge,20,28,0.0054471106699172
diesel-VISC,simclr_scratch60_ridge,20,29,0.5626057716462562
evoo-adulteration,simclr_scratch60_ridge,5,0,-0.2010157821575471
evoo-adulteration,simclr_scratch60_ridge,5,1,-0.0002392871915148
evoo-adulteration,simclr_scratch60_ridge,5,2,-0.2189017292107964
evoo-adulteration,simclr_scratch60_ridge,5,3,-0.3454383858338512
evoo-adulteration,simclr_scratch60_ridge,5,4,-0.2826841130092201
evoo-adulteration,simclr_scratch60_ridge,5,5,-1.2375521046275213
evoo-adulteration,simclr_scratch60_ridge,5,6,-0.196098399911738
evoo-adulteration,simclr_scratch60_ridge,5,7,-0.3569250763438218
evoo-adulteration,simclr_scratch60_ridge,5,8,-1.3113146240894693
evoo-adulteration,simclr_scratch60_ridge,5,9,-0.8450322587730683
evoo-adulteration,simclr_scratch60_ridge,5,10,0.1249028791906969
evoo-adulteration,simclr_scratch60_ridge,5,11,-0.4625228344771104
evoo-adulteration,simclr_scratch60_ridge,5,12,-0.0471883441794402
evoo-adulteration,simclr_scratch60_ridge,5,13,-0.4928129469772357
evoo-adulteration,simclr_scratch60_ridge,5,14,-10.90817969864688
evoo-adulteration,simclr_scratch60_ridge,5,15,0.0944340833185155
evoo-adulteration,simclr_scratch60_ridge,5,16,-0.0971366057666653
evoo-adulteration,simclr_scratch60_ridge,5,17,-0.2434438854541143
evoo-adulteration,simclr_scratch60_ridge,5,18,-0.0044138538968447
evoo-adulteration,simclr_scratch60_ridge,5,19,-0.6860958236655967
evoo-adulteration,simclr_scratch60_ridge,5,20,-0.0482564249955204
evoo-adulteration,simclr_scratch60_ridge,5,21,0.0058839078595125
evoo-adulteration,simclr_scratch60_ridge,5,22,-0.011456126925992
evoo-adulteration,simclr_scratch60_ridge,5,23,-0.2958695620518339
evoo-adulteration,simclr_scratch60_ridge,5,24,-3.97990929366283
evoo-adulteration,simclr_scratch60_ridge,5,25,0.0130863291852675
evoo-adulteration,simclr_scratch60_ridge,5,26,0.0151894428581721
evoo-adulteration,simclr_scratch60_ridge,5,27,-0.8655288008458122
evoo-adulteration,simclr_scratch60_ridge,5,28,-1.306144416867331
evoo-adulteration,simclr_scratch60_ridge,5,29,-15.332893165985505
evoo-adulteration,simclr_scratch60_ridge,10,0,0.0204453296623261
evoo-adulteration,simclr_scratch60_ridge,10,1,-0.0646549230912332
evoo-adulteration,simclr_scratch60_ridge,10,2,0.0006034446035391
evoo-adulteration,simclr_scratch60_ridge,10,3,0.006301311579096
evoo-adulteration,simclr_scratch60_ridge,10,4,-4.505948171458162
evoo-adulteration,simclr_scratch60_ridge,10,5,-0.5706133433562726
evoo-adulteration,simclr_scratch60_ridge,10,6,-2.184171185764449
evoo-adulteration,simclr_scratch60_ridge,10,7,0.0868082704951848
evoo-adulteration,simclr_scratch60_ridge,10,8,-3.245184475728318
evoo-adulteration,simclr_scratch60_ridge,10,9,-0.2345049694658083
evoo-adulteration,simclr_scratch60_ridge,10,10,-2.720914753739616
evoo-adulteration,simclr_scratch60_ridge,10,11,-1.0950777082476444
evoo-adulteration,simclr_scratch60_ridge,10,12,-0.0177696211164823
evoo-adulteration,simclr_scratch60_ridge,10,13,0.1210717530115504
evoo-adulteration,simclr_scratch60_ridge,10,14,-0.1037329068961994
evoo-adulteration,simclr_scratch60_ridge,10,15,-1.1974761279876085
evoo-adulteration,simclr_scratch60_ridge,10,16,-0.0906430510350202
evoo-adulteration,simclr_scratch60_ridge,10,17,0.0150768009472086
evoo-adulteration,simclr_scratch60_ridge,10,18,-0.8098664303077598
evoo-adulteration,simclr_scratch60_ridge,10,19,-1.565309926324495
evoo-adulteration,simclr_scratch60_ridge,10,20,0.1292435989070542
evoo-adulteration,simclr_scratch60_ridge,10,21,-0.1277796487899689
evoo-adulteration,simclr_scratch60_ridge,10,22,-0.1666250125926265
evoo-adulteration,simclr_scratch60_ridge,10,23,-2.1319879800744275
evoo-adulteration,simclr_scratch60_ridge,10,24,0.0738362361551903
evoo-adulteration,simclr_scratch60_ridge,10,25,-0.024923656152112
evoo-adulteration,simclr_scratch60_ridge,10,26,-0.0094307914685647
evoo-adulteration,simclr_scratch60_ridge,10,27,-0.0860273417425039
evoo-adulteration,simclr_scratch60_ridge,10,28,-0.0278908366789549
evoo-adulteration,simclr_scratch60_ridge,10,29,-0.0199112608977227
evoo-adulteration,simclr_scratch60_ridge,20,0,0.067058300075716
evoo-adulteration,simclr_scratch60_ridge,20,1,-1.24330034350452
evoo-adulteration,simclr_scratch60_ridge,20,2,-2.456392225265609
evoo-adulteration,simclr_scratch60_ridge,20,3,-0.7468440399888938
evoo-adulteration,simclr_scratch60_ridge,20,4,-1.2427731269190323
evoo-adulteration,simclr_scratch60_ridge,20,5,-0.031475948053862
evoo-adulteration,simclr_scratch60_ridge,20,6,-0.9850361468056026
evoo-adulteration,simclr_scratch60_ridge,20,7,-0.0466623392087603
evoo-adulteration,simclr_scratch60_ridge,20,8,-0.0287554966904293
evoo-adulteration,simclr_scratch60_ridge,20,9,0.132384468835246
evoo-adulteration,simclr_scratch60_ridge,20,10,-1.4046479451599023
evoo-adulteration,simclr_scratch60_ridge,20,11,0.0474809102441748
evoo-adulteration,simclr_scratch60_ridge,20,12,0.0445342844627265
evoo-adulteration,simclr_scratch60_ridge,20,13,0.2264090280291817
evoo-adulteration,simclr_scratch60_ridge,20,14,0.0310801164680905
evoo-adulteration,simclr_scratch60_ridge,20,15,0.0787820624412701
evoo-adulteration,simclr_scratch60_ridge,20,16,-0.1918457729671514
evoo-adulteration,simclr_scratch60_ridge,20,17,-0.0158598756426604
evoo-adulteration,simclr_scratch60_ridge,20,18,0.409561967339484
evoo-adulteration,simclr_scratch60_ridge,20,19,-0.0800998702513926
evoo-adulteration,simclr_scratch60_ridge,20,20,-0.0228983153277702
evoo-adulteration,simclr_scratch60_ridge,20,21,-0.0065570425078862
evoo-adulteration,simclr_scratch60_ridge,20,22,-10.680474725203696
evoo-adulteration,simclr_scratch60_ridge,20,23,-0.52280351206823
evoo-adulteration,simclr_scratch60_ridge,20,24,0.0183681388185273
evoo-adulteration,simclr_scratch60_ridge,20,25,0.2260026028709778
evoo-adulteration,simclr_scratch60_ridge,20,26,-0.4153328339753852
evoo-adulteration,simclr_scratch60_ridge,20,27,0.0078146406465495
evoo-adulteration,simclr_scratch60_ridge,20,28,0.171868152583101
evoo-adulteration,simclr_scratch60_ridge,20,29,0.1539572006340056
gasoline-octane,simclr_scratch60_ridge,5,0,0.9283634418101582
gasoline-octane,simclr_scratch60_ridge,5,1,0.653274838500826
gasoline-octane,simclr_scratch60_ridge,5,2,0.7707406990441802
gasoline-octane,simclr_scratch60_ridge,5,3,-0.0037849940902345
gasoline-octane,simclr_scratch60_ridge,5,4,0.955988477016918
gasoline-octane,simclr_scratch60_ridge,5,5,0.9085788721971072
gasoline-octane,simclr_scratch60_ridge,5,6,0.8343415891938378
gasoline-octane,simclr_scratch60_ridge,5,7,0.1000111496124774
gasoline-octane,simclr_scratch60_ridge,5,8,0.4969073690369425
gasoline-octane,simclr_scratch60_ridge,5,9,0.4408962227924333
gasoline-octane,simclr_scratch60_ridge,5,10,0.8478100995916998
gasoline-octane,simclr_scratch60_ridge,5,11,0.6475634528848755
gasoline-octane,simclr_scratch60_ridge,5,12,0.7876311573938246
gasoline-octane,simclr_scratch60_ridge,5,13,0.8655853503244579
gasoline-octane,simclr_scratch60_ridge,5,14,0.7098692470534429
gasoline-octane,simclr_scratch60_ridge,5,15,0.6595340984087887
gasoline-octane,simclr_scratch60_ridge,5,16,0.8830717835615223
gasoline-octane,simclr_scratch60_ridge,5,17,0.7597891283245686
gasoline-octane,simclr_scratch60_ridge,5,18,0.2964884840335251
gasoline-octane,simclr_scratch60_ridge,5,19,0.2299262482657225
gasoline-octane,simclr_scratch60_ridge,5,20,0.8360502078819495
gasoline-octane,simclr_scratch60_ridge,5,21,-0.0050245930726364
gasoline-octane,simclr_scratch60_ridge,5,22,0.6000654064035311
gasoline-octane,simclr_scratch60_ridge,5,23,0.9302382103127144
gasoline-octane,simclr_scratch60_ridge,5,24,0.6917484755317747
gasoline-octane,simclr_scratch60_ridge,5,25,0.469792906592385
gasoline-octane,simclr_scratch60_ridge,5,26,0.8390535955285284
gasoline-octane,simclr_scratch60_ridge,5,27,0.919405675121932
gasoline-octane,simclr_scratch60_ridge,5,28,0.9100314498174596
gasoline-octane,simclr_scratch60_ridge,5,29,0.7948720797686732
gasoline-octane,simclr_scratch60_ridge,10,0,0.9493140325916032
gasoline-octane,simclr_scratch60_ridge,10,1,0.908358424361307
gasoline-octane,simclr_scratch60_ridge,10,2,0.9299440933072172
gasoline-octane,simclr_scratch60_ridge,10,3,0.9269820779336654
gasoline-octane,simclr_scratch60_ridge,10,4,0.9585148647549347
gasoline-octane,simclr_scratch60_ridge,10,5,0.8590110144281209
gasoline-octane,simclr_scratch60_ridge,10,6,0.8076863514007017
gasoline-octane,simclr_scratch60_ridge,10,7,0.948500672569991
gasoline-octane,simclr_scratch60_ridge,10,8,0.7064564858707583
gasoline-octane,simclr_scratch60_ridge,10,9,0.9285435500228744
gasoline-octane,simclr_scratch60_ridge,10,10,0.6997802882382069
gasoline-octane,simclr_scratch60_ridge,10,11,0.8758532493584963
gasoline-octane,simclr_scratch60_ridge,10,12,0.7273620696263112
gasoline-octane,simclr_scratch60_ridge,10,13,0.6217029085929302
gasoline-octane,simclr_scratch60_ridge,10,14,0.9466170087286586
gasoline-octane,simclr_scratch60_ridge,10,15,0.9431600158446484
gasoline-octane,simclr_scratch60_ridge,10,16,0.8768171413364232
gasoline-octane,simclr_scratch60_ridge,10,17,0.9196555578158454
gasoline-octane,simclr_scratch60_ridge,10,18,0.9199294535235572
gasoline-octane,simclr_scratch60_ridge,10,19,0.9551404849658576
gasoline-octane,simclr_scratch60_ridge,10,20,0.9600758083179264
gasoline-octane,simclr_scratch60_ridge,10,21,0.9220173618519892
gasoline-octane,simclr_scratch60_ridge,10,22,0.9174010039360392
gasoline-octane,simclr_scratch60_ridge,10,23,0.9247731822611766
gasoline-octane,simclr_scratch60_ridge,10,24,0.8582328113548173
gasoline-octane,simclr_scratch60_ridge,10,25,0.8888885043983794
gasoline-octane,simclr_scratch60_ridge,10,26,0.9480586352272588
gasoline-octane,simclr_scratch60_ridge,10,27,0.8170433502344852
gasoline-octane,simclr_scratch60_ridge,10,28,0.9446875456363564
gasoline-octane,simclr_scratch60_ridge,10,29,0.5336160897061518
gasoline-octane,simclr_scratch60_ridge,20,0,0.957222851748466
gasoline-octane,simclr_scratch60_ridge,20,1,0.9550122444582272
gasoline-octane,simclr_scratch60_ridge,20,2,0.9584921179755836
gasoline-octane,simclr_scratch60_ridge,20,3,0.9570228812430148
gasoline-octane,simclr_scratch60_ridge,20,4,0.9016957723957044
gasoline-octane,simclr_scratch60_ridge,20,5,0.896038135167012
gasoline-octane,simclr_scratch60_ridge,20,6,0.9510302293853516
gasoline-octane,simclr_scratch60_ridge,20,7,0.9493858752422516
gasoline-octane,simclr_scratch60_ridge,20,8,0.8801541727964337
gasoline-octane,simclr_scratch60_ridge,20,9,0.9584144984534788
gasoline-octane,simclr_scratch60_ridge,20,10,0.9641967687020644
gasoline-octane,simclr_scratch60_ridge,20,11,0.9202489376324904
gasoline-octane,simclr_scratch60_ridge,20,12,0.9565266781245104
gasoline-octane,simclr_scratch60_ridge,20,13,0.9236984160258084
gasoline-octane,simclr_scratch60_ridge,20,14,0.9636274742895976
gasoline-octane,simclr_scratch60_ridge,20,15,0.9473389156271886
gasoline-octane,simclr_scratch60_ridge,20,16,0.8939140665068205
gasoline-octane,simclr_scratch60_ridge,20,17,0.9517464923355264
gasoline-octane,simclr_scratch60_ridge,20,18,0.9552749891539488
gasoline-octane,simclr_scratch60_ridge,20,19,0.9520511383533709
gasoline-octane,simclr_scratch60_ridge,20,20,0.8085497998862992
gasoline-octane,simclr_scratch60_ridge,20,21,0.9604861494896078
gasoline-octane,simclr_scratch60_ridge,20,22,0.9396170669079962
gasoline-octane,simclr_scratch60_ridge,20,23,0.962201359561745
gasoline-octane,simclr_scratch60_ridge,20,24,0.9644724222844948
gasoline-octane,simclr_scratch60_ridge,20,25,0.9629026280182366
gasoline-octane,simclr_scratch60_ridge,20,26,0.9513968594604416
gasoline-octane,simclr_scratch60_ridge,20,27,0.934217326535213
gasoline-octane,simclr_scratch60_ridge,20,28,0.9686758888084436
gasoline-octane,simclr_scratch60_ridge,20,29,0.9326364512669026
