target,attr,shot,rep,ANIL(mae),PI-ANIL(mae),PLS-target,PLS-m5->tgt(0shot)
m5,moisture,5,0,-0.8262307050731132,-1.736651764348069,-0.2954980824913378,0.7857588870306358
m5,moisture,5,1,-0.3610102634543233,-2.2930429471649756,-0.5673103369213848,0.8646405384247051
m5,moisture,5,2,-1.296557537676574,-1.5752583938172817,-0.16098782965939296,0.8204230338976977
m5,moisture,5,3,-0.6270148246452101,-1.2397016404643555,-0.5533909842847671,0.8574274346014756
m5,moisture,5,4,-2.2721947943053586,-2.1556978975785426,-2.183152150685424,0.8088603708269739
m5,moisture,5,5,-0.6948841332958282,-0.37203615713320737,-0.3601796529345924,0.8294689704708917
m5,moisture,5,6,-1.4615713758682047,-0.8674652668565499,-0.055296787870035,0.8577964633904371
m5,moisture,5,7,0.038492754016888786,-1.037384368395812,0.18247284965649568,0.828607694660437
m5,moisture,5,8,-0.5815973730900033,-2.7867783871596457,-1.2748831074345977,0.8604418161866435
m5,moisture,5,9,0.055475482435475953,-1.2746722074711578,-0.7051420745913006,0.8079220886936229
m5,moisture,5,10,-0.6475617448709752,-1.0699631816618198,-0.07844608368910855,0.820663598570449
m5,moisture,5,11,-0.3490703340102099,-1.8628882171717125,-1.7850627409507487,0.8381589347580665
m5,moisture,5,12,-0.4823871022888748,-0.8121028586972847,-0.9218133334479581,0.8372179076713941
m5,moisture,5,13,-2.1086849874707823,-0.8997942156896761,0.17197146907187733,0.8343947774665103
m5,moisture,5,14,-0.4177925114400274,-0.09767321869730039,-0.19272784548405975,0.8490887101983533
m5,moisture,5,15,-0.5682753071966562,-0.4984345180275749,-0.09350744175445591,0.8248361222380598
m5,moisture,5,16,-1.4240379771893226,-0.9932040158477049,-0.310860189814923,0.8294517153007858
m5,moisture,5,17,-0.2530241158145179,-2.7397600843826857,-0.08596045480825176,0.8093833420814367
m5,moisture,5,18,-0.5561527130392772,-0.925556032375779,-0.6046653746024957,0.8368159718363969
m5,moisture,5,19,-2.6471292117873064,-1.1728618887570712,-0.5428742856781485,0.822717750319122
m5,moisture,5,20,0.06864472839612734,-1.1114618617489018,-0.6117126651688376,0.8237152744987168
m5,moisture,5,21,0.5892914802777374,-0.08108690095531634,-0.033563985658963125,0.8010339746055452
m5,moisture,5,22,-0.44128343538413906,-0.24186872245809465,0.07335098387956707,0.8388812487641865
m5,moisture,5,23,-0.2623775393940968,-0.2783143722163903,-0.43851615707231706,0.8520899933268984
m5,moisture,5,24,0.03991843553433316,-0.19832799401379364,0.4408754867546332,0.8303855770585125
m5,moisture,5,25,0.0023019116619587,-0.6854591046593874,-0.42447075126127864,0.8447889102662985
m5,moisture,5,26,-0.22567539696631767,-0.1341186143665971,-0.08834311210508083,0.8525423017739738
m5,moisture,5,27,-1.098985772505984,-2.731437595658356,-0.8817995857945593,0.8470867549624401
m5,moisture,5,28,-0.5545019304877588,-0.5930153711366009,0.20810381474017914,0.8395447800348964
m5,moisture,5,29,-0.437688383746903,-0.6671715331154968,-0.36580497511152044,0.8399141485336777
m5,moisture,10,0,-0.13473966259300862,-1.1516684206268315,0.05232310384659955,0.7893769184773332
m5,moisture,10,1,-0.018911426169314627,-0.43673979163950705,-0.0477645996422571,0.8588294546259474
m5,moisture,10,2,0.3793628613489549,0.12203774219995467,-0.14451377135729437,0.8666143631390186
m5,moisture,10,3,-0.0945957062351559,-1.1034052101000031,0.11577901083621212,0.7985611006570401
m5,moisture,10,4,0.5338487777824006,-0.4496255834930185,0.4261140926618593,0.8205132559977366
m5,moisture,10,5,-0.32859840588987055,-0.920895808741838,-0.27924243156272954,0.8102575644728566
m5,moisture,10,6,0.2616975507966376,-0.11463424939799371,0.2504945347608982,0.7561292519298793
m5,moisture,10,7,0.6464249492638747,-0.0971161866126784,-0.022322795158255415,0.8617102677011625
m5,moisture,10,8,0.5783860572847072,-0.22925514844182993,0.37258464259532775,0.8537667999112923
m5,moisture,10,9,0.16472765950786394,0.19695163602766852,0.350196524325569,0.8485997509279029
m5,moisture,10,10,0.02293669249573005,-0.1555736834499284,-0.29363336092234205,0.8267018140960589
m5,moisture,10,11,0.21404914617965087,-0.47841060977705485,0.3511075800842228,0.7995933582643833
m5,moisture,10,12,0.5538564951837393,-0.06512905654499801,0.30178540455143676,0.8478376619116684
m5,moisture,10,13,0.6039193558054723,-0.22410515880670157,0.4106832766609363,0.8475110341699723
m5,moisture,10,14,-0.19166684674245982,-0.6757071398344541,-0.2831510059309643,0.8511493276637317
m5,moisture,10,15,-0.4753156197094266,-0.050327680832296995,0.031052868192595118,0.8484242675664886
m5,moisture,10,16,-0.9032302046851248,0.2605116072225052,-0.8721764859932031,0.7285163218213557
m5,moisture,10,17,0.2713420505502222,-0.822682135728005,-0.11949063208474064,0.801096535749575
m5,moisture,10,18,0.024634714342672837,-0.30837419833224233,0.38382440011139274,0.8324131826047164
m5,moisture,10,19,0.12078047442038264,-0.4526964358816261,-0.19831355856282618,0.8296347994922506
m5,moisture,10,20,0.30053543151326534,0.24092701117778315,0.2775209853596827,0.8363222072186238
m5,moisture,10,21,-1.7309251186801018,-0.744418049107155,-0.8714694740769049,0.8476103364037442
m5,moisture,10,22,-0.3289087237834303,-0.1441651843444196,-0.22766535604809546,0.8552184663758801
m5,moisture,10,23,0.14261570064375595,-0.5906853281876738,-0.8654967090563874,0.8182734532908906
m5,moisture,10,24,0.26114291552543556,-0.19052937354865263,0.6958749449392498,0.8366120307696203
m5,moisture,10,25,0.3866331687741287,-0.29971573929475737,0.30395160229061335,0.811518408318443
m5,moisture,10,26,-0.14748433233224456,-0.4627743983418542,-0.04840761852235387,0.8329924425548418
m5,moisture,10,27,0.5461548036103965,0.0912930174913269,0.423754407047109,0.8072094981059749
m5,moisture,10,28,-0.1997362185986049,-0.705480112100549,0.12341284512903306,0.8734550863156533
m5,moisture,10,29,0.4721495783345421,0.10666747709076074,0.40949147428526333,0.8653768037581017
m5,moisture,20,0,0.6136289789891836,0.16859389726058072,0.6022549127009278,0.835777869529247
m5,moisture,20,1,0.16382489298931702,-1.0504863824887614,0.642591195506584,0.8646568882338398
m5,moisture,20,2,0.6136329090359058,-0.08005812400877255,0.8381889514574659,0.8601204404583217
m5,moisture,20,3,-0.13647736036998692,-0.5144772424690565,0.40043449586711266,0.753636011085937
m5,moisture,20,4,0.6539855828792851,0.021591327134211524,0.6308983011809705,0.7606509532715064
m5,moisture,20,5,0.4793179526943324,0.3828612946248495,0.4077158731611099,0.8581514953223981
m5,moisture,20,6,-0.4258995489419095,-1.4546637914266656,0.2241023970919821,0.614700802654214
m5,moisture,20,7,0.6813670225356372,0.01627813809370182,0.7951246770338027,0.8939042245882163
m5,moisture,20,8,0.5857078482585247,0.057935655063926284,0.852552608656738,0.9445147648736782
m5,moisture,20,9,0.45494434015526364,0.02423943583152388,0.7660190484030805,0.860272617298124
m5,moisture,20,10,0.46534892240879155,0.10186745258220808,0.5981843446638218,0.8303817584587704
m5,moisture,20,11,0.10763786979020296,-0.9535929051511498,0.5430419203495751,0.6576537198059238
m5,moisture,20,12,0.6758227721324974,0.21002582947243442,0.7326731320165244,0.8572006643178718
m5,moisture,20,13,0.18861307020975437,-0.3021959136775678,0.3100002825967857,0.7134673311925579
m5,moisture,20,14,0.6152976721129515,0.09713298563044848,0.6332933405048791,0.8005628499197026
m5,moisture,20,15,0.30599986819132163,-1.0127460633380068,0.169795549176732,0.7347532589436545
m5,moisture,20,16,-0.11841646647996074,-2.7921788236966227,0.5103898149040977,0.8670681283815136
m5,moisture,20,17,0.77034245571309,0.18235205248319697,0.8060688339294415,0.929744536439282
m5,moisture,20,18,0.7236205104706204,0.33415758858767874,0.5231032367872965,0.8129810881773726
m5,moisture,20,19,0.7146540287806153,0.1132906589597279,0.851247853106143,0.8405145688954373
m5,moisture,20,20,0.607491678208346,-0.021901683435221475,0.7574753333469737,0.8626145224555406
m5,moisture,20,21,0.6804099238586061,0.2020245111640956,0.658337656929468,0.7926960180934881
m5,moisture,20,22,0.37539533891319476,0.013718087913498822,0.6322199668221228,0.6893660342020238
m5,moisture,20,23,-0.4869766601304828,-2.42357125957428,-0.38387764173867933,0.5864583196946362
m5,moisture,20,24,0.7310760418641952,0.18096526597404738,0.7067685218962476,0.8749002908821496
m5,moisture,20,25,0.6201719463209334,0.5461472536818908,0.61222531766575,0.8395073006880537
m5,moisture,20,26,0.6224045605027179,0.17456165949062585,0.5826702072187186,0.8698855707980931
m5,moisture,20,27,0.5927096105095233,-0.4429260768972445,0.45494556381104145,0.7619240783004294
m5,moisture,20,28,0.2673439698153274,-0.3967013525315246,0.5550149424019052,0.7588517751549921
m5,moisture,20,29,0.6725709554911958,0.14964746673471685,0.6299800891864763,0.8744169592341093
mp5,moisture,5,0,-0.6384246335349808,-1.8919083852313139,-0.5880905041302498,-41.785897163089516
mp5,moisture,5,1,-1.4373269497282428,-1.9822927541168491,-1.225954029767618,-38.0730900787574
mp5,moisture,5,2,-1.1433407305057286,-3.7845900917566517,-1.3156209928234053,-39.545081290334416
mp5,moisture,5,3,-0.651687686316113,-1.630614150921228,-1.3226197537785827,-38.0265913205924
mp5,moisture,5,4,-1.5575499174065266,-4.335916110001001,-3.0491713919436094,-47.47806816080733
mp5,moisture,5,5,-0.5540083704900198,-0.2662351796084865,-0.3370068446782575,-34.77771776382907
mp5,moisture,5,6,-0.9660822594094935,-6.382758948084445,-0.4621465654094381,-38.5270856688532
mp5,moisture,5,7,-0.3852185682807421,-1.6429540573780712,-5.160898539206748,-39.8659581445687
mp5,moisture,5,8,-1.8923588385765164,-2.2159715412426477,-1.1027457890555747,-36.911833876665945
mp5,moisture,5,9,-2.427891571681688,-0.8675736706795003,-1.169831857043092,-40.84470444550093
mp5,moisture,5,10,-0.9258673125483547,-1.058195638482629,-0.7356723314574196,-38.89554120660908
mp5,moisture,5,11,-2.1929710621602676,-3.1127278454293483,-0.8303835927018071,-39.95568267165528
mp5,moisture,5,12,-0.720924965648472,-1.9383273644838375,-1.2895806105520036,-36.45165748241552
mp5,moisture,5,13,-1.975579208331677,-2.6655793175725884,-0.5155053830437224,-42.3252831373159
mp5,moisture,5,14,-0.07639155080978677,-0.30958593196613493,-0.14527376852575813,-34.26786876832736
mp5,moisture,5,15,-1.4851270816967568,-0.3340083499903381,-0.6879459834417563,-42.45124979391828
mp5,moisture,5,16,0.3551544132186797,-0.48246510942950627,-0.08301066650934685,-35.758371727487756
mp5,moisture,5,17,-3.1559308280341085,-3.986306263881919,-1.2314585525817883,-45.17671086585086
mp5,moisture,5,18,0.2219457191183365,-1.4478777429471346,-0.25545855914910054,-38.04775722405949
mp5,moisture,5,19,0.18121032052962516,-1.5019300819831276,-0.8676940179877151,-41.3968194550897
mp5,moisture,5,20,0.35169184480336046,-0.9730187721527868,-0.7062245110513912,-36.536923432309266
mp5,moisture,5,21,0.11926915012119377,-1.132581892279477,-0.6385361556550899,-39.839755785366634
mp5,moisture,5,22,-0.32473369697535603,-1.0182468476717959,-0.335414940170347,-40.37432090182211
mp5,moisture,5,23,-1.255651652732892,-0.4768656428113869,-4.3647886843468395,-35.16642151550141
mp5,moisture,5,24,-0.17905489752639525,0.06313232149993597,-0.31426861172637843,-38.57425270304748
mp5,moisture,5,25,-0.8509348956915954,-3.7130265314993496,-1.1884052484716046,-35.98762326902519
mp5,moisture,5,26,0.06551730089076113,-0.05975463813119486,-0.07599304336876012,-31.279176481016243
mp5,moisture,5,27,-0.17848963762259573,-5.270931386315633,0.00442705627262352,-37.12392237171773
mp5,moisture,5,28,-0.563961735243294,-0.7806413909076948,0.05762130804752219,-35.616524210972514
mp5,moisture,5,29,-0.1427078627645617,-2.1540351865517353,-0.770402624979103,-37.288515993014975
mp5,moisture,10,0,0.24141719233335723,-1.1019309552767655,-0.10844952796484209,-42.57925579135309
mp5,moisture,10,1,-0.19152918103727945,-1.282235288201015,-2.1169139805958044,-39.91766614142872
mp5,moisture,10,2,0.3002329820793844,-5.824648830656311,-0.42017800873276423,-41.259425125151445
mp5,moisture,10,3,-0.17089085984100683,-1.2003785233762785,-1.4461870580971175,-40.279475124751166
mp5,moisture,10,4,0.07087830774637705,0.08032780824642327,0.010756367110585696,-35.261846435931595
mp5,moisture,10,5,-0.24048688190732848,-0.8161435963588752,-0.2398568703924162,-32.64640868980324
mp5,moisture,10,6,0.2137030789866592,-1.7161591170529156,-0.30593153976300846,-51.61524262728554
mp5,moisture,10,7,-0.2552355631700651,-1.41198901018516,-0.5549810031812787,-33.54763178363929
mp5,moisture,10,8,-0.37859005405066504,-0.9623980153189244,-0.7902820004318953,-29.21172691673538
mp5,moisture,10,9,0.21295807898468733,-0.0028150618867148758,-0.10962676332121157,-32.42306087810999
mp5,moisture,10,10,-0.2746409572073001,-0.2666661635976366,-0.3647098489761542,-34.08609568484086
mp5,moisture,10,11,0.06257349849190674,-0.6226308300302754,0.38964873352629403,-35.77130273031034
mp5,moisture,10,12,-0.22237424787193882,-0.27912655487596294,-0.2519715249326475,-32.214517814197436
mp5,moisture,10,13,0.5312122452491249,0.03545096290462224,0.1269303028628862,-30.83311827935164
mp5,moisture,10,14,0.26703885221052737,-4.525690441656647,0.1294410518073308,-31.843295453589796
mp5,moisture,10,15,-0.16109508429120134,-0.3741215790573331,0.16468888994609043,-43.98753670711656
mp5,moisture,10,16,-4.204549561802302,-0.7066151651166366,-0.8593554012672804,-60.44585087522184
mp5,moisture,10,17,-0.09948481213220206,-0.917363116901246,-0.9960375727977215,-40.202746288073
mp5,moisture,10,18,0.120580695512293,-0.2799988286902999,0.28516705266587017,-32.18528534610797
mp5,moisture,10,19,0.05604423072064635,-3.2178577201899685,-0.5203489517035114,-39.153350985485105
mp5,moisture,10,20,-1.1469797027553397,-0.11769260912626311,-1.3244091616726013,-36.548187701073616
mp5,moisture,10,21,-0.16095050463626182,-2.4165843965022975,-4.196869042719676,-37.08260922641376
mp5,moisture,10,22,0.4778155136007104,0.03372672841422475,-0.628973976005865,-35.90507376802792
mp5,moisture,10,23,0.3247684475252899,-0.48588609357558554,0.07824243974291745,-50.73594237874587
mp5,moisture,10,24,0.5546501709841399,-0.34455502550222983,0.427685140505382,-34.42846886151793
mp5,moisture,10,25,-0.05497880370719499,-0.1277226221813117,-0.3284323497971655,-41.62441915484112
mp5,moisture,10,26,0.2343006523657778,-0.10497107399383565,-0.4840635337995751,-39.61968152720087
mp5,moisture,10,27,0.2763674208289769,-0.08919275291519257,0.15889554634646463,-35.0197980219394
mp5,moisture,10,28,-0.2684369778649971,-0.7353141353521346,-0.6012569475709018,-32.03857548532985
mp5,moisture,10,29,0.035502991370332304,-1.184145779053066,-0.47374354670570606,-33.882760081619075
mp5,moisture,20,0,0.33358322816671027,-0.20552635901291105,-0.04006921839219779,-52.88935479941498
mp5,moisture,20,1,-0.003425998974246447,-1.3920086371930598,0.19879284774952177,-41.00951567778339
mp5,moisture,20,2,0.39442820955689073,-0.07654480723258406,0.016244729398601887,-30.02741908615528
mp5,moisture,20,3,-0.037846140771407466,-1.2392788503803769,-0.462498394478704,-110.54646823690098
mp5,moisture,20,4,0.4466458547898905,-0.044441003513576494,0.2816047515332786,-35.77409966134121
mp5,moisture,20,5,0.6099794884069074,0.10796005105827533,0.37815218647083837,-54.11529802457899
mp5,moisture,20,6,-0.45122531639616636,-1.5382762023563052,-1.002564242642924,-52.64210778843457
mp5,moisture,20,7,0.6351153340885666,-0.07816418296629268,0.6949354422764882,-33.085199546996705
mp5,moisture,20,8,0.6002440457176736,-0.531303721484077,0.39794785170746083,-27.59295546758927
mp5,moisture,20,9,0.5237856800818991,-0.10310580574623951,0.4947154864767821,-25.194208260077893
mp5,moisture,20,10,0.5345262633726274,-0.005265931562678183,0.5291904103653835,-36.33737835591271
mp5,moisture,20,11,-0.12505524372576526,-1.1110641301613269,-0.05189282908901238,-90.0513163986986
mp5,moisture,20,12,0.4099579793456537,0.06122813468750821,0.4405724727353483,-33.429465667090724
mp5,moisture,20,13,0.1408720712587037,-0.6244574344421152,-0.5129270436349522,-63.68776825618987
mp5,moisture,20,14,0.37627630493686626,-0.3553023167416878,-0.0846887619477441,-35.72072736361476
mp5,moisture,20,15,0.11265023752500136,-0.6832871368147002,-1.05441395206264,-52.96052530688691
mp5,moisture,20,16,-0.35847618898463196,-1.6327107650036243,0.026425301485130004,-49.20633973838914
mp5,moisture,20,17,0.6705926410510192,0.11059942479813767,0.42135191215716883,-25.468812539755884
mp5,moisture,20,18,0.34799827613278966,0.08198980586951388,0.18867050108049876,-39.880024458824074
mp5,moisture,20,19,0.41792574757337675,0.14200670331615084,0.5828021209721774,-30.41133195762924
mp5,moisture,20,20,0.3374057765987636,-0.3697141155533805,0.34506927545761434,-24.954772968399716
mp5,moisture,20,21,0.5354468354208346,0.00401217984564195,0.4501740461929481,-33.24142105102813
mp5,moisture,20,22,0.5236460467416937,-0.07030494609805538,0.06887420005366995,-99.66032032440012
mp5,moisture,20,23,-0.22524072060485834,-2.500770754900571,-0.6955133931249811,-75.9289177453777
mp5,moisture,20,24,0.16314763239349706,-2.686547942414607,-0.8230872765261801,-30.07641422032643
mp5,moisture,20,25,0.6411361303030847,0.3293876372634885,0.12050977091911996,-64.47071196466817
mp5,moisture,20,26,0.3920020008599582,-0.4927133850630203,0.4852403250776506,-36.1583734099661
mp5,moisture,20,27,0.6156699977103852,-0.2659347396606373,0.3365740805279477,-52.464450414785
mp5,moisture,20,28,0.2510336921544075,-0.41738783379093913,0.02619967307811777,-35.260092909362044
mp5,moisture,20,29,0.5249545017093138,0.016392712544133325,0.5158288029902571,-24.83833095522831
mp6,moisture,5,0,-0.6918794786879001,-1.494180181820738,-0.6887379062353964,-46.688018569579
mp6,moisture,5,1,-1.2322932507252973,-2.946966949851518,-1.3930890432769543,-42.03450014220891
mp6,moisture,5,2,-1.2405898755277418,-3.0432001083064106,-1.50892165940015,-43.54590483262044
mp6,moisture,5,3,-0.7682785646791528,-0.7303802852123549,-1.4328180146051022,-41.677326043455516
mp6,moisture,5,4,-1.8878321049959332,-3.7515453498484197,-3.139687345252856,-52.460758300104345
mp6,moisture,5,5,-1.4393268583677217,-0.17517678444280116,-0.25816821563761017,-38.26075235557913
mp6,moisture,5,6,-0.3836082399024434,-5.26194249340906,-0.6073259927117329,-42.208736206335935
mp6,moisture,5,7,0.38300825907157143,-1.0923826529003913,-1.2028289582576934,-44.22438092519256
mp6,moisture,5,8,-1.9433669486728506,-2.3939778289724987,-1.1022851956584252,-40.816193551357905
mp6,moisture,5,9,-2.0874509449007794,-0.3782213204253073,-1.3885332614168693,-45.628979701098224
mp6,moisture,5,10,-1.8162638471425283,-0.5706733660934564,-0.7241675453331438,-43.146444498407625
mp6,moisture,5,11,-1.5667809664525216,-2.052468662785621,-1.4117728131054368,-44.06666193793516
mp6,moisture,5,12,-0.68888267334248,-1.8095066051406792,-1.2761086877455758,-39.87896165129998
mp6,moisture,5,13,-1.1406043110128912,-3.4175383519417473,-0.35342959596948176,-46.70258161947161
mp6,moisture,5,14,-0.9153038924304477,-0.3468889183158721,-0.16663543567073424,-37.42540180779523
mp6,moisture,5,15,-1.2544078882746916,-0.43867500271045246,-0.7350483191883175,-46.95400861075713
mp6,moisture,5,16,-1.2348001805317077,-0.3415684786248101,-0.05098536862753633,-39.40936512637612
mp6,moisture,5,17,-0.17199065702708705,-5.013309408272106,-1.2093146519711202,-49.81004871215605
mp6,moisture,5,18,0.14500543598947546,-0.6702055890088736,-0.1715582569464429,-42.09159889907137
mp6,moisture,5,19,0.06359341516333883,-3.3905514595463773,-0.7804105019460386,-45.7747161283831
mp6,moisture,5,20,0.4914297112539291,-1.6209308096795896,-0.6205227846443779,-40.122129475532546
mp6,moisture,5,21,-0.5458459822043584,-1.6583985622120139,-0.618839631525032,-44.409182139258505
mp6,moisture,5,22,-0.7402833892139629,-0.5345399385611547,-0.364399923474773,-44.49736764540763
mp6,moisture,5,23,-0.5977704943891009,-0.5945743041189806,-5.710048302570552,-38.36404463138616
mp6,moisture,5,24,-1.5238762897892508,-0.5196295035284288,-0.41686148193713657,-42.34191438447952
mp6,moisture,5,25,-1.3330762313266207,-3.6409927883012827,-1.3924718638744942,-39.606619521263845
mp6,moisture,5,26,0.21384035404915958,-0.15097146235057157,-0.09953419849732303,-34.179378894704314
mp6,moisture,5,27,-0.18545870816603793,-4.210561099093706,-0.16362787530855472,-41.1640355748177
mp6,moisture,5,28,-0.023164292289335142,-0.5021263072064195,-0.0037591456968233405,-39.599950854369936
mp6,moisture,5,29,-0.1915912743939343,-2.5660049794219644,-0.7392857360463034,-41.35784577372878
mp6,moisture,10,0,0.34856689842183985,-0.7335036872127776,0.1701907677944311,-46.8015616797225
mp6,moisture,10,1,-1.4698351936886476,-1.63162162798716,-2.2375087498855053,-44.24890231029614
mp6,moisture,10,2,-0.100980662671867,-9.037461993805202,-1.4637032466683242,-45.571159283609965
mp6,moisture,10,3,0.17044356215441014,-1.068863849035166,-0.24897669837394232,-44.52122478096193
mp6,moisture,10,4,0.12441942990786348,0.11333013329255937,0.2245274185764219,-38.28223787888836
mp6,moisture,10,5,-0.059318140113921336,-0.6693378784731283,-0.197851233565155,-35.671215524390526
mp6,moisture,10,6,0.3388061950972414,-1.2542925701668386,0.057742237689815124,-56.5111134974077
mp6,moisture,10,7,-0.33077669211420346,-1.3072809111996304,-0.6249781822085494,-37.06148449703898
mp6,moisture,10,8,0.13708960359117128,-0.44753333359779757,-0.890724180391758,-32.134684318257825
mp6,moisture,10,9,0.1994022925423874,0.031203271640316332,-0.11658037212070149,-35.78398498009724
mp6,moisture,10,10,0.2664842888181914,-0.11109138381538419,-0.3318560044866259,-37.717780587941206
mp6,moisture,10,11,0.2276284377028509,-0.5558434163278412,0.4325655813793713,-39.7402448293409
mp6,moisture,10,12,0.3618326251942626,-0.32096843216734516,-0.30159744569190305,-35.549738817057225
mp6,moisture,10,13,0.7023063705159307,0.08169424778249024,0.15343084997639833,-33.95693602589108
mp6,moisture,10,14,-0.09596363641683014,-3.7574946360774266,0.3382627341433977,-34.95755519892938
mp6,moisture,10,15,-0.36917547175620546,-0.2849923689310645,-0.382136782075426,-48.15734343455333
mp6,moisture,10,16,-2.9845544583061483,-0.7058440808597066,-1.2402446502190672,-67.16243477851177
mp6,moisture,10,17,0.167191781960063,-0.6922390085076502,-0.6181198201455944,-44.556057631291274
mp6,moisture,10,18,0.4022977197337031,-0.24672118314439317,0.31421085960032247,-35.83763118452601
mp6,moisture,10,19,-0.29859600469529224,-2.856028220730449,0.5798691378729165,-43.15860617157356
mp6,moisture,10,20,-0.6383956107049824,-0.06085101461392384,0.17213714135469815,-40.23958363214438
mp6,moisture,10,21,-2.0878693741809324,-1.9548610666660395,-0.8320722238570433,-41.28899864148932
mp6,moisture,10,22,0.6243072084038028,-0.0677165470554133,-0.49735600160685145,-39.11589985718007
mp6,moisture,10,23,0.4021935106619011,-0.47217077239156113,-0.02214629168793536,-55.947793115357506
mp6,moisture,10,24,0.5986405534526966,-0.15310723736046117,0.5104972374313106,-38.14955882711135
mp6,moisture,10,25,0.12160236050651552,0.07175198974883568,-0.05267124700935666,-46.27649261476458
mp6,moisture,10,26,0.44348573888857523,-0.2739020032440658,0.12175392274999086,-43.48583183472733
mp6,moisture,10,27,0.35144329538090047,-0.05961679099793704,0.3428840731723273,-39.06037319393977
mp6,moisture,10,28,-0.3151279969788565,-0.6554084168146266,-0.7122915487356714,-35.567108157192465
mp6,moisture,10,29,0.13152754468936612,-1.1403002084090366,-0.5296263880618874,-37.50323375049881
mp6,moisture,20,0,0.432238999358465,-0.24599336941317285,0.035360679647989834,-59.00409702506249
mp6,moisture,20,1,-0.11986060384663055,-1.4425764467851754,0.5275092406907018,-45.63865314296659
mp6,moisture,20,2,0.3437850609748234,-0.05136820259987873,0.6598730656551993,-32.49450146811789
mp6,moisture,20,3,0.2886499794177607,-1.3536295453282396,0.25697545998177784,-120.14268293167854
mp6,moisture,20,4,0.5247116487103801,-0.17559104491755706,0.5939068029222816,-39.653918326190336
mp6,moisture,20,5,0.6227936173278557,-0.004197119259583992,0.44246027214885564,-59.13200863962728
mp6,moisture,20,6,-0.22951162291179394,-1.4367271628934386,-0.9667284144971025,-58.442166480240395
mp6,moisture,20,7,0.6862675546639709,-0.1440338676536772,0.42504327952909593,-36.51990602355468
mp6,moisture,20,8,0.7242035184584625,-0.31597478834964243,-0.4481923213645438,-30.156491456897943
mp6,moisture,20,9,0.6836938637807681,-0.16829271175957605,0.6148181046545756,-27.830581735458313
mp6,moisture,20,10,0.677694111171691,-0.004462205612628889,0.5433682093097789,-39.87610934970416
mp6,moisture,20,11,-0.28479682495978054,-1.3338662026546322,0.06382007614266638,-100.31397072894079
mp6,moisture,20,12,0.6022423460178304,0.10499535524753112,0.5680495839952182,-37.646939430714156
mp6,moisture,20,13,0.11587901169841153,-0.7952273069146805,-0.7898023580311859,-71.12726177655577
mp6,moisture,20,14,0.10244740702719302,-0.4378776460859175,0.60535104061749,-40.28510002718869
mp6,moisture,20,15,0.20257500914898496,-0.6428340667862142,-0.0685240294858982,-57.32171461338869
mp6,moisture,20,16,-0.07209610827537305,-1.5154098702903194,0.3404325548126026,-53.96041473773374
mp6,moisture,20,17,0.6393151409210461,0.1370510983906521,0.4887276892337158,-27.996385481417093
mp6,moisture,20,18,0.5417592640626824,0.07112432279937841,0.1597773502015286,-43.15620005190202
mp6,moisture,20,19,0.4963021317838978,0.23422066220890703,0.5994331011245584,-33.52110276502827
mp6,moisture,20,20,0.495126828589577,-0.2488280103701248,0.47529966922604017,-27.713314200017106
mp6,moisture,20,21,0.6620919474964171,0.05904703964484337,0.38745617572893,-37.43896414896204
mp6,moisture,20,22,0.7153347878587623,-0.010620152929531335,0.03350757888330158,-111.3456035563473
mp6,moisture,20,23,-0.2527140857841701,-2.41513311232621,-1.04818276286843,-84.8576804072531
mp6,moisture,20,24,-0.07070438007825963,-3.0313791190456376,-1.0175289793592857,-33.81081723268148
mp6,moisture,20,25,0.8410891073957387,0.3905087016065,0.11616209369396224,-71.58963564867605
mp6,moisture,20,26,0.6998102836293156,-0.5719985469213493,0.5423022415858181,-39.36445697808522
mp6,moisture,20,27,0.6985427074099042,-0.4544515311611357,0.5429416898715913,-59.3421855087925
mp6,moisture,20,28,0.3543349037844442,-0.42061111723325584,0.067142787340708,-39.23152917428788
mp6,moisture,20,29,0.6348356964535395,0.06339325623281744,0.6851739262518022,-27.642139301295163
m5,oil,5,0,-5.5971706673072505,-1.000903007768002,0.35528311487256237,0.7683165061707431
m5,oil,5,1,-0.8535978601245489,-0.14171273559066355,-0.9343745100706953,0.8364595503912429
m5,oil,5,2,-1.0118341778899977,-0.7464085416449024,-1.4470481999176004,0.8404710459681055
m5,oil,5,3,-2.279904017229232,-1.3762377422191605,-1.2933225234965189,0.7947122135357478
m5,oil,5,4,-1.7207665918959245,-1.9264409878119002,-0.17057506489358065,0.7755523914459941
m5,oil,5,5,-1.219876883373367,-0.5641323112134571,-1.0037104584200232,0.7904608875816224
m5,oil,5,6,-1.3237434700393833,-1.2021058021183655,-0.8620489203318453,0.8708592102508149
m5,oil,5,7,0.05551713964989491,-1.7999834838812863,0.13190928794362988,0.7610415977977848
m5,oil,5,8,-0.5247089105696388,-1.2735237475438757,0.01610293422323661,0.8115587823898849
m5,oil,5,9,0.03701550907030837,-0.23849518234282963,0.5630803699838745,0.7940029311148008
m5,oil,5,10,-0.17270844816733244,-0.5210391668163254,0.2457921910764267,0.7761526555736211
m5,oil,5,11,-2.8580047825740715,-0.7394175165610894,-0.6943662902775889,0.834255431472565
m5,oil,5,12,-1.290497086092182,-0.22851970444502645,0.4504037655436812,0.832709231023316
m5,oil,5,13,-0.5497697845743472,-0.2728808311706552,-0.16787881800513493,0.8622195514899321
m5,oil,5,14,-1.082834072437393,-0.7034613883327208,0.27969956429784404,0.830178399189109
m5,oil,5,15,-1.6758425635140544,-0.05221288617979458,-0.29455255817739756,0.841006090141946
m5,oil,5,16,0.21632860741787352,-0.9858703271618152,-0.8376131872104833,0.7825276200514312
m5,oil,5,17,-1.194876892492787,-3.8524682328513444,0.41216910174569366,0.7741779565405551
m5,oil,5,18,-1.4888695484044185,-0.7076891373658678,0.28804039155490124,0.7112173060830734
m5,oil,5,19,-0.9706746946952354,-0.5417041936555347,-0.08164505546829837,0.7974644954019293
m5,oil,5,20,-3.28942594445041,-2.799243330846419,-2.7494954314351876,0.7475994333303712
m5,oil,5,21,-0.4507869990053097,-0.14568462847364327,0.17871341433809806,0.7821946233779914
m5,oil,5,22,0.2953953436774164,-0.7643410445059922,0.39390875775061474,0.8238766811530521
m5,oil,5,23,-2.13821682008542,-1.111553385386531,-0.396470359373164,0.8343431627682131
m5,oil,5,24,-0.9991973019031408,-0.8881903052903914,-0.8112593443598537,0.7702140433837678
m5,oil,5,25,-2.252639734492675,-0.667828932150299,0.32212266250384536,0.7924640755112511
m5,oil,5,26,-0.8711645634887859,-0.4898106906391455,-0.5362520525251446,0.8444741073918972
m5,oil,5,27,-0.34275664286444796,-3.055039963650338,-1.0092547263546505,0.8193857931638462
m5,oil,5,28,-0.8288794053812307,-0.4952396835410484,0.2622043744781837,0.8283948575275103
m5,oil,5,29,-0.8196921531561683,-1.0974116862938468,0.11069496941405554,0.8310375562269564
m5,oil,10,0,-0.12283705250660071,-0.47738838375313963,0.024556181237023855,0.8156547648439724
m5,oil,10,1,-0.9215890288552904,-1.3624307506519355,0.27345748297929706,0.7915600237604825
m5,oil,10,2,0.5479056823811728,0.03950079962040898,0.4494888245786818,0.8041165178804363
m5,oil,10,3,-0.0012350591903780295,0.0901482063055612,-1.050898937779745,0.8077635794820099
m5,oil,10,4,0.45378194259205173,-0.4773566786287109,0.482251297694818,0.8247795326073857
m5,oil,10,5,-0.3385579474798015,-0.30237070643897224,0.1795329007039077,0.7859013532636596
m5,oil,10,6,0.5798579816804115,0.48362691265920366,0.36869740314940436,0.6307480954648284
m5,oil,10,7,0.07225206717978117,-0.1622352271688947,0.36334340372016183,0.7759950013669553
m5,oil,10,8,-1.201281051032074,-0.708629887630803,0.2043755932715039,0.8282956485027255
m5,oil,10,9,-0.3086688819562564,-0.17300133068770696,0.3045199236392747,0.7923409043756037
m5,oil,10,10,0.5352510036769892,0.15855957725384684,0.4436251526485542,0.8091020902628889
m5,oil,10,11,0.4739805316753609,-0.05311766693055575,0.2837909546682986,0.8253052724917485
m5,oil,10,12,0.7044033436885888,0.2184491338537432,-0.016135663037435855,0.8436434624356803
m5,oil,10,13,-0.28478997512699555,-0.9702296797415786,0.09607119060180802,0.7296829415277509
m5,oil,10,14,-0.12707225890863794,-0.8416779532061995,0.11623883725377115,0.834504946271615
m5,oil,10,15,0.4985223201251574,0.006322246757202388,0.4642578130657333,0.8248175387515562
m5,oil,10,16,0.20963038828327352,-1.6082546015353834,-0.36513928328474976,0.7691364026819403
m5,oil,10,17,0.6372525056251954,-0.06881658403400026,0.5329231535257524,0.8400086970081548
m5,oil,10,18,0.5365715264359979,0.05773682780567524,0.6648282098184215,0.8389105221210231
m5,oil,10,19,-0.18309360042567535,-0.041021047073650285,0.18645832929810402,0.8142467037710504
m5,oil,10,20,0.5131951113102968,0.12348896424283773,0.3359254426563767,0.8243956948382667
m5,oil,10,21,-0.03968252684070217,-0.09710309024886832,0.3693205857528066,0.8706897746338081
m5,oil,10,22,-0.3355717153354911,-0.7728008955415107,-0.7203790206750122,0.7976790152082548
m5,oil,10,23,0.4062918839982328,-0.5222482151739143,0.1590159899145257,0.8001911394369499
m5,oil,10,24,0.35402724763103566,0.22901880486843207,0.4670785298418214,0.7271197566396512
m5,oil,10,25,0.5131439307893495,0.30404068848050236,0.29086256765083385,0.7435791856957097
m5,oil,10,26,0.4521319098604728,-0.6118854457513443,0.26117423586934796,0.7818846448200258
m5,oil,10,27,0.3021164452854075,-0.41748695981206296,0.42990834767485064,0.7481610067671587
m5,oil,10,28,-0.35692200729332413,-0.5247631848766545,0.4343835526188409,0.802513675026686
m5,oil,10,29,0.04123876727035514,-0.012398776149983082,0.3501062736569581,0.8403887346676263
m5,oil,20,0,0.3551808953743697,0.12142770437490347,0.5265562542621176,0.7186211663185718
m5,oil,20,1,0.4893906969720502,-0.2693451354237102,0.6946277557755832,0.9429048699029645
m5,oil,20,2,0.7408399537629664,0.39116806694050554,0.4421117168845289,0.7549879960049215
m5,oil,20,3,0.6401971415540972,0.38215803487280076,0.20656259974805768,0.7379846062063204
m5,oil,20,4,0.8060712591714392,0.12983872524417917,-0.08385274822909539,0.7053007983693638
m5,oil,20,5,0.6563261486213448,-0.07375502947334356,0.6379225593026374,0.8105692288577411
m5,oil,20,6,0.5282714349057891,0.10684304541529233,0.10605859623121239,0.6052837995554539
m5,oil,20,7,0.4704292380334998,0.03764533535388215,0.31186378443476526,0.7580440303887196
m5,oil,20,8,0.7999416166415021,0.24074815002514627,0.888148921352466,0.8708409115898643
m5,oil,20,9,0.5912539496152753,0.24064906951266485,0.7564992715536205,0.8706411805740017
m5,oil,20,10,0.6671870625858154,0.31740210763662713,0.6529904388488837,0.8014211872240464
m5,oil,20,11,0.7200206951116583,-0.11711397708676197,0.609780506097205,0.7596771462641628
m5,oil,20,12,0.4470613441943474,0.1383250191179235,0.6873854100225992,0.890126313033583
m5,oil,20,13,0.5308240440825318,-0.008110082972579535,0.27579213557473836,0.6892577952803162
m5,oil,20,14,0.32669330791790474,0.11659274370225192,0.6421283715203663,0.8534966383835186
m5,oil,20,15,0.43169738624544585,-0.05296378594162987,-0.5254577391534185,0.43112213596148286
m5,oil,20,16,-0.10518409845439591,-1.005227732659677,-0.03832980779563422,0.7826352240982317
m5,oil,20,17,0.6425377087066194,0.2588770822885278,0.752842550478112,0.8906189078780691
m5,oil,20,18,0.4550873974188798,0.5498119352817004,0.07572460102888179,0.7456576522430338
m5,oil,20,19,0.7722075265913547,0.4582906894353459,0.7265966587482332,0.7071549007618116
m5,oil,20,20,0.4808272903585128,-0.09718257659747165,0.45495193858721017,0.8475835866732592
m5,oil,20,21,0.44969184989058864,-0.0472221632078309,0.6254544465465939,0.7912659072234681
m5,oil,20,22,0.5611434769828001,-0.2753178054112313,0.37533565929147383,0.7557050183953393
m5,oil,20,23,0.5207811263855211,-0.03829131433719524,0.3599290694748949,0.849546143596678
m5,oil,20,24,0.4343544482939401,-0.14625737672690797,0.6332732317728564,0.9014122049542174
m5,oil,20,25,0.5515703507647549,0.3084445052343474,0.5139460338098725,0.8705484637496094
m5,oil,20,26,0.6077434498134239,0.2809857243375723,0.5673127016566956,0.8298428530561811
m5,oil,20,27,0.5885185918909168,0.18126908659243413,0.707027329506391,0.8175633383089329
m5,oil,20,28,0.1852517114096056,0.14323785947768652,-0.9297809635020016,0.2834877827183786
m5,oil,20,29,0.6988136020929125,0.44071942884763615,0.3976442069361005,0.7224543092597028
mp5,oil,5,0,-0.040908536344397284,-0.46827709367289994,0.22063706527793303,-19.355594695282274
mp5,oil,5,1,-2.0561954264502353,0.043388656404015236,-0.15411155433310775,-16.037479589293277
mp5,oil,5,2,-0.7934364969385681,-2.027668560090148,-1.0293845219512767,-16.592913916546966
mp5,oil,5,3,-2.5461093383060116,-5.890692035218233,-2.6616161205906774,-22.458677383782856
mp5,oil,5,4,-0.03539295166183254,-0.7790971683380845,-0.23822425609576903,-19.65053551811067
mp5,oil,5,5,-1.6375776309495094,-0.7555078342837085,-1.0303396963147868,-19.307072483729524
mp5,oil,5,6,-2.0267472508916886,-3.8943633741197345,-1.1138761813020959,-16.602006394798313
mp5,oil,5,7,-0.5235267877960568,-0.6627041854163156,-0.2587867748530126,-19.989240785554554
mp5,oil,5,8,-1.7764436455306445,-1.8231625112101066,-0.44389063720582467,-18.87102975040204
mp5,oil,5,9,-2.204592579120139,-0.29523047481994946,0.21714584693668493,-18.61460672477923
mp5,oil,5,10,-1.0435108105780424,-0.6965308665170502,-0.30872278377217577,-18.4244867316305
mp5,oil,5,11,0.04602721824317657,-0.09573391027974032,-0.16656305183064268,-16.578996499240972
mp5,oil,5,12,0.01591136768538015,-0.25749869758619126,0.44226642288867357,-18.567650408158865
mp5,oil,5,13,-0.035394130298485704,-0.3154388844117262,0.09331524896823729,-16.52751592146194
mp5,oil,5,14,-1.858321373185246,-0.5109579731484954,0.25500988920075096,-17.057655192445555
mp5,oil,5,15,0.07679319885822167,-0.08154162822166522,-0.2911553903278217,-16.843829334668413
mp5,oil,5,16,-0.785511666379777,-0.23091355026848226,0.35174167273819945,-18.359154515405507
mp5,oil,5,17,-0.05056352569487421,-0.2328907576836725,-0.5968782150285432,-19.417712072103477
mp5,oil,5,18,-0.0885174810317102,-1.3304398393140962,0.18461606870118996,-24.47641860974831
mp5,oil,5,19,0.22967592775074264,-0.4824582233264587,0.13790120467088807,-19.5307162941582
mp5,oil,5,20,-6.185114587959044,-2.205186898656386,-0.7740085730313724,-23.55977888319116
mp5,oil,5,21,-0.4008744255456862,-0.18040523236399264,-0.4232800742027323,-18.708227245954525
mp5,oil,5,22,-0.8666453526362876,-0.43863716565871025,-3.5673948427537523,-18.273219816843003
mp5,oil,5,23,-3.2615304727893033,-1.6699850506892808,-5.883518400973187,-16.877496903114633
mp5,oil,5,24,-0.6673192193245687,-0.285503827815927,0.23248379537375463,-18.63188242855017
mp5,oil,5,25,-1.6999777733561494,-1.9284438837994022,-0.06479654104239563,-19.998437310741913
mp5,oil,5,26,-1.2649467250801147,-0.41390640698478465,-0.20705431452099043,-16.558378743461226
mp5,oil,5,27,-0.47746679718966334,-0.457938736023745,0.03187625038287634,-16.936039442760173
mp5,oil,5,28,-1.2520073304823929,-3.392677561098558,-0.5126798253734943,-18.478360282070522
mp5,oil,5,29,-0.8382568239019608,-0.2822839713977414,-0.41727634464399377,-19.062783933125473
mp5,oil,10,0,0.19111350123919735,0.2092098905495563,-0.033967708446375866,-18.52313592809865
mp5,oil,10,1,-1.8145166495333949,-1.5375881002593164,-0.2351157704291773,-21.702381974980405
mp5,oil,10,2,-0.14532311727939318,-3.9169288797177044,-0.5626891903378008,-18.925400604504684
mp5,oil,10,3,-0.10837250276458055,0.1429057384864295,0.5791700836215464,-15.674097774531848
mp5,oil,10,4,0.4199322109481851,0.2666568970450701,0.6352929776448826,-19.172377443327587
mp5,oil,10,5,0.14225367562421065,0.27118447440513826,0.03841838034948286,-19.053069184620277
mp5,oil,10,6,0.19257170656903566,0.4205544829001182,0.011021568501848211,-30.855348828648886
mp5,oil,10,7,-0.17767005678253822,0.016924468587869113,0.051076183040372425,-18.989049653732586
mp5,oil,10,8,-0.8043216678185083,-1.8403585830349938,0.10449204889553831,-17.79284743720452
mp5,oil,10,9,0.178125595924853,0.26969515677892775,-2.135916377187233,-18.05008491171821
mp5,oil,10,10,0.17677574556827025,0.30464563871412575,0.4665371976055973,-18.3720173126155
mp5,oil,10,11,0.5177522126751894,0.3247348912094392,-0.06657143412389632,-17.369763912600952
mp5,oil,10,12,0.5354527281168542,-0.016961406802310508,0.39675865302046776,-15.93131231818371
mp5,oil,10,13,-0.6252149375818463,-0.010297440880385755,0.1914626120656241,-23.769421889274525
mp5,oil,10,14,-0.16149228280874284,-2.4189851099807784,-0.508718475587479,-19.7327659889544
mp5,oil,10,15,0.4254613362133207,0.1395659564280164,0.329427185049018,-17.898903114000465
mp5,oil,10,16,-0.10393059180199171,-0.1060924200667368,0.4439436902978745,-21.658218031367525
mp5,oil,10,17,0.39223280811217176,0.18479799943220498,0.26072298238316005,-15.298963524163145
mp5,oil,10,18,0.041368367558081376,-0.21237213217623419,0.3111354209595206,-15.700482904877486
mp5,oil,10,19,-0.6321522951137324,-0.7162889699719746,-1.803661277551261,-19.672441108396217
mp5,oil,10,20,0.42568760636159075,0.2864500015340433,0.4029510982681008,-14.850992022769228
mp5,oil,10,21,-1.2323744662852874,-0.7970601420773484,-0.73476259812071,-15.989582008940275
mp5,oil,10,22,-1.1839220760605071,-0.12687990724965603,-0.47152578785233557,-18.88164605482871
mp5,oil,10,23,-0.12525260979317343,0.04058037731517394,-1.993703050503111,-22.338931365762445
mp5,oil,10,24,-0.821414235299379,-1.3515938313237315,-0.12082900036801347,-24.753259030782242
mp5,oil,10,25,0.4769252295384393,0.29115177675651027,0.36374858054239834,-21.696643338572436
mp5,oil,10,26,0.37145302288407533,0.06268139321247856,-0.010477707043344164,-19.278550290670175
mp5,oil,10,27,-0.05894463002250161,-0.3592075763747262,0.24719736529752345,-19.48024164605684
mp5,oil,10,28,-2.862144224978578,-3.0948237122570905,-0.4080074234496234,-21.41377098237596
mp5,oil,10,29,-0.11152439784958768,-0.08744264858436801,0.2641577777991878,-16.17811620980369
mp5,oil,20,0,0.517275273663653,-0.01843204609420246,0.4777689607350285,-20.756008797891667
mp5,oil,20,1,0.43378161860845377,0.01579733218816337,0.6031523225674933,-11.19944312198957
mp5,oil,20,2,0.3928279143233825,0.4473201809446473,0.43767609798131557,-26.476584955195236
mp5,oil,20,3,0.4432245743052613,0.6256627815131981,0.41610694510264723,-29.091946502392183
mp5,oil,20,4,0.675864771135638,0.35259691569891316,0.2811047950515261,-26.0398151641017
mp5,oil,20,5,0.6699064098746957,0.19516503441413813,0.8290707645756639,-19.66792610022223
mp5,oil,20,6,0.03526592415934415,0.3083316650061285,0.2011952309918762,-35.14658420873375
mp5,oil,20,7,0.31442580709766166,0.38762840613250604,0.5658511710062665,-22.57462583644245
mp5,oil,20,8,0.3888849778984702,0.19646294005773324,0.13665629665489676,-13.558351805521433
mp5,oil,20,9,0.4352783630327929,0.20249611148755364,0.14889595402770783,-16.872123248327913
mp5,oil,20,10,0.6072725989442985,0.3111908258310404,0.6799609611119922,-13.577217347880248
mp5,oil,20,11,0.6500115658771584,0.5772830935956743,0.5997061699776858,-29.625278795420904
mp5,oil,20,12,0.3855023212874805,0.17749180023221656,0.7565774138492101,-12.865496137103454
mp5,oil,20,13,0.400090403239311,-0.1545100642317696,0.280989498098131,-23.57340751682115
mp5,oil,20,14,0.39439392046896604,0.20487448362655614,0.69958072911637,-15.065337433737891
mp5,oil,20,15,0.20421984171666308,0.30741495146363196,-0.12752209434545003,-41.08615814732085
mp5,oil,20,16,0.16092803379036036,-0.11587503121126352,0.49622287233551154,-20.771316811203274
mp5,oil,20,17,0.6976831957143526,0.12239781599013533,0.7516814383293823,-11.112620839428766
mp5,oil,20,18,0.16438727058481473,0.5527001615221818,0.14608386319773936,-27.090568612686052
mp5,oil,20,19,0.6534768817546435,0.61945344007457,0.323485942757459,-25.47841437080507
mp5,oil,20,20,0.4692603353228916,0.1988730582469851,0.7254938767280272,-12.937603684773922
mp5,oil,20,21,0.4788680634495329,0.0766327401267054,0.5832348389821269,-19.650549603695584
mp5,oil,20,22,0.3880167336025041,-0.008537054759115703,0.4243652618096492,-22.976644340584933
mp5,oil,20,23,0.29186266898305846,5.504121617061486e-05,0.629586876129755,-12.1781965410152
mp5,oil,20,24,-0.2813454516508742,-1.2981492839004418,-0.2653989991238226,-10.880663598522737
mp5,oil,20,25,0.5905349342650235,0.31267957541922686,0.3344625703991253,-15.810599519106436
mp5,oil,20,26,0.5066544950215741,0.2775303727924726,0.6608577201447432,-14.859122342239807
mp5,oil,20,27,0.6325123214578192,0.2633111548080057,0.8663562579212062,-13.947763614354661
mp5,oil,20,28,-1.2396346350509604,-0.05792633992567331,-0.9104098366355984,-49.13231927230462
mp5,oil,20,29,-0.20756518318206574,-0.08324009619619566,0.11679490396724956,-22.35449082229057
mp6,oil,5,0,-0.15236934699394977,-0.18585371659643668,0.3619197745201096,-16.936817943966826
mp6,oil,5,1,-2.232826376642755,-0.6076799559639745,-0.24174923421920602,-13.931152317734005
mp6,oil,5,2,-0.24911852155591085,-1.3127094303304436,-1.0121879449978906,-14.939720353649662
mp6,oil,5,3,-2.003473197726327,-8.204592615228409,-2.5823866420131134,-19.467196863886116
mp6,oil,5,4,-0.24167305923011306,-0.9487597642951722,-0.13917055543482793,-16.996876714844934
mp6,oil,5,5,-2.211753795825483,-0.41645703283204605,-1.4736159141696796,-17.0755875906571
mp6,oil,5,6,-2.4712227672761555,-1.624831953047468,-1.1268684553220973,-14.926701749314514
mp6,oil,5,7,-0.051995501519152,-0.4174915187949739,-0.04572519952406373,-17.17345464157172
mp6,oil,5,8,-1.1238411694629336,-2.0994938315736613,-1.0495237609748043,-16.185080116791184
mp6,oil,5,9,-1.3259675989611495,0.15317524274824246,-0.42810707965620054,-16.09325593418092
mp6,oil,5,10,-1.120790879849634,-0.5799103232079155,-0.27924832761921836,-16.603759057854248
mp6,oil,5,11,0.04489113820141111,-0.1182852299602839,-0.1776455970628268,-14.35074064270298
mp6,oil,5,12,-0.32169642637617946,-0.5424427122855968,0.34521251055009083,-16.579187708847808
mp6,oil,5,13,0.11256022771579788,-0.36805306489568146,0.08357279841963683,-14.53161751316986
mp6,oil,5,14,-2.816268542145764,-0.9252182522547154,0.23562364673842529,-15.377458189201342
mp6,oil,5,15,-0.04557495278200996,0.19342570125059788,-0.29536787507304574,-14.73201225613694
mp6,oil,5,16,-0.4859852109984508,-0.057677944794876757,0.4335067146573729,-15.752910224143328
mp6,oil,5,17,-0.18492779212261112,-0.509993997626744,-0.6607174799251834,-16.39866934420887
mp6,oil,5,18,-0.00635592155793363,-0.3672032392949429,-0.04800207030333703,-21.539422155550714
mp6,oil,5,19,0.37000672362708176,-1.1171838323547805,0.17180553679386013,-16.822298462328078
mp6,oil,5,20,-5.050674039209117,-2.6895125223685086,-0.8003932788148309,-20.806376058754044
mp6,oil,5,21,-0.467125680538544,-0.11898408628438717,-0.4906214914422051,-16.5360896632233
mp6,oil,5,22,-0.5370577928058053,-0.3712567392966253,0.06498773908140654,-15.956414127195437
mp6,oil,5,23,-5.66260068877246,-1.457939686182835,-0.3935600589362924,-15.027280690116424
mp6,oil,5,24,-1.100570791855045,-0.8954330380027156,-0.5733649591638823,-16.30582862797285
mp6,oil,5,25,-2.402493897168914,-1.2048505775820284,-0.06672501872354042,-17.502101414968315
mp6,oil,5,26,-1.3646834412178737,-0.271552921645684,-0.2182991999480588,-14.717126684574346
mp6,oil,5,27,-0.1517819453235032,-1.1337906199552448,0.0071187476782571535,-14.610894903324507
mp6,oil,5,28,-1.3546728380913198,-2.000922225374563,-0.6896211023773717,-16.288609338721677
mp6,oil,5,29,-0.925050449472451,-0.659375506379805,-0.4022775079123797,-16.541963174660292
mp6,oil,10,0,0.3325177749835956,0.17995233934080346,0.18471821108510134,-16.808280668450934
mp6,oil,10,1,-1.0391854983915247,-1.523587242888742,0.11089893757011204,-18.872548672686445
mp6,oil,10,2,0.5055945285374281,-0.9610909256072946,-0.31936703666992283,-16.600779978974742
mp6,oil,10,3,-0.4536397920782611,0.17677626496452237,0.7130863792510547,-13.43412372099883
mp6,oil,10,4,0.356239493562734,0.28474808956006237,0.5288225702367989,-16.689200445042452
mp6,oil,10,5,0.17130088917242536,0.165717016064996,0.11158986061178144,-17.285132898411206
mp6,oil,10,6,0.13987093576678433,0.35359906570057376,0.09289176558566892,-26.093295762288264
mp6,oil,10,7,-0.5253219040126949,-0.1095670894382672,-0.24639087342806487,-16.5497309017484
mp6,oil,10,8,-1.0173733024568965,-1.4044115304261195,-0.45184285030724136,-15.921390491367532
mp6,oil,10,9,0.1584839991142425,0.20029852181411278,-1.285713144696703,-15.704216819511974
mp6,oil,10,10,-0.6170777949925239,0.15255127364865873,0.3114423396353132,-16.779092205364634
mp6,oil,10,11,0.35672757369736807,0.14740023604210128,0.12102876479455693,-15.387607658736862
mp6,oil,10,12,0.5896132777354914,-0.00035453197066281916,0.18397417492550683,-13.956802531733675
mp6,oil,10,13,-0.7241451211352561,-0.11906245051063213,0.40830316825042123,-21.084234013156443
mp6,oil,10,14,-0.2451868655011875,-0.9764867916913909,-0.6341603080013087,-18.147019116625046
mp6,oil,10,15,0.5010187686219442,0.23234456149827964,0.5961602751916935,-15.293423339399663
mp6,oil,10,16,0.10470511967353824,-0.1645582372245431,0.6049430339619228,-18.569029517060443
mp6,oil,10,17,0.2690061537140349,0.23986596778959357,0.35728026979872674,-13.195577674265968
mp6,oil,10,18,-0.05440432277739138,-0.3398559544339723,0.1607209749519758,-13.653559455372685
mp6,oil,10,19,-0.6746077159310366,-0.808405429237051,-0.6763997817186058,-17.70925634294181
mp6,oil,10,20,0.3891918985306422,0.3262273142004891,0.451568133819758,-12.856849198547902
mp6,oil,10,21,-0.2244949946343484,-0.4075298702038259,0.09396773727694241,-14.356668853438782
mp6,oil,10,22,0.046697708403824034,-0.20144130322127918,-0.20651380761966953,-16.797842941034954
mp6,oil,10,23,-1.4987105033528216,0.5296289874170284,0.11546961864705774,-19.014769345922357
mp6,oil,10,24,-1.1651189994272317,-0.5394997311419523,0.08787579452024952,-22.133053438300305
mp6,oil,10,25,0.5902533804803513,0.36006851541215135,0.6350691152817993,-19.0343489425306
mp6,oil,10,26,0.2705523639618257,-1.0821651730961177,0.33493692653250573,-16.556276782116658
mp6,oil,10,27,0.09598807720450853,-0.5195454468770864,0.24333600943435196,-16.704293501972973
mp6,oil,10,28,-2.3329460464289093,-1.9618507987712164,-0.13741488812524727,-19.0088396668496
mp6,oil,10,29,-0.20455459705954504,-0.10585372710340168,0.26938385711967894,-13.84323601100099
mp6,oil,20,0,0.45817885254572543,-0.14712832754850202,0.7058273680682905,-17.036650318165382
mp6,oil,20,1,0.4405932976229676,0.11240142575506584,0.15014797395903745,-10.004195147399198
mp6,oil,20,2,0.22525527224250952,0.50189676913668,0.6546640182825223,-23.099007814245933
mp6,oil,20,3,0.42124162106888907,0.4556781555258653,0.529783836552211,-24.564558690717742
mp6,oil,20,4,0.6472016067495314,0.36206682706651994,0.25689333970573414,-22.435182274035533
mp6,oil,20,5,0.6300272955191675,0.16372422172469991,0.5489077717322244,-17.810736046748854
mp6,oil,20,6,-0.05487412692457583,0.14626432668564615,0.5151350064139492,-32.64242970249668
mp6,oil,20,7,0.1577564349187628,0.41172553980840654,0.4571503999194594,-19.730836296881392
mp6,oil,20,8,0.22465581943534552,0.3089398515771581,0.8036870615145035,-10.874050376494706
mp6,oil,20,9,0.47517314498709795,0.10762731270150327,0.7301796844529889,-14.569444911764503
mp6,oil,20,10,0.6110408374600035,0.30150036152945414,0.7573834861780393,-11.933941985796462
mp6,oil,20,11,0.5558626627432588,0.51151682873279,0.7559504035384415,-27.1084532599785
mp6,oil,20,12,0.44802542473332296,0.165339035204629,0.8322001704487599,-10.947559608376183
mp6,oil,20,13,0.17850941450917446,0.03990151499665351,0.7681034881634042,-20.722708738150615
mp6,oil,20,14,0.41761053627359324,0.19852045256858653,0.7044728970686984,-13.255740036050282
mp6,oil,20,15,0.17655208535867561,0.26983969980728895,0.04940380301252667,-37.43932057291198
mp6,oil,20,16,0.11625559353390513,0.16052641990352923,0.660030722530198,-18.500960274636725
mp6,oil,20,17,0.6641174868616221,0.029287887234102583,0.4725343382589946,-9.717372142289177
mp6,oil,20,18,0.26300234846837967,0.09556053268487652,0.5118407153636759,-23.925467984928964
mp6,oil,20,19,0.6238481045878225,0.36116898309594203,0.5342431706500175,-22.002203885427384
mp6,oil,20,20,0.48890361911508573,0.19955866744119166,0.9217086417342492,-11.701620576894207
mp6,oil,20,21,0.41407829272532704,-0.019904879412569354,0.6779100648959608,-17.89292911675732
mp6,oil,20,22,0.28468029818616913,-0.14516478079169337,0.547090528040995,-20.917224542585668
mp6,oil,20,23,0.3780438059614377,0.012339959741043627,0.8079472899866407,-10.491160861074283
mp6,oil,20,24,-0.12544573390297709,-1.267441617107039,-0.2675636250762079,-9.747466365814711
mp6,oil,20,25,0.549399842464654,0.23497923333532034,0.6812863578413828,-12.707418626656251
mp6,oil,20,26,0.4970919551353916,0.2269280802278022,0.7974914348626082,-13.064195371519109
mp6,oil,20,27,0.5591348461852955,0.21964494751532915,0.9052807502666751,-11.97070865412076
mp6,oil,20,28,-1.6789653590271203,-0.24206654346451084,-1.7543349529664143,-43.05974301315415
mp6,oil,20,29,-0.3620158423374109,-0.21896622309563707,0.39021328537532596,-17.870958667591353
m5,protein,5,0,-0.7251907143955556,-0.582849984965027,0.19052625396166267,0.8476079900272702
m5,protein,5,1,0.43528007286174586,0.1953770835700258,0.23404605587052874,0.8903022196394853
m5,protein,5,2,-0.5012898638054621,-0.0947903895336446,-0.8364857818748161,0.8397595391990067
m5,protein,5,3,0.14278589799766006,-0.6251345165674955,-1.1560095497196738,0.8051660711898021
m5,protein,5,4,-1.0029775105674101,-0.6273493603694784,-2.157539573544041,0.8395922883270664
m5,protein,5,5,0.2819532596028027,-0.7467519124289788,-0.4038611353633941,0.8419741554794401
m5,protein,5,6,0.1975399307015786,-0.06346847703042724,-0.15934876300471923,0.877818438577519
m5,protein,5,7,0.31485560060714646,0.007221550177278435,0.1627390755376943,0.8841755029083437
m5,protein,5,8,-1.2091968949742498,-0.17912211333923178,-0.5075444550860135,0.87401548409086
m5,protein,5,9,-0.19500328727169292,0.26796337380807034,0.08708645576355512,0.8691978336378883
m5,protein,5,10,0.5716810783935273,0.13937513432526205,0.08532776629565542,0.8658597291752947
m5,protein,5,11,-1.764547029811388,-0.3877385074750206,0.17596653609889734,0.8880140148465986
m5,protein,5,12,0.3726529654310754,-0.988217588231016,-0.05835081450314883,0.796904114417945
m5,protein,5,13,-1.4208514993468313,-0.3130054576467476,0.45021128993554604,0.8236240231626745
m5,protein,5,14,0.146801857179511,-0.6673678478667595,-0.11970090467005967,0.8320789393950244
m5,protein,5,15,-0.1216406919333628,-0.0721680525740016,-0.04831728471272956,0.8712349360243045
m5,protein,5,16,-1.2021809499980045,-1.1690427623920536,-1.3257006892798109,0.8654588862918556
m5,protein,5,17,0.36965073439713203,-0.13051888357355224,0.06437824358816902,0.8835900292778742
m5,protein,5,18,0.4767567491610868,0.3873128121313294,0.2704228431697565,0.8513055656591364
m5,protein,5,19,-1.1046918862857353,-0.812389159626659,0.09484207935412481,0.7993933534154842
m5,protein,5,20,-2.9955688272683663,-2.224944838614101,-2.5747401739698015,0.8626801485857679
m5,protein,5,21,0.5534089081419375,0.3417270390602468,-0.03886444254124122,0.8380722261582584
m5,protein,5,22,-0.2985224380977243,-0.5525145526090061,-0.34082923206174476,0.855433173766495
m5,protein,5,23,-0.5908539205203529,-0.031379389577196326,-3.4560104730359704,0.8413960942683757
m5,protein,5,24,0.3972818176735262,0.281895825649511,0.29879046017671285,0.8810834845174336
m5,protein,5,25,0.20574210097423518,0.10990576254293816,-0.027934352677646768,0.8286782763446735
m5,protein,5,26,0.36524383485163114,0.3505082193856117,0.18848211413387506,0.8346472263757212
m5,protein,5,27,-2.9671098120439767,-5.592947604855845,-5.88720483073101,0.8438815363968077
m5,protein,5,28,0.5752490270311328,-0.0466510407688312,-0.10297047359281186,0.8327030169013626
m5,protein,5,29,-0.6456626306671198,-2.551306937768951,-1.5831466697384116,0.8019081815836517
m5,protein,10,0,0.023158817814961208,0.15112843029686795,0.44942128380048385,0.85723263121794
m5,protein,10,1,-0.7863286509696297,0.16524685130428296,-0.18481017614011486,0.7868681342598236
m5,protein,10,2,0.5625015454484101,0.4909272522673924,0.6131317393232143,0.8710777529308802
m5,protein,10,3,0.45129445457401574,-0.16557323437905125,0.34430215920922713,0.9020989855453678
m5,protein,10,4,0.1126663484170396,0.24253435279101987,-0.3763880836844018,0.8660203242758723
m5,protein,10,5,0.42503568179493845,0.25940676166194676,0.5693227714552751,0.8635466421800958
m5,protein,10,6,0.2952832218215308,0.30455467128851554,0.19087050349073587,0.8265826527706193
m5,protein,10,7,0.3003140627640404,0.29822765118833205,0.5013987702762993,0.8249449444258781
m5,protein,10,8,-0.31374506584209505,-0.3595923368117764,-0.17109704564823613,0.6963998336544672
m5,protein,10,9,0.3126614809273194,-0.08543697126781025,-0.05829575832474654,0.8869018638551914
m5,protein,10,10,-0.25289792534331323,0.11780836724818433,-2.2644663025391685,0.7844528017829777
m5,protein,10,11,0.4446226022776454,0.31154214676433667,0.42378727343089884,0.8472373253860255
m5,protein,10,12,-0.29104681859495796,-0.013953507577118662,-1.5282871947933034,0.8396004793368521
m5,protein,10,13,0.47643223120318257,0.30983341467035685,0.2262354258074104,0.8009661787738483
m5,protein,10,14,0.5188174132061576,0.16786447644198355,0.3064694839876366,0.8240945112045256
m5,protein,10,15,0.4217096531445972,0.39665792719408666,-0.1859994711624513,0.899087667301927
m5,protein,10,16,0.022818852554278624,-5.679480992446906,-0.939471765781466,0.746108892531764
m5,protein,10,17,0.42045765630819876,0.20334589800026892,0.2440743212661325,0.8689419808012301
m5,protein,10,18,-0.1343674274740494,0.39154171373376356,-0.9501772764473826,0.7796518697823838
m5,protein,10,19,0.018245179809089906,0.014117879420407986,0.6856323934710113,0.8049025209169198
m5,protein,10,20,0.488204449470961,0.18741446693144104,0.30871774901493676,0.8802559343046618
m5,protein,10,21,0.7222381087443401,0.43260994421739907,-0.12988382234589513,0.7426062112876972
m5,protein,10,22,-0.2678589781371208,-0.2824670090054615,-0.15852722199216007,0.8807176377975409
m5,protein,10,23,0.4717113764823655,0.08383257549088086,0.18056722255055835,0.7980290110807964
m5,protein,10,24,0.11609061292834755,-0.3904573352840568,0.3638568432196444,0.6945816936693754
m5,protein,10,25,0.17514878243482923,0.4176578660091699,0.4220804832267644,0.8301604661983633
m5,protein,10,26,0.6899837403558567,0.30603134650276353,0.5154271227719095,0.8395891410616265
m5,protein,10,27,-0.18423484670660417,0.42638835709302303,0.3476385006666938,0.7923033737573596
m5,protein,10,28,-0.2782545483605998,0.10687547090727378,0.0104968384756573,0.7546664772690453
m5,protein,10,29,0.4691374924328299,0.42821886077529525,-0.07526494143026197,0.8354284364625568
m5,protein,20,0,0.6638830458691187,0.4919132023186865,0.8870906832905571,0.9286617066017018
m5,protein,20,1,0.6674992407719218,0.21545132895375607,0.8223514383644763,0.8655979975137321
m5,protein,20,2,0.20704535093029341,0.8137741118328203,0.6291935862612557,0.6728195252932534
m5,protein,20,3,0.6484614935773103,0.2985132359483076,0.8072014246209638,0.9628886207082736
m5,protein,20,4,0.38258375939964273,0.3867800566916404,0.7060877722201688,0.8417764834684143
m5,protein,20,5,0.6572991313348466,0.33801054129667285,0.787266863040389,0.8847190596281063
m5,protein,20,6,0.1994793096447035,-0.14326231882270601,0.38997212478716325,0.6766226757673915
m5,protein,20,7,0.7069954084336485,0.5180911441049649,0.8376442426004505,0.8191003256224172
m5,protein,20,8,0.6143945797514354,0.19582302756022163,0.8778101602132794,0.931779137911195
m5,protein,20,9,0.8402947032468501,0.5218565128466607,0.6665923141311483,0.7403595330195298
m5,protein,20,10,0.6188866972034731,0.3283635077284561,0.24605894929486072,0.9284753194205729
m5,protein,20,11,0.20875081850771826,0.20304383448523533,0.6061180804678181,0.715398589558751
m5,protein,20,12,0.8642433495979134,0.6956904278372413,0.7580049954890316,0.8457303523784498
m5,protein,20,13,0.5947840347000674,0.48990725855471795,0.06545874297080945,0.7681626438936481
m5,protein,20,14,0.7062167860218033,0.7054557551381004,0.7641619163710844,0.7774384624109536
m5,protein,20,15,0.5032987969636967,0.29909359636403654,0.8462431661168038,0.8950436210592222
m5,protein,20,16,0.6634201757636228,0.39038860487288707,0.6319170105414593,0.7848725840435403
m5,protein,20,17,0.5505316158593955,-0.29834295386084864,0.7589162899327923,0.8729569816332355
m5,protein,20,18,0.66902340946315,0.38134496408540997,0.7999459380288452,0.8242635469670268
m5,protein,20,19,0.623085148879481,0.5251514456251307,0.8886138580317261,0.9163057732188103
m5,protein,20,20,0.5070348190255786,0.041097222535188216,0.8958744381724489,0.9029366713476427
m5,protein,20,21,0.26096627789035043,0.23341762558488843,0.6589633580667431,0.827871366546792
m5,protein,20,22,0.5074959841887883,0.13478631188673962,0.8495248879264713,0.8971251779136751
m5,protein,20,23,0.7663063631983756,0.3935359737190126,0.8302107746637388,0.9138698242381846
m5,protein,20,24,0.7021473813641905,0.279027752573641,0.7668678622217273,0.8583196138048849
m5,protein,20,25,0.7498895196141324,0.08199637133377269,0.7895300746365995,0.9490497557773271
m5,protein,20,26,0.697852762724433,0.4846590972910191,0.8765919167584407,0.8966399328276904
m5,protein,20,27,0.17682304602631937,0.20265116474170308,0.6398597259088946,0.8759910126635442
m5,protein,20,28,-0.4691555189000294,-0.44216606316222284,0.4637205691993648,0.3227035398206478
m5,protein,20,29,0.32416851868014673,0.3535770171872308,0.682237701412109,0.7346105748691885
mp5,protein,5,0,0.33015654648771975,-0.24764318034706245,-0.0605562394598087,-4.133585262598155
mp5,protein,5,1,0.026797488454407103,0.45323918100269367,-0.2926521460087974,-4.20259928507358
mp5,protein,5,2,-0.7624403086012204,-1.7539746767904663,-1.8351843055729722,-4.16808685535346
mp5,protein,5,3,0.3006141262249642,-0.18031077174870913,-0.37458809053996367,-5.540854421212832
mp5,protein,5,4,0.4134056842020897,0.1954605496997196,-0.5246976787228554,-4.7430287905602535
mp5,protein,5,5,0.12439873485613617,-0.9993295951299879,-0.27700722621417406,-5.010074929776742
mp5,protein,5,6,0.022444574963046526,0.1057487770262765,-0.23251728069137512,-4.1520101925408195
mp5,protein,5,7,0.47537413447139776,0.40278686532593844,0.4008400466879628,-4.711976422942312
mp5,protein,5,8,0.38006552273268235,-0.07839871323096537,0.20718554035419734,-4.0821340904168455
mp5,protein,5,9,0.6553046500547179,0.2132768924126056,-0.5211984400286422,-4.3822632760571185
mp5,protein,5,10,0.761743705274081,0.13609939826032724,0.16421950651269412,-3.783861391084744
mp5,protein,5,11,0.020174734945601625,0.10563750694776375,0.06053508800158891,-4.317091241067637
mp5,protein,5,12,-0.5561348724796988,-0.9157284273753923,-0.4717664549669829,-5.422921844904107
mp5,protein,5,13,-1.1554325894832624,-0.3112508848090456,0.21955730891985548,-5.065657838798012
mp5,protein,5,14,-0.5791013964467784,-1.281471490539678,-1.6397940981810781,-4.726640515908664
mp5,protein,5,15,-0.05120541556924585,0.017326632356805427,0.06931569556290251,-3.946078977670032
mp5,protein,5,16,-2.4125712504930785,-0.7537916701566065,-0.8784366368617036,-4.575801410931666
mp5,protein,5,17,0.4873843336648115,0.3829014475880139,0.2760912872212894,-4.7012157650884765
mp5,protein,5,18,0.7036578022865116,0.5033080249115234,0.36400447108056055,-4.869308316292571
mp5,protein,5,19,0.41465475691054043,-0.46873447475069163,-0.9503540665918089,-7.555570592450195
mp5,protein,5,20,-1.053224697535157,-1.639387350371503,-1.5284707177710768,-4.75062488136923
mp5,protein,5,21,0.588622397576912,0.05854523709591819,0.07942683494552061,-4.150175090036749
mp5,protein,5,22,0.09379669251022449,0.3638139737932623,0.4817216908367309,-4.629990724871071
mp5,protein,5,23,-0.5567343972228536,0.15683706430212807,-2.0555409698454845,-5.122462984321529
mp5,protein,5,24,0.1192590892974239,0.04767610950919543,-0.20434624859373063,-4.5177528953346044
mp5,protein,5,25,0.5943551742611759,-1.5896846994644531,-0.12077277346220305,-4.895267586824768
mp5,protein,5,26,0.07382260441443067,-0.29322321199413226,-0.3467586788918682,-4.580919930416534
mp5,protein,5,27,-1.0554875180517311,-0.4082802588943739,-4.801690543431149,-4.643062098010184
mp5,protein,5,28,0.3566153686357626,-1.5184985538041897,0.3348536718517373,-4.745958757380709
mp5,protein,5,29,-0.156107450849724,-3.405229285312614,-0.44917190681842967,-5.417401122843331
mp5,protein,10,0,0.6153499788190573,0.37223075105604997,0.6462085108609699,-4.4078728656050465
mp5,protein,10,1,0.4271386118434799,-0.034625476546835454,0.5031873433750332,-5.6776661148060255
mp5,protein,10,2,-0.07116405093010059,0.4825921365670657,0.6020593241425717,-4.115580729879374
mp5,protein,10,3,0.7219211195775088,-0.009994292001609617,0.5788734154341456,-3.329264393182374
mp5,protein,10,4,0.518697825065443,-0.00020601471622305745,0.7115455196715139,-4.043672259124073
mp5,protein,10,5,0.7643031790109654,0.2810022381156224,0.5374479174104265,-2.934867826693923
mp5,protein,10,6,0.307543260254591,0.3562409537221136,0.48299253363814254,-7.166303526351511
mp5,protein,10,7,-0.06453144954614509,0.13479465790886858,0.4343626071951232,-4.094860492884153
mp5,protein,10,8,-0.3156926891249501,-0.9647955143334035,-0.08282034321032983,-7.489693934894936
mp5,protein,10,9,0.6335602422323967,0.17759748130341035,0.4214488681077484,-3.711205897958407
mp5,protein,10,10,0.6357828320651747,0.25465493974668607,0.6923813753473141,-6.220809444089225
mp5,protein,10,11,0.6933196270277859,0.4419975325987455,0.6614293400391323,-3.891372623459418
mp5,protein,10,12,0.21723759225769868,0.423463639170402,0.6925469597031839,-6.903146249294991
mp5,protein,10,13,0.5556386062037258,0.29999231343054433,0.414605045306911,-5.989056049715441
mp5,protein,10,14,0.34478848218356273,0.42222331586325623,0.4152343566979855,-3.857689175464266
mp5,protein,10,15,0.5007311207710816,0.47516424226880927,0.7850770012918007,-3.7548038467717886
mp5,protein,10,16,-0.9676289657312604,-0.22921036760866564,-0.39926364426930894,-8.504596890151966
mp5,protein,10,17,0.5631093138262021,0.2530237318346842,0.5256812057972726,-3.0181606338075895
mp5,protein,10,18,0.04686682891126881,0.27154298608651806,-0.8232332944905942,-7.828295408691579
mp5,protein,10,19,0.3816134705819464,0.4760616951223047,0.5429255999152786,-5.1665074521875125
mp5,protein,10,20,0.5237899403517774,0.2169132433643156,0.6419096102068939,-3.022935448358637
mp5,protein,10,21,-1.2340165326386106,-0.8102925463811947,0.08377118356317415,-6.396489158921935
mp5,protein,10,22,-0.17057645181914416,-1.2669367518745167,0.22555620309646807,-4.554928224677867
mp5,protein,10,23,0.5605255881275177,-0.25039812301743436,-0.4188317997495561,-7.881136185766888
mp5,protein,10,24,0.16791015229241246,-0.19416941238370522,0.05075877240490734,-7.5964499096460045
mp5,protein,10,25,0.7158507355854837,0.48759544822976775,0.6577887017910562,-4.9584212440348345
mp5,protein,10,26,0.6240924624298948,0.4063946246740977,0.5142211045312247,-4.220063799354901
mp5,protein,10,27,0.5050816013398778,0.16794962288718163,0.6352499630767714,-5.297764507082388
mp5,protein,10,28,-0.07843020316489424,-0.5458145696409291,-0.20452739627201666,-5.140799957364038
mp5,protein,10,29,0.2649905356148269,0.45654941444997443,0.5528900594268615,-5.485768277004486
mp5,protein,20,0,0.7628462305789654,0.4248280966947856,0.7650616355498661,-3.6472085971952524
mp5,protein,20,1,0.7616386964013712,0.42072818675594026,0.865871872196241,-2.5198823692880303
mp5,protein,20,2,0.38808368155402106,0.23118366921680167,-0.09420078056700842,-8.591161865847326
mp5,protein,20,3,0.7314462709478234,0.4212608282407604,0.7363246088218933,-3.1899719981083763
mp5,protein,20,4,0.5449744230835513,0.47120818414067467,0.502942724814852,-6.359094466704276
mp5,protein,20,5,0.7425653597354178,0.6096580737247284,0.8114019639304337,-3.686847143165413
mp5,protein,20,6,0.6168787829342905,0.08344744916122637,0.7542804941962066,-6.576976631336468
mp5,protein,20,7,0.6434391097986734,0.5511368476532805,0.8240247512856191,-4.621513434367346
mp5,protein,20,8,0.7668344614619506,0.33954178911705146,0.8347433300615035,-2.5530697567864693
mp5,protein,20,9,0.711825701458338,0.3941811047148779,0.6934288595816632,-8.333321407179975
mp5,protein,20,10,0.8095935962043722,0.49614136228714356,0.7142272990076194,-4.095078398808387
mp5,protein,20,11,0.8234141004051371,0.10842994773474979,0.6362377010167661,-6.939725446133059
mp5,protein,20,12,0.9324643096715468,0.6715545109697539,0.73210240532998,-5.408047114846452
mp5,protein,20,13,0.7485197826841359,0.3127031595679891,0.2895360473172909,-7.391585159971388
mp5,protein,20,14,0.8853968833798168,0.6639179658256955,0.40956294950446315,-4.99721953310461
mp5,protein,20,15,0.6016901035010198,0.3722284845367747,0.7681580694825229,-2.845704197129825
mp5,protein,20,16,0.5420815489978345,0.544790292357497,0.7235203154047025,-5.102724390384812
mp5,protein,20,17,0.591315800117636,0.01082554100379185,0.7281588221244566,-7.685163666327817
mp5,protein,20,18,0.7976564894105203,0.4467621571080034,0.7802654227858485,-2.8105042036083967
mp5,protein,20,19,0.5920425004161567,0.5425510966980973,0.8684890085095367,-3.7508515177718342
mp5,protein,20,20,0.6863323644385197,0.269638817812216,0.8818637329020494,-3.2733209216276773
mp5,protein,20,21,0.6358265503703855,0.4520107952096146,0.8021141551921416,-5.215712848094019
mp5,protein,20,22,0.6952057242030767,0.3461104316664372,0.8122192489297062,-1.8384544054279819
mp5,protein,20,23,0.8250721319770744,0.36754501272472395,0.767959745404812,-3.4257603219449857
mp5,protein,20,24,0.6505865587359367,0.291793452381256,0.40255015273336625,-3.855096633832855
mp5,protein,20,25,0.729332881251965,0.412806631924559,0.7450909180953108,-6.356963818696652
mp5,protein,20,26,0.8619287503366249,0.5541003023282736,0.8395025268740708,-2.813899849365772
mp5,protein,20,27,0.8855887980143566,0.6114438467011025,0.7416092536630712,-6.963777295478979
mp5,protein,20,28,0.2469217432672164,-1.2882733323356712,0.1616233511616776,-12.90924854446039
mp5,protein,20,29,0.33978219405737287,-0.11925089125911126,0.7131673247163188,-9.322847721495751
mp6,protein,5,0,0.2847332084952029,0.06575577683280276,-0.29151207730669393,-3.0382813096975454
mp6,protein,5,1,-0.07997884890724372,0.44248770666642534,-0.3232108877487845,-3.0301944655898883
mp6,protein,5,2,-0.8291175396810526,-1.6980606004300318,-3.265968474069746,-3.0409611066599247
mp6,protein,5,3,0.09954196410950877,-0.02289936902838141,-0.4334907158906074,-4.061219140972019
mp6,protein,5,4,0.3682692329546522,-0.22579835962533124,-0.3260562610691069,-3.4988180631559134
mp6,protein,5,5,0.4256341232217916,-1.4308643994522146,-0.2974146904521129,-3.6895779480945086
mp6,protein,5,6,-0.038917239085653144,0.12135144261967945,-0.12229064583936444,-3.0410876806255924
mp6,protein,5,7,0.5907703182604461,0.41035172810374043,0.3779555520244341,-3.4666457210774126
mp6,protein,5,8,0.31928232517102406,-0.28022497642874944,0.06792893990477578,-2.9329065182119285
mp6,protein,5,9,0.6581273356296585,0.09561377369525137,-0.47987749485700437,-3.2570602815220324
mp6,protein,5,10,0.5963808096334169,0.17338235456174333,0.14929115849849406,-2.8257533119639398
mp6,protein,5,11,-0.3303113893832399,-0.21839223773677596,0.0489929154310883,-3.1063412187800727
mp6,protein,5,12,-0.6440327592785344,-0.7226037577246895,-0.40648161231030433,-3.971835625715765
mp6,protein,5,13,-3.3053658175013174,-1.9136643560556994,-0.031113734073039412,-3.7212448791318815
mp6,protein,5,14,-0.17051617667943764,-1.772527474389657,-3.551371143922065,-3.4831277846581417
mp6,protein,5,15,-0.12638598997305595,-0.06199875332790317,0.044745874102186,-2.872322890966131
mp6,protein,5,16,-0.7772367154409054,-0.6086549819716209,-0.8667663415472004,-3.317820987387262
mp6,protein,5,17,0.4507721177577413,0.36872706698119784,-0.3238912224107604,-3.3719905485529145
mp6,protein,5,18,0.6866520777313214,0.5282708088835719,0.5667701772986168,-3.6753508163781046
mp6,protein,5,19,0.04381477651975141,-0.5593558203043993,-1.9476156864433984,-5.750798867133405
mp6,protein,5,20,-0.9849998445585431,-2.7619702423598094,-1.4177684340999135,-3.4288256582792505
mp6,protein,5,21,0.5684061991892687,0.1905299544847503,0.10344167589529418,-3.0701189952069905
mp6,protein,5,22,0.14468709506236177,0.1700112485720241,-0.051260102430088716,-3.4487283462743763
mp6,protein,5,23,0.17639370064880455,0.30219362770695746,-0.6079699303546431,-3.79315200280881
mp6,protein,5,24,0.3316162754620382,-0.10182160336175183,0.4272799791590721,-3.341755415380457
mp6,protein,5,25,0.2903934423976541,-0.4856624922567121,-0.2587057015152818,-3.5533187407640705
mp6,protein,5,26,0.29532536538825627,-0.03447423553103812,0.05711431191598171,-3.3441259646128305
mp6,protein,5,27,-1.2163449142937268,-0.3983702966499443,-5.662457054045337,-3.4302251268111927
mp6,protein,5,28,-0.022867191011839427,-2.4880779389663057,0.18815552596697804,-3.5392163053379804
mp6,protein,5,29,-0.3174976669034064,-2.018872390323944,-2.1872272210595813,-4.0162933839792085
mp6,protein,10,0,0.5782172423219911,0.39918739596508734,0.5938674649786517,-3.3718391094352134
mp6,protein,10,1,0.6559549878099364,0.13404940860904857,0.5806442852487825,-4.261243646075592
mp6,protein,10,2,0.7706118383737943,0.6481363664854087,0.5928786593677269,-3.0149685313499326
mp6,protein,10,3,0.632013461076819,0.07780626547124248,0.7389455722811391,-2.281597500555403
mp6,protein,10,4,0.5703048533657555,0.2470549209486368,0.1771712352796908,-2.8091526024713813
mp6,protein,10,5,0.73808746787634,0.2753710475830987,0.5125169957956227,-2.127666176274847
mp6,protein,10,6,-0.13190634620275077,0.4382197357486398,-0.3790456473948667,-5.184215667441225
mp6,protein,10,7,-0.3571352083449866,0.026423567042237472,0.031050848740916126,-3.016384449400494
mp6,protein,10,8,-1.1729594683385747,-1.1612612745052266,-0.5100539684066234,-5.664769614034499
mp6,protein,10,9,0.5673149090388172,0.18383950802358118,0.7628358903833085,-2.6863226175696955
mp6,protein,10,10,-0.12785728150608922,0.3004974352449229,0.21927551180367255,-4.864169131930606
mp6,protein,10,11,0.6339403428985195,0.4242412218604593,0.5446848602739542,-2.8558796822758543
mp6,protein,10,12,0.5759943326277457,0.5206940797314223,0.7069812527330581,-5.136119408040152
mp6,protein,10,13,0.43704656595913527,0.3363221797420538,0.22458799051049505,-4.581969191497349
mp6,protein,10,14,0.24931220497084416,0.09423078760698034,0.4166850761284382,-2.936174022501832
mp6,protein,10,15,0.4854352515660766,0.40505549652177397,0.6372586755851464,-2.620991400950391
mp6,protein,10,16,0.4110206633845429,-0.48246250073422847,-1.1273094682093676,-6.400859392043162
mp6,protein,10,17,0.6060957898890622,0.24048534274360134,0.272551130020651,-2.1243971334283933
mp6,protein,10,18,-0.4212310619341988,-0.19862605356977903,-0.9208106715563547,-5.90598751211075
mp6,protein,10,19,0.1663419962022682,0.3630381147163585,0.3226721031603561,-3.885509795233622
mp6,protein,10,20,0.47490179669546817,0.1648862513594962,0.4961253201336778,-2.1241939946213813
mp6,protein,10,21,0.2269267415374706,0.11819282173050305,0.5002284830126558,-4.903356721910398
mp6,protein,10,22,0.2525396114294203,-0.14824263965787376,0.060938547079920746,-3.4143052229616355
mp6,protein,10,23,0.08209519153847167,0.32644792286803104,0.574537106452587,-5.838404332653346
mp6,protein,10,24,-0.1433778419563172,-0.16749707813721848,-0.3896161459593792,-5.7987037638513526
mp6,protein,10,25,0.7575658888950608,0.48550887465868986,0.6021405327766013,-3.6638673172129375
mp6,protein,10,26,0.6418372846943017,0.39452194352574455,0.49900421106775594,-3.0320849325420536
mp6,protein,10,27,0.2764486597921131,0.04710539773219635,0.42146265774518243,-3.910774692849654
mp6,protein,10,28,-0.12685882582178754,-0.8461975041560208,-0.5683187072958209,-3.7548737259589346
mp6,protein,10,29,0.22574971472800964,0.3768652729179297,0.4798735338827558,-4.081346698294362
mp6,protein,20,0,0.7120414190178653,0.4437072228422153,0.9366106209126538,-2.658578283151399
mp6,protein,20,1,0.8287173884862549,0.5220617262730343,0.6983571481312401,-1.8156170990793679
mp6,protein,20,2,0.5544799149209428,0.48519556353203463,0.71752832635737,-6.1811660469260685
mp6,protein,20,3,0.7263189595264754,0.5001320629428704,0.8759412136688772,-2.1981162059436845
mp6,protein,20,4,0.5326892430114758,0.5012246012791881,0.381196751354239,-4.553210646038211
mp6,protein,20,5,0.807949653049691,0.6654889596176453,0.9252068504261118,-2.5673544635547167
mp6,protein,20,6,0.5236106208589465,0.0901771384529565,0.8382290399555542,-5.101691194424549
mp6,protein,20,7,0.7309869896970673,0.6322336352934055,0.6549806276103658,-3.4360423715537483
mp6,protein,20,8,0.8029984882199204,0.37478365865326035,0.7386885350514094,-1.6184426031032917
mp6,protein,20,9,0.6019344749630904,0.4145036368647844,0.5054515901283156,-6.406830071034798
mp6,protein,20,10,0.7595503253889662,0.509278194222686,0.777722742814117,-3.0301995434440725
mp6,protein,20,11,0.6990603647203919,0.0867837082925289,0.7803588917368622,-5.285536114016983
mp6,protein,20,12,0.8879207873995161,0.6966050430714161,0.8329140072574989,-3.7783914956729934
mp6,protein,20,13,0.7169630136648555,0.31130137644037936,0.7044633564710472,-5.716606634574053
mp6,protein,20,14,0.892502502460258,0.7417705466998818,0.6823339956366998,-3.638098532573859
mp6,protein,20,15,0.5373220007717068,0.3952209850379209,0.6303658016675413,-2.1105950403082248
mp6,protein,20,16,0.7682925136321896,0.7221397873363454,0.6354803196207708,-4.036333693222002
mp6,protein,20,17,0.7037202674779441,0.013886728513360147,0.22980936160035603,-5.813480532641749
mp6,protein,20,18,0.7748999506024834,0.4284104709721851,0.8166227100491854,-1.7544650114379023
mp6,protein,20,19,0.4936967881702137,0.5932276231527729,0.8309966869532771,-2.754125739107825
mp6,protein,20,20,0.6854435740944043,0.3590742842893859,0.8488705671866843,-2.5128460594665034
mp6,protein,20,21,0.6268937960763139,0.48584191246176056,0.8114974622543916,-3.8315672608375184
mp6,protein,20,22,0.6870903275443971,0.3666797892428171,0.7746138366812552,-1.2749035410504375
mp6,protein,20,23,0.852424514640098,0.4195190230729223,0.9401620282514912,-2.5252173513992746
mp6,protein,20,24,0.6667258211275078,-0.028768731795160818,0.35535730555063993,-2.8669387648175393
mp6,protein,20,25,0.7080870406303592,0.43450409299483017,0.77328099281898,-4.881735908421978
mp6,protein,20,26,0.8229942656923691,0.5494172413278946,0.8709011233323429,-1.9583826408188716
mp6,protein,20,27,0.680622416455672,0.5590268711300749,0.8769222823192758,-5.353070940385553
mp6,protein,20,28,0.08664551800752396,-1.542609014318388,0.26865991299718406,-10.07804279512881
mp6,protein,20,29,0.1650817045796209,-0.3577356664684648,0.4868313984382149,-6.788487555622518
m5,starch,5,0,-0.9676808486010606,-0.4947302827913853,-1.8517680077368088,0.9217614046143361
m5,starch,5,1,0.15045319285345704,-0.10413555080278902,-0.1945112038379544,0.9117918598569493
m5,starch,5,2,-2.701659873713059,-1.741640753553754,-0.6921670972255836,0.9180199974444845
m5,starch,5,3,-5.527012685281997,-1.5538219093960395,-0.7494991571056497,0.9026796252045239
m5,starch,5,4,-1.1231612244970997,-1.713678637649748,-7.732386378372944,0.8685522679795963
m5,starch,5,5,-0.47772983275603154,-0.11411559930697224,-0.07307774305928438,0.918730489976588
m5,starch,5,6,-1.0601767344338509,-0.6815324874461017,-0.3979536231423795,0.9323872291674744
m5,starch,5,7,-0.4812294373641406,-0.041697210093894155,-0.1252648452847196,0.9109264745438703
m5,starch,5,8,-7.282692037456023,-1.1297272399112024,-0.802240329280627,0.9030217138265793
m5,starch,5,9,-0.8409014820343681,-0.1326313741366807,-0.09009191708671005,0.9080044772154189
m5,starch,5,10,-0.7974417509430254,-0.24915301001069956,-0.860763449308102,0.9067999539034116
m5,starch,5,11,-0.06033275605755728,-0.46482084662581835,-0.6713574011113295,0.9125770632396095
m5,starch,5,12,-0.3528377748279641,-0.008993721469840121,-0.25822528175020754,0.9307639046165223
m5,starch,5,13,-4.463187082930189,0.1470271007764341,-0.02401280796292693,0.9154866696411332
m5,starch,5,14,-0.39927547323506296,-0.614691065210303,-0.3257082137383689,0.9287279314527451
m5,starch,5,15,-1.0849861404609724,-0.847821719353695,-0.9966678168956045,0.9198899859597659
m5,starch,5,16,-0.5830010937690453,-0.27017011670950386,-0.29054524769211065,0.913329114082906
m5,starch,5,17,-0.36805873986285276,-0.15656269633269826,-0.05296940289187524,0.9120796405588074
m5,starch,5,18,-0.6094548125582053,-0.34959240831315586,-0.23057127614933104,0.8984527971634126
m5,starch,5,19,-3.8123128825718133,-0.5511583986871917,-0.7633909421546607,0.8669177080563237
m5,starch,5,20,-3.405476602915625,-0.3100693893373845,-1.0004286434382004,0.9171349229798952
m5,starch,5,21,-0.945143445644288,-0.16201963671267916,-0.04215502539570659,0.9087291031430822
m5,starch,5,22,-1.0632328481932602,-0.8042171970237679,-0.8721119166780136,0.9185909326994491
m5,starch,5,23,0.05327198881031647,0.04046489070387338,-2.3118764304956385,0.9319057570780881
m5,starch,5,24,-0.6532666082275518,-0.600236192853828,-0.18558698811689278,0.9155876723748755
m5,starch,5,25,-2.6035587525681376,-0.07104549626396528,-0.603649185619954,0.9122240579690121
m5,starch,5,26,-0.7017686484670962,0.1600481182193345,0.10045146236625391,0.9215879929351362
m5,starch,5,27,-3.5135325683655756,-10.47657995726248,-18.77630382100866,0.8798881247036819
m5,starch,5,28,-2.301153813775391,-0.16243640846757001,-0.30640574288418554,0.9239137636058824
m5,starch,5,29,-10.577490909813433,-5.9613665804588996,-4.445399574531616,0.852172416688223
m5,starch,10,0,-1.0753776705812048,0.18394740649974095,-0.12506196345111054,0.9362830625985246
m5,starch,10,1,-1.154751344950447,-2.007748271846968,-1.3051843418992495,0.8094751203404088
m5,starch,10,2,-0.1054490304471627,-0.6179814651245776,0.7513084928714292,0.8441293954016994
m5,starch,10,3,-0.2898989453278402,-0.16062896680168248,0.6278859588067873,0.9229250050169008
m5,starch,10,4,-0.9140265287912268,0.05254730097559335,-3.1319919794445026,0.9314021779042789
m5,starch,10,5,-0.4526111870701486,0.09742439440132933,-0.3696830775494351,0.939142054212253
m5,starch,10,6,-0.17466274529261172,0.02424488805275926,-0.7144267685682253,0.9252383318825576
m5,starch,10,7,-0.4954421230190553,-0.10830900828047851,-0.5052162019117306,0.8534020765906781
m5,starch,10,8,-0.06648030731652899,-0.11032017483037637,-0.9914622747876884,0.8933011531239556
m5,starch,10,9,0.08707310426244785,-0.2266944761330949,-0.06242785869850942,0.953218902015281
m5,starch,10,10,-1.6573083449252963,-0.7496539684636168,-2.51157269418281,0.883434597160951
m5,starch,10,11,0.21110331475019573,0.08994573202175449,-0.01115067760647448,0.9295220074136521
m5,starch,10,12,-0.9753953265438835,-0.23367495786769155,-1.361901354846546,0.928289578575289
m5,starch,10,13,0.09528423977101108,-0.35162118913196716,-1.1154786294708732,0.8669361527717182
m5,starch,10,14,-0.3727528242085052,-1.056844507912221,-3.7638290565654424,0.87610267127802
m5,starch,10,15,-0.33353047628666066,-0.6559891281918797,-0.6692821285642301,0.909867079927202
m5,starch,10,16,-0.47842869020899137,-6.409223079794657,0.13799796488028104,0.8846408426106563
m5,starch,10,17,-0.26844166650407075,0.06358248499710095,-0.04254506918004375,0.9142659788668387
m5,starch,10,18,-1.5056819724706894,-0.513187724814334,-2.347607065474803,0.8697085172419803
m5,starch,10,19,-0.49318885670922374,-2.6401814637939087,0.25916176273547964,0.8728499010466445
m5,starch,10,20,-0.526204409688579,-0.478042803269652,-0.4231959255916167,0.9159867838242409
m5,starch,10,21,-0.47651208560425906,0.03613149006716421,-3.085985756748606,0.8848893019805921
m5,starch,10,22,-0.7090360992858658,-0.6451528445630601,-0.44229499607970957,0.937679387748831
m5,starch,10,23,-0.5116121584956288,-0.41027354514690106,-1.4886113521983728,0.8444426480107746
m5,starch,10,24,-0.43756009645102356,-0.6368821171242591,0.1361068856476817,0.8161059726047992
m5,starch,10,25,-2.061350575047939,-0.12708857624826297,-0.3546568472845082,0.8578253918643317
m5,starch,10,26,0.30920210024387973,-0.8363513467563721,-0.06340071677106018,0.9111881012799721
m5,starch,10,27,-1.379345287081244,-0.017522066534770175,-0.5675469146440197,0.8746204455631859
m5,starch,10,28,-3.148607358972656,-2.5470106099396195,0.0031517400752087976,0.7884238225705549
m5,starch,10,29,-0.9239739861411298,-0.7222502072824071,-0.9373227588724329,0.8561979389376558
m5,starch,20,0,0.18655554917501727,0.20184425687775942,0.7881561045525712,0.8123954321098585
m5,starch,20,1,0.446519181171511,0.2718025283884332,0.8491423152445392,0.9420284551865166
m5,starch,20,2,0.2209145327332821,0.026575937672057903,0.5312516663465499,0.906375132735628
m5,starch,20,3,0.2495322652523949,-0.00859126180460379,0.8678932819307273,0.9367387996826162
m5,starch,20,4,0.45689346589064506,-0.018294213333621023,0.6874841018887556,0.9683006814751441
m5,starch,20,5,0.5997459713199313,0.22265799349987336,0.9166112878271044,0.959981316687376
m5,starch,20,6,0.0584070536733835,-0.47822959948457555,0.8644745494469847,0.8426923319626316
m5,starch,20,7,0.6342623119718871,-0.023438625666573065,0.90671577362893,0.8620122985641387
m5,starch,20,8,0.44681096497106265,0.03729836324560898,0.5691492420405393,0.9220306422428466
m5,starch,20,9,0.6413151263922475,0.08572882643393998,0.5604349339088828,0.9491740080622122
m5,starch,20,10,0.18816184535817748,0.01209921817305859,0.7327386885861512,0.9466087273744862
m5,starch,20,11,-0.22410701385218834,-0.47491911912688956,0.531932238717418,0.844293348985173
m5,starch,20,12,0.13159304277953887,0.38442833970634804,0.734612589312361,0.8787073180028038
m5,starch,20,13,0.1561399150767231,-0.07488671958145399,0.7983338485957439,0.8050948520329728
m5,starch,20,14,0.5518980934007942,0.37248833627837585,0.6159221749359516,0.8804699773888411
m5,starch,20,15,0.3869891327227706,-0.021818303259832694,0.9176426829359056,0.9214954652461592
m5,starch,20,16,0.4199112441496673,-0.3113116769637909,0.7879443454228506,0.7972063744269476
m5,starch,20,17,0.2122806003824106,-1.004719165138762,0.23876692375928954,0.7503791020742974
m5,starch,20,18,0.4575034924365644,0.218031058472128,0.8401540721664993,0.9430732422872202
m5,starch,20,19,0.488803346174399,0.19258612802193376,0.9050903057761409,0.9603888442581511
m5,starch,20,20,0.26392875601126164,-0.030429604725945136,0.8461575423361518,0.9486307607178368
m5,starch,20,21,0.23554091210016892,-0.053030654457122406,0.8606656886858909,0.900394300704416
m5,starch,20,22,0.3439632585049449,0.13048246013344356,0.8406118952011091,0.9158806419399881
m5,starch,20,23,0.4994394179180198,0.2000785722644104,0.9176162858535525,0.9530546924959915
m5,starch,20,24,0.484855906914035,0.06975068367711956,0.9001090279556893,0.9499888898858185
m5,starch,20,25,0.61929361004961,-0.037445209848084415,0.8468641349608275,0.8777766457844967
m5,starch,20,26,0.514109378556482,0.2537793979135087,0.9364371710098748,0.9680501454806172
m5,starch,20,27,-0.11149884105660002,-0.04448895356211002,0.8798304025562402,0.9115149462763077
m5,starch,20,28,-0.10641350863987942,-0.8350124232020009,0.8009603771515343,0.8416555841710546
m5,starch,20,29,-0.01452346062375609,-0.5349024810113028,0.6366368481066295,0.8476811512086405
mp5,starch,5,0,-1.5723649243888174,-0.8309710951694427,-2.1633353965878657,-0.19922019963843507
mp5,starch,5,1,-5.487959553916125,-0.022783645755776183,-0.32576081695069226,-0.33303367129305284
mp5,starch,5,2,-2.290356625162867,-7.08852987609977,-1.532174414612399,-0.4470053846874784
mp5,starch,5,3,-4.047138051088844,-6.995752339728987,-0.7619486981745669,-0.5780232519471871
mp5,starch,5,4,-5.45152464476846,-5.772110606784204,-6.76438351533719,-0.34181885030423986
mp5,starch,5,5,-0.7026977267425971,-0.6241715862651942,-0.27209870602080355,-0.3158582229896534
mp5,starch,5,6,-1.9685965314144593,-2.0856611274989905,-0.555797192582606,-0.42531876986052386
mp5,starch,5,7,-0.3215242846219264,-0.3478804669330431,-0.41510224657257533,-0.2623055921514197
mp5,starch,5,8,-3.6696666044363004,-3.3371137994937463,-0.6718909255303063,-0.4591892572580234
mp5,starch,5,9,-0.7659582336116058,0.00398253998154241,-0.06740971584855582,-0.130648963816554
mp5,starch,5,10,-0.6572399551411023,-0.9977564588759023,-1.0553414515768882,-0.34564029725220347
mp5,starch,5,11,-0.6909090086875085,-2.278309446947663,-1.060035211773588,-0.2331026744610334
mp5,starch,5,12,-0.027553552933241576,-0.5401629569380959,-0.312503479727259,-0.33506934760864304
mp5,starch,5,13,-0.8613076431700746,-2.0375022957099653,-0.06747039680255518,-0.2259603486946391
mp5,starch,5,14,-0.9002341404607714,-2.486104847330159,-1.384529609656321,-0.4780433795839125
mp5,starch,5,15,-0.7561679664718488,-0.5819996124573583,-0.5485696021048896,-0.289863859462127
mp5,starch,5,16,-0.5617182336661604,-0.1651529164327692,-0.436846711185374,-0.17008619219511
mp5,starch,5,17,0.03985915054320899,-0.07970625745273852,-0.20823502710257324,-0.16833966623448382
mp5,starch,5,18,-0.574542697824977,-0.6288919663373893,-1.0063225914129204,-0.4699973690647239
mp5,starch,5,19,-3.71248394649807,-1.6290605906585847,-1.4434366539082646,-0.5600412019808567
mp5,starch,5,20,-0.14576410747178725,-0.5183896497127582,-0.6856775376738604,-0.5476312101635472
mp5,starch,5,21,-0.1638694871229971,-0.6404704019272895,-0.45281841065110573,-0.1360956483943876
mp5,starch,5,22,-0.5812098115905124,-0.7319872178476408,-0.6023823863617597,-0.2232535822315067
mp5,starch,5,23,-1.9527715347419963,0.017491029520209422,-2.083760768577166,-0.32593576949268965
mp5,starch,5,24,-1.0831303167100748,-0.38659870916498584,-0.16921397685750184,-0.3022549156858054
mp5,starch,5,25,-0.9964379349171304,-1.0225852254247605,-1.056669064170067,-0.585094874185053
mp5,starch,5,26,-0.6624220617926375,-0.003450633475200471,-0.4529255576914393,-0.40473534811733236
mp5,starch,5,27,-8.271195793469486,-3.764672915900312,-10.620195931179055,-0.5393587547615553
mp5,starch,5,28,-1.0525962672089126,-1.0383722536738724,-0.6950987854310946,-0.3852122457859475
mp5,starch,5,29,-6.951303833110623,-18.424705684647996,-12.08846722799726,-0.519691453247499
mp5,starch,10,0,0.366894526899772,0.08660804959409374,0.3469306813938544,-0.17980232135859864
mp5,starch,10,1,-0.9675445463176016,-10.729181711966296,-1.3142811028214685,-0.9125332715574206
mp5,starch,10,2,-3.009256968186633,-3.3020537852618856,-0.20890133056130455,-0.7960369239174538
mp5,starch,10,3,-0.5560729043703285,-0.0972025720471752,-0.015015183264897258,-0.27654224949456374
mp5,starch,10,4,0.23797582515753435,0.10884339962773426,0.09673629885170587,-0.22669330543053112
mp5,starch,10,5,0.2640229975748819,-0.12938241983759968,-0.14769210843061908,-0.27181365186300344
mp5,starch,10,6,-0.16375837065583676,-0.006438382893544592,-0.7407156317008992,-0.20547283639164782
mp5,starch,10,7,-1.8540251060427333,-3.848700528494077,-1.752012022210145,-0.41424018019056175
mp5,starch,10,8,-3.0699156291083307,-2.6478236473666126,-3.7317428276294633,-0.9114966858601008
mp5,starch,10,9,0.21320935024704213,-0.28554747171066497,-0.1473184559065881,-0.16193749869332796
mp5,starch,10,10,-1.8610302843824673,-0.7131589568784624,0.17485636430512363,-0.8267355322092651
mp5,starch,10,11,0.23301425947273213,0.0012749471307079707,0.013426550529729742,-0.36214144641185375
mp5,starch,10,12,-0.7928598244474556,-0.18070990719768965,0.19027268236733186,-0.49266247914241124
mp5,starch,10,13,-0.7529656531214133,-0.4681111847088355,-0.41664957278486514,-1.2575668429018223
mp5,starch,10,14,-1.2409721211517497,-11.756316433633597,-2.8556799123033407,-0.9776847892758744
mp5,starch,10,15,-0.31492684627296796,-0.5520695783008998,-0.6553232001609766,-0.2972070939753899
mp5,starch,10,16,-0.24143081610551564,-0.8890755065726454,-2.3113009314206385,-0.06524456026109271
mp5,starch,10,17,-0.08300079725461185,0.04614793263511352,-0.21200616494740787,-0.21789523286640122
mp5,starch,10,18,-3.0830893538200685,-1.50623094564352,-4.14278214673418,-0.7672666014592355
mp5,starch,10,19,0.1143563091079306,-3.3417037136233585,-1.4435560245653858,-0.7529388750129153
mp5,starch,10,20,-1.9260984092063,-0.5458789379956874,-0.4389721423662507,-0.28145901655307526
mp5,starch,10,21,-0.8260186563255376,-5.735733916507032,-3.700177947192916,-1.0199214537105958
mp5,starch,10,22,-0.39086220883508327,-1.3864040177201962,-0.2666393956637896,-0.3688917410879309
mp5,starch,10,23,-0.13145235078752604,-1.677447624534274,-0.08257336463431497,-1.1943675372640943
mp5,starch,10,24,-3.056458833162978,-1.8003334195550313,-2.7879143052647257,-1.8993914740556606
mp5,starch,10,25,0.4776363833636832,-0.42633192199425496,0.38124366310817204,-0.4081633541020657
mp5,starch,10,26,0.02893678162408153,-0.47295446884302117,-0.1350086257195242,-0.2009566343180904
mp5,starch,10,27,-0.17302213697969315,-0.4869073608789154,-0.26549389517101196,-0.18913540432630893
mp5,starch,10,28,-2.3308998658942404,-3.744518094919565,-0.8036363712837691,-1.763267165724825
mp5,starch,10,29,-1.0081223548549176,-2.334814683702223,-0.7961835708420681,-0.5908856416735104
mp5,starch,20,0,0.4848437884958092,-0.11116178551364153,-0.1987103142762383,0.3150408174091356
mp5,starch,20,1,0.32188510163993367,0.04670235945827672,0.47279275426642997,0.248806115561659
mp5,starch,20,2,-0.35591938478305574,-0.6415468337994019,0.08675177420152236,-1.6738347222288281
mp5,starch,20,3,0.4152897202571534,-0.17869242718304545,0.3179400375227712,0.026046063678272224
mp5,starch,20,4,0.2928837157147629,-0.05579093339514607,0.26919257009630093,-0.0608894889655931
mp5,starch,20,5,0.49812473758084663,0.15146582095650474,0.4714070158399555,-0.2878207028151081
mp5,starch,20,6,0.059990157989369464,-0.6317938756784516,0.36415697936580693,-1.624723886772284
mp5,starch,20,7,-0.023174531396927156,-0.3507551916829723,-0.27816241466183267,-1.4810278303847948
mp5,starch,20,8,0.49491321798790333,-0.250162454469224,0.35484889138061815,-0.518731322989292
mp5,starch,20,9,0.5394162157623805,0.034949379733080654,0.2709577811117714,-0.4149606657663918
mp5,starch,20,10,0.32288329968711715,-0.060719977251586954,0.2788654073582396,-0.010866096016555638
mp5,starch,20,11,0.25634798731188424,-1.309256048431509,-0.1391653614884465,-0.48566231889994405
mp5,starch,20,12,0.671392745145208,0.23472279684870778,-0.0768908631288614,-0.4169253346889159
mp5,starch,20,13,-0.8294373278860967,0.007856903733923115,-0.9942490140896674,-0.49129417235592765
mp5,starch,20,14,0.6243061235262977,-0.049401696145783935,-1.1127641254261662,-0.0686820863880917
mp5,starch,20,15,0.4007543060294123,-0.020717228005875832,0.3432329493616948,-0.0627485001023742
mp5,starch,20,16,-0.23286616620289635,-0.23209688409169482,0.02027336353885345,-0.9863603671100591
mp5,starch,20,17,-0.22023647655577738,-0.8878768396817993,-0.08582876476978663,-2.6412722836093994
mp5,starch,20,18,0.5361333950264322,0.057043738088800144,0.3368660874881333,-0.08756560858322082
mp5,starch,20,19,0.3942050105993228,0.002989798489912654,0.3907887700717564,-0.15323222917585122
mp5,starch,20,20,0.3758712985175382,-0.1751797072856649,0.4270785604646514,-0.29760837500653037
mp5,starch,20,21,0.33076864792583816,0.039455183874411826,0.7022524720731869,-0.49158913754046885
mp5,starch,20,22,0.5157212941351578,0.01615346507131299,0.3961368020678867,0.2939564176724311
mp5,starch,20,23,0.5056063816312664,0.03313684609659018,0.28381250797723856,-0.10050287435264216
mp5,starch,20,24,0.537497325905284,-0.8119806016243276,-0.3062210042626994,0.04604819661142845
mp5,starch,20,25,0.45446733233824577,-0.007625998693333136,0.1109334709575237,0.05506396763891985
mp5,starch,20,26,0.48511000307746244,0.12523157552204867,0.7384143853850795,0.10678224915998558
mp5,starch,20,27,0.5175352386898786,0.05971023714845958,0.360775277875791,0.024287602733320424
mp5,starch,20,28,-0.002900615382054772,-0.665769728542255,0.10284439817115398,-0.9486304681694195
mp5,starch,20,29,-0.20933690570823793,-0.24151488883692207,-0.1152483552206236,-1.502821940482658
mp6,starch,5,0,-1.8315554876324516,-0.9940064489436122,-2.1522479577714506,-0.7886260439049102
mp6,starch,5,1,-3.6387428488309785,-0.05596264332886913,-0.3996178766189513,-0.9590522223057163
mp6,starch,5,2,-3.0230651090818155,-9.110691165942201,-3.790828605029109,-1.1323767519753498
mp6,starch,5,3,-2.7916130714484084,-7.905902949051169,-1.325332686438074,-1.3169573120016698
mp6,starch,5,4,-5.378278129977039,-8.870568443225885,-4.773429759980113,-1.1007554274940023
mp6,starch,5,5,-0.3233575748962969,-0.702600299902574,-0.28537492405145337,-0.9261636789918353
mp6,starch,5,6,-2.5536493743286974,-1.3638352425572307,-0.583005615556597,-1.078750973363356
mp6,starch,5,7,-0.12524964847241127,-0.26675975081886416,-0.3623510326366297,-0.8692200597026238
mp6,starch,5,8,-3.6844857507179825,-3.554068339808615,-0.5677477376126547,-1.2288080950314995
mp6,starch,5,9,-0.8150047292106033,0.06716562807450421,-0.10831441528942554,-0.7407702036876469
mp6,starch,5,10,-1.31804461866634,-0.7371295453871409,-0.9863102617747581,-0.9701275613062466
mp6,starch,5,11,-1.6907643969214852,-2.5247059448163767,-0.3840773124568375,-0.89448236686183
mp6,starch,5,12,-0.10340418777347526,-0.5424022511274875,-0.3249046111649603,-0.9637687481602841
mp6,starch,5,13,-1.8983376827541263,-4.093015217018844,-0.1404073484939985,-0.808207040849866
mp6,starch,5,14,-2.3606656094614964,-3.189290757641621,-2.5314545870416176,-1.1681347703899676
mp6,starch,5,15,-0.8623957014802341,-0.5150217137030639,-0.5651928190829234,-0.8924144051728806
mp6,starch,5,16,-0.3698296881138756,-0.15983082118847758,-0.34746625177466717,-0.7415747216140784
mp6,starch,5,17,0.09080536491953295,-0.22551552419184784,-0.3413154837950998,-0.7198096611988971
mp6,starch,5,18,-0.5355891662109011,-0.23253590303413296,-0.9928129610211949,-1.119504662892234
mp6,starch,5,19,-8.556465903894374,-1.184672951473897,-2.1483997794788285,-1.3647495882352545
mp6,starch,5,20,-0.04554420526694125,-0.881660223615748,-0.6515880236294105,-1.3014302004950542
mp6,starch,5,21,-0.22750204146824116,-0.78026407886185,-0.4445478689985123,-0.6550799775669944
mp6,starch,5,22,-0.7555771935208067,-0.65288287364481,-0.6075704904146082,-0.759734538440989
mp6,starch,5,23,-1.1116347105650966,-0.15068149859416957,-4.029621278360745,-0.9262190062984172
mp6,starch,5,24,-1.418693963538467,-0.1654313698514409,-0.1183559376145562,-0.8912703146831105
mp6,starch,5,25,-0.7252378063697518,-1.3098368818822168,-1.0184489396197112,-1.3282534544970752
mp6,starch,5,26,-0.9012839713628193,-0.0739025994445528,-0.29300015662970424,-1.049367395680918
mp6,starch,5,27,-22.709545995509913,-3.581199827882198,-15.71953102808746,-1.374111490500637
mp6,starch,5,28,-1.5999646163251597,-3.0916605470851586,-1.0015891195830138,-1.0942355643733621
mp6,starch,5,29,-11.599586473561192,-14.673958555502798,-12.956549839028394,-1.5509060532594305
mp6,starch,10,0,0.38521159162124907,0.0901146853748448,0.3504532030045642,-0.6392786007240747
mp6,starch,10,1,0.0487853702255977,-11.812997667975997,-0.11587659206104028,-1.9403384421638732
mp6,starch,10,2,-0.636474201499851,-3.9348244749302514,-0.5016240690382276,-1.7982776355768229
mp6,starch,10,3,-0.2689225724325375,-0.0730841997310947,-0.009018912588329986,-0.8441547763348431
mp6,starch,10,4,0.12554565993712474,0.1196112418433164,0.11954281272526557,-0.9127353551807549
mp6,starch,10,5,0.36368311316048163,-0.08329745709234948,-0.14862479401839535,-0.9153189454286033
mp6,starch,10,6,-0.7675785858975948,0.054347991745680724,-0.909064399095366,-0.7149628333727847
mp6,starch,10,7,-2.117513193140729,-4.673938577836701,-1.771184999070309,-1.2375314973478941
mp6,starch,10,8,-3.860929351008089,-2.8046120172813866,-3.7070501940416642,-2.140580515762917
mp6,starch,10,9,0.14770174652611723,-0.32057685667389846,-0.1948478995060241,-0.7004030156558299
mp6,starch,10,10,-0.1270870794357768,-0.6390554476442409,-0.06096834770440562,-1.7054024675601385
mp6,starch,10,11,0.2267159858790202,0.04166532248540844,0.011044931870410668,-1.0761273524241113
mp6,starch,10,12,-0.17491785343968735,-0.2014009381562245,-0.20429002712043332,-1.113761002520946
mp6,starch,10,13,-0.42900069813274544,-0.5872441665134616,-0.43449400812060035,-2.2981401500029466
mp6,starch,10,14,-1.9819110802489495,-17.70543642779448,-2.696393221338953,-2.2061465205194515
mp6,starch,10,15,-0.21959396195736347,-0.5556489708788566,-0.6554660807515325,-0.9028471299551375
mp6,starch,10,16,0.05747970866513641,-3.155826707619082,-2.4105736815890553,-0.8538368016347961
mp6,starch,10,17,-0.07221645005832489,0.026257390399451963,-0.2507066092802199,-0.8314506586255481
mp6,starch,10,18,-3.704460223931828,-1.9020476925220828,-4.48316739815068,-2.0110146672821103
mp6,starch,10,19,-4.461826733148338,-3.623808117938265,-2.487588738030528,-1.722521606309519
mp6,starch,10,20,-1.9007667756366637,-0.5577627188581582,-0.44712594794135163,-0.85395538615166
mp6,starch,10,21,-1.885136114097528,-4.016711111260422,-1.2088640915143367,-2.1532702722203743
mp6,starch,10,22,-0.41738267021551834,-1.1385679857361142,-0.34578741074753805,-0.9224250863196934
mp6,starch,10,23,0.18035529629595726,-0.37753171791112283,-0.41077237789450427,-2.244346973751618
mp6,starch,10,24,-3.461958376729216,-1.4540415162685503,-3.0430215958836273,-3.5509122051627866
mp6,starch,10,25,0.3267424876100906,-0.31884373614157857,0.40559091658865565,-1.175525732824052
mp6,starch,10,26,-0.06165879573696009,-0.677642691646593,-0.5331086893001078,-0.8359750008886564
mp6,starch,10,27,-0.5416999926874122,-0.6515658154548911,-0.5893271510259124,-0.9180736303704313
mp6,starch,10,28,-4.441736444097723,-5.042848182910198,-6.329971156183623,-3.4667037906798575
mp6,starch,10,29,-1.0406442271270628,-2.350166935408398,-1.1937178130496933,-1.6159666670669295
mp6,starch,20,0,0.3776089808058871,-0.0900221011857878,-0.7574909603559559,-0.3660907671101761
mp6,starch,20,1,0.2894317265307774,0.06771708880926919,0.46196930044332374,-0.10171056306898163
mp6,starch,20,2,-0.445083822894101,-0.5786922622424095,-0.4749844614177836,-3.2011061519265676
mp6,starch,20,3,0.3132032988604234,-0.19867276326463412,0.6289732596534128,-0.32291671948091416
mp6,starch,20,4,0.3233413763587131,-0.007984299800548156,0.43415068768594156,-0.5580133048903464
mp6,starch,20,5,0.45105233835082426,0.18597261641612894,0.498126427980388,-0.6814492707186446
mp6,starch,20,6,0.008963686860596676,-0.5807439392926268,-0.21067302827363754,-2.938848734883686
mp6,starch,20,7,0.1033263891446643,-0.37778647128759224,-0.3657370463276606,-2.5141495107068668
mp6,starch,20,8,0.5032149147953839,-0.30311494327310484,0.4527631804854747,-1.260526284905359
mp6,starch,20,9,0.5009335156305479,0.1003742666262436,0.0993434165585837,-1.4690992678915413
mp6,starch,20,10,0.2824756689802713,-0.05486392916039451,0.3253958383018084,-0.281554958056492
mp6,starch,20,11,0.4471941071979646,-1.128737813932358,0.5037843947849092,-1.2779945640528405
mp6,starch,20,12,0.6458565482125187,0.25656164805784887,0.6948502006873464,-1.634519822562242
mp6,starch,20,13,-0.042810742943806934,-0.004783477415483128,0.05477825709885875,-0.981192632595707
mp6,starch,20,14,0.5728454917006597,0.04730628039932705,0.41751002333040743,-0.7489326565006562
mp6,starch,20,15,0.28763112745903274,-0.0044777169783372095,0.7648326174164884,-0.42440784051721225
mp6,starch,20,16,0.0026100720136059685,-0.15794022487292425,-0.1426508066035712,-1.96416720356314
mp6,starch,20,17,-0.06454579367102653,-1.0173277755176087,-0.6182294669285391,-4.285047981528013
mp6,starch,20,18,0.45860094838168886,0.04987183175917054,0.4883437969182767,-0.5448009521900317
mp6,starch,20,19,0.20219396831319114,0.034035886787906144,0.39374976240235027,-0.6949677504898357
mp6,starch,20,20,0.2512639408425057,-0.145814884920356,0.4675399803461484,-0.7874607966628999
mp6,starch,20,21,0.3525187373810693,0.0571803225660904,0.41816446102101856,-1.402836757558184
mp6,starch,20,22,0.46013950271432047,0.0004440532480606274,0.5449530544266863,-0.054348715254233015
mp6,starch,20,23,0.43969269222572815,0.05259934134193034,0.7435563483317054,-0.5929432399051016
mp6,starch,20,24,0.2584357908589904,-0.8252882430154376,0.6368486187506002,-0.4604966754995774
mp6,starch,20,25,0.4155969693371937,0.02346479469667917,0.44436393887705383,-0.43468267651680015
mp6,starch,20,26,0.38626677000851495,0.10541631122742057,0.6803535148575759,-0.3089494208460086
mp6,starch,20,27,0.5293381779929701,0.05165169855075147,0.7144094141180398,-0.363776176996744
mp6,starch,20,28,-0.15952817025651167,-0.8238373174819906,0.09723999502210956,-1.984611626663551
mp6,starch,20,29,-0.24835589621736065,-0.3858137046318746,-0.2724822933215365,-3.191245106632567
