task,tag,shot,rep,r2
diesel-BP50,anilpi__add_la0.01__mae__multi,5,0,-0.0859983934009653
diesel-BP50,anilpi__add_la0.01__mae__multi,5,1,-0.1103230441218543
diesel-BP50,anilpi__add_la0.01__mae__multi,5,2,0.5621912554107995
diesel-BP50,anilpi__add_la0.01__mae__multi,5,3,-0.7105337736113555
diesel-BP50,anilpi__add_la0.01__mae__multi,5,4,-0.3190199748960558
diesel-BP50,anilpi__add_la0.01__mae__multi,5,5,0.4848984446600164
diesel-BP50,anilpi__add_la0.01__mae__multi,5,6,0.1182904980779199
diesel-BP50,anilpi__add_la0.01__mae__multi,5,7,0.5599226492976161
diesel-BP50,anilpi__add_la0.01__mae__multi,5,8,0.0328106046555433
diesel-BP50,anilpi__add_la0.01__mae__multi,5,9,-0.7921931317645254
diesel-BP50,anilpi__add_la0.01__mae__multi,10,0,0.2234482322646996
diesel-BP50,anilpi__add_la0.01__mae__multi,10,1,0.2202350202107507
diesel-BP50,anilpi__add_la0.01__mae__multi,10,2,0.5174004338999137
diesel-BP50,anilpi__add_la0.01__mae__multi,10,3,0.6947613206947882
diesel-BP50,anilpi__add_la0.01__mae__multi,10,4,-0.4061961005894208
diesel-BP50,anilpi__add_la0.01__mae__multi,10,5,0.3121485929976673
diesel-BP50,anilpi__add_la0.01__mae__multi,10,6,0.5312049092073576
diesel-BP50,anilpi__add_la0.01__mae__multi,10,7,0.4209578278569402
diesel-BP50,anilpi__add_la0.01__mae__multi,10,8,0.2195938907920174
diesel-BP50,anilpi__add_la0.01__mae__multi,10,9,0.5437018262770383
diesel-BP50,anilpi__add_la0.01__mae__multi,20,0,0.339068142985371
diesel-BP50,anilpi__add_la0.01__mae__multi,20,1,0.608794111962303
diesel-BP50,anilpi__add_la0.01__mae__multi,20,2,0.6084491352717036
diesel-BP50,anilpi__add_la0.01__mae__multi,20,3,0.561247144363529
diesel-BP50,anilpi__add_la0.01__mae__multi,20,4,0.6848646108059638
diesel-BP50,anilpi__add_la0.01__mae__multi,20,5,0.2973337956678346
diesel-BP50,anilpi__add_la0.01__mae__multi,20,6,0.6239383732818429
diesel-BP50,anilpi__add_la0.01__mae__multi,20,7,0.611990505455768
diesel-BP50,anilpi__add_la0.01__mae__multi,20,8,0.3393039540950827
diesel-BP50,anilpi__add_la0.01__mae__multi,20,9,0.5733398471458302
diesel-CN,anilpi__add_la0.01__mae__multi,5,0,0.289555743934395
diesel-CN,anilpi__add_la0.01__mae__multi,5,1,0.122000091782396
diesel-CN,anilpi__add_la0.01__mae__multi,5,2,-0.1761002835153036
diesel-CN,anilpi__add_la0.01__mae__multi,5,3,0.301552994505822
diesel-CN,anilpi__add_la0.01__mae__multi,5,4,0.0920993328775927
diesel-CN,anilpi__add_la0.01__mae__multi,5,5,0.0625002797199415
diesel-CN,anilpi__add_la0.01__mae__multi,5,6,0.0041119344095341
diesel-CN,anilpi__add_la0.01__mae__multi,5,7,-0.1997277436925204
diesel-CN,anilpi__add_la0.01__mae__multi,5,8,-3.174422150446216
diesel-CN,anilpi__add_la0.01__mae__multi,5,9,0.0344516896671394
diesel-CN,anilpi__add_la0.01__mae__multi,10,0,0.1177627071405562
diesel-CN,anilpi__add_la0.01__mae__multi,10,1,0.0664848598512894
diesel-CN,anilpi__add_la0.01__mae__multi,10,2,-0.0741065890544139
diesel-CN,anilpi__add_la0.01__mae__multi,10,3,0.340871714892629
diesel-CN,anilpi__add_la0.01__mae__multi,10,4,0.2645756255077695
diesel-CN,anilpi__add_la0.01__mae__multi,10,5,0.2912412509343696
diesel-CN,anilpi__add_la0.01__mae__multi,10,6,0.1953305475494775
diesel-CN,anilpi__add_la0.01__mae__multi,10,7,0.1696334078275225
diesel-CN,anilpi__add_la0.01__mae__multi,10,8,0.1343507169801647
diesel-CN,anilpi__add_la0.01__mae__multi,10,9,0.2237578772772773
diesel-CN,anilpi__add_la0.01__mae__multi,20,0,-0.5692740300991739
diesel-CN,anilpi__add_la0.01__mae__multi,20,1,0.30356673596146
diesel-CN,anilpi__add_la0.01__mae__multi,20,2,0.4591773236129953
diesel-CN,anilpi__add_la0.01__mae__multi,20,3,0.3955080266321159
diesel-CN,anilpi__add_la0.01__mae__multi,20,4,0.0543502983801549
diesel-CN,anilpi__add_la0.01__mae__multi,20,5,0.2169379035491939
diesel-CN,anilpi__add_la0.01__mae__multi,20,6,0.1211594687937243
diesel-CN,anilpi__add_la0.01__mae__multi,20,7,0.2330801181174357
diesel-CN,anilpi__add_la0.01__mae__multi,20,8,0.4928702880534374
diesel-CN,anilpi__add_la0.01__mae__multi,20,9,0.3552958975187962
diesel-D4052,anilpi__add_la0.01__mae__multi,5,0,0.1322375540903052
diesel-D4052,anilpi__add_la0.01__mae__multi,5,1,0.2962063680078347
diesel-D4052,anilpi__add_la0.01__mae__multi,5,2,-0.1993559011838377
diesel-D4052,anilpi__add_la0.01__mae__multi,5,3,0.3505323593806534
diesel-D4052,anilpi__add_la0.01__mae__multi,5,4,0.1200840972257391
diesel-D4052,anilpi__add_la0.01__mae__multi,5,5,0.5075209641929691
diesel-D4052,anilpi__add_la0.01__mae__multi,5,6,0.515951158120839
diesel-D4052,anilpi__add_la0.01__mae__multi,5,7,0.5955410791126574
diesel-D4052,anilpi__add_la0.01__mae__multi,5,8,0.567079792220534
diesel-D4052,anilpi__add_la0.01__mae__multi,5,9,0.071378346873635
diesel-D4052,anilpi__add_la0.01__mae__multi,10,0,0.7424404677062846
diesel-D4052,anilpi__add_la0.01__mae__multi,10,1,0.5834700872957312
diesel-D4052,anilpi__add_la0.01__mae__multi,10,2,0.6386733323304661
diesel-D4052,anilpi__add_la0.01__mae__multi,10,3,0.8243271458227726
diesel-D4052,anilpi__add_la0.01__mae__multi,10,4,0.6112674883875002
diesel-D4052,anilpi__add_la0.01__mae__multi,10,5,0.7623511443308907
diesel-D4052,anilpi__add_la0.01__mae__multi,10,6,0.8422503029252565
diesel-D4052,anilpi__add_la0.01__mae__multi,10,7,0.5095419840272726
diesel-D4052,anilpi__add_la0.01__mae__multi,10,8,0.8289459355271028
diesel-D4052,anilpi__add_la0.01__mae__multi,10,9,0.2552916097787469
diesel-D4052,anilpi__add_la0.01__mae__multi,20,0,0.819013589225781
diesel-D4052,anilpi__add_la0.01__mae__multi,20,1,0.7629117535440283
diesel-D4052,anilpi__add_la0.01__mae__multi,20,2,0.8331274474634583
diesel-D4052,anilpi__add_la0.01__mae__multi,20,3,0.690020335804387
diesel-D4052,anilpi__add_la0.01__mae__multi,20,4,0.6897736990700354
diesel-D4052,anilpi__add_la0.01__mae__multi,20,5,0.7135575763198294
diesel-D4052,anilpi__add_la0.01__mae__multi,20,6,0.690446204132106
diesel-D4052,anilpi__add_la0.01__mae__multi,20,7,0.7276199414784938
diesel-D4052,anilpi__add_la0.01__mae__multi,20,8,0.728770167151014
diesel-D4052,anilpi__add_la0.01__mae__multi,20,9,0.7861855891501698
diesel-FLASH,anilpi__add_la0.01__mae__multi,5,0,-0.6586909489000023
diesel-FLASH,anilpi__add_la0.01__mae__multi,5,1,-0.7669283227701973
diesel-FLASH,anilpi__add_la0.01__mae__multi,5,2,-0.0793599094886619
diesel-FLASH,anilpi__add_la0.01__mae__multi,5,3,-0.2643544547486312
diesel-FLASH,anilpi__add_la0.01__mae__multi,5,4,-1.094924639963967
diesel-FLASH,anilpi__add_la0.01__mae__multi,5,5,-1.4329297704586756
diesel-FLASH,anilpi__add_la0.01__mae__multi,5,6,-0.2643408708377837
diesel-FLASH,anilpi__add_la0.01__mae__multi,5,7,-1.6007718084274312
diesel-FLASH,anilpi__add_la0.01__mae__multi,5,8,-0.5568779118503153
diesel-FLASH,anilpi__add_la0.01__mae__multi,5,9,-1.178903114194739
diesel-FLASH,anilpi__add_la0.01__mae__multi,10,0,0.0424416258430101
diesel-FLASH,anilpi__add_la0.01__mae__multi,10,1,-0.2906839628170967
diesel-FLASH,anilpi__add_la0.01__mae__multi,10,2,-0.2786761148644041
diesel-FLASH,anilpi__add_la0.01__mae__multi,10,3,-0.6244556966233106
diesel-FLASH,anilpi__add_la0.01__mae__multi,10,4,0.162894002711029
diesel-FLASH,anilpi__add_la0.01__mae__multi,10,5,-0.2008801853353889
diesel-FLASH,anilpi__add_la0.01__mae__multi,10,6,-0.0466028953475294
diesel-FLASH,anilpi__add_la0.01__mae__multi,10,7,-0.226733294307907
diesel-FLASH,anilpi__add_la0.01__mae__multi,10,8,-0.534183612135501
diesel-FLASH,anilpi__add_la0.01__mae__multi,10,9,-0.1705891089673807
diesel-FLASH,anilpi__add_la0.01__mae__multi,20,0,0.2347607587804806
diesel-FLASH,anilpi__add_la0.01__mae__multi,20,1,0.2570618386924371
diesel-FLASH,anilpi__add_la0.01__mae__multi,20,2,0.2604658971292233
diesel-FLASH,anilpi__add_la0.01__mae__multi,20,3,0.2166026200035639
diesel-FLASH,anilpi__add_la0.01__mae__multi,20,4,0.3188094108726534
diesel-FLASH,anilpi__add_la0.01__mae__multi,20,5,0.2670421906937813
diesel-FLASH,anilpi__add_la0.01__mae__multi,20,6,0.1201378214688843
diesel-FLASH,anilpi__add_la0.01__mae__multi,20,7,0.2263863815019903
diesel-FLASH,anilpi__add_la0.01__mae__multi,20,8,0.2459459884990591
diesel-FLASH,anilpi__add_la0.01__mae__multi,20,9,0.0700170837249329
diesel-FREEZE,anilpi__add_la0.01__mae__multi,5,0,-0.0828013325686969
diesel-FREEZE,anilpi__add_la0.01__mae__multi,5,1,-0.0147229334912966
diesel-FREEZE,anilpi__add_la0.01__mae__multi,5,2,-0.0301129155438284
diesel-FREEZE,anilpi__add_la0.01__mae__multi,5,3,0.1196724168455241
diesel-FREEZE,anilpi__add_la0.01__mae__multi,5,4,0.3858971447607628
diesel-FREEZE,anilpi__add_la0.01__mae__multi,5,5,-0.4306193531380557
diesel-FREEZE,anilpi__add_la0.01__mae__multi,5,6,0.1021547603143867
diesel-FREEZE,anilpi__add_la0.01__mae__multi,5,7,-0.1581392346888013
diesel-FREEZE,anilpi__add_la0.01__mae__multi,5,8,-0.1775171521374849
diesel-FREEZE,anilpi__add_la0.01__mae__multi,5,9,-0.107129411173054
diesel-FREEZE,anilpi__add_la0.01__mae__multi,10,0,0.5828691987193098
diesel-FREEZE,anilpi__add_la0.01__mae__multi,10,1,0.5095744078334898
diesel-FREEZE,anilpi__add_la0.01__mae__multi,10,2,0.2539437494720401
diesel-FREEZE,anilpi__add_la0.01__mae__multi,10,3,-0.1429207429036274
diesel-FREEZE,anilpi__add_la0.01__mae__multi,10,4,-0.1103022036766199
diesel-FREEZE,anilpi__add_la0.01__mae__multi,10,5,-0.1182866335130436
diesel-FREEZE,anilpi__add_la0.01__mae__multi,10,6,0.0542336486135693
diesel-FREEZE,anilpi__add_la0.01__mae__multi,10,7,-0.053466681044956
diesel-FREEZE,anilpi__add_la0.01__mae__multi,10,8,0.5157208702605167
diesel-FREEZE,anilpi__add_la0.01__mae__multi,10,9,0.418896307609066
diesel-FREEZE,anilpi__add_la0.01__mae__multi,20,0,0.5573103946783575
diesel-FREEZE,anilpi__add_la0.01__mae__multi,20,1,0.6856943386433849
diesel-FREEZE,anilpi__add_la0.01__mae__multi,20,2,0.1440728583591702
diesel-FREEZE,anilpi__add_la0.01__mae__multi,20,3,0.4954945840869619
diesel-FREEZE,anilpi__add_la0.01__mae__multi,20,4,0.5566293077877396
diesel-FREEZE,anilpi__add_la0.01__mae__multi,20,5,0.2711530676947423
diesel-FREEZE,anilpi__add_la0.01__mae__multi,20,6,0.5624325888111773
diesel-FREEZE,anilpi__add_la0.01__mae__multi,20,7,0.5327822785866385
diesel-FREEZE,anilpi__add_la0.01__mae__multi,20,8,0.6430390261772149
diesel-FREEZE,anilpi__add_la0.01__mae__multi,20,9,0.6457798807621151
diesel-TOTAL,anilpi__add_la0.01__mae__multi,5,0,0.6418580527097005
diesel-TOTAL,anilpi__add_la0.01__mae__multi,5,1,0.147974823203701
diesel-TOTAL,anilpi__add_la0.01__mae__multi,5,2,0.6150656576471433
diesel-TOTAL,anilpi__add_la0.01__mae__multi,5,3,0.6443364954085866
diesel-TOTAL,anilpi__add_la0.01__mae__multi,5,4,0.4298521768433091
diesel-TOTAL,anilpi__add_la0.01__mae__multi,5,5,0.6567627581213813
diesel-TOTAL,anilpi__add_la0.01__mae__multi,5,6,0.7768671708918351
diesel-TOTAL,anilpi__add_la0.01__mae__multi,5,7,0.3127796438072652
diesel-TOTAL,anilpi__add_la0.01__mae__multi,5,8,0.4474254106690659
diesel-TOTAL,anilpi__add_la0.01__mae__multi,5,9,0.4799458258915179
diesel-TOTAL,anilpi__add_la0.01__mae__multi,10,0,0.8123833360682581
diesel-TOTAL,anilpi__add_la0.01__mae__multi,10,1,0.741556164302173
diesel-TOTAL,anilpi__add_la0.01__mae__multi,10,2,0.6573766771287805
diesel-TOTAL,anilpi__add_la0.01__mae__multi,10,3,0.8033901610448848
diesel-TOTAL,anilpi__add_la0.01__mae__multi,10,4,0.8386734852943215
diesel-TOTAL,anilpi__add_la0.01__mae__multi,10,5,0.7891334758122422
diesel-TOTAL,anilpi__add_la0.01__mae__multi,10,6,0.7812958326385272
diesel-TOTAL,anilpi__add_la0.01__mae__multi,10,7,0.7304702337834186
diesel-TOTAL,anilpi__add_la0.01__mae__multi,10,8,0.8770003272210526
diesel-TOTAL,anilpi__add_la0.01__mae__multi,10,9,0.7475317957621679
diesel-TOTAL,anilpi__add_la0.01__mae__multi,20,0,0.782648142307725
diesel-TOTAL,anilpi__add_la0.01__mae__multi,20,1,0.8447831774349509
diesel-TOTAL,anilpi__add_la0.01__mae__multi,20,2,0.841866178064755
diesel-TOTAL,anilpi__add_la0.01__mae__multi,20,3,0.8598642805753371
diesel-TOTAL,anilpi__add_la0.01__mae__multi,20,4,0.8731344505716556
diesel-TOTAL,anilpi__add_la0.01__mae__multi,20,5,0.7406767192423687
diesel-TOTAL,anilpi__add_la0.01__mae__multi,20,6,0.8798592416208674
diesel-TOTAL,anilpi__add_la0.01__mae__multi,20,7,0.8747756689005926
diesel-TOTAL,anilpi__add_la0.01__mae__multi,20,8,0.8611282968866653
diesel-TOTAL,anilpi__add_la0.01__mae__multi,20,9,0.833835142275687
diesel-VISC,anilpi__add_la0.01__mae__multi,5,0,-0.6611650443344435
diesel-VISC,anilpi__add_la0.01__mae__multi,5,1,-1.9714320091762476
diesel-VISC,anilpi__add_la0.01__mae__multi,5,2,0.3420890550790912
diesel-VISC,anilpi__add_la0.01__mae__multi,5,3,0.2731066771546254
diesel-VISC,anilpi__add_la0.01__mae__multi,5,4,0.237835095110276
diesel-VISC,anilpi__add_la0.01__mae__multi,5,5,0.5570950289479003
diesel-VISC,anilpi__add_la0.01__mae__multi,5,6,0.4517892596892843
diesel-VISC,anilpi__add_la0.01__mae__multi,5,7,0.0865104035288617
diesel-VISC,anilpi__add_la0.01__mae__multi,5,8,-0.5107896404089762
diesel-VISC,anilpi__add_la0.01__mae__multi,5,9,-1.1465527809301754
diesel-VISC,anilpi__add_la0.01__mae__multi,10,0,0.6206328365647109
diesel-VISC,anilpi__add_la0.01__mae__multi,10,1,0.6506151888601015
diesel-VISC,anilpi__add_la0.01__mae__multi,10,2,0.6524715612685663
diesel-VISC,anilpi__add_la0.01__mae__multi,10,3,-0.4166208913617684
diesel-VISC,anilpi__add_la0.01__mae__multi,10,4,0.2096368853929667
diesel-VISC,anilpi__add_la0.01__mae__multi,10,5,0.4085857875508017
diesel-VISC,anilpi__add_la0.01__mae__multi,10,6,0.2437947300653876
diesel-VISC,anilpi__add_la0.01__mae__multi,10,7,-0.0299279241752816
diesel-VISC,anilpi__add_la0.01__mae__multi,10,8,0.6661493873137851
diesel-VISC,anilpi__add_la0.01__mae__multi,10,9,0.3984067609199641
diesel-VISC,anilpi__add_la0.01__mae__multi,20,0,0.5407179801898405
diesel-VISC,anilpi__add_la0.01__mae__multi,20,1,0.660906469309574
diesel-VISC,anilpi__add_la0.01__mae__multi,20,2,0.7001638800852548
diesel-VISC,anilpi__add_la0.01__mae__multi,20,3,0.5092918554669026
diesel-VISC,anilpi__add_la0.01__mae__multi,20,4,0.6678791314399541
diesel-VISC,anilpi__add_la0.01__mae__multi,20,5,0.6777562947555617
diesel-VISC,anilpi__add_la0.01__mae__multi,20,6,0.5695394230863406
diesel-VISC,anilpi__add_la0.01__mae__multi,20,7,0.4947084640861254
diesel-VISC,anilpi__add_la0.01__mae__multi,20,8,0.5776370864718618
diesel-VISC,anilpi__add_la0.01__mae__multi,20,9,0.5900875015877631
gasoline-octane,anilpi__add_la0.01__mae__multi,5,0,0.8753500439599826
gasoline-octane,anilpi__add_la0.01__mae__multi,5,1,0.8593201239829228
gasoline-octane,anilpi__add_la0.01__mae__multi,5,2,0.8986978364951109
gasoline-octane,anilpi__add_la0.01__mae__multi,5,3,0.8614420713707733
gasoline-octane,anilpi__add_la0.01__mae__multi,5,4,0.9124860623703812
gasoline-octane,anilpi__add_la0.01__mae__multi,5,5,0.6650070674215742
gasoline-octane,anilpi__add_la0.01__mae__multi,5,6,0.1520007447097042
gasoline-octane,anilpi__add_la0.01__mae__multi,5,7,0.5935427136135654
gasoline-octane,anilpi__add_la0.01__mae__multi,5,8,-0.2999981748886682
gasoline-octane,anilpi__add_la0.01__mae__multi,5,9,0.9453690404763526
gasoline-octane,anilpi__add_la0.01__mae__multi,10,0,0.9127384435934132
gasoline-octane,anilpi__add_la0.01__mae__multi,10,1,0.9007958380353936
gasoline-octane,anilpi__add_la0.01__mae__multi,10,2,0.9226753271950168
gasoline-octane,anilpi__add_la0.01__mae__multi,10,3,0.8651764795013521
gasoline-octane,anilpi__add_la0.01__mae__multi,10,4,0.9433884497693562
gasoline-octane,anilpi__add_la0.01__mae__multi,10,5,0.9025549252617016
gasoline-octane,anilpi__add_la0.01__mae__multi,10,6,0.9168394256395432
gasoline-octane,anilpi__add_la0.01__mae__multi,10,7,0.9159848876518282
gasoline-octane,anilpi__add_la0.01__mae__multi,10,8,0.9168233270493628
gasoline-octane,anilpi__add_la0.01__mae__multi,10,9,0.9246354074175324
gasoline-octane,anilpi__add_la0.01__mae__multi,20,0,0.9029456857807062
gasoline-octane,anilpi__add_la0.01__mae__multi,20,1,0.9223368665272766
gasoline-octane,anilpi__add_la0.01__mae__multi,20,2,0.9111517572638403
gasoline-octane,anilpi__add_la0.01__mae__multi,20,3,0.9324763867052456
gasoline-octane,anilpi__add_la0.01__mae__multi,20,4,0.9354215130118032
gasoline-octane,anilpi__add_la0.01__mae__multi,20,5,0.9437449421959664
gasoline-octane,anilpi__add_la0.01__mae__multi,20,6,0.9443947368098868
gasoline-octane,anilpi__add_la0.01__mae__multi,20,7,0.9422960317791148
gasoline-octane,anilpi__add_la0.01__mae__multi,20,8,0.908248281465098
gasoline-octane,anilpi__add_la0.01__mae__multi,20,9,0.8954813267334023
diesel-BP50,anilpi__add_la1.0__mae__multi,5,0,-2.406928188297531
diesel-BP50,anilpi__add_la1.0__mae__multi,5,1,-0.4042993212251964
diesel-BP50,anilpi__add_la1.0__mae__multi,5,2,-0.3332581330320936
diesel-BP50,anilpi__add_la1.0__mae__multi,5,3,-0.1800102258769751
diesel-BP50,anilpi__add_la1.0__mae__multi,5,4,-0.8716436195618451
diesel-BP50,anilpi__add_la1.0__mae__multi,5,5,-8.802814725845966
diesel-BP50,anilpi__add_la1.0__mae__multi,5,6,0.0127185134458527
diesel-BP50,anilpi__add_la1.0__mae__multi,5,7,-0.8310841057980487
diesel-BP50,anilpi__add_la1.0__mae__multi,5,8,-2.1423029235437423
diesel-BP50,anilpi__add_la1.0__mae__multi,5,9,-0.3131455497788808
diesel-BP50,anilpi__add_la1.0__mae__multi,10,0,0.1497924569636211
diesel-BP50,anilpi__add_la1.0__mae__multi,10,1,0.3806556167978666
diesel-BP50,anilpi__add_la1.0__mae__multi,10,2,-0.6942368407680477
diesel-BP50,anilpi__add_la1.0__mae__multi,10,3,0.1884425774425843
diesel-BP50,anilpi__add_la1.0__mae__multi,10,4,-0.7179379649114037
diesel-BP50,anilpi__add_la1.0__mae__multi,10,5,-1.5548708598888323
diesel-BP50,anilpi__add_la1.0__mae__multi,10,6,-0.1047284312843623
diesel-BP50,anilpi__add_la1.0__mae__multi,10,7,0.2557596242311871
diesel-BP50,anilpi__add_la1.0__mae__multi,10,8,0.3273841811760715
diesel-BP50,anilpi__add_la1.0__mae__multi,10,9,-0.2246178640082976
diesel-BP50,anilpi__add_la1.0__mae__multi,20,0,0.252577443915939
diesel-BP50,anilpi__add_la1.0__mae__multi,20,1,0.5348067863566395
diesel-BP50,anilpi__add_la1.0__mae__multi,20,2,0.4729115722509801
diesel-BP50,anilpi__add_la1.0__mae__multi,20,3,0.2591491334625796
diesel-BP50,anilpi__add_la1.0__mae__multi,20,4,0.4710217434656879
diesel-BP50,anilpi__add_la1.0__mae__multi,20,5,-0.1372581879706726
diesel-BP50,anilpi__add_la1.0__mae__multi,20,6,0.5224033016739345
diesel-BP50,anilpi__add_la1.0__mae__multi,20,7,0.4853988752945699
diesel-BP50,anilpi__add_la1.0__mae__multi,20,8,0.3637761250942009
diesel-BP50,anilpi__add_la1.0__mae__multi,20,9,0.3519931988005663
diesel-CN,anilpi__add_la1.0__mae__multi,5,0,-0.0597424914138347
diesel-CN,anilpi__add_la1.0__mae__multi,5,1,-0.1311705206500173
diesel-CN,anilpi__add_la1.0__mae__multi,5,2,-0.1913560090524537
diesel-CN,anilpi__add_la1.0__mae__multi,5,3,0.3049744544211594
diesel-CN,anilpi__add_la1.0__mae__multi,5,4,0.2219613012753341
diesel-CN,anilpi__add_la1.0__mae__multi,5,5,-0.3894614682053028
diesel-CN,anilpi__add_la1.0__mae__multi,5,6,-0.3319784326075776
diesel-CN,anilpi__add_la1.0__mae__multi,5,7,0.0438564831588067
diesel-CN,anilpi__add_la1.0__mae__multi,5,8,-3.302692561912826
diesel-CN,anilpi__add_la1.0__mae__multi,5,9,-0.3937023966368478
diesel-CN,anilpi__add_la1.0__mae__multi,10,0,-0.5120417408186753
diesel-CN,anilpi__add_la1.0__mae__multi,10,1,-0.8963399417053441
diesel-CN,anilpi__add_la1.0__mae__multi,10,2,-0.3095731271026569
diesel-CN,anilpi__add_la1.0__mae__multi,10,3,0.3782541513208497
diesel-CN,anilpi__add_la1.0__mae__multi,10,4,0.0989290740376942
diesel-CN,anilpi__add_la1.0__mae__multi,10,5,0.2564629017198864
diesel-CN,anilpi__add_la1.0__mae__multi,10,6,-0.2913003256099837
diesel-CN,anilpi__add_la1.0__mae__multi,10,7,0.1308461689303086
diesel-CN,anilpi__add_la1.0__mae__multi,10,8,0.095816086047389
diesel-CN,anilpi__add_la1.0__mae__multi,10,9,0.1963650127741031
diesel-CN,anilpi__add_la1.0__mae__multi,20,0,-0.6014722974693265
diesel-CN,anilpi__add_la1.0__mae__multi,20,1,0.2517068150415088
diesel-CN,anilpi__add_la1.0__mae__multi,20,2,0.4300763931853543
diesel-CN,anilpi__add_la1.0__mae__multi,20,3,0.1919637165586734
diesel-CN,anilpi__add_la1.0__mae__multi,20,4,-0.1511491385777605
diesel-CN,anilpi__add_la1.0__mae__multi,20,5,0.0603485645593454
diesel-CN,anilpi__add_la1.0__mae__multi,20,6,0.1455912710680287
diesel-CN,anilpi__add_la1.0__mae__multi,20,7,0.2632578046645955
diesel-CN,anilpi__add_la1.0__mae__multi,20,8,0.448553884404122
diesel-CN,anilpi__add_la1.0__mae__multi,20,9,0.406695458068142
diesel-D4052,anilpi__add_la1.0__mae__multi,5,0,-2.197293955891251
diesel-D4052,anilpi__add_la1.0__mae__multi,5,1,-1.3865927736292218
diesel-D4052,anilpi__add_la1.0__mae__multi,5,2,-0.4761634179742748
diesel-D4052,anilpi__add_la1.0__mae__multi,5,3,0.0881685442706997
diesel-D4052,anilpi__add_la1.0__mae__multi,5,4,0.205260234514703
diesel-D4052,anilpi__add_la1.0__mae__multi,5,5,-0.8068065783777663
diesel-D4052,anilpi__add_la1.0__mae__multi,5,6,-0.5597694674818448
diesel-D4052,anilpi__add_la1.0__mae__multi,5,7,-1.7233908005652911
diesel-D4052,anilpi__add_la1.0__mae__multi,5,8,-0.4405688722026606
diesel-D4052,anilpi__add_la1.0__mae__multi,5,9,0.3194074760623412
diesel-D4052,anilpi__add_la1.0__mae__multi,10,0,-0.6413679832682002
diesel-D4052,anilpi__add_la1.0__mae__multi,10,1,0.1238018600958511
diesel-D4052,anilpi__add_la1.0__mae__multi,10,2,-0.3512156258351602
diesel-D4052,anilpi__add_la1.0__mae__multi,10,3,0.3216582939603803
diesel-D4052,anilpi__add_la1.0__mae__multi,10,4,0.0528603870697907
diesel-D4052,anilpi__add_la1.0__mae__multi,10,5,0.3235542946885202
diesel-D4052,anilpi__add_la1.0__mae__multi,10,6,0.5091109815890038
diesel-D4052,anilpi__add_la1.0__mae__multi,10,7,-0.0443223180900336
diesel-D4052,anilpi__add_la1.0__mae__multi,10,8,0.5303119814131001
diesel-D4052,anilpi__add_la1.0__mae__multi,10,9,-0.2773033418537118
diesel-D4052,anilpi__add_la1.0__mae__multi,20,0,0.5800341026055027
diesel-D4052,anilpi__add_la1.0__mae__multi,20,1,0.4418106453877385
diesel-D4052,anilpi__add_la1.0__mae__multi,20,2,0.6517871047047954
diesel-D4052,anilpi__add_la1.0__mae__multi,20,3,0.141237077375153
diesel-D4052,anilpi__add_la1.0__mae__multi,20,4,0.2438527756551556
diesel-D4052,anilpi__add_la1.0__mae__multi,20,5,0.3133826855615341
diesel-D4052,anilpi__add_la1.0__mae__multi,20,6,0.392511731318768
diesel-D4052,anilpi__add_la1.0__mae__multi,20,7,0.2962330365779371
diesel-D4052,anilpi__add_la1.0__mae__multi,20,8,0.2878460231077104
diesel-D4052,anilpi__add_la1.0__mae__multi,20,9,0.502979754000247
diesel-FLASH,anilpi__add_la1.0__mae__multi,5,0,-0.754288864845142
diesel-FLASH,anilpi__add_la1.0__mae__multi,5,1,-0.7024877595100991
diesel-FLASH,anilpi__add_la1.0__mae__multi,5,2,-0.2089029041962715
diesel-FLASH,anilpi__add_la1.0__mae__multi,5,3,-0.2452213940015963
diesel-FLASH,anilpi__add_la1.0__mae__multi,5,4,-3.012611160310451
diesel-FLASH,anilpi__add_la1.0__mae__multi,5,5,-2.783907935056627
diesel-FLASH,anilpi__add_la1.0__mae__multi,5,6,-0.5576917166695077
diesel-FLASH,anilpi__add_la1.0__mae__multi,5,7,-3.495665125932291
diesel-FLASH,anilpi__add_la1.0__mae__multi,5,8,-1.7405415727426958
diesel-FLASH,anilpi__add_la1.0__mae__multi,5,9,-0.298918637230694
diesel-FLASH,anilpi__add_la1.0__mae__multi,10,0,-0.4129752195933516
diesel-FLASH,anilpi__add_la1.0__mae__multi,10,1,-0.7541107787224748
diesel-FLASH,anilpi__add_la1.0__mae__multi,10,2,-0.4335664897108813
diesel-FLASH,anilpi__add_la1.0__mae__multi,10,3,-0.9015559466341648
diesel-FLASH,anilpi__add_la1.0__mae__multi,10,4,-0.0617210991999492
diesel-FLASH,anilpi__add_la1.0__mae__multi,10,5,-0.388686341333105
diesel-FLASH,anilpi__add_la1.0__mae__multi,10,6,-0.4470551023615632
diesel-FLASH,anilpi__add_la1.0__mae__multi,10,7,-2.7577985065712
diesel-FLASH,anilpi__add_la1.0__mae__multi,10,8,-1.0895434578822902
diesel-FLASH,anilpi__add_la1.0__mae__multi,10,9,-0.4082441232150762
diesel-FLASH,anilpi__add_la1.0__mae__multi,20,0,-0.0698379617242961
diesel-FLASH,anilpi__add_la1.0__mae__multi,20,1,0.194917405380284
diesel-FLASH,anilpi__add_la1.0__mae__multi,20,2,0.1213372447964158
diesel-FLASH,anilpi__add_la1.0__mae__multi,20,3,0.1304271121754191
diesel-FLASH,anilpi__add_la1.0__mae__multi,20,4,-0.2479043476873195
diesel-FLASH,anilpi__add_la1.0__mae__multi,20,5,0.0713534254526893
diesel-FLASH,anilpi__add_la1.0__mae__multi,20,6,-0.1066672230566465
diesel-FLASH,anilpi__add_la1.0__mae__multi,20,7,-0.0595379862605214
diesel-FLASH,anilpi__add_la1.0__mae__multi,20,8,0.2069408669028456
diesel-FLASH,anilpi__add_la1.0__mae__multi,20,9,0.0217574345715627
diesel-FREEZE,anilpi__add_la1.0__mae__multi,5,0,-0.1694899612243867
diesel-FREEZE,anilpi__add_la1.0__mae__multi,5,1,-4.068837316287544
diesel-FREEZE,anilpi__add_la1.0__mae__multi,5,2,-0.1484035137457708
diesel-FREEZE,anilpi__add_la1.0__mae__multi,5,3,0.107383099460776
diesel-FREEZE,anilpi__add_la1.0__mae__multi,5,4,-0.9212478780733608
diesel-FREEZE,anilpi__add_la1.0__mae__multi,5,5,-3.4119746717123487
diesel-FREEZE,anilpi__add_la1.0__mae__multi,5,6,0.0153049070881301
diesel-FREEZE,anilpi__add_la1.0__mae__multi,5,7,-0.2695226977639824
diesel-FREEZE,anilpi__add_la1.0__mae__multi,5,8,-0.4182244773214407
diesel-FREEZE,anilpi__add_la1.0__mae__multi,5,9,-0.0226999450474207
diesel-FREEZE,anilpi__add_la1.0__mae__multi,10,0,-0.0353621130509285
diesel-FREEZE,anilpi__add_la1.0__mae__multi,10,1,0.1234450338403386
diesel-FREEZE,anilpi__add_la1.0__mae__multi,10,2,0.313053788486103
diesel-FREEZE,anilpi__add_la1.0__mae__multi,10,3,-0.7379303814247316
diesel-FREEZE,anilpi__add_la1.0__mae__multi,10,4,-0.1659522194697311
diesel-FREEZE,anilpi__add_la1.0__mae__multi,10,5,-0.1464691870068462
diesel-FREEZE,anilpi__add_la1.0__mae__multi,10,6,0.2220484316681281
diesel-FREEZE,anilpi__add_la1.0__mae__multi,10,7,-0.0006641386948216
diesel-FREEZE,anilpi__add_la1.0__mae__multi,10,8,0.4651494003970633
diesel-FREEZE,anilpi__add_la1.0__mae__multi,10,9,-0.1768414185594302
diesel-FREEZE,anilpi__add_la1.0__mae__multi,20,0,0.3837588897513974
diesel-FREEZE,anilpi__add_la1.0__mae__multi,20,1,0.5528547929963057
diesel-FREEZE,anilpi__add_la1.0__mae__multi,20,2,0.1255446961658204
diesel-FREEZE,anilpi__add_la1.0__mae__multi,20,3,0.103121991878901
diesel-FREEZE,anilpi__add_la1.0__mae__multi,20,4,0.418147798837671
diesel-FREEZE,anilpi__add_la1.0__mae__multi,20,5,-0.354438376783853
diesel-FREEZE,anilpi__add_la1.0__mae__multi,20,6,0.4024884032086904
diesel-FREEZE,anilpi__add_la1.0__mae__multi,20,7,0.346474647464112
diesel-FREEZE,anilpi__add_la1.0__mae__multi,20,8,0.1443914102072444
diesel-FREEZE,anilpi__add_la1.0__mae__multi,20,9,0.2690161425342149
diesel-TOTAL,anilpi__add_la1.0__mae__multi,5,0,0.1225044258487687
diesel-TOTAL,anilpi__add_la1.0__mae__multi,5,1,0.3041764287873179
diesel-TOTAL,anilpi__add_la1.0__mae__multi,5,2,0.421731524624361
diesel-TOTAL,anilpi__add_la1.0__mae__multi,5,3,0.4561088180353201
diesel-TOTAL,anilpi__add_la1.0__mae__multi,5,4,0.7863142128339901
diesel-TOTAL,anilpi__add_la1.0__mae__multi,5,5,0.6695202825164348
diesel-TOTAL,anilpi__add_la1.0__mae__multi,5,6,0.6008416527156293
diesel-TOTAL,anilpi__add_la1.0__mae__multi,5,7,0.1634827753623631
diesel-TOTAL,anilpi__add_la1.0__mae__multi,5,8,0.1937527192130529
diesel-TOTAL,anilpi__add_la1.0__mae__multi,5,9,-2.5447257072393845
diesel-TOTAL,anilpi__add_la1.0__mae__multi,10,0,0.7395513072722683
diesel-TOTAL,anilpi__add_la1.0__mae__multi,10,1,0.6636828038974152
diesel-TOTAL,anilpi__add_la1.0__mae__multi,10,2,0.6925152100599468
diesel-TOTAL,anilpi__add_la1.0__mae__multi,10,3,0.5696316296780513
diesel-TOTAL,anilpi__add_la1.0__mae__multi,10,4,0.7260222451415922
diesel-TOTAL,anilpi__add_la1.0__mae__multi,10,5,0.7092385734392022
diesel-TOTAL,anilpi__add_la1.0__mae__multi,10,6,0.7749925319583258
diesel-TOTAL,anilpi__add_la1.0__mae__multi,10,7,0.6179208170015236
diesel-TOTAL,anilpi__add_la1.0__mae__multi,10,8,0.6896469484798882
diesel-TOTAL,anilpi__add_la1.0__mae__multi,10,9,0.6845205820236393
diesel-TOTAL,anilpi__add_la1.0__mae__multi,20,0,0.7600388542849716
diesel-TOTAL,anilpi__add_la1.0__mae__multi,20,1,0.7792929455782232
diesel-TOTAL,anilpi__add_la1.0__mae__multi,20,2,0.7918825924904225
diesel-TOTAL,anilpi__add_la1.0__mae__multi,20,3,0.8441123746465922
diesel-TOTAL,anilpi__add_la1.0__mae__multi,20,4,0.8827010902453182
diesel-TOTAL,anilpi__add_la1.0__mae__multi,20,5,0.738631531236916
diesel-TOTAL,anilpi__add_la1.0__mae__multi,20,6,0.8458047561208144
diesel-TOTAL,anilpi__add_la1.0__mae__multi,20,7,0.8021929383838005
diesel-TOTAL,anilpi__add_la1.0__mae__multi,20,8,0.8186722238482006
diesel-TOTAL,anilpi__add_la1.0__mae__multi,20,9,0.8490380789423543
diesel-VISC,anilpi__add_la1.0__mae__multi,5,0,-1.383507220478703
diesel-VISC,anilpi__add_la1.0__mae__multi,5,1,-0.7396538882506414
diesel-VISC,anilpi__add_la1.0__mae__multi,5,2,-0.5688213143230518
diesel-VISC,anilpi__add_la1.0__mae__multi,5,3,-1.985475202538514
diesel-VISC,anilpi__add_la1.0__mae__multi,5,4,-5.83764548972915
diesel-VISC,anilpi__add_la1.0__mae__multi,5,5,-0.3941898288159775
diesel-VISC,anilpi__add_la1.0__mae__multi,5,6,0.0827226741870011
diesel-VISC,anilpi__add_la1.0__mae__multi,5,7,-0.9175416349510072
diesel-VISC,anilpi__add_la1.0__mae__multi,5,8,-0.4291295571009212
diesel-VISC,anilpi__add_la1.0__mae__multi,5,9,-0.6346582894827073
diesel-VISC,anilpi__add_la1.0__mae__multi,10,0,0.2022994565342962
diesel-VISC,anilpi__add_la1.0__mae__multi,10,1,0.2657682464813048
diesel-VISC,anilpi__add_la1.0__mae__multi,10,2,0.1161306952609171
diesel-VISC,anilpi__add_la1.0__mae__multi,10,3,-2.3225377530122464
diesel-VISC,anilpi__add_la1.0__mae__multi,10,4,-0.8292368761013751
diesel-VISC,anilpi__add_la1.0__mae__multi,10,5,-0.1224424594229223
diesel-VISC,anilpi__add_la1.0__mae__multi,10,6,-0.0103675975347494
diesel-VISC,anilpi__add_la1.0__mae__multi,10,7,-1.098973747604517
diesel-VISC,anilpi__add_la1.0__mae__multi,10,8,-0.0377927565381233
diesel-VISC,anilpi__add_la1.0__mae__multi,10,9,-0.905818783985156
diesel-VISC,anilpi__add_la1.0__mae__multi,20,0,-0.0948667790521742
diesel-VISC,anilpi__add_la1.0__mae__multi,20,1,0.3270704169932488
diesel-VISC,anilpi__add_la1.0__mae__multi,20,2,0.206710433040166
diesel-VISC,anilpi__add_la1.0__mae__multi,20,3,0.1525304975434328
diesel-VISC,anilpi__add_la1.0__mae__multi,20,4,-0.4336060719536134
diesel-VISC,anilpi__add_la1.0__mae__multi,20,5,0.2337869576765043
diesel-VISC,anilpi__add_la1.0__mae__multi,20,6,-0.0572376472544913
diesel-VISC,anilpi__add_la1.0__mae__multi,20,7,-0.2100519963993838
diesel-VISC,anilpi__add_la1.0__mae__multi,20,8,-0.0459632514935746
diesel-VISC,anilpi__add_la1.0__mae__multi,20,9,0.3288132801601171
gasoline-octane,anilpi__add_la1.0__mae__multi,5,0,0.9048460356916732
gasoline-octane,anilpi__add_la1.0__mae__multi,5,1,0.8404462685065933
gasoline-octane,anilpi__add_la1.0__mae__multi,5,2,0.8830510336779137
gasoline-octane,anilpi__add_la1.0__mae__multi,5,3,0.8185118041372172
gasoline-octane,anilpi__add_la1.0__mae__multi,5,4,0.6621665139282964
gasoline-octane,anilpi__add_la1.0__mae__multi,5,5,0.3671518124361945
gasoline-octane,anilpi__add_la1.0__mae__multi,5,6,0.7202803941075917
gasoline-octane,anilpi__add_la1.0__mae__multi,5,7,-0.7653346481622403
gasoline-octane,anilpi__add_la1.0__mae__multi,5,8,-0.8486342369617554
gasoline-octane,anilpi__add_la1.0__mae__multi,5,9,0.8633077987677876
gasoline-octane,anilpi__add_la1.0__mae__multi,10,0,0.8599134821243097
gasoline-octane,anilpi__add_la1.0__mae__multi,10,1,0.9124395490809776
gasoline-octane,anilpi__add_la1.0__mae__multi,10,2,0.9029195049383508
gasoline-octane,anilpi__add_la1.0__mae__multi,10,3,0.9195794818440036
gasoline-octane,anilpi__add_la1.0__mae__multi,10,4,0.9477615059041824
gasoline-octane,anilpi__add_la1.0__mae__multi,10,5,0.9139657113531222
gasoline-octane,anilpi__add_la1.0__mae__multi,10,6,0.9103359625071362
gasoline-octane,anilpi__add_la1.0__mae__multi,10,7,0.9217381817432836
gasoline-octane,anilpi__add_la1.0__mae__multi,10,8,0.8842921029817628
gasoline-octane,anilpi__add_la1.0__mae__multi,10,9,0.9177276778507653
gasoline-octane,anilpi__add_la1.0__mae__multi,20,0,0.941543520605232
gasoline-octane,anilpi__add_la1.0__mae__multi,20,1,0.9457734808601908
gasoline-octane,anilpi__add_la1.0__mae__multi,20,2,0.9287683405290909
gasoline-octane,anilpi__add_la1.0__mae__multi,20,3,0.9563000614196144
gasoline-octane,anilpi__add_la1.0__mae__multi,20,4,0.9582797222644592
gasoline-octane,anilpi__add_la1.0__mae__multi,20,5,0.9469596547905972
gasoline-octane,anilpi__add_la1.0__mae__multi,20,6,0.9434029042859996
gasoline-octane,anilpi__add_la1.0__mae__multi,20,7,0.96211805543184
gasoline-octane,anilpi__add_la1.0__mae__multi,20,8,0.9110480834652668
gasoline-octane,anilpi__add_la1.0__mae__multi,20,9,0.9240951375370272
diesel-BP50,anilpi__add__mae__multi,5,0,-0.8388225153667099
diesel-BP50,anilpi__add__mae__multi,5,1,-0.1910215559818728
diesel-BP50,anilpi__add__mae__multi,5,2,0.0411342420526079
diesel-BP50,anilpi__add__mae__multi,5,3,-0.6782487873876277
diesel-BP50,anilpi__add__mae__multi,5,4,-0.1649180365861431
diesel-BP50,anilpi__add__mae__multi,5,5,0.110988070841496
diesel-BP50,anilpi__add__mae__multi,5,6,0.0930117963079878
diesel-BP50,anilpi__add__mae__multi,5,7,0.2748791934819524
diesel-BP50,anilpi__add__mae__multi,5,8,0.0450469931418101
diesel-BP50,anilpi__add__mae__multi,5,9,-0.4490230056636952
diesel-BP50,anilpi__add__mae__multi,10,0,0.0659778542077074
diesel-BP50,anilpi__add__mae__multi,10,1,0.2686199692241344
diesel-BP50,anilpi__add__mae__multi,10,2,0.4432100693186033
diesel-BP50,anilpi__add__mae__multi,10,3,0.6360259684831833
diesel-BP50,anilpi__add__mae__multi,10,4,-0.2754362821803311
diesel-BP50,anilpi__add__mae__multi,10,5,-0.0880461047126568
diesel-BP50,anilpi__add__mae__multi,10,6,0.5164763780802666
diesel-BP50,anilpi__add__mae__multi,10,7,0.6993230250439397
diesel-BP50,anilpi__add__mae__multi,10,8,0.1767005393192765
diesel-BP50,anilpi__add__mae__multi,10,9,0.371410409703234
diesel-BP50,anilpi__add__mae__multi,20,0,0.2295168160954458
diesel-BP50,anilpi__add__mae__multi,20,1,0.6181682968943844
diesel-BP50,anilpi__add__mae__multi,20,2,0.5255741509563161
diesel-BP50,anilpi__add__mae__multi,20,3,0.5476285430788295
diesel-BP50,anilpi__add__mae__multi,20,4,0.6875277645601661
diesel-BP50,anilpi__add__mae__multi,20,5,0.2475011086637925
diesel-BP50,anilpi__add__mae__multi,20,6,0.6640705074199564
diesel-BP50,anilpi__add__mae__multi,20,7,0.5571275390129244
diesel-BP50,anilpi__add__mae__multi,20,8,0.3719516862106687
diesel-BP50,anilpi__add__mae__multi,20,9,0.5353229927101337
diesel-CN,anilpi__add__mae__multi,5,0,0.1968410148798031
diesel-CN,anilpi__add__mae__multi,5,1,-2.501753404754712
diesel-CN,anilpi__add__mae__multi,5,2,0.087370077424134
diesel-CN,anilpi__add__mae__multi,5,3,0.3152112307929248
diesel-CN,anilpi__add__mae__multi,5,4,0.2496744800300384
diesel-CN,anilpi__add__mae__multi,5,5,-0.1909846394865908
diesel-CN,anilpi__add__mae__multi,5,6,-0.0559773766953555
diesel-CN,anilpi__add__mae__multi,5,7,0.0764613279175174
diesel-CN,anilpi__add__mae__multi,5,8,-4.27020990362983
diesel-CN,anilpi__add__mae__multi,5,9,0.1660283888534091
diesel-CN,anilpi__add__mae__multi,10,0,0.0874656915133442
diesel-CN,anilpi__add__mae__multi,10,1,0.0875648484939749
diesel-CN,anilpi__add__mae__multi,10,2,-0.1676205599027873
diesel-CN,anilpi__add__mae__multi,10,3,0.3682062160839541
diesel-CN,anilpi__add__mae__multi,10,4,0.3267028837401913
diesel-CN,anilpi__add__mae__multi,10,5,0.2243281520583189
diesel-CN,anilpi__add__mae__multi,10,6,0.1186322035432401
diesel-CN,anilpi__add__mae__multi,10,7,-0.025179227526795
diesel-CN,anilpi__add__mae__multi,10,8,0.2516360262602641
diesel-CN,anilpi__add__mae__multi,10,9,0.1814682646877013
diesel-CN,anilpi__add__mae__multi,20,0,-0.9626737536660652
diesel-CN,anilpi__add__mae__multi,20,1,0.2201813447096623
diesel-CN,anilpi__add__mae__multi,20,2,0.4203477070100911
diesel-CN,anilpi__add__mae__multi,20,3,0.3911628496634994
diesel-CN,anilpi__add__mae__multi,20,4,0.1629655606441614
diesel-CN,anilpi__add__mae__multi,20,5,0.0214016964449372
diesel-CN,anilpi__add__mae__multi,20,6,0.2284970457507142
diesel-CN,anilpi__add__mae__multi,20,7,0.1977727213486411
diesel-CN,anilpi__add__mae__multi,20,8,0.4452620479194861
diesel-CN,anilpi__add__mae__multi,20,9,0.3930299258838579
diesel-D4052,anilpi__add__mae__multi,5,0,0.4232218359185019
diesel-D4052,anilpi__add__mae__multi,5,1,-0.5313902874981618
diesel-D4052,anilpi__add__mae__multi,5,2,-0.2750624842125782
diesel-D4052,anilpi__add__mae__multi,5,3,0.1568898537413164
diesel-D4052,anilpi__add__mae__multi,5,4,0.3149591385809623
diesel-D4052,anilpi__add__mae__multi,5,5,-0.2451282528003422
diesel-D4052,anilpi__add__mae__multi,5,6,-0.5642562693863173
diesel-D4052,anilpi__add__mae__multi,5,7,0.5233520844809958
diesel-D4052,anilpi__add__mae__multi,5,8,0.0977682316722888
diesel-D4052,anilpi__add__mae__multi,5,9,0.1212790635019221
diesel-D4052,anilpi__add__mae__multi,10,0,0.5020718121764258
diesel-D4052,anilpi__add__mae__multi,10,1,0.5970673884851903
diesel-D4052,anilpi__add__mae__multi,10,2,0.3858839134437173
diesel-D4052,anilpi__add__mae__multi,10,3,0.6827951780267776
diesel-D4052,anilpi__add__mae__multi,10,4,0.2402971075800588
diesel-D4052,anilpi__add__mae__multi,10,5,0.517381918130636
diesel-D4052,anilpi__add__mae__multi,10,6,0.711741206059019
diesel-D4052,anilpi__add__mae__multi,10,7,0.2176858942497543
diesel-D4052,anilpi__add__mae__multi,10,8,0.789054931062444
diesel-D4052,anilpi__add__mae__multi,10,9,0.2051002063097777
diesel-D4052,anilpi__add__mae__multi,20,0,0.7464510143747389
diesel-D4052,anilpi__add__mae__multi,20,1,0.7186445631415546
diesel-D4052,anilpi__add__mae__multi,20,2,0.7728924852738269
diesel-D4052,anilpi__add__mae__multi,20,3,0.5252780831499577
diesel-D4052,anilpi__add__mae__multi,20,4,0.7139113276709973
diesel-D4052,anilpi__add__mae__multi,20,5,0.7177733752796693
diesel-D4052,anilpi__add__mae__multi,20,6,0.535004959385637
diesel-D4052,anilpi__add__mae__multi,20,7,0.7024398660433702
diesel-D4052,anilpi__add__mae__multi,20,8,0.643822648904
diesel-D4052,anilpi__add__mae__multi,20,9,0.7121580781630176
diesel-FLASH,anilpi__add__mae__multi,5,0,-0.4311382693561929
diesel-FLASH,anilpi__add__mae__multi,5,1,-0.934894595683062
diesel-FLASH,anilpi__add__mae__multi,5,2,-0.0494390414948928
diesel-FLASH,anilpi__add__mae__multi,5,3,-0.2504781579595128
diesel-FLASH,anilpi__add__mae__multi,5,4,-0.9499460124250584
diesel-FLASH,anilpi__add__mae__multi,5,5,-1.1826909525696978
diesel-FLASH,anilpi__add__mae__multi,5,6,-0.2546247675266857
diesel-FLASH,anilpi__add__mae__multi,5,7,-1.7151570223118449
diesel-FLASH,anilpi__add__mae__multi,5,8,-1.5605060474383516
diesel-FLASH,anilpi__add__mae__multi,5,9,-1.1325194418588858
diesel-FLASH,anilpi__add__mae__multi,10,0,0.0531896393001268
diesel-FLASH,anilpi__add__mae__multi,10,1,-0.2263494123893918
diesel-FLASH,anilpi__add__mae__multi,10,2,-0.5926986790003101
diesel-FLASH,anilpi__add__mae__multi,10,3,-0.2616622995567708
diesel-FLASH,anilpi__add__mae__multi,10,4,-0.0544966585534791
diesel-FLASH,anilpi__add__mae__multi,10,5,-0.185959595071081
diesel-FLASH,anilpi__add__mae__multi,10,6,-0.0903966858851306
diesel-FLASH,anilpi__add__mae__multi,10,7,-0.6885396519876423
diesel-FLASH,anilpi__add__mae__multi,10,8,-0.916526598757648
diesel-FLASH,anilpi__add__mae__multi,10,9,-0.0967360032520576
diesel-FLASH,anilpi__add__mae__multi,20,0,0.0246564319741826
diesel-FLASH,anilpi__add__mae__multi,20,1,0.2402559772493725
diesel-FLASH,anilpi__add__mae__multi,20,2,0.2395529210122351
diesel-FLASH,anilpi__add__mae__multi,20,3,0.1165749594781561
diesel-FLASH,anilpi__add__mae__multi,20,4,0.2254901919194083
diesel-FLASH,anilpi__add__mae__multi,20,5,0.2376248872524834
diesel-FLASH,anilpi__add__mae__multi,20,6,-0.0186497916336538
diesel-FLASH,anilpi__add__mae__multi,20,7,0.1025015832816997
diesel-FLASH,anilpi__add__mae__multi,20,8,0.2575696055292282
diesel-FLASH,anilpi__add__mae__multi,20,9,0.0065373113981345
diesel-FREEZE,anilpi__add__mae__multi,5,0,-0.37252036656566
diesel-FREEZE,anilpi__add__mae__multi,5,1,-0.3399101584368176
diesel-FREEZE,anilpi__add__mae__multi,5,2,-0.110261883523107
diesel-FREEZE,anilpi__add__mae__multi,5,3,0.1138205357201341
diesel-FREEZE,anilpi__add__mae__multi,5,4,0.0680976159114051
diesel-FREEZE,anilpi__add__mae__multi,5,5,-0.4976206937659886
diesel-FREEZE,anilpi__add__mae__multi,5,6,0.1162771479904059
diesel-FREEZE,anilpi__add__mae__multi,5,7,-0.1568654886183116
diesel-FREEZE,anilpi__add__mae__multi,5,8,-0.3761677026941143
diesel-FREEZE,anilpi__add__mae__multi,5,9,-0.1218807850957102
diesel-FREEZE,anilpi__add__mae__multi,10,0,0.5211450430548559
diesel-FREEZE,anilpi__add__mae__multi,10,1,0.4841672034600826
diesel-FREEZE,anilpi__add__mae__multi,10,2,0.6280382796708859
diesel-FREEZE,anilpi__add__mae__multi,10,3,-0.4032071512213298
diesel-FREEZE,anilpi__add__mae__multi,10,4,-0.0400057813674414
diesel-FREEZE,anilpi__add__mae__multi,10,5,-0.0696187623134012
diesel-FREEZE,anilpi__add__mae__multi,10,6,0.1562686089979331
diesel-FREEZE,anilpi__add__mae__multi,10,7,-0.0241068156582473
diesel-FREEZE,anilpi__add__mae__multi,10,8,0.2728778207925646
diesel-FREEZE,anilpi__add__mae__multi,10,9,0.6033157301067751
diesel-FREEZE,anilpi__add__mae__multi,20,0,0.5191726522829925
diesel-FREEZE,anilpi__add__mae__multi,20,1,0.6847045379182821
diesel-FREEZE,anilpi__add__mae__multi,20,2,0.115642871487808
diesel-FREEZE,anilpi__add__mae__multi,20,3,0.2688321376905371
diesel-FREEZE,anilpi__add__mae__multi,20,4,0.5156400743990521
diesel-FREEZE,anilpi__add__mae__multi,20,5,0.2491675325308364
diesel-FREEZE,anilpi__add__mae__multi,20,6,0.5965030435653487
diesel-FREEZE,anilpi__add__mae__multi,20,7,0.4847335206871327
diesel-FREEZE,anilpi__add__mae__multi,20,8,0.5494752519377915
diesel-FREEZE,anilpi__add__mae__multi,20,9,0.5895029154317895
diesel-TOTAL,anilpi__add__mae__multi,5,0,0.783652065677561
diesel-TOTAL,anilpi__add__mae__multi,5,1,0.5949176999405321
diesel-TOTAL,anilpi__add__mae__multi,5,2,0.7569573382507633
diesel-TOTAL,anilpi__add__mae__multi,5,3,0.5332748444790133
diesel-TOTAL,anilpi__add__mae__multi,5,4,0.8047084743453576
diesel-TOTAL,anilpi__add__mae__multi,5,5,0.5587387659160696
diesel-TOTAL,anilpi__add__mae__multi,5,6,0.7538323830910664
diesel-TOTAL,anilpi__add__mae__multi,5,7,0.3604085223807518
diesel-TOTAL,anilpi__add__mae__multi,5,8,0.4433163297869845
diesel-TOTAL,anilpi__add__mae__multi,5,9,0.0707019051456311
diesel-TOTAL,anilpi__add__mae__multi,10,0,0.8061179294366999
diesel-TOTAL,anilpi__add__mae__multi,10,1,0.7250094952449533
diesel-TOTAL,anilpi__add__mae__multi,10,2,0.6966744476658622
diesel-TOTAL,anilpi__add__mae__multi,10,3,0.768413086234732
diesel-TOTAL,anilpi__add__mae__multi,10,4,0.8039305446937854
diesel-TOTAL,anilpi__add__mae__multi,10,5,0.7947484149638628
diesel-TOTAL,anilpi__add__mae__multi,10,6,0.7741286918696544
diesel-TOTAL,anilpi__add__mae__multi,10,7,0.7707596568183859
diesel-TOTAL,anilpi__add__mae__multi,10,8,0.8341852542755495
diesel-TOTAL,anilpi__add__mae__multi,10,9,0.6385178490214223
diesel-TOTAL,anilpi__add__mae__multi,20,0,0.7169554302358403
diesel-TOTAL,anilpi__add__mae__multi,20,1,0.7977928680571251
diesel-TOTAL,anilpi__add__mae__multi,20,2,0.8447192969747338
diesel-TOTAL,anilpi__add__mae__multi,20,3,0.8547930084925313
diesel-TOTAL,anilpi__add__mae__multi,20,4,0.8521945188359725
diesel-TOTAL,anilpi__add__mae__multi,20,5,0.7168519083770559
diesel-TOTAL,anilpi__add__mae__multi,20,6,0.8636314534194643
diesel-TOTAL,anilpi__add__mae__multi,20,7,0.8436017032356316
diesel-TOTAL,anilpi__add__mae__multi,20,8,0.8287847992417569
diesel-TOTAL,anilpi__add__mae__multi,20,9,0.8233089130458009
diesel-VISC,anilpi__add__mae__multi,5,0,-0.983941813328497
diesel-VISC,anilpi__add__mae__multi,5,1,-2.2237879280654504
diesel-VISC,anilpi__add__mae__multi,5,2,0.2234826168495232
diesel-VISC,anilpi__add__mae__multi,5,3,0.3101894502010702
diesel-VISC,anilpi__add__mae__multi,5,4,-1.4598465378022365
diesel-VISC,anilpi__add__mae__multi,5,5,0.1874474485032669
diesel-VISC,anilpi__add__mae__multi,5,6,0.401731613012662
diesel-VISC,anilpi__add__mae__multi,5,7,-0.1990502724885532
diesel-VISC,anilpi__add__mae__multi,5,8,-0.9565469545990192
diesel-VISC,anilpi__add__mae__multi,5,9,-0.7547174329546309
diesel-VISC,anilpi__add__mae__multi,10,0,0.6156348080833296
diesel-VISC,anilpi__add__mae__multi,10,1,0.4821469807831019
diesel-VISC,anilpi__add__mae__multi,10,2,0.3251571096097567
diesel-VISC,anilpi__add__mae__multi,10,3,-0.2052215642170782
diesel-VISC,anilpi__add__mae__multi,10,4,-0.2828401309488808
diesel-VISC,anilpi__add__mae__multi,10,5,0.3719916854116525
diesel-VISC,anilpi__add__mae__multi,10,6,0.2036233381169392
diesel-VISC,anilpi__add__mae__multi,10,7,-0.2608878214109169
diesel-VISC,anilpi__add__mae__multi,10,8,0.460377044297076
diesel-VISC,anilpi__add__mae__multi,10,9,-0.2975805324893228
diesel-VISC,anilpi__add__mae__multi,20,0,0.0566157278825839
diesel-VISC,anilpi__add__mae__multi,20,1,0.5889456345218287
diesel-VISC,anilpi__add__mae__multi,20,2,0.6660253782402168
diesel-VISC,anilpi__add__mae__multi,20,3,0.2553350696419713
diesel-VISC,anilpi__add__mae__multi,20,4,0.5037602353123366
diesel-VISC,anilpi__add__mae__multi,20,5,0.428169721957978
diesel-VISC,anilpi__add__mae__multi,20,6,0.5074914149873825
diesel-VISC,anilpi__add__mae__multi,20,7,0.2779232331158424
diesel-VISC,anilpi__add__mae__multi,20,8,0.5345434391448018
diesel-VISC,anilpi__add__mae__multi,20,9,0.5464629015933051
evoo-adulteration,anilpi__add__mae__multi,5,0,-0.0229027477325387
evoo-adulteration,anilpi__add__mae__multi,5,1,0.0403669647820311
evoo-adulteration,anilpi__add__mae__multi,5,2,-0.0839346970525367
evoo-adulteration,anilpi__add__mae__multi,5,3,0.0148972212166041
evoo-adulteration,anilpi__add__mae__multi,5,4,-1.1334241944652923
evoo-adulteration,anilpi__add__mae__multi,5,5,-1.0233584311353248
evoo-adulteration,anilpi__add__mae__multi,5,6,-0.2155483275638765
evoo-adulteration,anilpi__add__mae__multi,5,7,-0.5685741016466075
evoo-adulteration,anilpi__add__mae__multi,5,8,-0.0911055830094444
evoo-adulteration,anilpi__add__mae__multi,5,9,-0.5566733412869749
evoo-adulteration,anilpi__add__mae__multi,10,0,-0.5414821462221782
evoo-adulteration,anilpi__add__mae__multi,10,1,-1.440585088649187
evoo-adulteration,anilpi__add__mae__multi,10,2,-0.2784692498857177
evoo-adulteration,anilpi__add__mae__multi,10,3,0.0575043976147658
evoo-adulteration,anilpi__add__mae__multi,10,4,0.2582250624328577
evoo-adulteration,anilpi__add__mae__multi,10,5,-0.951337088866092
evoo-adulteration,anilpi__add__mae__multi,10,6,-0.424719820652006
evoo-adulteration,anilpi__add__mae__multi,10,7,0.3119953360601758
evoo-adulteration,anilpi__add__mae__multi,10,8,0.2719698371798621
evoo-adulteration,anilpi__add__mae__multi,10,9,-2.618423484626584
evoo-adulteration,anilpi__add__mae__multi,20,0,0.2137034186564492
evoo-adulteration,anilpi__add__mae__multi,20,1,0.0789163786049448
evoo-adulteration,anilpi__add__mae__multi,20,2,0.3279557344743814
evoo-adulteration,anilpi__add__mae__multi,20,3,-0.0592882114139081
evoo-adulteration,anilpi__add__mae__multi,20,4,0.2500102258509992
evoo-adulteration,anilpi__add__mae__multi,20,5,-0.017613928745731
evoo-adulteration,anilpi__add__mae__multi,20,6,0.0328950622842485
evoo-adulteration,anilpi__add__mae__multi,20,7,0.3867269245440917
evoo-adulteration,anilpi__add__mae__multi,20,8,0.1806609911180154
evoo-adulteration,anilpi__add__mae__multi,20,9,0.3638602120680432
gasoline-octane,anilpi__add__mae__multi,5,0,0.7832521324474535
gasoline-octane,anilpi__add__mae__multi,5,1,0.2915365756112499
gasoline-octane,anilpi__add__mae__multi,5,2,0.483255258141446
gasoline-octane,anilpi__add__mae__multi,5,3,0.8079689744901767
gasoline-octane,anilpi__add__mae__multi,5,4,0.7289170015671779
gasoline-octane,anilpi__add__mae__multi,5,5,0.6838903018562655
gasoline-octane,anilpi__add__mae__multi,5,6,0.2008615514526678
gasoline-octane,anilpi__add__mae__multi,5,7,0.6907247379472969
gasoline-octane,anilpi__add__mae__multi,5,8,0.0984236733458957
gasoline-octane,anilpi__add__mae__multi,5,9,0.3286085029955103
gasoline-octane,anilpi__add__mae__multi,10,0,0.8983292713527958
gasoline-octane,anilpi__add__mae__multi,10,1,0.9248627071670016
gasoline-octane,anilpi__add__mae__multi,10,2,0.8976337548253067
gasoline-octane,anilpi__add__mae__multi,10,3,0.9181477871607584
gasoline-octane,anilpi__add__mae__multi,10,4,0.7965142801514502
gasoline-octane,anilpi__add__mae__multi,10,5,0.6943144394076979
gasoline-octane,anilpi__add__mae__multi,10,6,0.873503500114468
gasoline-octane,anilpi__add__mae__multi,10,7,0.7783676511819863
gasoline-octane,anilpi__add__mae__multi,10,8,0.757695320945454
gasoline-octane,anilpi__add__mae__multi,10,9,0.8488985523191533
gasoline-octane,anilpi__add__mae__multi,20,0,0.8436837618104303
gasoline-octane,anilpi__add__mae__multi,20,1,0.8359999018313251
gasoline-octane,anilpi__add__mae__multi,20,2,0.8421378050088846
gasoline-octane,anilpi__add__mae__multi,20,3,0.9152194652333012
gasoline-octane,anilpi__add__mae__multi,20,4,0.8961774401871008
gasoline-octane,anilpi__add__mae__multi,20,5,0.8752301791265581
gasoline-octane,anilpi__add__mae__multi,20,6,0.9160998714257776
gasoline-octane,anilpi__add__mae__multi,20,7,0.921575902011744
gasoline-octane,anilpi__add__mae__multi,20,8,0.885322953281676
gasoline-octane,anilpi__add__mae__multi,20,9,0.8768554578079197
diesel-BP50,anilpi__band_lb0.01__mae__multi,5,0,0.3325261327078355
diesel-BP50,anilpi__band_lb0.01__mae__multi,5,1,-0.0899767276773642
diesel-BP50,anilpi__band_lb0.01__mae__multi,5,2,0.3425791105402112
diesel-BP50,anilpi__band_lb0.01__mae__multi,5,3,-0.3858948311896255
diesel-BP50,anilpi__band_lb0.01__mae__multi,5,4,-1.3397937978651022
diesel-BP50,anilpi__band_lb0.01__mae__multi,5,5,-2.31583128966751
diesel-BP50,anilpi__band_lb0.01__mae__multi,5,6,0.2745488428142427
diesel-BP50,anilpi__band_lb0.01__mae__multi,5,7,0.6725175643186333
diesel-BP50,anilpi__band_lb0.01__mae__multi,5,8,0.0273879100309099
diesel-BP50,anilpi__band_lb0.01__mae__multi,5,9,-0.7691619172383894
diesel-BP50,anilpi__band_lb0.01__mae__multi,10,0,-0.1308360546182303
diesel-BP50,anilpi__band_lb0.01__mae__multi,10,1,0.528755481296412
diesel-BP50,anilpi__band_lb0.01__mae__multi,10,2,0.5384543944101154
diesel-BP50,anilpi__band_lb0.01__mae__multi,10,3,0.6589844600869217
diesel-BP50,anilpi__band_lb0.01__mae__multi,10,4,-0.4571059959039538
diesel-BP50,anilpi__band_lb0.01__mae__multi,10,5,0.6525775183541799
diesel-BP50,anilpi__band_lb0.01__mae__multi,10,6,0.6438525610682582
diesel-BP50,anilpi__band_lb0.01__mae__multi,10,7,0.6644265040918813
diesel-BP50,anilpi__band_lb0.01__mae__multi,10,8,0.6059094593041725
diesel-BP50,anilpi__band_lb0.01__mae__multi,10,9,0.7725386128713576
diesel-BP50,anilpi__band_lb0.01__mae__multi,20,0,0.3995486977930784
diesel-BP50,anilpi__band_lb0.01__mae__multi,20,1,0.6715449280676213
diesel-BP50,anilpi__band_lb0.01__mae__multi,20,2,0.7397094425418034
diesel-BP50,anilpi__band_lb0.01__mae__multi,20,3,0.561043009055078
diesel-BP50,anilpi__band_lb0.01__mae__multi,20,4,0.7861416177510532
diesel-BP50,anilpi__band_lb0.01__mae__multi,20,5,0.6941437438662719
diesel-BP50,anilpi__band_lb0.01__mae__multi,20,6,0.682402291175685
diesel-BP50,anilpi__band_lb0.01__mae__multi,20,7,0.7306709043737597
diesel-BP50,anilpi__band_lb0.01__mae__multi,20,8,0.5746941965846287
diesel-BP50,anilpi__band_lb0.01__mae__multi,20,9,0.6312643184276978
diesel-CN,anilpi__band_lb0.01__mae__multi,5,0,0.2367081888622065
diesel-CN,anilpi__band_lb0.01__mae__multi,5,1,-0.9876549128909912
diesel-CN,anilpi__band_lb0.01__mae__multi,5,2,-0.4655177366470149
diesel-CN,anilpi__band_lb0.01__mae__multi,5,3,0.1821847260511665
diesel-CN,anilpi__band_lb0.01__mae__multi,5,4,0.2605437862742128
diesel-CN,anilpi__band_lb0.01__mae__multi,5,5,-0.5047690809357479
diesel-CN,anilpi__band_lb0.01__mae__multi,5,6,-1.1246402719893336
diesel-CN,anilpi__band_lb0.01__mae__multi,5,7,-0.05325510168075
diesel-CN,anilpi__band_lb0.01__mae__multi,5,8,-3.830970510928669
diesel-CN,anilpi__band_lb0.01__mae__multi,5,9,0.2841970096802444
diesel-CN,anilpi__band_lb0.01__mae__multi,10,0,-0.5200913528497428
diesel-CN,anilpi__band_lb0.01__mae__multi,10,1,-0.5622022544759746
diesel-CN,anilpi__band_lb0.01__mae__multi,10,2,0.01596701169141
diesel-CN,anilpi__band_lb0.01__mae__multi,10,3,0.3724937962713085
diesel-CN,anilpi__band_lb0.01__mae__multi,10,4,0.3794298899646874
diesel-CN,anilpi__band_lb0.01__mae__multi,10,5,0.1562850281778532
diesel-CN,anilpi__band_lb0.01__mae__multi,10,6,0.1209164575066846
diesel-CN,anilpi__band_lb0.01__mae__multi,10,7,0.1745185532140356
diesel-CN,anilpi__band_lb0.01__mae__multi,10,8,0.2022924017949334
diesel-CN,anilpi__band_lb0.01__mae__multi,10,9,0.1491114157451548
diesel-CN,anilpi__band_lb0.01__mae__multi,20,0,-0.6143666623834252
diesel-CN,anilpi__band_lb0.01__mae__multi,20,1,0.3815730553454708
diesel-CN,anilpi__band_lb0.01__mae__multi,20,2,0.454105662907399
diesel-CN,anilpi__band_lb0.01__mae__multi,20,3,0.3339026490029703
diesel-CN,anilpi__band_lb0.01__mae__multi,20,4,-0.0062354622611546
diesel-CN,anilpi__band_lb0.01__mae__multi,20,5,0.2628474498134804
diesel-CN,anilpi__band_lb0.01__mae__multi,20,6,0.0247228880622092
diesel-CN,anilpi__band_lb0.01__mae__multi,20,7,0.2806585602617356
diesel-CN,anilpi__band_lb0.01__mae__multi,20,8,0.4519744619759459
diesel-CN,anilpi__band_lb0.01__mae__multi,20,9,0.373706482985542
diesel-D4052,anilpi__band_lb0.01__mae__multi,5,0,0.8461700550171312
diesel-D4052,anilpi__band_lb0.01__mae__multi,5,1,0.0272757488843644
diesel-D4052,anilpi__band_lb0.01__mae__multi,5,2,0.0891609922310682
diesel-D4052,anilpi__band_lb0.01__mae__multi,5,3,0.685210635335094
diesel-D4052,anilpi__band_lb0.01__mae__multi,5,4,0.3960755393909621
diesel-D4052,anilpi__band_lb0.01__mae__multi,5,5,0.5457240301294302
diesel-D4052,anilpi__band_lb0.01__mae__multi,5,6,0.5649498895381642
diesel-D4052,anilpi__band_lb0.01__mae__multi,5,7,0.7070037484795052
diesel-D4052,anilpi__band_lb0.01__mae__multi,5,8,0.4049238430236876
diesel-D4052,anilpi__band_lb0.01__mae__multi,5,9,0.4506160396235
diesel-D4052,anilpi__band_lb0.01__mae__multi,10,0,0.7911897902795669
diesel-D4052,anilpi__band_lb0.01__mae__multi,10,1,0.8348030880925938
diesel-D4052,anilpi__band_lb0.01__mae__multi,10,2,0.8442839455440372
diesel-D4052,anilpi__band_lb0.01__mae__multi,10,3,0.8755996642942154
diesel-D4052,anilpi__band_lb0.01__mae__multi,10,4,0.5908594077206978
diesel-D4052,anilpi__band_lb0.01__mae__multi,10,5,0.7772212763995441
diesel-D4052,anilpi__band_lb0.01__mae__multi,10,6,0.8571762745040794
diesel-D4052,anilpi__band_lb0.01__mae__multi,10,7,0.6353324403772546
diesel-D4052,anilpi__band_lb0.01__mae__multi,10,8,0.8897492547932165
diesel-D4052,anilpi__band_lb0.01__mae__multi,10,9,0.6165259444836165
diesel-D4052,anilpi__band_lb0.01__mae__multi,20,0,0.8917771878301992
diesel-D4052,anilpi__band_lb0.01__mae__multi,20,1,0.8922396331774132
diesel-D4052,anilpi__band_lb0.01__mae__multi,20,2,0.8722563494082004
diesel-D4052,anilpi__band_lb0.01__mae__multi,20,3,0.8269497786965693
diesel-D4052,anilpi__band_lb0.01__mae__multi,20,4,0.8547723137987955
diesel-D4052,anilpi__band_lb0.01__mae__multi,20,5,0.8731327078499845
diesel-D4052,anilpi__band_lb0.01__mae__multi,20,6,0.7918417711669399
diesel-D4052,anilpi__band_lb0.01__mae__multi,20,7,0.8297387611457335
diesel-D4052,anilpi__band_lb0.01__mae__multi,20,8,0.7839909989908626
diesel-D4052,anilpi__band_lb0.01__mae__multi,20,9,0.8777523227766051
diesel-FLASH,anilpi__band_lb0.01__mae__multi,5,0,-0.9017081880370176
diesel-FLASH,anilpi__band_lb0.01__mae__multi,5,1,-0.3660659252281459
diesel-FLASH,anilpi__band_lb0.01__mae__multi,5,2,-0.2604783130208887
diesel-FLASH,anilpi__band_lb0.01__mae__multi,5,3,-0.2759795997106824
diesel-FLASH,anilpi__band_lb0.01__mae__multi,5,4,-1.1231265936641064
diesel-FLASH,anilpi__band_lb0.01__mae__multi,5,5,-1.0306283866990378
diesel-FLASH,anilpi__band_lb0.01__mae__multi,5,6,-1.1962113519787447
diesel-FLASH,anilpi__band_lb0.01__mae__multi,5,7,-0.8276649913635983
diesel-FLASH,anilpi__band_lb0.01__mae__multi,5,8,-6.946877061080844
diesel-FLASH,anilpi__band_lb0.01__mae__multi,5,9,-0.6497435806328218
diesel-FLASH,anilpi__band_lb0.01__mae__multi,10,0,0.080047765020675
diesel-FLASH,anilpi__band_lb0.01__mae__multi,10,1,-0.3527141582803959
diesel-FLASH,anilpi__band_lb0.01__mae__multi,10,2,-0.1488419733811283
diesel-FLASH,anilpi__band_lb0.01__mae__multi,10,3,-0.4544542563167719
diesel-FLASH,anilpi__band_lb0.01__mae__multi,10,4,0.0823009897690352
diesel-FLASH,anilpi__band_lb0.01__mae__multi,10,5,-0.1956968066789322
diesel-FLASH,anilpi__band_lb0.01__mae__multi,10,6,-0.182556280815326
diesel-FLASH,anilpi__band_lb0.01__mae__multi,10,7,-0.3949265112860023
diesel-FLASH,anilpi__band_lb0.01__mae__multi,10,8,-0.1880104381655809
diesel-FLASH,anilpi__band_lb0.01__mae__multi,10,9,-0.0628519766753847
diesel-FLASH,anilpi__band_lb0.01__mae__multi,20,0,0.0012836431073471
diesel-FLASH,anilpi__band_lb0.01__mae__multi,20,1,0.2289096024766157
diesel-FLASH,anilpi__band_lb0.01__mae__multi,20,2,0.2764678956122736
diesel-FLASH,anilpi__band_lb0.01__mae__multi,20,3,0.0925453057337263
diesel-FLASH,anilpi__band_lb0.01__mae__multi,20,4,0.3079478925412521
diesel-FLASH,anilpi__band_lb0.01__mae__multi,20,5,0.2491633731083554
diesel-FLASH,anilpi__band_lb0.01__mae__multi,20,6,0.129538070278995
diesel-FLASH,anilpi__band_lb0.01__mae__multi,20,7,0.2615696438925987
diesel-FLASH,anilpi__band_lb0.01__mae__multi,20,8,0.3610210198529894
diesel-FLASH,anilpi__band_lb0.01__mae__multi,20,9,0.1081544261750008
diesel-FREEZE,anilpi__band_lb0.01__mae__multi,5,0,-0.1317158097412301
diesel-FREEZE,anilpi__band_lb0.01__mae__multi,5,1,0.1399768683507036
diesel-FREEZE,anilpi__band_lb0.01__mae__multi,5,2,-0.2269773839582789
diesel-FREEZE,anilpi__band_lb0.01__mae__multi,5,3,0.1611722557064454
diesel-FREEZE,anilpi__band_lb0.01__mae__multi,5,4,0.1032333762728167
diesel-FREEZE,anilpi__band_lb0.01__mae__multi,5,5,-3.548015968107165
diesel-FREEZE,anilpi__band_lb0.01__mae__multi,5,6,0.2506221115572508
diesel-FREEZE,anilpi__band_lb0.01__mae__multi,5,7,-0.4925809404498662
diesel-FREEZE,anilpi__band_lb0.01__mae__multi,5,8,-0.5942452127197877
diesel-FREEZE,anilpi__band_lb0.01__mae__multi,5,9,-0.1716351819860473
diesel-FREEZE,anilpi__band_lb0.01__mae__multi,10,0,0.5932001213426188
diesel-FREEZE,anilpi__band_lb0.01__mae__multi,10,1,0.2978448433295144
diesel-FREEZE,anilpi__band_lb0.01__mae__multi,10,2,0.5187356618942789
diesel-FREEZE,anilpi__band_lb0.01__mae__multi,10,3,0.2098463494916431
diesel-FREEZE,anilpi__band_lb0.01__mae__multi,10,4,0.1046876655044881
diesel-FREEZE,anilpi__band_lb0.01__mae__multi,10,5,0.0186683101911612
diesel-FREEZE,anilpi__band_lb0.01__mae__multi,10,6,0.140476252683432
diesel-FREEZE,anilpi__band_lb0.01__mae__multi,10,7,-0.0748391871263258
diesel-FREEZE,anilpi__band_lb0.01__mae__multi,10,8,0.6421025156099232
diesel-FREEZE,anilpi__band_lb0.01__mae__multi,10,9,0.6633813526896741
diesel-FREEZE,anilpi__band_lb0.01__mae__multi,20,0,0.5479221085109062
diesel-FREEZE,anilpi__band_lb0.01__mae__multi,20,1,0.7069511778168227
diesel-FREEZE,anilpi__band_lb0.01__mae__multi,20,2,0.2699608977839997
diesel-FREEZE,anilpi__band_lb0.01__mae__multi,20,3,0.4392105037863326
diesel-FREEZE,anilpi__band_lb0.01__mae__multi,20,4,0.4733560983067378
diesel-FREEZE,anilpi__band_lb0.01__mae__multi,20,5,0.4614619854695508
diesel-FREEZE,anilpi__band_lb0.01__mae__multi,20,6,0.5716625427147448
diesel-FREEZE,anilpi__band_lb0.01__mae__multi,20,7,0.5766317632571629
diesel-FREEZE,anilpi__band_lb0.01__mae__multi,20,8,0.6482169240557938
diesel-FREEZE,anilpi__band_lb0.01__mae__multi,20,9,0.680519994285416
diesel-TOTAL,anilpi__band_lb0.01__mae__multi,5,0,0.8267363707144262
diesel-TOTAL,anilpi__band_lb0.01__mae__multi,5,1,-0.4482533083408935
diesel-TOTAL,anilpi__band_lb0.01__mae__multi,5,2,0.7568802805739528
diesel-TOTAL,anilpi__band_lb0.01__mae__multi,5,3,0.5158990201769951
diesel-TOTAL,anilpi__band_lb0.01__mae__multi,5,4,0.7371324353959521
diesel-TOTAL,anilpi__band_lb0.01__mae__multi,5,5,0.4613890396270058
diesel-TOTAL,anilpi__band_lb0.01__mae__multi,5,6,-0.0323507707006622
diesel-TOTAL,anilpi__band_lb0.01__mae__multi,5,7,0.8542733195298307
diesel-TOTAL,anilpi__band_lb0.01__mae__multi,5,8,0.728256860419484
diesel-TOTAL,anilpi__band_lb0.01__mae__multi,5,9,0.4167753339197386
diesel-TOTAL,anilpi__band_lb0.01__mae__multi,10,0,0.826226834524592
diesel-TOTAL,anilpi__band_lb0.01__mae__multi,10,1,0.7222771189037782
diesel-TOTAL,anilpi__band_lb0.01__mae__multi,10,2,0.7961869148562358
diesel-TOTAL,anilpi__band_lb0.01__mae__multi,10,3,0.8357960862886394
diesel-TOTAL,anilpi__band_lb0.01__mae__multi,10,4,0.8626781972026814
diesel-TOTAL,anilpi__band_lb0.01__mae__multi,10,5,0.8121104590675812
diesel-TOTAL,anilpi__band_lb0.01__mae__multi,10,6,0.8132007402083125
diesel-TOTAL,anilpi__band_lb0.01__mae__multi,10,7,0.8179436337946889
diesel-TOTAL,anilpi__band_lb0.01__mae__multi,10,8,0.88797566587939
diesel-TOTAL,anilpi__band_lb0.01__mae__multi,10,9,0.724993114059038
diesel-TOTAL,anilpi__band_lb0.01__mae__multi,20,0,0.7853470836330745
diesel-TOTAL,anilpi__band_lb0.01__mae__multi,20,1,0.8673188406540497
diesel-TOTAL,anilpi__band_lb0.01__mae__multi,20,2,0.8734690761280596
diesel-TOTAL,anilpi__band_lb0.01__mae__multi,20,3,0.8827434879294681
diesel-TOTAL,anilpi__band_lb0.01__mae__multi,20,4,0.8863551069778772
diesel-TOTAL,anilpi__band_lb0.01__mae__multi,20,5,0.7776529052784709
diesel-TOTAL,anilpi__band_lb0.01__mae__multi,20,6,0.8930677512720558
diesel-TOTAL,anilpi__band_lb0.01__mae__multi,20,7,0.8885623681338815
diesel-TOTAL,anilpi__band_lb0.01__mae__multi,20,8,0.8686079308480019
diesel-TOTAL,anilpi__band_lb0.01__mae__multi,20,9,0.8549685642706739
diesel-VISC,anilpi__band_lb0.01__mae__multi,5,0,0.4375554742017045
diesel-VISC,anilpi__band_lb0.01__mae__multi,5,1,-1.4822792286945252
diesel-VISC,anilpi__band_lb0.01__mae__multi,5,2,-7.459317559543917
diesel-VISC,anilpi__band_lb0.01__mae__multi,5,3,-0.9141365673152192
diesel-VISC,anilpi__band_lb0.01__mae__multi,5,4,0.2767888544335453
diesel-VISC,anilpi__band_lb0.01__mae__multi,5,5,0.5348245219932567
diesel-VISC,anilpi__band_lb0.01__mae__multi,5,6,0.5237567919419359
diesel-VISC,anilpi__band_lb0.01__mae__multi,5,7,-0.3409111172322547
diesel-VISC,anilpi__band_lb0.01__mae__multi,5,8,-0.6073224407985303
diesel-VISC,anilpi__band_lb0.01__mae__multi,5,9,-2.1258271751281823
diesel-VISC,anilpi__band_lb0.01__mae__multi,10,0,0.700443501128589
diesel-VISC,anilpi__band_lb0.01__mae__multi,10,1,0.7209293279042357
diesel-VISC,anilpi__band_lb0.01__mae__multi,10,2,0.5976809777808063
diesel-VISC,anilpi__band_lb0.01__mae__multi,10,3,0.3771333428998799
diesel-VISC,anilpi__band_lb0.01__mae__multi,10,4,0.2172665325887833
diesel-VISC,anilpi__band_lb0.01__mae__multi,10,5,0.5476507389144927
diesel-VISC,anilpi__band_lb0.01__mae__multi,10,6,0.3493910504792146
diesel-VISC,anilpi__band_lb0.01__mae__multi,10,7,0.0798859814883506
diesel-VISC,anilpi__band_lb0.01__mae__multi,10,8,0.69982283929225
diesel-VISC,anilpi__band_lb0.01__mae__multi,10,9,-0.1741346927185827
diesel-VISC,anilpi__band_lb0.01__mae__multi,20,0,0.4321927518091791
diesel-VISC,anilpi__band_lb0.01__mae__multi,20,1,0.7523731867394947
diesel-VISC,anilpi__band_lb0.01__mae__multi,20,2,0.7291986644804233
diesel-VISC,anilpi__band_lb0.01__mae__multi,20,3,0.6174734247269438
diesel-VISC,anilpi__band_lb0.01__mae__multi,20,4,0.6729069811126176
diesel-VISC,anilpi__band_lb0.01__mae__multi,20,5,0.6239011384970596
diesel-VISC,anilpi__band_lb0.01__mae__multi,20,6,0.6738674593392353
diesel-VISC,anilpi__band_lb0.01__mae__multi,20,7,0.5265705610320792
diesel-VISC,anilpi__band_lb0.01__mae__multi,20,8,0.6556484407110736
diesel-VISC,anilpi__band_lb0.01__mae__multi,20,9,0.6716470005318784
gasoline-octane,anilpi__band_lb0.01__mae__multi,5,0,0.9182088948851908
gasoline-octane,anilpi__band_lb0.01__mae__multi,5,1,0.8924133116010327
gasoline-octane,anilpi__band_lb0.01__mae__multi,5,2,0.9515465495117864
gasoline-octane,anilpi__band_lb0.01__mae__multi,5,3,0.9545191557407536
gasoline-octane,anilpi__band_lb0.01__mae__multi,5,4,0.9074395557764922
gasoline-octane,anilpi__band_lb0.01__mae__multi,5,5,0.831840580456277
gasoline-octane,anilpi__band_lb0.01__mae__multi,5,6,0.4991573701462405
gasoline-octane,anilpi__band_lb0.01__mae__multi,5,7,0.8848380828102306
gasoline-octane,anilpi__band_lb0.01__mae__multi,5,8,0.3375994942459998
gasoline-octane,anilpi__band_lb0.01__mae__multi,5,9,0.940670493534028
gasoline-octane,anilpi__band_lb0.01__mae__multi,10,0,0.9517407357939576
gasoline-octane,anilpi__band_lb0.01__mae__multi,10,1,0.9512541178639474
gasoline-octane,anilpi__band_lb0.01__mae__multi,10,2,0.9268553330249027
gasoline-octane,anilpi__band_lb0.01__mae__multi,10,3,0.942557825158876
gasoline-octane,anilpi__band_lb0.01__mae__multi,10,4,0.9616616765056528
gasoline-octane,anilpi__band_lb0.01__mae__multi,10,5,0.932348267910118
gasoline-octane,anilpi__band_lb0.01__mae__multi,10,6,0.930969186041286
gasoline-octane,anilpi__band_lb0.01__mae__multi,10,7,0.9616141407381312
gasoline-octane,anilpi__band_lb0.01__mae__multi,10,8,0.9281435662450698
gasoline-octane,anilpi__band_lb0.01__mae__multi,10,9,0.9676174921333832
gasoline-octane,anilpi__band_lb0.01__mae__multi,20,0,0.9532968055055976
gasoline-octane,anilpi__band_lb0.01__mae__multi,20,1,0.965046986577654
gasoline-octane,anilpi__band_lb0.01__mae__multi,20,2,0.95493320763898
gasoline-octane,anilpi__band_lb0.01__mae__multi,20,3,0.9564222367697532
gasoline-octane,anilpi__band_lb0.01__mae__multi,20,4,0.9623185680696826
gasoline-octane,anilpi__band_lb0.01__mae__multi,20,5,0.953903400831649
gasoline-octane,anilpi__band_lb0.01__mae__multi,20,6,0.9666771374417162
gasoline-octane,anilpi__band_lb0.01__mae__multi,20,7,0.9515713263136132
gasoline-octane,anilpi__band_lb0.01__mae__multi,20,8,0.948838560092594
gasoline-octane,anilpi__band_lb0.01__mae__multi,20,9,0.960969099327642
diesel-BP50,anilpi__band_lb1.0__mae__multi,5,0,-1.346681431506635
diesel-BP50,anilpi__band_lb1.0__mae__multi,5,1,-0.4787580391549919
diesel-BP50,anilpi__band_lb1.0__mae__multi,5,2,-0.9633000436996886
diesel-BP50,anilpi__band_lb1.0__mae__multi,5,3,-0.5393520578209556
diesel-BP50,anilpi__band_lb1.0__mae__multi,5,4,-1.3638115208121175
diesel-BP50,anilpi__band_lb1.0__mae__multi,5,5,-0.8353075894779167
diesel-BP50,anilpi__band_lb1.0__mae__multi,5,6,0.0206930788747811
diesel-BP50,anilpi__band_lb1.0__mae__multi,5,7,-0.0634408406943387
diesel-BP50,anilpi__band_lb1.0__mae__multi,5,8,-0.823122293302019
diesel-BP50,anilpi__band_lb1.0__mae__multi,5,9,-1.45343536157745
diesel-BP50,anilpi__band_lb1.0__mae__multi,10,0,-0.240887301375392
diesel-BP50,anilpi__band_lb1.0__mae__multi,10,1,-0.214931938045316
diesel-BP50,anilpi__band_lb1.0__mae__multi,10,2,-0.0907152975082012
diesel-BP50,anilpi__band_lb1.0__mae__multi,10,3,0.326468832359896
diesel-BP50,anilpi__band_lb1.0__mae__multi,10,4,-0.5879453572719378
diesel-BP50,anilpi__band_lb1.0__mae__multi,10,5,0.0085535691666815
diesel-BP50,anilpi__band_lb1.0__mae__multi,10,6,0.2543482024502198
diesel-BP50,anilpi__band_lb1.0__mae__multi,10,7,0.1911761681487531
diesel-BP50,anilpi__band_lb1.0__mae__multi,10,8,0.1435522744176557
diesel-BP50,anilpi__band_lb1.0__mae__multi,10,9,-0.561010172192455
diesel-BP50,anilpi__band_lb1.0__mae__multi,20,0,-0.2250302169042781
diesel-BP50,anilpi__band_lb1.0__mae__multi,20,1,0.5299488756744537
diesel-BP50,anilpi__band_lb1.0__mae__multi,20,2,0.3490932203705209
diesel-BP50,anilpi__band_lb1.0__mae__multi,20,3,0.2015623860793945
diesel-BP50,anilpi__band_lb1.0__mae__multi,20,4,0.5198767055385893
diesel-BP50,anilpi__band_lb1.0__mae__multi,20,5,0.0702884176392221
diesel-BP50,anilpi__band_lb1.0__mae__multi,20,6,0.3952194848171512
diesel-BP50,anilpi__band_lb1.0__mae__multi,20,7,0.4866744124511261
diesel-BP50,anilpi__band_lb1.0__mae__multi,20,8,0.0856286037766419
diesel-BP50,anilpi__band_lb1.0__mae__multi,20,9,0.2413778086846787
diesel-CN,anilpi__band_lb1.0__mae__multi,5,0,-0.0044600523800693
diesel-CN,anilpi__band_lb1.0__mae__multi,5,1,-0.1685589360591606
diesel-CN,anilpi__band_lb1.0__mae__multi,5,2,-0.1465786873727437
diesel-CN,anilpi__band_lb1.0__mae__multi,5,3,0.4298464246079642
diesel-CN,anilpi__band_lb1.0__mae__multi,5,4,0.0115465306556759
diesel-CN,anilpi__band_lb1.0__mae__multi,5,5,0.0906287401046542
diesel-CN,anilpi__band_lb1.0__mae__multi,5,6,-0.3145530193860248
diesel-CN,anilpi__band_lb1.0__mae__multi,5,7,0.1155839554944551
diesel-CN,anilpi__band_lb1.0__mae__multi,5,8,-5.241195117490149
diesel-CN,anilpi__band_lb1.0__mae__multi,5,9,-0.3199022539588063
diesel-CN,anilpi__band_lb1.0__mae__multi,10,0,-0.4053450001829284
diesel-CN,anilpi__band_lb1.0__mae__multi,10,1,-0.4360166101198683
diesel-CN,anilpi__band_lb1.0__mae__multi,10,2,-0.1168630591778376
diesel-CN,anilpi__band_lb1.0__mae__multi,10,3,0.3914315335385646
diesel-CN,anilpi__band_lb1.0__mae__multi,10,4,0.3165193940780076
diesel-CN,anilpi__band_lb1.0__mae__multi,10,5,0.2073854593604652
diesel-CN,anilpi__band_lb1.0__mae__multi,10,6,-0.0174019666399674
diesel-CN,anilpi__band_lb1.0__mae__multi,10,7,0.0216072949543905
diesel-CN,anilpi__band_lb1.0__mae__multi,10,8,0.3456176016289908
diesel-CN,anilpi__band_lb1.0__mae__multi,10,9,0.0534840119857527
diesel-CN,anilpi__band_lb1.0__mae__multi,20,0,-0.4228242426636919
diesel-CN,anilpi__band_lb1.0__mae__multi,20,1,0.2095539150317332
diesel-CN,anilpi__band_lb1.0__mae__multi,20,2,0.4370815637096985
diesel-CN,anilpi__band_lb1.0__mae__multi,20,3,0.4243988956941737
diesel-CN,anilpi__band_lb1.0__mae__multi,20,4,0.3409618942835459
diesel-CN,anilpi__band_lb1.0__mae__multi,20,5,0.1990610546967176
diesel-CN,anilpi__band_lb1.0__mae__multi,20,6,0.1395875420781734
diesel-CN,anilpi__band_lb1.0__mae__multi,20,7,0.1980637118532082
diesel-CN,anilpi__band_lb1.0__mae__multi,20,8,0.469531391697141
diesel-CN,anilpi__band_lb1.0__mae__multi,20,9,0.3768079711471015
diesel-D4052,anilpi__band_lb1.0__mae__multi,5,0,-0.6366601849486944
diesel-D4052,anilpi__band_lb1.0__mae__multi,5,1,-0.752414383516826
diesel-D4052,anilpi__band_lb1.0__mae__multi,5,2,-0.4727363055042817
diesel-D4052,anilpi__band_lb1.0__mae__multi,5,3,-0.0398844816685304
diesel-D4052,anilpi__band_lb1.0__mae__multi,5,4,0.1614766056235094
diesel-D4052,anilpi__band_lb1.0__mae__multi,5,5,-1.0239432663634285
diesel-D4052,anilpi__band_lb1.0__mae__multi,5,6,-1.2867834849840143
diesel-D4052,anilpi__band_lb1.0__mae__multi,5,7,-1.3766050833406291
diesel-D4052,anilpi__band_lb1.0__mae__multi,5,8,-0.6928743112488058
diesel-D4052,anilpi__band_lb1.0__mae__multi,5,9,-0.6254875905748574
diesel-D4052,anilpi__band_lb1.0__mae__multi,10,0,-0.5886675850065393
diesel-D4052,anilpi__band_lb1.0__mae__multi,10,1,-0.1587871024173561
diesel-D4052,anilpi__band_lb1.0__mae__multi,10,2,-0.0029485412579706
diesel-D4052,anilpi__band_lb1.0__mae__multi,10,3,0.4884940267167862
diesel-D4052,anilpi__band_lb1.0__mae__multi,10,4,0.1280840965870667
diesel-D4052,anilpi__band_lb1.0__mae__multi,10,5,0.1050168602657281
diesel-D4052,anilpi__band_lb1.0__mae__multi,10,6,0.087141896065368
diesel-D4052,anilpi__band_lb1.0__mae__multi,10,7,-0.1621749288485154
diesel-D4052,anilpi__band_lb1.0__mae__multi,10,8,0.5096334410424637
diesel-D4052,anilpi__band_lb1.0__mae__multi,10,9,0.087993671109261
diesel-D4052,anilpi__band_lb1.0__mae__multi,20,0,0.6210308046056638
diesel-D4052,anilpi__band_lb1.0__mae__multi,20,1,0.4472861147809949
diesel-D4052,anilpi__band_lb1.0__mae__multi,20,2,0.646662481416747
diesel-D4052,anilpi__band_lb1.0__mae__multi,20,3,0.3749672376396026
diesel-D4052,anilpi__band_lb1.0__mae__multi,20,4,0.403253814075066
diesel-D4052,anilpi__band_lb1.0__mae__multi,20,5,0.312229822575544
diesel-D4052,anilpi__band_lb1.0__mae__multi,20,6,-0.096820108609166
diesel-D4052,anilpi__band_lb1.0__mae__multi,20,7,0.3820665102501192
diesel-D4052,anilpi__band_lb1.0__mae__multi,20,8,0.2931312372517746
diesel-D4052,anilpi__band_lb1.0__mae__multi,20,9,0.5302314201711215
diesel-FLASH,anilpi__band_lb1.0__mae__multi,5,0,-1.912033183118207
diesel-FLASH,anilpi__band_lb1.0__mae__multi,5,1,-0.9015436947550012
diesel-FLASH,anilpi__band_lb1.0__mae__multi,5,2,-0.6237861732339272
diesel-FLASH,anilpi__band_lb1.0__mae__multi,5,3,-0.2822809995911415
diesel-FLASH,anilpi__band_lb1.0__mae__multi,5,4,-0.6531094468903309
diesel-FLASH,anilpi__band_lb1.0__mae__multi,5,5,-2.691470276340709
diesel-FLASH,anilpi__band_lb1.0__mae__multi,5,6,-0.329235641622676
diesel-FLASH,anilpi__band_lb1.0__mae__multi,5,7,-2.095059348486117
diesel-FLASH,anilpi__band_lb1.0__mae__multi,5,8,-7.965764958423509
diesel-FLASH,anilpi__band_lb1.0__mae__multi,5,9,-2.3095131630470567
diesel-FLASH,anilpi__band_lb1.0__mae__multi,10,0,-0.1693145325632576
diesel-FLASH,anilpi__band_lb1.0__mae__multi,10,1,-0.5202856374893234
diesel-FLASH,anilpi__band_lb1.0__mae__multi,10,2,-0.507067056774525
diesel-FLASH,anilpi__band_lb1.0__mae__multi,10,3,-0.599030312323684
diesel-FLASH,anilpi__band_lb1.0__mae__multi,10,4,-0.1172707870524814
diesel-FLASH,anilpi__band_lb1.0__mae__multi,10,5,-0.6233284803054506
diesel-FLASH,anilpi__band_lb1.0__mae__multi,10,6,-0.2570751654545282
diesel-FLASH,anilpi__band_lb1.0__mae__multi,10,7,-0.844878765848712
diesel-FLASH,anilpi__band_lb1.0__mae__multi,10,8,-0.5683932925255561
diesel-FLASH,anilpi__band_lb1.0__mae__multi,10,9,-0.4335946128937136
diesel-FLASH,anilpi__band_lb1.0__mae__multi,20,0,-0.2363264552219255
diesel-FLASH,anilpi__band_lb1.0__mae__multi,20,1,0.0485485122662349
diesel-FLASH,anilpi__band_lb1.0__mae__multi,20,2,0.0777661251921286
diesel-FLASH,anilpi__band_lb1.0__mae__multi,20,3,0.0725153119021864
diesel-FLASH,anilpi__band_lb1.0__mae__multi,20,4,0.071717932352771
diesel-FLASH,anilpi__band_lb1.0__mae__multi,20,5,0.08721414954186
diesel-FLASH,anilpi__band_lb1.0__mae__multi,20,6,-0.0289180142242033
diesel-FLASH,anilpi__band_lb1.0__mae__multi,20,7,0.0734450675612593
diesel-FLASH,anilpi__band_lb1.0__mae__multi,20,8,0.130874797566338
diesel-FLASH,anilpi__band_lb1.0__mae__multi,20,9,-0.0203786436251371
diesel-FREEZE,anilpi__band_lb1.0__mae__multi,5,0,-0.1498892102220377
diesel-FREEZE,anilpi__band_lb1.0__mae__multi,5,1,-1.5741270101624931
diesel-FREEZE,anilpi__band_lb1.0__mae__multi,5,2,-0.2044166503302262
diesel-FREEZE,anilpi__band_lb1.0__mae__multi,5,3,0.1145338034493064
diesel-FREEZE,anilpi__band_lb1.0__mae__multi,5,4,-0.3733517987203436
diesel-FREEZE,anilpi__band_lb1.0__mae__multi,5,5,-3.5921693367175216
diesel-FREEZE,anilpi__band_lb1.0__mae__multi,5,6,-0.044295965191313
diesel-FREEZE,anilpi__band_lb1.0__mae__multi,5,7,-0.3118615048065725
diesel-FREEZE,anilpi__band_lb1.0__mae__multi,5,8,-0.4940253061475963
diesel-FREEZE,anilpi__band_lb1.0__mae__multi,5,9,-0.1564958043807462
diesel-FREEZE,anilpi__band_lb1.0__mae__multi,10,0,0.2846792392947822
diesel-FREEZE,anilpi__band_lb1.0__mae__multi,10,1,0.0474369447890032
diesel-FREEZE,anilpi__band_lb1.0__mae__multi,10,2,0.2507312241078751
diesel-FREEZE,anilpi__band_lb1.0__mae__multi,10,3,-1.1816912019613897
diesel-FREEZE,anilpi__band_lb1.0__mae__multi,10,4,-0.1382177369605999
diesel-FREEZE,anilpi__band_lb1.0__mae__multi,10,5,-0.1990172470120847
diesel-FREEZE,anilpi__band_lb1.0__mae__multi,10,6,-0.1022488204433544
diesel-FREEZE,anilpi__band_lb1.0__mae__multi,10,7,-0.2172649917552449
diesel-FREEZE,anilpi__band_lb1.0__mae__multi,10,8,0.3421107011497968
diesel-FREEZE,anilpi__band_lb1.0__mae__multi,10,9,0.5541959753985575
diesel-FREEZE,anilpi__band_lb1.0__mae__multi,20,0,0.3945655779635952
diesel-FREEZE,anilpi__band_lb1.0__mae__multi,20,1,0.5167710441147423
diesel-FREEZE,anilpi__band_lb1.0__mae__multi,20,2,0.0332705140785615
diesel-FREEZE,anilpi__band_lb1.0__mae__multi,20,3,0.1474190776719599
diesel-FREEZE,anilpi__band_lb1.0__mae__multi,20,4,0.4246685236383122
diesel-FREEZE,anilpi__band_lb1.0__mae__multi,20,5,0.0323526276540655
diesel-FREEZE,anilpi__band_lb1.0__mae__multi,20,6,0.3264478749709947
diesel-FREEZE,anilpi__band_lb1.0__mae__multi,20,7,0.3579978745785841
diesel-FREEZE,anilpi__band_lb1.0__mae__multi,20,8,0.1429393855554825
diesel-FREEZE,anilpi__band_lb1.0__mae__multi,20,9,0.3285674340262503
diesel-TOTAL,anilpi__band_lb1.0__mae__multi,5,0,0.7724849367811871
diesel-TOTAL,anilpi__band_lb1.0__mae__multi,5,1,-0.2712432689703257
diesel-TOTAL,anilpi__band_lb1.0__mae__multi,5,2,0.5165340132830243
diesel-TOTAL,anilpi__band_lb1.0__mae__multi,5,3,0.3135790383851876
diesel-TOTAL,anilpi__band_lb1.0__mae__multi,5,4,0.7252812333837004
diesel-TOTAL,anilpi__band_lb1.0__mae__multi,5,5,0.1472170591970513
diesel-TOTAL,anilpi__band_lb1.0__mae__multi,5,6,0.5180365428010729
diesel-TOTAL,anilpi__band_lb1.0__mae__multi,5,7,0.5174665509621359
diesel-TOTAL,anilpi__band_lb1.0__mae__multi,5,8,0.4231750012658938
diesel-TOTAL,anilpi__band_lb1.0__mae__multi,5,9,-1.0502034336503423
diesel-TOTAL,anilpi__band_lb1.0__mae__multi,10,0,0.7167529837441133
diesel-TOTAL,anilpi__band_lb1.0__mae__multi,10,1,0.5690751324348089
diesel-TOTAL,anilpi__band_lb1.0__mae__multi,10,2,0.5206974481725628
diesel-TOTAL,anilpi__band_lb1.0__mae__multi,10,3,0.6856111842672903
diesel-TOTAL,anilpi__band_lb1.0__mae__multi,10,4,0.7028498849429445
diesel-TOTAL,anilpi__band_lb1.0__mae__multi,10,5,0.6977177747032661
diesel-TOTAL,anilpi__band_lb1.0__mae__multi,10,6,0.7455819578043686
diesel-TOTAL,anilpi__band_lb1.0__mae__multi,10,7,0.7237125265307436
diesel-TOTAL,anilpi__band_lb1.0__mae__multi,10,8,0.722310034535071
diesel-TOTAL,anilpi__band_lb1.0__mae__multi,10,9,0.7268043373146791
diesel-TOTAL,anilpi__band_lb1.0__mae__multi,20,0,0.6823222793117354
diesel-TOTAL,anilpi__band_lb1.0__mae__multi,20,1,0.7672322943941782
diesel-TOTAL,anilpi__band_lb1.0__mae__multi,20,2,0.8245516663987225
diesel-TOTAL,anilpi__band_lb1.0__mae__multi,20,3,0.8415140107661326
diesel-TOTAL,anilpi__band_lb1.0__mae__multi,20,4,0.8110327247300355
diesel-TOTAL,anilpi__band_lb1.0__mae__multi,20,5,0.6929629270969662
diesel-TOTAL,anilpi__band_lb1.0__mae__multi,20,6,0.7879692080968487
diesel-TOTAL,anilpi__band_lb1.0__mae__multi,20,7,0.7737143240025413
diesel-TOTAL,anilpi__band_lb1.0__mae__multi,20,8,0.7881783645441472
diesel-TOTAL,anilpi__band_lb1.0__mae__multi,20,9,0.7605102994374753
diesel-VISC,anilpi__band_lb1.0__mae__multi,5,0,-0.9326793940975768
diesel-VISC,anilpi__band_lb1.0__mae__multi,5,1,-2.501556605455602
diesel-VISC,anilpi__band_lb1.0__mae__multi,5,2,-3.149073999095785
diesel-VISC,anilpi__band_lb1.0__mae__multi,5,3,-0.4740352947568942
diesel-VISC,anilpi__band_lb1.0__mae__multi,5,4,-3.52022118611323
diesel-VISC,anilpi__band_lb1.0__mae__multi,5,5,-0.6058955079408979
diesel-VISC,anilpi__band_lb1.0__mae__multi,5,6,0.0533232170337492
diesel-VISC,anilpi__band_lb1.0__mae__multi,5,7,-0.9399700070126102
diesel-VISC,anilpi__band_lb1.0__mae__multi,5,8,-0.8447817107624667
diesel-VISC,anilpi__band_lb1.0__mae__multi,5,9,-2.746174484601302
diesel-VISC,anilpi__band_lb1.0__mae__multi,10,0,0.3284498723248152
diesel-VISC,anilpi__band_lb1.0__mae__multi,10,1,0.1681000334239315
diesel-VISC,anilpi__band_lb1.0__mae__multi,10,2,-0.2289274594152637
diesel-VISC,anilpi__band_lb1.0__mae__multi,10,3,-1.592318707420196
diesel-VISC,anilpi__band_lb1.0__mae__multi,10,4,-0.3950089825836125
diesel-VISC,anilpi__band_lb1.0__mae__multi,10,5,0.386789766626288
diesel-VISC,anilpi__band_lb1.0__mae__multi,10,6,-0.2022097482738405
diesel-VISC,anilpi__band_lb1.0__mae__multi,10,7,-0.8050582544473226
diesel-VISC,anilpi__band_lb1.0__mae__multi,10,8,0.0816481113873773
diesel-VISC,anilpi__band_lb1.0__mae__multi,10,9,-0.5644929291186427
diesel-VISC,anilpi__band_lb1.0__mae__multi,20,0,-0.1873140547064047
diesel-VISC,anilpi__band_lb1.0__mae__multi,20,1,0.378650798891606
diesel-VISC,anilpi__band_lb1.0__mae__multi,20,2,0.5109535220098018
diesel-VISC,anilpi__band_lb1.0__mae__multi,20,3,0.0579852508085331
diesel-VISC,anilpi__band_lb1.0__mae__multi,20,4,0.1458265225184775
diesel-VISC,anilpi__band_lb1.0__mae__multi,20,5,0.2717874544563707
diesel-VISC,anilpi__band_lb1.0__mae__multi,20,6,0.309595875726211
diesel-VISC,anilpi__band_lb1.0__mae__multi,20,7,0.4475075934916039
diesel-VISC,anilpi__band_lb1.0__mae__multi,20,8,0.0998973893186344
diesel-VISC,anilpi__band_lb1.0__mae__multi,20,9,-0.3214892519981855
gasoline-octane,anilpi__band_lb1.0__mae__multi,5,0,0.7968779764246028
gasoline-octane,anilpi__band_lb1.0__mae__multi,5,1,0.7477414728802725
gasoline-octane,anilpi__band_lb1.0__mae__multi,5,2,0.8015921958161447
gasoline-octane,anilpi__band_lb1.0__mae__multi,5,3,0.9320098145116684
gasoline-octane,anilpi__band_lb1.0__mae__multi,5,4,0.928708786992159
gasoline-octane,anilpi__band_lb1.0__mae__multi,5,5,0.5095877193865156
gasoline-octane,anilpi__band_lb1.0__mae__multi,5,6,0.4484592271105649
gasoline-octane,anilpi__band_lb1.0__mae__multi,5,7,0.902715144643949
gasoline-octane,anilpi__band_lb1.0__mae__multi,5,8,0.8927792815005046
gasoline-octane,anilpi__band_lb1.0__mae__multi,5,9,0.8817454117302767
gasoline-octane,anilpi__band_lb1.0__mae__multi,10,0,0.9233905224804412
gasoline-octane,anilpi__band_lb1.0__mae__multi,10,1,0.8973309038503061
gasoline-octane,anilpi__band_lb1.0__mae__multi,10,2,0.8012616961596661
gasoline-octane,anilpi__band_lb1.0__mae__multi,10,3,0.8862657295911986
gasoline-octane,anilpi__band_lb1.0__mae__multi,10,4,0.9172066541686672
gasoline-octane,anilpi__band_lb1.0__mae__multi,10,5,0.9550414046891824
gasoline-octane,anilpi__band_lb1.0__mae__multi,10,6,0.954737603071789
gasoline-octane,anilpi__band_lb1.0__mae__multi,10,7,0.9290779352265064
gasoline-octane,anilpi__band_lb1.0__mae__multi,10,8,0.90139782893108
gasoline-octane,anilpi__band_lb1.0__mae__multi,10,9,0.960336811775336
gasoline-octane,anilpi__band_lb1.0__mae__multi,20,0,0.9327368601541306
gasoline-octane,anilpi__band_lb1.0__mae__multi,20,1,0.9511928917182928
gasoline-octane,anilpi__band_lb1.0__mae__multi,20,2,0.963877105952764
gasoline-octane,anilpi__band_lb1.0__mae__multi,20,3,0.9625171974893598
gasoline-octane,anilpi__band_lb1.0__mae__multi,20,4,0.957061539274466
gasoline-octane,anilpi__band_lb1.0__mae__multi,20,5,0.9231293871921402
gasoline-octane,anilpi__band_lb1.0__mae__multi,20,6,0.9629736183873736
gasoline-octane,anilpi__band_lb1.0__mae__multi,20,7,0.9672174640520484
gasoline-octane,anilpi__band_lb1.0__mae__multi,20,8,0.9596790611859064
gasoline-octane,anilpi__band_lb1.0__mae__multi,20,9,0.9618955901729672
diesel-BP50,anilpi__band__mae__multi,5,0,-0.039558913484655
diesel-BP50,anilpi__band__mae__multi,5,1,-0.3304223618403381
diesel-BP50,anilpi__band__mae__multi,5,2,-0.3720380659582947
diesel-BP50,anilpi__band__mae__multi,5,3,-0.436833751896557
diesel-BP50,anilpi__band__mae__multi,5,4,-1.1505921814629092
diesel-BP50,anilpi__band__mae__multi,5,5,-2.640367498481876
diesel-BP50,anilpi__band__mae__multi,5,6,0.2599236245439595
diesel-BP50,anilpi__band__mae__multi,5,7,0.1428514383973863
diesel-BP50,anilpi__band__mae__multi,5,8,-0.7006836590425638
diesel-BP50,anilpi__band__mae__multi,5,9,-0.5923212336240327
diesel-BP50,anilpi__band__mae__multi,10,0,0.1094858821857626
diesel-BP50,anilpi__band__mae__multi,10,1,0.0186316829137103
diesel-BP50,anilpi__band__mae__multi,10,2,0.1980626881810503
diesel-BP50,anilpi__band__mae__multi,10,3,0.4384652108820596
diesel-BP50,anilpi__band__mae__multi,10,4,-0.9085192312157588
diesel-BP50,anilpi__band__mae__multi,10,5,0.0444555038438804
diesel-BP50,anilpi__band__mae__multi,10,6,0.0800138235491704
diesel-BP50,anilpi__band__mae__multi,10,7,-0.0754300667562453
diesel-BP50,anilpi__band__mae__multi,10,8,0.1235438107343175
diesel-BP50,anilpi__band__mae__multi,10,9,0.5301646458552318
diesel-BP50,anilpi__band__mae__multi,20,0,-0.243473908673558
diesel-BP50,anilpi__band__mae__multi,20,1,0.5929958166789855
diesel-BP50,anilpi__band__mae__multi,20,2,0.5246540788480192
diesel-BP50,anilpi__band__mae__multi,20,3,0.4664293717051228
diesel-BP50,anilpi__band__mae__multi,20,4,0.6294225073405988
diesel-BP50,anilpi__band__mae__multi,20,5,0.3147741045337276
diesel-BP50,anilpi__band__mae__multi,20,6,0.4975068993751833
diesel-BP50,anilpi__band__mae__multi,20,7,0.6238133785834783
diesel-BP50,anilpi__band__mae__multi,20,8,0.3196883151225136
diesel-BP50,anilpi__band__mae__multi,20,9,0.3724101705004423
diesel-CN,anilpi__band__mae__multi,5,0,-0.0179593064932119
diesel-CN,anilpi__band__mae__multi,5,1,-7.744804006866371
diesel-CN,anilpi__band__mae__multi,5,2,-0.0407511709034966
diesel-CN,anilpi__band__mae__multi,5,3,0.26514192201077
diesel-CN,anilpi__band__mae__multi,5,4,0.1843080108232342
diesel-CN,anilpi__band__mae__multi,5,5,-0.358011561076933
diesel-CN,anilpi__band__mae__multi,5,6,-1.6986816029935716
diesel-CN,anilpi__band__mae__multi,5,7,-0.1247071087745164
diesel-CN,anilpi__band__mae__multi,5,8,-3.553338288767888
diesel-CN,anilpi__band__mae__multi,5,9,-0.1714494110160873
diesel-CN,anilpi__band__mae__multi,10,0,-0.5225323838723976
diesel-CN,anilpi__band__mae__multi,10,1,-0.269318798374224
diesel-CN,anilpi__band__mae__multi,10,2,0.1689958934883688
diesel-CN,anilpi__band__mae__multi,10,3,0.2813055602216875
diesel-CN,anilpi__band__mae__multi,10,4,0.1712625728146355
diesel-CN,anilpi__band__mae__multi,10,5,0.1477822405817986
diesel-CN,anilpi__band__mae__multi,10,6,0.2747320882425937
diesel-CN,anilpi__band__mae__multi,10,7,0.3166005200944373
diesel-CN,anilpi__band__mae__multi,10,8,0.164741455269634
diesel-CN,anilpi__band__mae__multi,10,9,0.1515182135539159
diesel-CN,anilpi__band__mae__multi,20,0,0.1923107541635438
diesel-CN,anilpi__band__mae__multi,20,1,0.4182588110673934
diesel-CN,anilpi__band__mae__multi,20,2,0.4561395903095331
diesel-CN,anilpi__band__mae__multi,20,3,0.2601272131738035
diesel-CN,anilpi__band__mae__multi,20,4,-0.2454095376758107
diesel-CN,anilpi__band__mae__multi,20,5,0.2856234702261003
diesel-CN,anilpi__band__mae__multi,20,6,0.1836330115714523
diesel-CN,anilpi__band__mae__multi,20,7,0.3309128728540021
diesel-CN,anilpi__band__mae__multi,20,8,0.4495634635814842
diesel-CN,anilpi__band__mae__multi,20,9,0.2667980725027228
diesel-D4052,anilpi__band__mae__multi,5,0,0.2700224576991401
diesel-D4052,anilpi__band__mae__multi,5,1,-0.950617688234268
diesel-D4052,anilpi__band__mae__multi,5,2,-0.1708108683386153
diesel-D4052,anilpi__band__mae__multi,5,3,0.2969663881184721
diesel-D4052,anilpi__band__mae__multi,5,4,0.1319263040742285
diesel-D4052,anilpi__band__mae__multi,5,5,0.131645795309255
diesel-D4052,anilpi__band__mae__multi,5,6,0.3889522911685245
diesel-D4052,anilpi__band__mae__multi,5,7,0.4883122517943055
diesel-D4052,anilpi__band__mae__multi,5,8,0.2677008156313746
diesel-D4052,anilpi__band__mae__multi,5,9,-1.0312613985616252
diesel-D4052,anilpi__band__mae__multi,10,0,0.3618572251265769
diesel-D4052,anilpi__band__mae__multi,10,1,0.7698686996990498
diesel-D4052,anilpi__band__mae__multi,10,2,0.3720768868528327
diesel-D4052,anilpi__band__mae__multi,10,3,0.8111251352816164
diesel-D4052,anilpi__band__mae__multi,10,4,0.509758455426462
diesel-D4052,anilpi__band__mae__multi,10,5,0.5817919420735121
diesel-D4052,anilpi__band__mae__multi,10,6,-0.2379607286065979
diesel-D4052,anilpi__band__mae__multi,10,7,0.6283128218970528
diesel-D4052,anilpi__band__mae__multi,10,8,0.6741217941057515
diesel-D4052,anilpi__band__mae__multi,10,9,0.0937245889813996
diesel-D4052,anilpi__band__mae__multi,20,0,0.8147459676245576
diesel-D4052,anilpi__band__mae__multi,20,1,0.6806045932388756
diesel-D4052,anilpi__band__mae__multi,20,2,0.7241180973791015
diesel-D4052,anilpi__band__mae__multi,20,3,0.7165329440404751
diesel-D4052,anilpi__band__mae__multi,20,4,0.8021396073761634
diesel-D4052,anilpi__band__mae__multi,20,5,0.6999351980119372
diesel-D4052,anilpi__band__mae__multi,20,6,0.7441468323883378
diesel-D4052,anilpi__band__mae__multi,20,7,0.7665339820019209
diesel-D4052,anilpi__band__mae__multi,20,8,0.6606408622523474
diesel-D4052,anilpi__band__mae__multi,20,9,0.7677744093834321
diesel-FLASH,anilpi__band__mae__multi,5,0,-5.429266611806415
diesel-FLASH,anilpi__band__mae__multi,5,1,-1.5535124468336554
diesel-FLASH,anilpi__band__mae__multi,5,2,-1.124781855049939
diesel-FLASH,anilpi__band__mae__multi,5,3,-0.3474799807912236
diesel-FLASH,anilpi__band__mae__multi,5,4,-1.429974137876814
diesel-FLASH,anilpi__band__mae__multi,5,5,-2.28009445689303
diesel-FLASH,anilpi__band__mae__multi,5,6,-0.8485455765197856
diesel-FLASH,anilpi__band__mae__multi,5,7,-11.757235356160896
diesel-FLASH,anilpi__band__mae__multi,5,8,-3.8456923436555774
diesel-FLASH,anilpi__band__mae__multi,5,9,-3.2660927988874637
diesel-FLASH,anilpi__band__mae__multi,10,0,0.043903722643352
diesel-FLASH,anilpi__band__mae__multi,10,1,-0.3504179047907263
diesel-FLASH,anilpi__band__mae__multi,10,2,-0.6233647251147527
diesel-FLASH,anilpi__band__mae__multi,10,3,-0.5566109531426435
diesel-FLASH,anilpi__band__mae__multi,10,4,0.0548464002897056
diesel-FLASH,anilpi__band__mae__multi,10,5,-0.1631966794914472
diesel-FLASH,anilpi__band__mae__multi,10,6,-0.0624454992553058
diesel-FLASH,anilpi__band__mae__multi,10,7,-0.9816064177081814
diesel-FLASH,anilpi__band__mae__multi,10,8,-1.064327262741116
diesel-FLASH,anilpi__band__mae__multi,10,9,-0.3651326701626087
diesel-FLASH,anilpi__band__mae__multi,20,0,-0.2684758379558578
diesel-FLASH,anilpi__band__mae__multi,20,1,0.1977736300561117
diesel-FLASH,anilpi__band__mae__multi,20,2,0.1770378252722356
diesel-FLASH,anilpi__band__mae__multi,20,3,0.0288165412563549
diesel-FLASH,anilpi__band__mae__multi,20,4,0.2371590606628575
diesel-FLASH,anilpi__band__mae__multi,20,5,0.0158976505475623
diesel-FLASH,anilpi__band__mae__multi,20,6,0.1273447201011677
diesel-FLASH,anilpi__band__mae__multi,20,7,0.2108025978071103
diesel-FLASH,anilpi__band__mae__multi,20,8,0.2856011028403141
diesel-FLASH,anilpi__band__mae__multi,20,9,0.0176922080194413
diesel-FREEZE,anilpi__band__mae__multi,5,0,-0.6483907450404645
diesel-FREEZE,anilpi__band__mae__multi,5,1,-0.9122439253032608
diesel-FREEZE,anilpi__band__mae__multi,5,2,-0.21599258187566
diesel-FREEZE,anilpi__band__mae__multi,5,3,0.1556030047531215
diesel-FREEZE,anilpi__band__mae__multi,5,4,-0.2776216790725128
diesel-FREEZE,anilpi__band__mae__multi,5,5,-6.497238216121956
diesel-FREEZE,anilpi__band__mae__multi,5,6,0.0443882926028693
diesel-FREEZE,anilpi__band__mae__multi,5,7,-0.4948056789657442
diesel-FREEZE,anilpi__band__mae__multi,5,8,0.0903575158068717
diesel-FREEZE,anilpi__band__mae__multi,5,9,0.0531046702339594
diesel-FREEZE,anilpi__band__mae__multi,10,0,0.3938870408512684
diesel-FREEZE,anilpi__band__mae__multi,10,1,0.3443843973559606
diesel-FREEZE,anilpi__band__mae__multi,10,2,0.1739660152889951
diesel-FREEZE,anilpi__band__mae__multi,10,3,-0.6410963748640095
diesel-FREEZE,anilpi__band__mae__multi,10,4,-0.1492602418313722
diesel-FREEZE,anilpi__band__mae__multi,10,5,-0.0952102680531965
diesel-FREEZE,anilpi__band__mae__multi,10,6,0.065256974183735
diesel-FREEZE,anilpi__band__mae__multi,10,7,0.0823601062171112
diesel-FREEZE,anilpi__band__mae__multi,10,8,0.4094636345059389
diesel-FREEZE,anilpi__band__mae__multi,10,9,0.4830258039707958
diesel-FREEZE,anilpi__band__mae__multi,20,0,0.4769936588607258
diesel-FREEZE,anilpi__band__mae__multi,20,1,0.6034398957084393
diesel-FREEZE,anilpi__band__mae__multi,20,2,0.0896033894403303
diesel-FREEZE,anilpi__band__mae__multi,20,3,0.4181277084410676
diesel-FREEZE,anilpi__band__mae__multi,20,4,0.4682458189087281
diesel-FREEZE,anilpi__band__mae__multi,20,5,0.2050211641772146
diesel-FREEZE,anilpi__band__mae__multi,20,6,0.4193904617432061
diesel-FREEZE,anilpi__band__mae__multi,20,7,0.5081381640262914
diesel-FREEZE,anilpi__band__mae__multi,20,8,0.3588901871200727
diesel-FREEZE,anilpi__band__mae__multi,20,9,0.6195927366681087
diesel-TOTAL,anilpi__band__mae__multi,5,0,0.598136309603941
diesel-TOTAL,anilpi__band__mae__multi,5,1,-0.0234925403696288
diesel-TOTAL,anilpi__band__mae__multi,5,2,0.7202017679873849
diesel-TOTAL,anilpi__band__mae__multi,5,3,0.2481249943206384
diesel-TOTAL,anilpi__band__mae__multi,5,4,0.5085647781180416
diesel-TOTAL,anilpi__band__mae__multi,5,5,0.7771770557047931
diesel-TOTAL,anilpi__band__mae__multi,5,6,0.5665387594125038
diesel-TOTAL,anilpi__band__mae__multi,5,7,0.6696899846245699
diesel-TOTAL,anilpi__band__mae__multi,5,8,0.6734531148864438
diesel-TOTAL,anilpi__band__mae__multi,5,9,0.63224562463954
diesel-TOTAL,anilpi__band__mae__multi,10,0,0.7850683424234486
diesel-TOTAL,anilpi__band__mae__multi,10,1,0.6976750843057844
diesel-TOTAL,anilpi__band__mae__multi,10,2,0.7191084666598184
diesel-TOTAL,anilpi__band__mae__multi,10,3,0.8231845013509953
diesel-TOTAL,anilpi__band__mae__multi,10,4,0.8711239094253338
diesel-TOTAL,anilpi__band__mae__multi,10,5,0.7093362199163216
diesel-TOTAL,anilpi__band__mae__multi,10,6,0.7445006256248461
diesel-TOTAL,anilpi__band__mae__multi,10,7,0.7592631619807653
diesel-TOTAL,anilpi__band__mae__multi,10,8,0.7877749349623675
diesel-TOTAL,anilpi__band__mae__multi,10,9,0.5463813747163895
diesel-TOTAL,anilpi__band__mae__multi,20,0,0.7784626817621423
diesel-TOTAL,anilpi__band__mae__multi,20,1,0.8380890225753996
diesel-TOTAL,anilpi__band__mae__multi,20,2,0.8628672486407754
diesel-TOTAL,anilpi__band__mae__multi,20,3,0.8492867371038716
diesel-TOTAL,anilpi__band__mae__multi,20,4,0.8615720052703931
diesel-TOTAL,anilpi__band__mae__multi,20,5,0.7013930300786266
diesel-TOTAL,anilpi__band__mae__multi,20,6,0.8633028968101046
diesel-TOTAL,anilpi__band__mae__multi,20,7,0.8807514790709158
diesel-TOTAL,anilpi__band__mae__multi,20,8,0.8557071317166836
diesel-TOTAL,anilpi__band__mae__multi,20,9,0.8474460594463007
diesel-VISC,anilpi__band__mae__multi,5,0,-0.1302957051778961
diesel-VISC,anilpi__band__mae__multi,5,1,-1.599679974128923
diesel-VISC,anilpi__band__mae__multi,5,2,-5.84679125371968
diesel-VISC,anilpi__band__mae__multi,5,3,-3.3940268630442176
diesel-VISC,anilpi__band__mae__multi,5,4,-0.1747255259325622
diesel-VISC,anilpi__band__mae__multi,5,5,0.1778419177995777
diesel-VISC,anilpi__band__mae__multi,5,6,-0.8354492542780165
diesel-VISC,anilpi__band__mae__multi,5,7,-1.4415810123338502
diesel-VISC,anilpi__band__mae__multi,5,8,-0.3858330243586059
diesel-VISC,anilpi__band__mae__multi,5,9,-3.265095592707044
diesel-VISC,anilpi__band__mae__multi,10,0,0.5705723431950122
diesel-VISC,anilpi__band__mae__multi,10,1,0.5482484750218481
diesel-VISC,anilpi__band__mae__multi,10,2,-0.0545006071855469
diesel-VISC,anilpi__band__mae__multi,10,3,0.2248567959157955
diesel-VISC,anilpi__band__mae__multi,10,4,-0.0594536279651212
diesel-VISC,anilpi__band__mae__multi,10,5,0.4534652011002276
diesel-VISC,anilpi__band__mae__multi,10,6,0.0815819345165994
diesel-VISC,anilpi__band__mae__multi,10,7,-0.5549234997512384
diesel-VISC,anilpi__band__mae__multi,10,8,0.4452913389804221
diesel-VISC,anilpi__band__mae__multi,10,9,-0.0511806375886003
diesel-VISC,anilpi__band__mae__multi,20,0,0.2842801349922073
diesel-VISC,anilpi__band__mae__multi,20,1,0.6249844992333013
diesel-VISC,anilpi__band__mae__multi,20,2,0.6280933869532599
diesel-VISC,anilpi__band__mae__multi,20,3,0.260749292351498
diesel-VISC,anilpi__band__mae__multi,20,4,0.5489202692130597
diesel-VISC,anilpi__band__mae__multi,20,5,0.5446628402623601
diesel-VISC,anilpi__band__mae__multi,20,6,0.5485182638612227
diesel-VISC,anilpi__band__mae__multi,20,7,0.4538802704687563
diesel-VISC,anilpi__band__mae__multi,20,8,0.3121097501353665
diesel-VISC,anilpi__band__mae__multi,20,9,0.2437466678233445
evoo-adulteration,anilpi__band__mae__multi,5,0,-0.1657343973189429
evoo-adulteration,anilpi__band__mae__multi,5,1,-0.2188572106629507
evoo-adulteration,anilpi__band__mae__multi,5,2,-0.6395405055101451
evoo-adulteration,anilpi__band__mae__multi,5,3,-0.3821423940362383
evoo-adulteration,anilpi__band__mae__multi,5,4,-1.2318342334036545
evoo-adulteration,anilpi__band__mae__multi,5,5,-1.0233584311353248
evoo-adulteration,anilpi__band__mae__multi,5,6,0.1164547093068101
evoo-adulteration,anilpi__band__mae__multi,5,7,-0.4465442213632011
evoo-adulteration,anilpi__band__mae__multi,5,8,-0.1922378847330732
evoo-adulteration,anilpi__band__mae__multi,5,9,-0.8311128127255458
evoo-adulteration,anilpi__band__mae__multi,10,0,-0.8219863983920284
evoo-adulteration,anilpi__band__mae__multi,10,1,-0.7923288242503523
evoo-adulteration,anilpi__band__mae__multi,10,2,-0.5525462692055254
evoo-adulteration,anilpi__band__mae__multi,10,3,-0.1485166215565085
evoo-adulteration,anilpi__band__mae__multi,10,4,-0.0769348930690425
evoo-adulteration,anilpi__band__mae__multi,10,5,-1.8219909939066
evoo-adulteration,anilpi__band__mae__multi,10,6,-1.1549135722788455
evoo-adulteration,anilpi__band__mae__multi,10,7,0.2537084017861464
evoo-adulteration,anilpi__band__mae__multi,10,8,0.1365041560418965
evoo-adulteration,anilpi__band__mae__multi,10,9,-3.000359008957416
evoo-adulteration,anilpi__band__mae__multi,20,0,0.2496942335712916
evoo-adulteration,anilpi__band__mae__multi,20,1,-0.1322070743654599
evoo-adulteration,anilpi__band__mae__multi,20,2,-0.0346948045209225
evoo-adulteration,anilpi__band__mae__multi,20,3,-0.6265879725980901
evoo-adulteration,anilpi__band__mae__multi,20,4,-0.0259079651827007
evoo-adulteration,anilpi__band__mae__multi,20,5,-0.1430775414990528
evoo-adulteration,anilpi__band__mae__multi,20,6,0.1081587728808064
evoo-adulteration,anilpi__band__mae__multi,20,7,0.2069818940366253
evoo-adulteration,anilpi__band__mae__multi,20,8,-0.3875621757769145
evoo-adulteration,anilpi__band__mae__multi,20,9,0.2005713320025584
gasoline-octane,anilpi__band__mae__multi,5,0,0.8748570365111851
gasoline-octane,anilpi__band__mae__multi,5,1,0.7409931529004683
gasoline-octane,anilpi__band__mae__multi,5,2,0.7618937307017412
gasoline-octane,anilpi__band__mae__multi,5,3,0.910053665615842
gasoline-octane,anilpi__band__mae__multi,5,4,0.7620412107847039
gasoline-octane,anilpi__band__mae__multi,5,5,0.879950941280974
gasoline-octane,anilpi__band__mae__multi,5,6,0.3864819690016439
gasoline-octane,anilpi__band__mae__multi,5,7,0.8866580984429786
gasoline-octane,anilpi__band__mae__multi,5,8,0.8890735274979075
gasoline-octane,anilpi__band__mae__multi,5,9,0.9289599241925026
gasoline-octane,anilpi__band__mae__multi,10,0,0.915873681915153
gasoline-octane,anilpi__band__mae__multi,10,1,0.7731705389731136
gasoline-octane,anilpi__band__mae__multi,10,2,0.8844283853795853
gasoline-octane,anilpi__band__mae__multi,10,3,0.8243594910990918
gasoline-octane,anilpi__band__mae__multi,10,4,0.925871303106557
gasoline-octane,anilpi__band__mae__multi,10,5,0.8899347760124384
gasoline-octane,anilpi__band__mae__multi,10,6,0.8809917893438131
gasoline-octane,anilpi__band__mae__multi,10,7,0.9195979229177766
gasoline-octane,anilpi__band__mae__multi,10,8,0.8891329226608675
gasoline-octane,anilpi__band__mae__multi,10,9,0.853607109178508
gasoline-octane,anilpi__band__mae__multi,20,0,0.9197000007705504
gasoline-octane,anilpi__band__mae__multi,20,1,0.9422064209978096
gasoline-octane,anilpi__band__mae__multi,20,2,0.8842198611007935
gasoline-octane,anilpi__band__mae__multi,20,3,0.9104133800726826
gasoline-octane,anilpi__band__mae__multi,20,4,0.9411363833607652
gasoline-octane,anilpi__band__mae__multi,20,5,0.9118696840401131
gasoline-octane,anilpi__band__mae__multi,20,6,0.9283813794543408
gasoline-octane,anilpi__band__mae__multi,20,7,0.8856879371730609
gasoline-octane,anilpi__band__mae__multi,20,8,0.9086198617956942
gasoline-octane,anilpi__band__mae__multi,20,9,0.8866896348668859
diesel-BP50,anilpi__both_la0.01_lb0.01__mae__multi,5,0,-0.7016559583025763
diesel-BP50,anilpi__both_la0.01_lb0.01__mae__multi,5,1,-0.3973300622608589
diesel-BP50,anilpi__both_la0.01_lb0.01__mae__multi,5,2,0.3193864386903837
diesel-BP50,anilpi__both_la0.01_lb0.01__mae__multi,5,3,-0.688092617463193
diesel-BP50,anilpi__both_la0.01_lb0.01__mae__multi,5,4,-0.2183184815098386
diesel-BP50,anilpi__both_la0.01_lb0.01__mae__multi,5,5,-0.545508951877653
diesel-BP50,anilpi__both_la0.01_lb0.01__mae__multi,5,6,0.0966558143566554
diesel-BP50,anilpi__both_la0.01_lb0.01__mae__multi,5,7,0.1973873706086533
diesel-BP50,anilpi__both_la0.01_lb0.01__mae__multi,5,8,-2.60142663841837
diesel-BP50,anilpi__both_la0.01_lb0.01__mae__multi,5,9,-1.0460730137001055
diesel-BP50,anilpi__both_la0.01_lb0.01__mae__multi,10,0,-0.2379328625116643
diesel-BP50,anilpi__both_la0.01_lb0.01__mae__multi,10,1,0.0104139059455263
diesel-BP50,anilpi__both_la0.01_lb0.01__mae__multi,10,2,0.0668826051183889
diesel-BP50,anilpi__both_la0.01_lb0.01__mae__multi,10,3,0.546273982415957
diesel-BP50,anilpi__both_la0.01_lb0.01__mae__multi,10,4,-0.3878260922832039
diesel-BP50,anilpi__both_la0.01_lb0.01__mae__multi,10,5,-0.0459437663232822
diesel-BP50,anilpi__both_la0.01_lb0.01__mae__multi,10,6,0.1538785626341945
diesel-BP50,anilpi__both_la0.01_lb0.01__mae__multi,10,7,0.4030953364790431
diesel-BP50,anilpi__both_la0.01_lb0.01__mae__multi,10,8,-0.3013475635912341
diesel-BP50,anilpi__both_la0.01_lb0.01__mae__multi,10,9,-0.0703154953479097
diesel-BP50,anilpi__both_la0.01_lb0.01__mae__multi,20,0,-0.1441171277371833
diesel-BP50,anilpi__both_la0.01_lb0.01__mae__multi,20,1,0.3877413271493346
diesel-BP50,anilpi__both_la0.01_lb0.01__mae__multi,20,2,0.4026806082209304
diesel-BP50,anilpi__both_la0.01_lb0.01__mae__multi,20,3,0.3962426193637264
diesel-BP50,anilpi__both_la0.01_lb0.01__mae__multi,20,4,0.5501002399821595
diesel-BP50,anilpi__both_la0.01_lb0.01__mae__multi,20,5,0.4571614699669614
diesel-BP50,anilpi__both_la0.01_lb0.01__mae__multi,20,6,0.5457564362494072
diesel-BP50,anilpi__both_la0.01_lb0.01__mae__multi,20,7,0.5032536439051518
diesel-BP50,anilpi__both_la0.01_lb0.01__mae__multi,20,8,0.1614269420528081
diesel-BP50,anilpi__both_la0.01_lb0.01__mae__multi,20,9,0.1966435576023305
diesel-CN,anilpi__both_la0.01_lb0.01__mae__multi,5,0,0.1025590230176636
diesel-CN,anilpi__both_la0.01_lb0.01__mae__multi,5,1,-1.4610752875788733
diesel-CN,anilpi__both_la0.01_lb0.01__mae__multi,5,2,-0.0234132732092993
diesel-CN,anilpi__both_la0.01_lb0.01__mae__multi,5,3,-0.1652271214556107
diesel-CN,anilpi__both_la0.01_lb0.01__mae__multi,5,4,0.0667156900630805
diesel-CN,anilpi__both_la0.01_lb0.01__mae__multi,5,5,-0.203436084736899
diesel-CN,anilpi__both_la0.01_lb0.01__mae__multi,5,6,-0.2949452145789613
diesel-CN,anilpi__both_la0.01_lb0.01__mae__multi,5,7,-0.1112663788648282
diesel-CN,anilpi__both_la0.01_lb0.01__mae__multi,5,8,-4.076993819897352
diesel-CN,anilpi__both_la0.01_lb0.01__mae__multi,5,9,0.105540549461278
diesel-CN,anilpi__both_la0.01_lb0.01__mae__multi,10,0,-0.151455318528288
diesel-CN,anilpi__both_la0.01_lb0.01__mae__multi,10,1,-0.2358848174312686
diesel-CN,anilpi__both_la0.01_lb0.01__mae__multi,10,2,-0.1232804192165375
diesel-CN,anilpi__both_la0.01_lb0.01__mae__multi,10,3,0.1733000592966034
diesel-CN,anilpi__both_la0.01_lb0.01__mae__multi,10,4,0.0949633133453674
diesel-CN,anilpi__both_la0.01_lb0.01__mae__multi,10,5,0.1949386443627124
diesel-CN,anilpi__both_la0.01_lb0.01__mae__multi,10,6,-0.3494609924011005
diesel-CN,anilpi__both_la0.01_lb0.01__mae__multi,10,7,0.0570203770451933
diesel-CN,anilpi__both_la0.01_lb0.01__mae__multi,10,8,-0.0638295481134434
diesel-CN,anilpi__both_la0.01_lb0.01__mae__multi,10,9,0.2029519082530992
diesel-CN,anilpi__both_la0.01_lb0.01__mae__multi,20,0,-0.4092157325593673
diesel-CN,anilpi__both_la0.01_lb0.01__mae__multi,20,1,0.0353241831470813
diesel-CN,anilpi__both_la0.01_lb0.01__mae__multi,20,2,0.3612228157549982
diesel-CN,anilpi__both_la0.01_lb0.01__mae__multi,20,3,0.2460115921760223
diesel-CN,anilpi__both_la0.01_lb0.01__mae__multi,20,4,-0.7089206163641719
diesel-CN,anilpi__both_la0.01_lb0.01__mae__multi,20,5,0.3020612171609984
diesel-CN,anilpi__both_la0.01_lb0.01__mae__multi,20,6,0.1653272887550518
diesel-CN,anilpi__both_la0.01_lb0.01__mae__multi,20,7,-0.0075797048577159
diesel-CN,anilpi__both_la0.01_lb0.01__mae__multi,20,8,0.3807100950146938
diesel-CN,anilpi__both_la0.01_lb0.01__mae__multi,20,9,0.2934745662881747
diesel-D4052,anilpi__both_la0.01_lb0.01__mae__multi,5,0,0.3449212494791233
diesel-D4052,anilpi__both_la0.01_lb0.01__mae__multi,5,1,-0.6818944186621703
diesel-D4052,anilpi__both_la0.01_lb0.01__mae__multi,5,2,-0.2046194565299617
diesel-D4052,anilpi__both_la0.01_lb0.01__mae__multi,5,3,0.2530426692573667
diesel-D4052,anilpi__both_la0.01_lb0.01__mae__multi,5,4,0.3321982113852757
diesel-D4052,anilpi__both_la0.01_lb0.01__mae__multi,5,5,-0.7452752719398852
diesel-D4052,anilpi__both_la0.01_lb0.01__mae__multi,5,6,-0.0416696317403297
diesel-D4052,anilpi__both_la0.01_lb0.01__mae__multi,5,7,0.3456480794485748
diesel-D4052,anilpi__both_la0.01_lb0.01__mae__multi,5,8,-0.0655826089391842
diesel-D4052,anilpi__both_la0.01_lb0.01__mae__multi,5,9,0.3996598593511655
diesel-D4052,anilpi__both_la0.01_lb0.01__mae__multi,10,0,0.7514099164420558
diesel-D4052,anilpi__both_la0.01_lb0.01__mae__multi,10,1,0.4040931290981898
diesel-D4052,anilpi__both_la0.01_lb0.01__mae__multi,10,2,0.7300140911847476
diesel-D4052,anilpi__both_la0.01_lb0.01__mae__multi,10,3,0.6576546780816139
diesel-D4052,anilpi__both_la0.01_lb0.01__mae__multi,10,4,0.4085353745125502
diesel-D4052,anilpi__both_la0.01_lb0.01__mae__multi,10,5,0.4966600099736739
diesel-D4052,anilpi__both_la0.01_lb0.01__mae__multi,10,6,0.0680313870154873
diesel-D4052,anilpi__both_la0.01_lb0.01__mae__multi,10,7,0.3590181131708498
diesel-D4052,anilpi__both_la0.01_lb0.01__mae__multi,10,8,0.6795145161509895
diesel-D4052,anilpi__both_la0.01_lb0.01__mae__multi,10,9,0.3629946111310888
diesel-D4052,anilpi__both_la0.01_lb0.01__mae__multi,20,0,0.7653722846152552
diesel-D4052,anilpi__both_la0.01_lb0.01__mae__multi,20,1,0.7167495841898146
diesel-D4052,anilpi__both_la0.01_lb0.01__mae__multi,20,2,0.78227981264003
diesel-D4052,anilpi__both_la0.01_lb0.01__mae__multi,20,3,0.4953972653005571
diesel-D4052,anilpi__both_la0.01_lb0.01__mae__multi,20,4,0.7631594094685499
diesel-D4052,anilpi__both_la0.01_lb0.01__mae__multi,20,5,0.6628576027957496
diesel-D4052,anilpi__both_la0.01_lb0.01__mae__multi,20,6,0.621413050419811
diesel-D4052,anilpi__both_la0.01_lb0.01__mae__multi,20,7,0.6831201458967097
diesel-D4052,anilpi__both_la0.01_lb0.01__mae__multi,20,8,0.4620375768897851
diesel-D4052,anilpi__both_la0.01_lb0.01__mae__multi,20,9,0.6592522841072819
diesel-FLASH,anilpi__both_la0.01_lb0.01__mae__multi,5,0,-0.100853689517135
diesel-FLASH,anilpi__both_la0.01_lb0.01__mae__multi,5,1,-0.7596792763089895
diesel-FLASH,anilpi__both_la0.01_lb0.01__mae__multi,5,2,-0.9011430981484918
diesel-FLASH,anilpi__both_la0.01_lb0.01__mae__multi,5,3,-0.2778833659533264
diesel-FLASH,anilpi__both_la0.01_lb0.01__mae__multi,5,4,-3.662232248458407
diesel-FLASH,anilpi__both_la0.01_lb0.01__mae__multi,5,5,-2.05273274026214
diesel-FLASH,anilpi__both_la0.01_lb0.01__mae__multi,5,6,-0.2522371803205165
diesel-FLASH,anilpi__both_la0.01_lb0.01__mae__multi,5,7,-0.6335745029784472
diesel-FLASH,anilpi__both_la0.01_lb0.01__mae__multi,5,8,-2.624918490699213
diesel-FLASH,anilpi__both_la0.01_lb0.01__mae__multi,5,9,-2.5964022221944227
diesel-FLASH,anilpi__both_la0.01_lb0.01__mae__multi,10,0,-0.1857548206501074
diesel-FLASH,anilpi__both_la0.01_lb0.01__mae__multi,10,1,-1.5484969995210132
diesel-FLASH,anilpi__both_la0.01_lb0.01__mae__multi,10,2,-0.2184141160697799
diesel-FLASH,anilpi__both_la0.01_lb0.01__mae__multi,10,3,-0.4936643749758496
diesel-FLASH,anilpi__both_la0.01_lb0.01__mae__multi,10,4,0.0136593581234862
diesel-FLASH,anilpi__both_la0.01_lb0.01__mae__multi,10,5,-0.3847824790196272
diesel-FLASH,anilpi__both_la0.01_lb0.01__mae__multi,10,6,-0.1113564563026874
diesel-FLASH,anilpi__both_la0.01_lb0.01__mae__multi,10,7,-0.6787833584024914
diesel-FLASH,anilpi__both_la0.01_lb0.01__mae__multi,10,8,-0.9923006633886832
diesel-FLASH,anilpi__both_la0.01_lb0.01__mae__multi,10,9,-1.5163661742040353
diesel-FLASH,anilpi__both_la0.01_lb0.01__mae__multi,20,0,-0.1657776705701636
diesel-FLASH,anilpi__both_la0.01_lb0.01__mae__multi,20,1,0.222820727609952
diesel-FLASH,anilpi__both_la0.01_lb0.01__mae__multi,20,2,0.1117001899426036
diesel-FLASH,anilpi__both_la0.01_lb0.01__mae__multi,20,3,0.079674069952476
diesel-FLASH,anilpi__both_la0.01_lb0.01__mae__multi,20,4,0.1716406696547449
diesel-FLASH,anilpi__both_la0.01_lb0.01__mae__multi,20,5,-0.0939533664096212
diesel-FLASH,anilpi__both_la0.01_lb0.01__mae__multi,20,6,-0.2610248533289743
diesel-FLASH,anilpi__both_la0.01_lb0.01__mae__multi,20,7,-0.0367871933752319
diesel-FLASH,anilpi__both_la0.01_lb0.01__mae__multi,20,8,0.1131860811345586
diesel-FLASH,anilpi__both_la0.01_lb0.01__mae__multi,20,9,-0.1008380145191185
diesel-FREEZE,anilpi__both_la0.01_lb0.01__mae__multi,5,0,-0.4306967094058695
diesel-FREEZE,anilpi__both_la0.01_lb0.01__mae__multi,5,1,-1.8386404488414876
diesel-FREEZE,anilpi__both_la0.01_lb0.01__mae__multi,5,2,-0.2101294123788968
diesel-FREEZE,anilpi__both_la0.01_lb0.01__mae__multi,5,3,0.090549724094113
diesel-FREEZE,anilpi__both_la0.01_lb0.01__mae__multi,5,4,-0.0110930779645748
diesel-FREEZE,anilpi__both_la0.01_lb0.01__mae__multi,5,5,-7.162150587254073
diesel-FREEZE,anilpi__both_la0.01_lb0.01__mae__multi,5,6,0.010453719401722
diesel-FREEZE,anilpi__both_la0.01_lb0.01__mae__multi,5,7,-0.2860874369773896
diesel-FREEZE,anilpi__both_la0.01_lb0.01__mae__multi,5,8,-0.1104016490854618
diesel-FREEZE,anilpi__both_la0.01_lb0.01__mae__multi,5,9,-0.227992797593999
diesel-FREEZE,anilpi__both_la0.01_lb0.01__mae__multi,10,0,0.4340292567859837
diesel-FREEZE,anilpi__both_la0.01_lb0.01__mae__multi,10,1,0.3222019771937211
diesel-FREEZE,anilpi__both_la0.01_lb0.01__mae__multi,10,2,0.508865083294149
diesel-FREEZE,anilpi__both_la0.01_lb0.01__mae__multi,10,3,-0.6853240626469042
diesel-FREEZE,anilpi__both_la0.01_lb0.01__mae__multi,10,4,-0.1309486290864623
diesel-FREEZE,anilpi__both_la0.01_lb0.01__mae__multi,10,5,-0.2022857464486847
diesel-FREEZE,anilpi__both_la0.01_lb0.01__mae__multi,10,6,-0.0098191258392554
diesel-FREEZE,anilpi__both_la0.01_lb0.01__mae__multi,10,7,0.0174101826335514
diesel-FREEZE,anilpi__both_la0.01_lb0.01__mae__multi,10,8,0.5397539212279914
diesel-FREEZE,anilpi__both_la0.01_lb0.01__mae__multi,10,9,0.419286842988701
diesel-FREEZE,anilpi__both_la0.01_lb0.01__mae__multi,20,0,0.4461789304454284
diesel-FREEZE,anilpi__both_la0.01_lb0.01__mae__multi,20,1,0.688024595827367
diesel-FREEZE,anilpi__both_la0.01_lb0.01__mae__multi,20,2,-0.0207845216465536
diesel-FREEZE,anilpi__both_la0.01_lb0.01__mae__multi,20,3,0.3289728039179765
diesel-FREEZE,anilpi__both_la0.01_lb0.01__mae__multi,20,4,0.5248108162059766
diesel-FREEZE,anilpi__both_la0.01_lb0.01__mae__multi,20,5,-0.0878437282305775
diesel-FREEZE,anilpi__both_la0.01_lb0.01__mae__multi,20,6,0.3742065710765313
diesel-FREEZE,anilpi__both_la0.01_lb0.01__mae__multi,20,7,0.4405465485148306
diesel-FREEZE,anilpi__both_la0.01_lb0.01__mae__multi,20,8,0.483433079822091
diesel-FREEZE,anilpi__both_la0.01_lb0.01__mae__multi,20,9,0.6655619986675825
diesel-TOTAL,anilpi__both_la0.01_lb0.01__mae__multi,5,0,0.7874941401815025
diesel-TOTAL,anilpi__both_la0.01_lb0.01__mae__multi,5,1,-0.072817105263905
diesel-TOTAL,anilpi__both_la0.01_lb0.01__mae__multi,5,2,0.8075690168373935
diesel-TOTAL,anilpi__both_la0.01_lb0.01__mae__multi,5,3,0.5442913992412186
diesel-TOTAL,anilpi__both_la0.01_lb0.01__mae__multi,5,4,0.8167569423436023
diesel-TOTAL,anilpi__both_la0.01_lb0.01__mae__multi,5,5,0.6775827818129718
diesel-TOTAL,anilpi__both_la0.01_lb0.01__mae__multi,5,6,0.755184919933283
diesel-TOTAL,anilpi__both_la0.01_lb0.01__mae__multi,5,7,-0.0803117542038207
diesel-TOTAL,anilpi__both_la0.01_lb0.01__mae__multi,5,8,0.3238741952754889
diesel-TOTAL,anilpi__both_la0.01_lb0.01__mae__multi,5,9,0.7804531680399978
diesel-TOTAL,anilpi__both_la0.01_lb0.01__mae__multi,10,0,0.869981455665803
diesel-TOTAL,anilpi__both_la0.01_lb0.01__mae__multi,10,1,0.7038588854217964
diesel-TOTAL,anilpi__both_la0.01_lb0.01__mae__multi,10,2,0.5835445102934376
diesel-TOTAL,anilpi__both_la0.01_lb0.01__mae__multi,10,3,0.8381064302493332
diesel-TOTAL,anilpi__both_la0.01_lb0.01__mae__multi,10,4,0.8129386139234668
diesel-TOTAL,anilpi__both_la0.01_lb0.01__mae__multi,10,5,0.8042479861494023
diesel-TOTAL,anilpi__both_la0.01_lb0.01__mae__multi,10,6,0.807497073318886
diesel-TOTAL,anilpi__both_la0.01_lb0.01__mae__multi,10,7,0.7736601334810126
diesel-TOTAL,anilpi__both_la0.01_lb0.01__mae__multi,10,8,0.6622010134420537
diesel-TOTAL,anilpi__both_la0.01_lb0.01__mae__multi,10,9,0.5259768541104397
diesel-TOTAL,anilpi__both_la0.01_lb0.01__mae__multi,20,0,0.7020257718112546
diesel-TOTAL,anilpi__both_la0.01_lb0.01__mae__multi,20,1,0.8716673157211224
diesel-TOTAL,anilpi__both_la0.01_lb0.01__mae__multi,20,2,0.8913107516782728
diesel-TOTAL,anilpi__both_la0.01_lb0.01__mae__multi,20,3,0.8470667132131274
diesel-TOTAL,anilpi__both_la0.01_lb0.01__mae__multi,20,4,0.8666434667787744
diesel-TOTAL,anilpi__both_la0.01_lb0.01__mae__multi,20,5,0.8183665403991759
diesel-TOTAL,anilpi__both_la0.01_lb0.01__mae__multi,20,6,0.8644931913367793
diesel-TOTAL,anilpi__both_la0.01_lb0.01__mae__multi,20,7,0.8327501756776886
diesel-TOTAL,anilpi__both_la0.01_lb0.01__mae__multi,20,8,0.8386825166933105
diesel-TOTAL,anilpi__both_la0.01_lb0.01__mae__multi,20,9,0.870394282922128
diesel-VISC,anilpi__both_la0.01_lb0.01__mae__multi,5,0,-0.6587297804717616
diesel-VISC,anilpi__both_la0.01_lb0.01__mae__multi,5,1,-1.736703453714579
diesel-VISC,anilpi__both_la0.01_lb0.01__mae__multi,5,2,-1.185312380178206
diesel-VISC,anilpi__both_la0.01_lb0.01__mae__multi,5,3,0.3498691003616423
diesel-VISC,anilpi__both_la0.01_lb0.01__mae__multi,5,4,-2.7228428526834048
diesel-VISC,anilpi__both_la0.01_lb0.01__mae__multi,5,5,-2.7200954289379844
diesel-VISC,anilpi__both_la0.01_lb0.01__mae__multi,5,6,0.2610955568809785
diesel-VISC,anilpi__both_la0.01_lb0.01__mae__multi,5,7,-0.6848446028728503
diesel-VISC,anilpi__both_la0.01_lb0.01__mae__multi,5,8,-0.4002491286501317
diesel-VISC,anilpi__both_la0.01_lb0.01__mae__multi,5,9,-2.5414726709606525
diesel-VISC,anilpi__both_la0.01_lb0.01__mae__multi,10,0,0.6179571580394958
diesel-VISC,anilpi__both_la0.01_lb0.01__mae__multi,10,1,0.2839831988701196
diesel-VISC,anilpi__both_la0.01_lb0.01__mae__multi,10,2,-0.1293272358504935
diesel-VISC,anilpi__both_la0.01_lb0.01__mae__multi,10,3,-0.4764404322787472
diesel-VISC,anilpi__both_la0.01_lb0.01__mae__multi,10,4,-1.0100551420345565
diesel-VISC,anilpi__both_la0.01_lb0.01__mae__multi,10,5,-0.2550843783621772
diesel-VISC,anilpi__both_la0.01_lb0.01__mae__multi,10,6,0.3013675821598378
diesel-VISC,anilpi__both_la0.01_lb0.01__mae__multi,10,7,-1.1787544054479353
diesel-VISC,anilpi__both_la0.01_lb0.01__mae__multi,10,8,0.4713561043916
diesel-VISC,anilpi__both_la0.01_lb0.01__mae__multi,10,9,-0.1031851432389836
diesel-VISC,anilpi__both_la0.01_lb0.01__mae__multi,20,0,0.030855569716807
diesel-VISC,anilpi__both_la0.01_lb0.01__mae__multi,20,1,0.4051635246302001
diesel-VISC,anilpi__both_la0.01_lb0.01__mae__multi,20,2,0.6007613032698229
diesel-VISC,anilpi__both_la0.01_lb0.01__mae__multi,20,3,0.207113621401267
diesel-VISC,anilpi__both_la0.01_lb0.01__mae__multi,20,4,0.5318365058691258
diesel-VISC,anilpi__both_la0.01_lb0.01__mae__multi,20,5,0.3872854543505061
diesel-VISC,anilpi__both_la0.01_lb0.01__mae__multi,20,6,0.4284530874682972
diesel-VISC,anilpi__both_la0.01_lb0.01__mae__multi,20,7,0.0475142173443096
diesel-VISC,anilpi__both_la0.01_lb0.01__mae__multi,20,8,0.1612417792183773
diesel-VISC,anilpi__both_la0.01_lb0.01__mae__multi,20,9,0.4362424297303674
gasoline-octane,anilpi__both_la0.01_lb0.01__mae__multi,5,0,0.5691661868844752
gasoline-octane,anilpi__both_la0.01_lb0.01__mae__multi,5,1,0.7572436283582582
gasoline-octane,anilpi__both_la0.01_lb0.01__mae__multi,5,2,0.7531187383259289
gasoline-octane,anilpi__both_la0.01_lb0.01__mae__multi,5,3,0.8306222514532244
gasoline-octane,anilpi__both_la0.01_lb0.01__mae__multi,5,4,0.8740131415491248
gasoline-octane,anilpi__both_la0.01_lb0.01__mae__multi,5,5,0.8308955523139958
gasoline-octane,anilpi__both_la0.01_lb0.01__mae__multi,5,6,-0.1452534961711085
gasoline-octane,anilpi__both_la0.01_lb0.01__mae__multi,5,7,-0.0358482747780333
gasoline-octane,anilpi__both_la0.01_lb0.01__mae__multi,5,8,0.6982249240407207
gasoline-octane,anilpi__both_la0.01_lb0.01__mae__multi,5,9,0.7783593045768757
gasoline-octane,anilpi__both_la0.01_lb0.01__mae__multi,10,0,0.8432253442493894
gasoline-octane,anilpi__both_la0.01_lb0.01__mae__multi,10,1,0.8390543896869124
gasoline-octane,anilpi__both_la0.01_lb0.01__mae__multi,10,2,0.656777666049191
gasoline-octane,anilpi__both_la0.01_lb0.01__mae__multi,10,3,0.4771579903443865
gasoline-octane,anilpi__both_la0.01_lb0.01__mae__multi,10,4,0.8747121431788861
gasoline-octane,anilpi__both_la0.01_lb0.01__mae__multi,10,5,0.8970679359959247
gasoline-octane,anilpi__both_la0.01_lb0.01__mae__multi,10,6,0.902166167198264
gasoline-octane,anilpi__both_la0.01_lb0.01__mae__multi,10,7,0.8669690935976021
gasoline-octane,anilpi__both_la0.01_lb0.01__mae__multi,10,8,0.8302378166568355
gasoline-octane,anilpi__both_la0.01_lb0.01__mae__multi,10,9,0.8811776706680257
gasoline-octane,anilpi__both_la0.01_lb0.01__mae__multi,20,0,0.8115586386144381
gasoline-octane,anilpi__both_la0.01_lb0.01__mae__multi,20,1,0.8697988148743017
gasoline-octane,anilpi__both_la0.01_lb0.01__mae__multi,20,2,0.8955707278059475
gasoline-octane,anilpi__both_la0.01_lb0.01__mae__multi,20,3,0.9050132389949144
gasoline-octane,anilpi__both_la0.01_lb0.01__mae__multi,20,4,0.866031898087313
gasoline-octane,anilpi__both_la0.01_lb0.01__mae__multi,20,5,0.9193029712863212
gasoline-octane,anilpi__both_la0.01_lb0.01__mae__multi,20,6,0.9060344689148012
gasoline-octane,anilpi__both_la0.01_lb0.01__mae__multi,20,7,0.9141006810141482
gasoline-octane,anilpi__both_la0.01_lb0.01__mae__multi,20,8,0.8653367005918062
gasoline-octane,anilpi__both_la0.01_lb0.01__mae__multi,20,9,0.8742612543374928
diesel-BP50,anilpi__both_la0.01_lb0.01__mae__no_diesel,5,0,-1.5086454497651514
diesel-BP50,anilpi__both_la0.01_lb0.01__mae__no_diesel,5,1,-0.1464485769458903
diesel-BP50,anilpi__both_la0.01_lb0.01__mae__no_diesel,5,2,-1.71262490469592
diesel-BP50,anilpi__both_la0.01_lb0.01__mae__no_diesel,5,3,-0.7292173054777045
diesel-BP50,anilpi__both_la0.01_lb0.01__mae__no_diesel,5,4,-0.2411919777881686
diesel-BP50,anilpi__both_la0.01_lb0.01__mae__no_diesel,5,5,-4.666732703562774
diesel-BP50,anilpi__both_la0.01_lb0.01__mae__no_diesel,5,6,-0.2358856107291647
diesel-BP50,anilpi__both_la0.01_lb0.01__mae__no_diesel,5,7,-2.4858207105534467
diesel-BP50,anilpi__both_la0.01_lb0.01__mae__no_diesel,5,8,-3.409313419332226
diesel-BP50,anilpi__both_la0.01_lb0.01__mae__no_diesel,5,9,-0.2873074636685728
diesel-BP50,anilpi__both_la0.01_lb0.01__mae__no_diesel,10,0,-1.946495355658728
diesel-BP50,anilpi__both_la0.01_lb0.01__mae__no_diesel,10,1,-0.0070112248302558
diesel-BP50,anilpi__both_la0.01_lb0.01__mae__no_diesel,10,2,-0.0585690583229707
diesel-BP50,anilpi__both_la0.01_lb0.01__mae__no_diesel,10,3,-0.2427198567387669
diesel-BP50,anilpi__both_la0.01_lb0.01__mae__no_diesel,10,4,-0.432128435732521
diesel-BP50,anilpi__both_la0.01_lb0.01__mae__no_diesel,10,5,-2.1349092206118807
diesel-BP50,anilpi__both_la0.01_lb0.01__mae__no_diesel,10,6,-0.6168731077769853
diesel-BP50,anilpi__both_la0.01_lb0.01__mae__no_diesel,10,7,-1.2759175741478588
diesel-BP50,anilpi__both_la0.01_lb0.01__mae__no_diesel,10,8,-2.105216445019839
diesel-BP50,anilpi__both_la0.01_lb0.01__mae__no_diesel,10,9,-0.3945580388223715
diesel-BP50,anilpi__both_la0.01_lb0.01__mae__no_diesel,20,0,-0.2698504974653921
diesel-BP50,anilpi__both_la0.01_lb0.01__mae__no_diesel,20,1,0.2122495808661211
diesel-BP50,anilpi__both_la0.01_lb0.01__mae__no_diesel,20,2,-0.4519440605207891
diesel-BP50,anilpi__both_la0.01_lb0.01__mae__no_diesel,20,3,0.0437757474134372
diesel-BP50,anilpi__both_la0.01_lb0.01__mae__no_diesel,20,4,-0.5027991310174247
diesel-BP50,anilpi__both_la0.01_lb0.01__mae__no_diesel,20,5,-0.6190572950023643
diesel-BP50,anilpi__both_la0.01_lb0.01__mae__no_diesel,20,6,0.1499319027798535
diesel-BP50,anilpi__both_la0.01_lb0.01__mae__no_diesel,20,7,-0.0285642619692552
diesel-BP50,anilpi__both_la0.01_lb0.01__mae__no_diesel,20,8,0.0054718964483727
diesel-BP50,anilpi__both_la0.01_lb0.01__mae__no_diesel,20,9,0.0708148154751511
diesel-CN,anilpi__both_la0.01_lb0.01__mae__no_diesel,5,0,-0.4049461506184986
diesel-CN,anilpi__both_la0.01_lb0.01__mae__no_diesel,5,1,-0.8916750502026485
diesel-CN,anilpi__both_la0.01_lb0.01__mae__no_diesel,5,2,-0.3923183177201368
diesel-CN,anilpi__both_la0.01_lb0.01__mae__no_diesel,5,3,0.3145174598295309
diesel-CN,anilpi__both_la0.01_lb0.01__mae__no_diesel,5,4,0.0410866303350794
diesel-CN,anilpi__both_la0.01_lb0.01__mae__no_diesel,5,5,-0.3015842546406941
diesel-CN,anilpi__both_la0.01_lb0.01__mae__no_diesel,5,6,-0.5115056567837375
diesel-CN,anilpi__both_la0.01_lb0.01__mae__no_diesel,5,7,-0.2304366048912669
diesel-CN,anilpi__both_la0.01_lb0.01__mae__no_diesel,5,8,-3.7277256985126233
diesel-CN,anilpi__both_la0.01_lb0.01__mae__no_diesel,5,9,0.2278404761007841
diesel-CN,anilpi__both_la0.01_lb0.01__mae__no_diesel,10,0,-0.1511583256727982
diesel-CN,anilpi__both_la0.01_lb0.01__mae__no_diesel,10,1,-0.851757790682856
diesel-CN,anilpi__both_la0.01_lb0.01__mae__no_diesel,10,2,0.0003764443028383
diesel-CN,anilpi__both_la0.01_lb0.01__mae__no_diesel,10,3,0.3847847916603174
diesel-CN,anilpi__both_la0.01_lb0.01__mae__no_diesel,10,4,-0.2453205893180496
diesel-CN,anilpi__both_la0.01_lb0.01__mae__no_diesel,10,5,0.2468460821482886
diesel-CN,anilpi__both_la0.01_lb0.01__mae__no_diesel,10,6,-0.3592911755193761
diesel-CN,anilpi__both_la0.01_lb0.01__mae__no_diesel,10,7,0.0436756681894018
diesel-CN,anilpi__both_la0.01_lb0.01__mae__no_diesel,10,8,0.0770250188690683
diesel-CN,anilpi__both_la0.01_lb0.01__mae__no_diesel,10,9,-0.4360053174534746
diesel-CN,anilpi__both_la0.01_lb0.01__mae__no_diesel,20,0,-0.2534096231881528
diesel-CN,anilpi__both_la0.01_lb0.01__mae__no_diesel,20,1,-0.1090415280898504
diesel-CN,anilpi__both_la0.01_lb0.01__mae__no_diesel,20,2,0.3047234865028945
diesel-CN,anilpi__both_la0.01_lb0.01__mae__no_diesel,20,3,-0.2886339830789692
diesel-CN,anilpi__both_la0.01_lb0.01__mae__no_diesel,20,4,-0.0321201580980061
diesel-CN,anilpi__both_la0.01_lb0.01__mae__no_diesel,20,5,0.1209251872199876
diesel-CN,anilpi__both_la0.01_lb0.01__mae__no_diesel,20,6,0.1439852574932872
diesel-CN,anilpi__both_la0.01_lb0.01__mae__no_diesel,20,7,0.1083158538767158
diesel-CN,anilpi__both_la0.01_lb0.01__mae__no_diesel,20,8,0.3572855386691317
diesel-CN,anilpi__both_la0.01_lb0.01__mae__no_diesel,20,9,0.3180466298391388
diesel-D4052,anilpi__both_la0.01_lb0.01__mae__no_diesel,5,0,-0.1606999871501875
diesel-D4052,anilpi__both_la0.01_lb0.01__mae__no_diesel,5,1,-2.62665196275098
diesel-D4052,anilpi__both_la0.01_lb0.01__mae__no_diesel,5,2,-0.4799186441129472
diesel-D4052,anilpi__both_la0.01_lb0.01__mae__no_diesel,5,3,0.1071672836005546
diesel-D4052,anilpi__both_la0.01_lb0.01__mae__no_diesel,5,4,0.2001823046580361
diesel-D4052,anilpi__both_la0.01_lb0.01__mae__no_diesel,5,5,-0.8986372878186184
diesel-D4052,anilpi__both_la0.01_lb0.01__mae__no_diesel,5,6,-3.177736425847371
diesel-D4052,anilpi__both_la0.01_lb0.01__mae__no_diesel,5,7,-0.7410999950413748
diesel-D4052,anilpi__both_la0.01_lb0.01__mae__no_diesel,5,8,-0.1655016290741366
diesel-D4052,anilpi__both_la0.01_lb0.01__mae__no_diesel,5,9,0.1657050724327227
diesel-D4052,anilpi__both_la0.01_lb0.01__mae__no_diesel,10,0,-0.4375826229148118
diesel-D4052,anilpi__both_la0.01_lb0.01__mae__no_diesel,10,1,0.113943438831251
diesel-D4052,anilpi__both_la0.01_lb0.01__mae__no_diesel,10,2,-0.1200615322937559
diesel-D4052,anilpi__both_la0.01_lb0.01__mae__no_diesel,10,3,0.1358150095272828
diesel-D4052,anilpi__both_la0.01_lb0.01__mae__no_diesel,10,4,-0.3355251957493808
diesel-D4052,anilpi__both_la0.01_lb0.01__mae__no_diesel,10,5,0.3089124891697058
diesel-D4052,anilpi__both_la0.01_lb0.01__mae__no_diesel,10,6,0.1495324705522687
diesel-D4052,anilpi__both_la0.01_lb0.01__mae__no_diesel,10,7,0.0194803634444813
diesel-D4052,anilpi__both_la0.01_lb0.01__mae__no_diesel,10,8,0.37557472959562
diesel-D4052,anilpi__both_la0.01_lb0.01__mae__no_diesel,10,9,-0.2005508028670537
diesel-D4052,anilpi__both_la0.01_lb0.01__mae__no_diesel,20,0,0.3096955347773836
diesel-D4052,anilpi__both_la0.01_lb0.01__mae__no_diesel,20,1,0.1929400062289666
diesel-D4052,anilpi__both_la0.01_lb0.01__mae__no_diesel,20,2,0.5553159030802357
diesel-D4052,anilpi__both_la0.01_lb0.01__mae__no_diesel,20,3,0.2885748711652945
diesel-D4052,anilpi__both_la0.01_lb0.01__mae__no_diesel,20,4,0.1587996711405492
diesel-D4052,anilpi__both_la0.01_lb0.01__mae__no_diesel,20,5,0.3409265058013345
diesel-D4052,anilpi__both_la0.01_lb0.01__mae__no_diesel,20,6,-0.7208474631366373
diesel-D4052,anilpi__both_la0.01_lb0.01__mae__no_diesel,20,7,0.1984700901167269
diesel-D4052,anilpi__both_la0.01_lb0.01__mae__no_diesel,20,8,0.2043809008768232
diesel-D4052,anilpi__both_la0.01_lb0.01__mae__no_diesel,20,9,0.3879995542974535
diesel-FLASH,anilpi__both_la0.01_lb0.01__mae__no_diesel,5,0,-1.7814652505955078
diesel-FLASH,anilpi__both_la0.01_lb0.01__mae__no_diesel,5,1,-1.3206493099954142
diesel-FLASH,anilpi__both_la0.01_lb0.01__mae__no_diesel,5,2,-1.2763745015436143
diesel-FLASH,anilpi__both_la0.01_lb0.01__mae__no_diesel,5,3,-0.3184828775443822
diesel-FLASH,anilpi__both_la0.01_lb0.01__mae__no_diesel,5,4,-0.7345606649388552
diesel-FLASH,anilpi__both_la0.01_lb0.01__mae__no_diesel,5,5,-11.708674838455169
diesel-FLASH,anilpi__both_la0.01_lb0.01__mae__no_diesel,5,6,-0.4133178349052491
diesel-FLASH,anilpi__both_la0.01_lb0.01__mae__no_diesel,5,7,-3.53265933962654
diesel-FLASH,anilpi__both_la0.01_lb0.01__mae__no_diesel,5,8,-4.572916337079508
diesel-FLASH,anilpi__both_la0.01_lb0.01__mae__no_diesel,5,9,-3.06313229966636
diesel-FLASH,anilpi__both_la0.01_lb0.01__mae__no_diesel,10,0,-1.835449068338002
diesel-FLASH,anilpi__both_la0.01_lb0.01__mae__no_diesel,10,1,-0.6010345969199351
diesel-FLASH,anilpi__both_la0.01_lb0.01__mae__no_diesel,10,2,-0.6305529522179527
diesel-FLASH,anilpi__both_la0.01_lb0.01__mae__no_diesel,10,3,-0.7362954926161918
diesel-FLASH,anilpi__both_la0.01_lb0.01__mae__no_diesel,10,4,-1.2206724543831022
diesel-FLASH,anilpi__both_la0.01_lb0.01__mae__no_diesel,10,5,-0.8496177433236809
diesel-FLASH,anilpi__both_la0.01_lb0.01__mae__no_diesel,10,6,-0.5284766604117759
diesel-FLASH,anilpi__both_la0.01_lb0.01__mae__no_diesel,10,7,-3.0233525149609672
diesel-FLASH,anilpi__both_la0.01_lb0.01__mae__no_diesel,10,8,-0.3898665506641039
diesel-FLASH,anilpi__both_la0.01_lb0.01__mae__no_diesel,10,9,-0.739590535515394
diesel-FLASH,anilpi__both_la0.01_lb0.01__mae__no_diesel,20,0,-0.2121482804564249
diesel-FLASH,anilpi__both_la0.01_lb0.01__mae__no_diesel,20,1,0.0729028441265915
diesel-FLASH,anilpi__both_la0.01_lb0.01__mae__no_diesel,20,2,0.0668556818884439
diesel-FLASH,anilpi__both_la0.01_lb0.01__mae__no_diesel,20,3,-0.2542915093535391
diesel-FLASH,anilpi__both_la0.01_lb0.01__mae__no_diesel,20,4,-0.5183223364158196
diesel-FLASH,anilpi__both_la0.01_lb0.01__mae__no_diesel,20,5,-0.1506160348313165
diesel-FLASH,anilpi__both_la0.01_lb0.01__mae__no_diesel,20,6,-0.2747766311151904
diesel-FLASH,anilpi__both_la0.01_lb0.01__mae__no_diesel,20,7,-0.3673496430665202
diesel-FLASH,anilpi__both_la0.01_lb0.01__mae__no_diesel,20,8,0.0008490046651834
diesel-FLASH,anilpi__both_la0.01_lb0.01__mae__no_diesel,20,9,-0.2670469385384257
diesel-FREEZE,anilpi__both_la0.01_lb0.01__mae__no_diesel,5,0,-0.2400139295841012
diesel-FREEZE,anilpi__both_la0.01_lb0.01__mae__no_diesel,5,1,-4.416812907888757
diesel-FREEZE,anilpi__both_la0.01_lb0.01__mae__no_diesel,5,2,-0.2507080444394818
diesel-FREEZE,anilpi__both_la0.01_lb0.01__mae__no_diesel,5,3,0.0664569233317947
diesel-FREEZE,anilpi__both_la0.01_lb0.01__mae__no_diesel,5,4,-0.5544403341418203
diesel-FREEZE,anilpi__both_la0.01_lb0.01__mae__no_diesel,5,5,-1.118831407967932
diesel-FREEZE,anilpi__both_la0.01_lb0.01__mae__no_diesel,5,6,-0.0762473880648875
diesel-FREEZE,anilpi__both_la0.01_lb0.01__mae__no_diesel,5,7,-0.2493494826793416
diesel-FREEZE,anilpi__both_la0.01_lb0.01__mae__no_diesel,5,8,-0.4788794304508801
diesel-FREEZE,anilpi__both_la0.01_lb0.01__mae__no_diesel,5,9,-0.1130291272677794
diesel-FREEZE,anilpi__both_la0.01_lb0.01__mae__no_diesel,10,0,-1.4175670298062486
diesel-FREEZE,anilpi__both_la0.01_lb0.01__mae__no_diesel,10,1,-0.4289741752742757
diesel-FREEZE,anilpi__both_la0.01_lb0.01__mae__no_diesel,10,2,-1.3597759334867368
diesel-FREEZE,anilpi__both_la0.01_lb0.01__mae__no_diesel,10,3,-0.9472912149916322
diesel-FREEZE,anilpi__both_la0.01_lb0.01__mae__no_diesel,10,4,-0.1154471295686576
diesel-FREEZE,anilpi__both_la0.01_lb0.01__mae__no_diesel,10,5,-0.3043675133687011
diesel-FREEZE,anilpi__both_la0.01_lb0.01__mae__no_diesel,10,6,-0.0760780761779733
diesel-FREEZE,anilpi__both_la0.01_lb0.01__mae__no_diesel,10,7,-0.4037592484311314
diesel-FREEZE,anilpi__both_la0.01_lb0.01__mae__no_diesel,10,8,0.171039093859592
diesel-FREEZE,anilpi__both_la0.01_lb0.01__mae__no_diesel,10,9,0.0596374425075175
diesel-FREEZE,anilpi__both_la0.01_lb0.01__mae__no_diesel,20,0,0.2151619835868927
diesel-FREEZE,anilpi__both_la0.01_lb0.01__mae__no_diesel,20,1,0.2783793614405618
diesel-FREEZE,anilpi__both_la0.01_lb0.01__mae__no_diesel,20,2,-0.0510504878577309
diesel-FREEZE,anilpi__both_la0.01_lb0.01__mae__no_diesel,20,3,-0.270073169168284
diesel-FREEZE,anilpi__both_la0.01_lb0.01__mae__no_diesel,20,4,0.2368922279583465
diesel-FREEZE,anilpi__both_la0.01_lb0.01__mae__no_diesel,20,5,-1.5272426762051263
diesel-FREEZE,anilpi__both_la0.01_lb0.01__mae__no_diesel,20,6,-0.0245664230631015
diesel-FREEZE,anilpi__both_la0.01_lb0.01__mae__no_diesel,20,7,0.0669048590011677
diesel-FREEZE,anilpi__both_la0.01_lb0.01__mae__no_diesel,20,8,-0.1323561812575684
diesel-FREEZE,anilpi__both_la0.01_lb0.01__mae__no_diesel,20,9,-0.035902479859212
diesel-TOTAL,anilpi__both_la0.01_lb0.01__mae__no_diesel,5,0,0.758777733655075
diesel-TOTAL,anilpi__both_la0.01_lb0.01__mae__no_diesel,5,1,0.1282777867982898
diesel-TOTAL,anilpi__both_la0.01_lb0.01__mae__no_diesel,5,2,0.6980169036166912
diesel-TOTAL,anilpi__both_la0.01_lb0.01__mae__no_diesel,5,3,0.4083280884186137
diesel-TOTAL,anilpi__both_la0.01_lb0.01__mae__no_diesel,5,4,0.2699480157116276
diesel-TOTAL,anilpi__both_la0.01_lb0.01__mae__no_diesel,5,5,0.4469694339081531
diesel-TOTAL,anilpi__both_la0.01_lb0.01__mae__no_diesel,5,6,0.6297120984074362
diesel-TOTAL,anilpi__both_la0.01_lb0.01__mae__no_diesel,5,7,0.2108966312062772
diesel-TOTAL,anilpi__both_la0.01_lb0.01__mae__no_diesel,5,8,0.483908326345182
diesel-TOTAL,anilpi__both_la0.01_lb0.01__mae__no_diesel,5,9,0.3125815506829624
diesel-TOTAL,anilpi__both_la0.01_lb0.01__mae__no_diesel,10,0,0.6039488890394731
diesel-TOTAL,anilpi__both_la0.01_lb0.01__mae__no_diesel,10,1,0.6487805377832544
diesel-TOTAL,anilpi__both_la0.01_lb0.01__mae__no_diesel,10,2,0.643091454666596
diesel-TOTAL,anilpi__both_la0.01_lb0.01__mae__no_diesel,10,3,0.6596881584492816
diesel-TOTAL,anilpi__both_la0.01_lb0.01__mae__no_diesel,10,4,0.6558162419522778
diesel-TOTAL,anilpi__both_la0.01_lb0.01__mae__no_diesel,10,5,0.6293858097188029
diesel-TOTAL,anilpi__both_la0.01_lb0.01__mae__no_diesel,10,6,0.673237557182613
diesel-TOTAL,anilpi__both_la0.01_lb0.01__mae__no_diesel,10,7,0.6639682313548735
diesel-TOTAL,anilpi__both_la0.01_lb0.01__mae__no_diesel,10,8,0.7470330448923903
diesel-TOTAL,anilpi__both_la0.01_lb0.01__mae__no_diesel,10,9,0.4977610528732811
diesel-TOTAL,anilpi__both_la0.01_lb0.01__mae__no_diesel,20,0,0.6647740823131623
diesel-TOTAL,anilpi__both_la0.01_lb0.01__mae__no_diesel,20,1,0.708611440359195
diesel-TOTAL,anilpi__both_la0.01_lb0.01__mae__no_diesel,20,2,0.8042985254720336
diesel-TOTAL,anilpi__both_la0.01_lb0.01__mae__no_diesel,20,3,0.8030329145967526
diesel-TOTAL,anilpi__both_la0.01_lb0.01__mae__no_diesel,20,4,0.7099820637238918
diesel-TOTAL,anilpi__both_la0.01_lb0.01__mae__no_diesel,20,5,0.569631053735161
diesel-TOTAL,anilpi__both_la0.01_lb0.01__mae__no_diesel,20,6,0.8129365625464322
diesel-TOTAL,anilpi__both_la0.01_lb0.01__mae__no_diesel,20,7,0.727351696311199
diesel-TOTAL,anilpi__both_la0.01_lb0.01__mae__no_diesel,20,8,0.7596394263967545
diesel-TOTAL,anilpi__both_la0.01_lb0.01__mae__no_diesel,20,9,0.6952868996538304
diesel-VISC,anilpi__both_la0.01_lb0.01__mae__no_diesel,5,0,-0.5849882057925819
diesel-VISC,anilpi__both_la0.01_lb0.01__mae__no_diesel,5,1,-2.337163950744724
diesel-VISC,anilpi__both_la0.01_lb0.01__mae__no_diesel,5,2,-30.437372902711108
diesel-VISC,anilpi__both_la0.01_lb0.01__mae__no_diesel,5,3,-2.8168880238740743
diesel-VISC,anilpi__both_la0.01_lb0.01__mae__no_diesel,5,4,-2.649988387304024
diesel-VISC,anilpi__both_la0.01_lb0.01__mae__no_diesel,5,5,-3.55723515539537
diesel-VISC,anilpi__both_la0.01_lb0.01__mae__no_diesel,5,6,0.1268615876406791
diesel-VISC,anilpi__both_la0.01_lb0.01__mae__no_diesel,5,7,-1.3874231527977123
diesel-VISC,anilpi__both_la0.01_lb0.01__mae__no_diesel,5,8,-1.1666936583340104
diesel-VISC,anilpi__both_la0.01_lb0.01__mae__no_diesel,5,9,-0.6489075606609624
diesel-VISC,anilpi__both_la0.01_lb0.01__mae__no_diesel,10,0,-0.5667850491021929
diesel-VISC,anilpi__both_la0.01_lb0.01__mae__no_diesel,10,1,-0.4067328413442685
diesel-VISC,anilpi__both_la0.01_lb0.01__mae__no_diesel,10,2,-0.6062968089261251
diesel-VISC,anilpi__both_la0.01_lb0.01__mae__no_diesel,10,3,-1.171860396924711
diesel-VISC,anilpi__both_la0.01_lb0.01__mae__no_diesel,10,4,-0.6450700387095929
diesel-VISC,anilpi__both_la0.01_lb0.01__mae__no_diesel,10,5,-3.3450180989674028
diesel-VISC,anilpi__both_la0.01_lb0.01__mae__no_diesel,10,6,-1.3480579371134955
diesel-VISC,anilpi__both_la0.01_lb0.01__mae__no_diesel,10,7,-0.3797211247288083
diesel-VISC,anilpi__both_la0.01_lb0.01__mae__no_diesel,10,8,-0.4318086981694342
diesel-VISC,anilpi__both_la0.01_lb0.01__mae__no_diesel,10,9,-0.948476739348463
diesel-VISC,anilpi__both_la0.01_lb0.01__mae__no_diesel,20,0,-0.8707550001727491
diesel-VISC,anilpi__both_la0.01_lb0.01__mae__no_diesel,20,1,0.1514962905186799
diesel-VISC,anilpi__both_la0.01_lb0.01__mae__no_diesel,20,2,-0.2676974384105897
diesel-VISC,anilpi__both_la0.01_lb0.01__mae__no_diesel,20,3,0.0030193474078075
diesel-VISC,anilpi__both_la0.01_lb0.01__mae__no_diesel,20,4,-1.1277786140063095
diesel-VISC,anilpi__both_la0.01_lb0.01__mae__no_diesel,20,5,-0.2774270217105323
diesel-VISC,anilpi__both_la0.01_lb0.01__mae__no_diesel,20,6,-0.0955826190050148
diesel-VISC,anilpi__both_la0.01_lb0.01__mae__no_diesel,20,7,-0.5392793289719222
diesel-VISC,anilpi__both_la0.01_lb0.01__mae__no_diesel,20,8,-0.2561193341367791
diesel-VISC,anilpi__both_la0.01_lb0.01__mae__no_diesel,20,9,0.0799227887448718
diesel-BP50,anilpi__both__mae__multi,5,0,-0.1063761734114809
diesel-BP50,anilpi__both__mae__multi,5,1,-0.1690054825134166
diesel-BP50,anilpi__both__mae__multi,5,2,-1.147578263910431
diesel-BP50,anilpi__both__mae__multi,5,3,-0.9370570174803514
diesel-BP50,anilpi__both__mae__multi,5,4,-0.4428490458394696
diesel-BP50,anilpi__both__mae__multi,5,5,0.2346819698236495
diesel-BP50,anilpi__both__mae__multi,5,6,0.2749781031857308
diesel-BP50,anilpi__both__mae__multi,5,7,0.6364049713216204
diesel-BP50,anilpi__both__mae__multi,5,8,-0.5449935122422931
diesel-BP50,anilpi__both__mae__multi,5,9,-0.4885042517418347
diesel-BP50,anilpi__both__mae__multi,10,0,0.2858574692814725
diesel-BP50,anilpi__both__mae__multi,10,1,0.1626196982254087
diesel-BP50,anilpi__both__mae__multi,10,2,0.3134630229822068
diesel-BP50,anilpi__both__mae__multi,10,3,0.2264322418799391
diesel-BP50,anilpi__both__mae__multi,10,4,-0.2030668609658794
diesel-BP50,anilpi__both__mae__multi,10,5,-0.3310623567513444
diesel-BP50,anilpi__both__mae__multi,10,6,0.364765511350815
diesel-BP50,anilpi__both__mae__multi,10,7,0.5346189965200328
diesel-BP50,anilpi__both__mae__multi,10,8,0.3214798494739463
diesel-BP50,anilpi__both__mae__multi,10,9,0.1718585027434591
diesel-BP50,anilpi__both__mae__multi,20,0,0.0899383034947983
diesel-BP50,anilpi__both__mae__multi,20,1,0.6264769917829024
diesel-BP50,anilpi__both__mae__multi,20,2,0.6387660575874853
diesel-BP50,anilpi__both__mae__multi,20,3,0.4325010872665022
diesel-BP50,anilpi__both__mae__multi,20,4,0.6361265391902606
diesel-BP50,anilpi__both__mae__multi,20,5,0.3160537104603703
diesel-BP50,anilpi__both__mae__multi,20,6,0.7417994691214385
diesel-BP50,anilpi__both__mae__multi,20,7,0.6885307137611287
diesel-BP50,anilpi__both__mae__multi,20,8,0.402775654149507
diesel-BP50,anilpi__both__mae__multi,20,9,0.3032271908979029
diesel-CN,anilpi__both__mae__multi,5,0,-0.1801409545736516
diesel-CN,anilpi__both__mae__multi,5,1,-0.0629416047519402
diesel-CN,anilpi__both__mae__multi,5,2,-0.0625064135129873
diesel-CN,anilpi__both__mae__multi,5,3,-0.1192917983091055
diesel-CN,anilpi__both__mae__multi,5,4,0.312041320201773
diesel-CN,anilpi__both__mae__multi,5,5,-0.2790214996798654
diesel-CN,anilpi__both__mae__multi,5,6,-0.7617270019769526
diesel-CN,anilpi__both__mae__multi,5,7,0.1550155982139222
diesel-CN,anilpi__both__mae__multi,5,8,-3.3229080683124472
diesel-CN,anilpi__both__mae__multi,5,9,-0.8795407152867054
diesel-CN,anilpi__both__mae__multi,10,0,-0.2502561996765415
diesel-CN,anilpi__both__mae__multi,10,1,-1.0854950123549898
diesel-CN,anilpi__both__mae__multi,10,2,-0.3762388864460708
diesel-CN,anilpi__both__mae__multi,10,3,0.060924761532367
diesel-CN,anilpi__both__mae__multi,10,4,0.0356780805262969
diesel-CN,anilpi__both__mae__multi,10,5,0.2181194501674238
diesel-CN,anilpi__both__mae__multi,10,6,-0.5430295503945171
diesel-CN,anilpi__both__mae__multi,10,7,0.1711000672963104
diesel-CN,anilpi__both__mae__multi,10,8,0.1534282585670333
diesel-CN,anilpi__both__mae__multi,10,9,0.2156009903415747
diesel-CN,anilpi__both__mae__multi,20,0,-1.4136855833336923
diesel-CN,anilpi__both__mae__multi,20,1,0.0498112242839268
diesel-CN,anilpi__both__mae__multi,20,2,0.3866898277524708
diesel-CN,anilpi__both__mae__multi,20,3,-0.0205444795909208
diesel-CN,anilpi__both__mae__multi,20,4,0.0749747849220398
diesel-CN,anilpi__both__mae__multi,20,5,0.3147566460178584
diesel-CN,anilpi__both__mae__multi,20,6,-0.0157983084601369
diesel-CN,anilpi__both__mae__multi,20,7,0.0141932805388349
diesel-CN,anilpi__both__mae__multi,20,8,0.4460141855686487
diesel-CN,anilpi__both__mae__multi,20,9,0.3426330115670152
diesel-D4052,anilpi__both__mae__multi,5,0,0.6768721977433885
diesel-D4052,anilpi__both__mae__multi,5,1,0.0690364662431035
diesel-D4052,anilpi__both__mae__multi,5,2,-0.1395711454396033
diesel-D4052,anilpi__both__mae__multi,5,3,0.4532345827586956
diesel-D4052,anilpi__both__mae__multi,5,4,0.4272795353491205
diesel-D4052,anilpi__both__mae__multi,5,5,0.0396444207262934
diesel-D4052,anilpi__both__mae__multi,5,6,0.3389536799562765
diesel-D4052,anilpi__both__mae__multi,5,7,0.2523948478344404
diesel-D4052,anilpi__both__mae__multi,5,8,-0.0144696792428833
diesel-D4052,anilpi__both__mae__multi,5,9,0.3372405013034939
diesel-D4052,anilpi__both__mae__multi,10,0,0.6527599086678764
diesel-D4052,anilpi__both__mae__multi,10,1,0.6637527808306567
diesel-D4052,anilpi__both__mae__multi,10,2,0.4688746449896603
diesel-D4052,anilpi__both__mae__multi,10,3,0.8807368574833565
diesel-D4052,anilpi__both__mae__multi,10,4,0.4437806250946547
diesel-D4052,anilpi__both__mae__multi,10,5,0.5355801277294807
diesel-D4052,anilpi__both__mae__multi,10,6,0.2689176819481377
diesel-D4052,anilpi__both__mae__multi,10,7,0.627825860765497
diesel-D4052,anilpi__both__mae__multi,10,8,0.8110092887694123
diesel-D4052,anilpi__both__mae__multi,10,9,0.3992976045251242
diesel-D4052,anilpi__both__mae__multi,20,0,0.8590315530186209
diesel-D4052,anilpi__both__mae__multi,20,1,0.8448001955657478
diesel-D4052,anilpi__both__mae__multi,20,2,0.871409196446992
diesel-D4052,anilpi__both__mae__multi,20,3,0.7557760821834538
diesel-D4052,anilpi__both__mae__multi,20,4,0.693224437020409
diesel-D4052,anilpi__both__mae__multi,20,5,0.7627592724150143
diesel-D4052,anilpi__both__mae__multi,20,6,0.7883740956588595
diesel-D4052,anilpi__both__mae__multi,20,7,0.8607144779970847
diesel-D4052,anilpi__both__mae__multi,20,8,0.7957050948302833
diesel-D4052,anilpi__both__mae__multi,20,9,0.8170429256700525
diesel-FLASH,anilpi__both__mae__multi,5,0,-0.6056706565849248
diesel-FLASH,anilpi__both__mae__multi,5,1,-0.49435926405622
diesel-FLASH,anilpi__both__mae__multi,5,2,-0.0711679889274032
diesel-FLASH,anilpi__both__mae__multi,5,3,-0.0500700341159607
diesel-FLASH,anilpi__both__mae__multi,5,4,-1.6277369760506506
diesel-FLASH,anilpi__both__mae__multi,5,5,-1.0953153353376957
diesel-FLASH,anilpi__both__mae__multi,5,6,-0.7516718307025152
diesel-FLASH,anilpi__both__mae__multi,5,7,-3.158272833131827
diesel-FLASH,anilpi__both__mae__multi,5,8,-2.112400675935468
diesel-FLASH,anilpi__both__mae__multi,5,9,-1.1425063894952356
diesel-FLASH,anilpi__both__mae__multi,10,0,0.1894769248489501
diesel-FLASH,anilpi__both__mae__multi,10,1,0.2487252006776614
diesel-FLASH,anilpi__both__mae__multi,10,2,-0.0795241184611903
diesel-FLASH,anilpi__both__mae__multi,10,3,-0.2496539586639596
diesel-FLASH,anilpi__both__mae__multi,10,4,0.1714410087493691
diesel-FLASH,anilpi__both__mae__multi,10,5,-0.8948957613358921
diesel-FLASH,anilpi__both__mae__multi,10,6,-0.3363092560952867
diesel-FLASH,anilpi__both__mae__multi,10,7,-2.3202108394228858
diesel-FLASH,anilpi__both__mae__multi,10,8,-0.1318335580923222
diesel-FLASH,anilpi__both__mae__multi,10,9,-0.6323034831442156
diesel-FLASH,anilpi__both__mae__multi,20,0,0.0071344372479172
diesel-FLASH,anilpi__both__mae__multi,20,1,0.0651985678901203
diesel-FLASH,anilpi__both__mae__multi,20,2,0.2316802789102484
diesel-FLASH,anilpi__both__mae__multi,20,3,0.178689586305332
diesel-FLASH,anilpi__both__mae__multi,20,4,0.2978215808027619
diesel-FLASH,anilpi__both__mae__multi,20,5,0.2027301668084982
diesel-FLASH,anilpi__both__mae__multi,20,6,-0.1373859785012887
diesel-FLASH,anilpi__both__mae__multi,20,7,0.2783674518358433
diesel-FLASH,anilpi__both__mae__multi,20,8,0.3248528506210862
diesel-FLASH,anilpi__both__mae__multi,20,9,0.0807768980695403
diesel-FREEZE,anilpi__both__mae__multi,5,0,-0.3152154433673173
diesel-FREEZE,anilpi__both__mae__multi,5,1,0.2073473097159645
diesel-FREEZE,anilpi__both__mae__multi,5,2,-0.0799639752554932
diesel-FREEZE,anilpi__both__mae__multi,5,3,0.1346969232421035
diesel-FREEZE,anilpi__both__mae__multi,5,4,0.1958899341982449
diesel-FREEZE,anilpi__both__mae__multi,5,5,-0.2110569621590354
diesel-FREEZE,anilpi__both__mae__multi,5,6,0.0742857489604805
diesel-FREEZE,anilpi__both__mae__multi,5,7,-0.1753657977913987
diesel-FREEZE,anilpi__both__mae__multi,5,8,-0.8731521844391255
diesel-FREEZE,anilpi__both__mae__multi,5,9,-0.0169264078241708
diesel-FREEZE,anilpi__both__mae__multi,10,0,0.135772968402757
diesel-FREEZE,anilpi__both__mae__multi,10,1,0.1826967436432334
diesel-FREEZE,anilpi__both__mae__multi,10,2,0.0293941477465926
diesel-FREEZE,anilpi__both__mae__multi,10,3,-0.505608104486289
diesel-FREEZE,anilpi__both__mae__multi,10,4,0.0291901911018916
diesel-FREEZE,anilpi__both__mae__multi,10,5,-0.1518704289540939
diesel-FREEZE,anilpi__both__mae__multi,10,6,0.1418110658637976
diesel-FREEZE,anilpi__both__mae__multi,10,7,0.0889403032893046
diesel-FREEZE,anilpi__both__mae__multi,10,8,0.5900698726793174
diesel-FREEZE,anilpi__both__mae__multi,10,9,0.4048428615438892
diesel-FREEZE,anilpi__both__mae__multi,20,0,0.5068982726239915
diesel-FREEZE,anilpi__both__mae__multi,20,1,0.6828503711906075
diesel-FREEZE,anilpi__both__mae__multi,20,2,0.1938778682047406
diesel-FREEZE,anilpi__both__mae__multi,20,3,0.4509421669962863
diesel-FREEZE,anilpi__both__mae__multi,20,4,0.5446460435936733
diesel-FREEZE,anilpi__both__mae__multi,20,5,0.2212082901042191
diesel-FREEZE,anilpi__both__mae__multi,20,6,0.3386648957722359
diesel-FREEZE,anilpi__both__mae__multi,20,7,0.4942243938252939
diesel-FREEZE,anilpi__both__mae__multi,20,8,0.244958695858199
diesel-FREEZE,anilpi__both__mae__multi,20,9,0.6426730911840298
diesel-TOTAL,anilpi__both__mae__multi,5,0,0.5975045743678113
diesel-TOTAL,anilpi__both__mae__multi,5,1,0.6631869006218243
diesel-TOTAL,anilpi__both__mae__multi,5,2,0.5904705974632373
diesel-TOTAL,anilpi__both__mae__multi,5,3,0.560969465418683
diesel-TOTAL,anilpi__both__mae__multi,5,4,0.7289948358341364
diesel-TOTAL,anilpi__both__mae__multi,5,5,0.4840192344333169
diesel-TOTAL,anilpi__both__mae__multi,5,6,0.6052483912323854
diesel-TOTAL,anilpi__both__mae__multi,5,7,0.652802318126702
diesel-TOTAL,anilpi__both__mae__multi,5,8,0.6517068746557656
diesel-TOTAL,anilpi__both__mae__multi,5,9,0.5468047354304013
diesel-TOTAL,anilpi__both__mae__multi,10,0,0.760084248836332
diesel-TOTAL,anilpi__both__mae__multi,10,1,0.8073193000376152
diesel-TOTAL,anilpi__both__mae__multi,10,2,0.7254790961953221
diesel-TOTAL,anilpi__both__mae__multi,10,3,0.6665577900912045
diesel-TOTAL,anilpi__both__mae__multi,10,4,0.8699367820743615
diesel-TOTAL,anilpi__both__mae__multi,10,5,0.7187575523108716
diesel-TOTAL,anilpi__both__mae__multi,10,6,0.7576744155064352
diesel-TOTAL,anilpi__both__mae__multi,10,7,0.6247803839853812
diesel-TOTAL,anilpi__both__mae__multi,10,8,0.7912399775020452
diesel-TOTAL,anilpi__both__mae__multi,10,9,0.613134174134975
diesel-TOTAL,anilpi__both__mae__multi,20,0,0.7983175441201118
diesel-TOTAL,anilpi__both__mae__multi,20,1,0.8314206140711169
diesel-TOTAL,anilpi__both__mae__multi,20,2,0.823394760315466
diesel-TOTAL,anilpi__both__mae__multi,20,3,0.8710325321153529
diesel-TOTAL,anilpi__both__mae__multi,20,4,0.8997634848682492
diesel-TOTAL,anilpi__both__mae__multi,20,5,0.6797178121125533
diesel-TOTAL,anilpi__both__mae__multi,20,6,0.8277223821295128
diesel-TOTAL,anilpi__both__mae__multi,20,7,0.8327298876078157
diesel-TOTAL,anilpi__both__mae__multi,20,8,0.8466066433568956
diesel-TOTAL,anilpi__both__mae__multi,20,9,0.8419760447973066
diesel-VISC,anilpi__both__mae__multi,5,0,-0.5135877292093065
diesel-VISC,anilpi__both__mae__multi,5,1,-0.1055280623107304
diesel-VISC,anilpi__both__mae__multi,5,2,-1.6858539325073512
diesel-VISC,anilpi__both__mae__multi,5,3,-0.6347692663939548
diesel-VISC,anilpi__both__mae__multi,5,4,-1.9151692882129248
diesel-VISC,anilpi__both__mae__multi,5,5,-0.2930333335000947
diesel-VISC,anilpi__both__mae__multi,5,6,0.3734965643687494
diesel-VISC,anilpi__both__mae__multi,5,7,0.1512421735251348
diesel-VISC,anilpi__both__mae__multi,5,8,-0.571382608343431
diesel-VISC,anilpi__both__mae__multi,5,9,-0.7648209204601155
diesel-VISC,anilpi__both__mae__multi,10,0,0.2969785030660851
diesel-VISC,anilpi__both__mae__multi,10,1,0.5073476277556306
diesel-VISC,anilpi__both__mae__multi,10,2,0.1814652727633607
diesel-VISC,anilpi__both__mae__multi,10,3,-0.564884564045764
diesel-VISC,anilpi__both__mae__multi,10,4,0.1289961273653378
diesel-VISC,anilpi__both__mae__multi,10,5,0.5161401591941402
diesel-VISC,anilpi__both__mae__multi,10,6,0.2134092369019464
diesel-VISC,anilpi__both__mae__multi,10,7,-0.4574681651066954
diesel-VISC,anilpi__both__mae__multi,10,8,0.4530827642092264
diesel-VISC,anilpi__both__mae__multi,10,9,0.0745366178105524
diesel-VISC,anilpi__both__mae__multi,20,0,0.4224417730892734
diesel-VISC,anilpi__both__mae__multi,20,1,0.6176854980742807
diesel-VISC,anilpi__both__mae__multi,20,2,0.4478091256166395
diesel-VISC,anilpi__both__mae__multi,20,3,0.4969238621044837
diesel-VISC,anilpi__both__mae__multi,20,4,0.2430491799683074
diesel-VISC,anilpi__both__mae__multi,20,5,0.6025734651481793
diesel-VISC,anilpi__both__mae__multi,20,6,0.6742302406499272
diesel-VISC,anilpi__both__mae__multi,20,7,0.5838104818160144
diesel-VISC,anilpi__both__mae__multi,20,8,0.1517519659945428
diesel-VISC,anilpi__both__mae__multi,20,9,0.4941176704650263
evoo-adulteration,anilpi__both__mae__multi,5,0,-0.3834142946314804
evoo-adulteration,anilpi__both__mae__multi,5,1,-0.0803574261233537
evoo-adulteration,anilpi__both__mae__multi,5,2,-0.5228372124141802
evoo-adulteration,anilpi__both__mae__multi,5,3,0.0036564249213792
evoo-adulteration,anilpi__both__mae__multi,5,4,-0.3695682969681766
evoo-adulteration,anilpi__both__mae__multi,5,5,-1.0233584311353248
evoo-adulteration,anilpi__both__mae__multi,5,6,-0.8904418967389782
evoo-adulteration,anilpi__both__mae__multi,5,7,-1.543794371059545
evoo-adulteration,anilpi__both__mae__multi,5,8,-0.4467271622926829
evoo-adulteration,anilpi__both__mae__multi,5,9,-1.0705203420847118
evoo-adulteration,anilpi__both__mae__multi,10,0,-1.276587823281373
evoo-adulteration,anilpi__both__mae__multi,10,1,-0.6299864519888336
evoo-adulteration,anilpi__both__mae__multi,10,2,-0.848958777204039
evoo-adulteration,anilpi__both__mae__multi,10,3,-1.5962475556783042
evoo-adulteration,anilpi__both__mae__multi,10,4,0.0342170453173218
evoo-adulteration,anilpi__both__mae__multi,10,5,-2.9093960840256363
evoo-adulteration,anilpi__both__mae__multi,10,6,-1.0684659064347497
evoo-adulteration,anilpi__both__mae__multi,10,7,0.3682991085287863
evoo-adulteration,anilpi__both__mae__multi,10,8,0.1887133242249267
evoo-adulteration,anilpi__both__mae__multi,10,9,-4.877488522953083
evoo-adulteration,anilpi__both__mae__multi,20,0,-0.0126761873781136
evoo-adulteration,anilpi__both__mae__multi,20,1,0.1065003482773405
evoo-adulteration,anilpi__both__mae__multi,20,2,0.1374293813768179
evoo-adulteration,anilpi__both__mae__multi,20,3,-0.224225682906997
evoo-adulteration,anilpi__both__mae__multi,20,4,0.0834176225093393
evoo-adulteration,anilpi__both__mae__multi,20,5,0.0761166367483137
evoo-adulteration,anilpi__both__mae__multi,20,6,-0.1001695533371378
evoo-adulteration,anilpi__both__mae__multi,20,7,0.3406893272775739
evoo-adulteration,anilpi__both__mae__multi,20,8,-0.0659543972515688
evoo-adulteration,anilpi__both__mae__multi,20,9,0.1930972419209533
gasoline-octane,anilpi__both__mae__multi,5,0,0.8928268870891735
gasoline-octane,anilpi__both__mae__multi,5,1,0.1897130678076056
gasoline-octane,anilpi__both__mae__multi,5,2,0.8933796705157571
gasoline-octane,anilpi__both__mae__multi,5,3,0.9326691993429328
gasoline-octane,anilpi__both__mae__multi,5,4,0.920796656059261
gasoline-octane,anilpi__both__mae__multi,5,5,0.2793702108080502
gasoline-octane,anilpi__both__mae__multi,5,6,0.6883804008270986
gasoline-octane,anilpi__both__mae__multi,5,7,-0.1693975299496166
gasoline-octane,anilpi__both__mae__multi,5,8,0.1029984041768136
gasoline-octane,anilpi__both__mae__multi,5,9,0.7083054793938698
gasoline-octane,anilpi__both__mae__multi,10,0,0.7758637713144506
gasoline-octane,anilpi__both__mae__multi,10,1,0.8489566873367461
gasoline-octane,anilpi__both__mae__multi,10,2,0.5779317048923466
gasoline-octane,anilpi__both__mae__multi,10,3,0.8031651467234022
gasoline-octane,anilpi__both__mae__multi,10,4,0.8988024842876956
gasoline-octane,anilpi__both__mae__multi,10,5,0.8306182029219692
gasoline-octane,anilpi__both__mae__multi,10,6,0.918875227724682
gasoline-octane,anilpi__both__mae__multi,10,7,0.9002446701498793
gasoline-octane,anilpi__both__mae__multi,10,8,0.6985614932082179
gasoline-octane,anilpi__both__mae__multi,10,9,0.8689870514490278
gasoline-octane,anilpi__both__mae__multi,20,0,0.9305043817090192
gasoline-octane,anilpi__both__mae__multi,20,1,0.910923358092236
gasoline-octane,anilpi__both__mae__multi,20,2,0.9232684998434648
gasoline-octane,anilpi__both__mae__multi,20,3,0.943613914612124
gasoline-octane,anilpi__both__mae__multi,20,4,0.9272343497793644
gasoline-octane,anilpi__both__mae__multi,20,5,0.8509798952820393
gasoline-octane,anilpi__both__mae__multi,20,6,0.9226109708839744
gasoline-octane,anilpi__both__mae__multi,20,7,0.9539587565203476
gasoline-octane,anilpi__both__mae__multi,20,8,0.8799383554191917
gasoline-octane,anilpi__both__mae__multi,20,9,0.8815672777277072
corn_m5-moisture,anilpi__both__mae__no_corn,5,0,-0.3144973630144532
corn_m5-moisture,anilpi__both__mae__no_corn,5,1,-0.9704584516556404
corn_m5-moisture,anilpi__both__mae__no_corn,5,2,0.074904431227264
corn_m5-moisture,anilpi__both__mae__no_corn,5,3,-1.6134448472033776
corn_m5-moisture,anilpi__both__mae__no_corn,5,4,-0.2118569008386659
corn_m5-moisture,anilpi__both__mae__no_corn,5,5,-0.26128494105308
corn_m5-moisture,anilpi__both__mae__no_corn,5,6,-0.8086319380400184
corn_m5-moisture,anilpi__both__mae__no_corn,5,7,-1.5949335533872415
corn_m5-moisture,anilpi__both__mae__no_corn,5,8,-0.1032859767920573
corn_m5-moisture,anilpi__both__mae__no_corn,5,9,-0.7737638117424361
corn_m5-moisture,anilpi__both__mae__no_corn,10,0,-1.6644661775869083
corn_m5-moisture,anilpi__both__mae__no_corn,10,1,-0.6510315489790406
corn_m5-moisture,anilpi__both__mae__no_corn,10,2,-0.1039320591155961
corn_m5-moisture,anilpi__both__mae__no_corn,10,3,0.3208287960388964
corn_m5-moisture,anilpi__both__mae__no_corn,10,4,0.147594605690571
corn_m5-moisture,anilpi__both__mae__no_corn,10,5,-1.5986306277361022
corn_m5-moisture,anilpi__both__mae__no_corn,10,6,-0.0145483676864421
corn_m5-moisture,anilpi__both__mae__no_corn,10,7,-0.4868388057692936
corn_m5-moisture,anilpi__both__mae__no_corn,10,8,-0.0204354134671134
corn_m5-moisture,anilpi__both__mae__no_corn,10,9,0.0496968494160242
corn_m5-moisture,anilpi__both__mae__no_corn,20,0,0.1200453124188978
corn_m5-moisture,anilpi__both__mae__no_corn,20,1,0.1344232661056104
corn_m5-moisture,anilpi__both__mae__no_corn,20,2,0.0949351351380761
corn_m5-moisture,anilpi__both__mae__no_corn,20,3,0.0283078671312696
corn_m5-moisture,anilpi__both__mae__no_corn,20,4,0.2728941181793162
corn_m5-moisture,anilpi__both__mae__no_corn,20,5,0.3886839147244536
corn_m5-moisture,anilpi__both__mae__no_corn,20,6,0.1345668017871418
corn_m5-moisture,anilpi__both__mae__no_corn,20,7,0.3657696352015533
corn_m5-moisture,anilpi__both__mae__no_corn,20,8,0.0804716415504345
corn_m5-moisture,anilpi__both__mae__no_corn,20,9,0.180268254645073
corn_m5-oil,anilpi__both__mae__no_corn,5,0,-1.0802447753449504
corn_m5-oil,anilpi__both__mae__no_corn,5,1,-0.439013767045459
corn_m5-oil,anilpi__both__mae__no_corn,5,2,-1.260597405944739
corn_m5-oil,anilpi__both__mae__no_corn,5,3,-0.6117075012058353
corn_m5-oil,anilpi__both__mae__no_corn,5,4,-0.5624667554542659
corn_m5-oil,anilpi__both__mae__no_corn,5,5,-0.8801336137403883
corn_m5-oil,anilpi__both__mae__no_corn,5,6,-0.1229611660286047
corn_m5-oil,anilpi__both__mae__no_corn,5,7,-0.7731811168820735
corn_m5-oil,anilpi__both__mae__no_corn,5,8,-1.3958966226618168
corn_m5-oil,anilpi__both__mae__no_corn,5,9,-0.3228249511917445
corn_m5-oil,anilpi__both__mae__no_corn,10,0,0.2416339644188788
corn_m5-oil,anilpi__both__mae__no_corn,10,1,0.2383922318746263
corn_m5-oil,anilpi__both__mae__no_corn,10,2,0.0797549062983707
corn_m5-oil,anilpi__both__mae__no_corn,10,3,0.3743256198541516
corn_m5-oil,anilpi__both__mae__no_corn,10,4,-0.3762638016942567
corn_m5-oil,anilpi__both__mae__no_corn,10,5,0.1214700529379332
corn_m5-oil,anilpi__both__mae__no_corn,10,6,-0.2778757951711523
corn_m5-oil,anilpi__both__mae__no_corn,10,7,0.0634384081959741
corn_m5-oil,anilpi__both__mae__no_corn,10,8,0.4859933100778925
corn_m5-oil,anilpi__both__mae__no_corn,10,9,0.0107776563833745
corn_m5-oil,anilpi__both__mae__no_corn,20,0,0.075161198349464
corn_m5-oil,anilpi__both__mae__no_corn,20,1,0.412877088579065
corn_m5-oil,anilpi__both__mae__no_corn,20,2,-0.0348996635659173
corn_m5-oil,anilpi__both__mae__no_corn,20,3,0.244625826866072
corn_m5-oil,anilpi__both__mae__no_corn,20,4,0.4210454664661779
corn_m5-oil,anilpi__both__mae__no_corn,20,5,0.1576669889745203
corn_m5-oil,anilpi__both__mae__no_corn,20,6,0.2303739082607083
corn_m5-oil,anilpi__both__mae__no_corn,20,7,0.2663109336276283
corn_m5-oil,anilpi__both__mae__no_corn,20,8,0.2059004039794117
corn_m5-oil,anilpi__both__mae__no_corn,20,9,-0.0639586030022545
corn_m5-protein,anilpi__both__mae__no_corn,5,0,0.3654298435796148
corn_m5-protein,anilpi__both__mae__no_corn,5,1,-0.0743813039535661
corn_m5-protein,anilpi__both__mae__no_corn,5,2,-0.1318959746707866
corn_m5-protein,anilpi__both__mae__no_corn,5,3,0.3815523968864125
corn_m5-protein,anilpi__both__mae__no_corn,5,4,-0.0823658590899933
corn_m5-protein,anilpi__both__mae__no_corn,5,5,0.4912707187245779
corn_m5-protein,anilpi__both__mae__no_corn,5,6,0.0554537536772948
corn_m5-protein,anilpi__both__mae__no_corn,5,7,0.2871173551520322
corn_m5-protein,anilpi__both__mae__no_corn,5,8,-1.161898929080588
corn_m5-protein,anilpi__both__mae__no_corn,5,9,-2.868540878276953
corn_m5-protein,anilpi__both__mae__no_corn,10,0,0.2552936315046591
corn_m5-protein,anilpi__both__mae__no_corn,10,1,0.3961919436224391
corn_m5-protein,anilpi__both__mae__no_corn,10,2,0.2773399047599212
corn_m5-protein,anilpi__both__mae__no_corn,10,3,-0.1603260221354865
corn_m5-protein,anilpi__both__mae__no_corn,10,4,-0.098428568289115
corn_m5-protein,anilpi__both__mae__no_corn,10,5,0.4342579003424662
corn_m5-protein,anilpi__both__mae__no_corn,10,6,-0.3023425139526421
corn_m5-protein,anilpi__both__mae__no_corn,10,7,0.4241878842046395
corn_m5-protein,anilpi__both__mae__no_corn,10,8,0.0935016123588349
corn_m5-protein,anilpi__both__mae__no_corn,10,9,0.0661982941226875
corn_m5-protein,anilpi__both__mae__no_corn,20,0,0.5035425954640955
corn_m5-protein,anilpi__both__mae__no_corn,20,1,0.3740605722669206
corn_m5-protein,anilpi__both__mae__no_corn,20,2,0.5201359144023286
corn_m5-protein,anilpi__both__mae__no_corn,20,3,0.3077343694040059
corn_m5-protein,anilpi__both__mae__no_corn,20,4,0.4341282629255106
corn_m5-protein,anilpi__both__mae__no_corn,20,5,0.5955411012114682
corn_m5-protein,anilpi__both__mae__no_corn,20,6,0.5326888607391763
corn_m5-protein,anilpi__both__mae__no_corn,20,7,0.5358089417652162
corn_m5-protein,anilpi__both__mae__no_corn,20,8,0.548916050273836
corn_m5-protein,anilpi__both__mae__no_corn,20,9,0.5181799475650348
corn_m5-starch,anilpi__both__mae__no_corn,5,0,-1.1883950020751288
corn_m5-starch,anilpi__both__mae__no_corn,5,1,-0.4543470856839318
corn_m5-starch,anilpi__both__mae__no_corn,5,2,-0.4460161608465489
corn_m5-starch,anilpi__both__mae__no_corn,5,3,0.0739340018306072
corn_m5-starch,anilpi__both__mae__no_corn,5,4,-0.5225358280304577
corn_m5-starch,anilpi__both__mae__no_corn,5,5,-0.190668691294036
corn_m5-starch,anilpi__both__mae__no_corn,5,6,-0.1392529676657956
corn_m5-starch,anilpi__both__mae__no_corn,5,7,-0.806531409621073
corn_m5-starch,anilpi__both__mae__no_corn,5,8,-1.612407366868498
corn_m5-starch,anilpi__both__mae__no_corn,5,9,-3.487789243331308
corn_m5-starch,anilpi__both__mae__no_corn,10,0,-0.2096020469737498
corn_m5-starch,anilpi__both__mae__no_corn,10,1,0.294202462020701
corn_m5-starch,anilpi__both__mae__no_corn,10,2,0.1021014668535282
corn_m5-starch,anilpi__both__mae__no_corn,10,3,-0.4543485490290306
corn_m5-starch,anilpi__both__mae__no_corn,10,4,-0.1200635193535613
corn_m5-starch,anilpi__both__mae__no_corn,10,5,0.2062192796548423
corn_m5-starch,anilpi__both__mae__no_corn,10,6,-1.1780939841598066
corn_m5-starch,anilpi__both__mae__no_corn,10,7,0.1009302365125565
corn_m5-starch,anilpi__both__mae__no_corn,10,8,0.2866297662410213
corn_m5-starch,anilpi__both__mae__no_corn,10,9,-0.1701045344250793
corn_m5-starch,anilpi__both__mae__no_corn,20,0,0.092211256831665
corn_m5-starch,anilpi__both__mae__no_corn,20,1,-0.6236196650838113
corn_m5-starch,anilpi__both__mae__no_corn,20,2,0.10173127935273
corn_m5-starch,anilpi__both__mae__no_corn,20,3,-0.4411212146245113
corn_m5-starch,anilpi__both__mae__no_corn,20,4,0.201519057792414
corn_m5-starch,anilpi__both__mae__no_corn,20,5,0.1923770917176429
corn_m5-starch,anilpi__both__mae__no_corn,20,6,0.2248937390890076
corn_m5-starch,anilpi__both__mae__no_corn,20,7,-0.1140524359219321
corn_m5-starch,anilpi__both__mae__no_corn,20,8,0.2804810761766146
corn_m5-starch,anilpi__both__mae__no_corn,20,9,0.1810216428467979
diesel-BP50,anilpi__both__mae__no_diesel,5,0,-2.6826029399489726
diesel-BP50,anilpi__both__mae__no_diesel,5,1,-0.3469460304584746
diesel-BP50,anilpi__both__mae__no_diesel,5,2,-1.462275217706118
diesel-BP50,anilpi__both__mae__no_diesel,5,3,-1.18473421203577
diesel-BP50,anilpi__both__mae__no_diesel,5,4,-1.0521073824627063
diesel-BP50,anilpi__both__mae__no_diesel,5,5,-0.5467582346998889
diesel-BP50,anilpi__both__mae__no_diesel,5,6,0.03376019958884
diesel-BP50,anilpi__both__mae__no_diesel,5,7,0.0809657985042571
diesel-BP50,anilpi__both__mae__no_diesel,5,8,-4.534730954708113
diesel-BP50,anilpi__both__mae__no_diesel,5,9,-1.2439244022201827
diesel-BP50,anilpi__both__mae__no_diesel,10,0,-0.4818041046741868
diesel-BP50,anilpi__both__mae__no_diesel,10,1,-0.0892654794186151
diesel-BP50,anilpi__both__mae__no_diesel,10,2,0.1022393932802628
diesel-BP50,anilpi__both__mae__no_diesel,10,3,-0.255323048577186
diesel-BP50,anilpi__both__mae__no_diesel,10,4,-0.6933412703211788
diesel-BP50,anilpi__both__mae__no_diesel,10,5,-0.2366977634283813
diesel-BP50,anilpi__both__mae__no_diesel,10,6,-0.8607869041637131
diesel-BP50,anilpi__both__mae__no_diesel,10,7,-0.051713312137456
diesel-BP50,anilpi__both__mae__no_diesel,10,8,-0.4630874513290228
diesel-BP50,anilpi__both__mae__no_diesel,10,9,0.0898980742516859
diesel-BP50,anilpi__both__mae__no_diesel,20,0,0.0688357082145213
diesel-BP50,anilpi__both__mae__no_diesel,20,1,0.4433270931905201
diesel-BP50,anilpi__both__mae__no_diesel,20,2,0.1241965994713704
diesel-BP50,anilpi__both__mae__no_diesel,20,3,0.1728872239494997
diesel-BP50,anilpi__both__mae__no_diesel,20,4,0.3934285242462977
diesel-BP50,anilpi__both__mae__no_diesel,20,5,0.2166065307235142
diesel-BP50,anilpi__both__mae__no_diesel,20,6,0.231621467968371
diesel-BP50,anilpi__both__mae__no_diesel,20,7,0.5068212687422079
diesel-BP50,anilpi__both__mae__no_diesel,20,8,0.127499580097445
diesel-BP50,anilpi__both__mae__no_diesel,20,9,0.1584747691380051
diesel-CN,anilpi__both__mae__no_diesel,5,0,-0.1521683677963308
diesel-CN,anilpi__both__mae__no_diesel,5,1,-0.4586558943251837
diesel-CN,anilpi__both__mae__no_diesel,5,2,-0.2267392745684746
diesel-CN,anilpi__both__mae__no_diesel,5,3,-0.5655113966914023
diesel-CN,anilpi__both__mae__no_diesel,5,4,-0.0413449268861025
diesel-CN,anilpi__both__mae__no_diesel,5,5,-0.2128428340221171
diesel-CN,anilpi__both__mae__no_diesel,5,6,-1.1513569092929692
diesel-CN,anilpi__both__mae__no_diesel,5,7,-0.0159253750706334
diesel-CN,anilpi__both__mae__no_diesel,5,8,-5.134462443029704
diesel-CN,anilpi__both__mae__no_diesel,5,9,-0.1352645591550598
diesel-CN,anilpi__both__mae__no_diesel,10,0,-0.0394208118713013
diesel-CN,anilpi__both__mae__no_diesel,10,1,-0.71071266655126
diesel-CN,anilpi__both__mae__no_diesel,10,2,-0.2136202472100743
diesel-CN,anilpi__both__mae__no_diesel,10,3,0.3092490439332117
diesel-CN,anilpi__both__mae__no_diesel,10,4,0.1165447214668854
diesel-CN,anilpi__both__mae__no_diesel,10,5,0.1598218067950568
diesel-CN,anilpi__both__mae__no_diesel,10,6,0.0503781469176214
diesel-CN,anilpi__both__mae__no_diesel,10,7,-0.0366614709565544
diesel-CN,anilpi__both__mae__no_diesel,10,8,0.0389749196652297
diesel-CN,anilpi__both__mae__no_diesel,10,9,0.1152189462291053
diesel-CN,anilpi__both__mae__no_diesel,20,0,-0.9349511355376688
diesel-CN,anilpi__both__mae__no_diesel,20,1,-0.3019566847284649
diesel-CN,anilpi__both__mae__no_diesel,20,2,0.2560246308916928
diesel-CN,anilpi__both__mae__no_diesel,20,3,0.2231008981403092
diesel-CN,anilpi__both__mae__no_diesel,20,4,-0.3760540098598466
diesel-CN,anilpi__both__mae__no_diesel,20,5,0.2279584104500718
diesel-CN,anilpi__both__mae__no_diesel,20,6,0.12277114190428
diesel-CN,anilpi__both__mae__no_diesel,20,7,-0.013063068842249
diesel-CN,anilpi__both__mae__no_diesel,20,8,0.2695973451862722
diesel-CN,anilpi__both__mae__no_diesel,20,9,0.2086741730495361
diesel-D4052,anilpi__both__mae__no_diesel,5,0,0.2334333097831872
diesel-D4052,anilpi__both__mae__no_diesel,5,1,-6.525255658075909
diesel-D4052,anilpi__both__mae__no_diesel,5,2,-0.1286330063246263
diesel-D4052,anilpi__both__mae__no_diesel,5,3,0.2813785154208164
diesel-D4052,anilpi__both__mae__no_diesel,5,4,0.2856546776589713
diesel-D4052,anilpi__both__mae__no_diesel,5,5,-0.1466067886180295
diesel-D4052,anilpi__both__mae__no_diesel,5,6,-4.942358823923362
diesel-D4052,anilpi__both__mae__no_diesel,5,7,-1.1733063024062256
diesel-D4052,anilpi__both__mae__no_diesel,5,8,0.2176061627657142
diesel-D4052,anilpi__both__mae__no_diesel,5,9,0.2293723483783251
diesel-D4052,anilpi__both__mae__no_diesel,10,0,0.2684347224345098
diesel-D4052,anilpi__both__mae__no_diesel,10,1,0.329896061250903
diesel-D4052,anilpi__both__mae__no_diesel,10,2,0.3419403688163492
diesel-D4052,anilpi__both__mae__no_diesel,10,3,0.2753734881338812
diesel-D4052,anilpi__both__mae__no_diesel,10,4,0.3147103705212164
diesel-D4052,anilpi__both__mae__no_diesel,10,5,0.3561283686833797
diesel-D4052,anilpi__both__mae__no_diesel,10,6,0.3362745675124634
diesel-D4052,anilpi__both__mae__no_diesel,10,7,0.5646272244285679
diesel-D4052,anilpi__both__mae__no_diesel,10,8,0.5705715517359018
diesel-D4052,anilpi__both__mae__no_diesel,10,9,-0.053461182387047
diesel-D4052,anilpi__both__mae__no_diesel,20,0,0.6733565733497862
diesel-D4052,anilpi__both__mae__no_diesel,20,1,0.6219509977463265
diesel-D4052,anilpi__both__mae__no_diesel,20,2,0.628782032741958
diesel-D4052,anilpi__both__mae__no_diesel,20,3,0.24121607902891
diesel-D4052,anilpi__both__mae__no_diesel,20,4,0.6172765214932481
diesel-D4052,anilpi__both__mae__no_diesel,20,5,0.574910518915288
diesel-D4052,anilpi__both__mae__no_diesel,20,6,0.5125124609514439
diesel-D4052,anilpi__both__mae__no_diesel,20,7,0.5532181577068529
diesel-D4052,anilpi__both__mae__no_diesel,20,8,0.4382354835044747
diesel-D4052,anilpi__both__mae__no_diesel,20,9,0.5760098888690404
diesel-FLASH,anilpi__both__mae__no_diesel,5,0,-3.854022075321625
diesel-FLASH,anilpi__both__mae__no_diesel,5,1,-1.348596955985094
diesel-FLASH,anilpi__both__mae__no_diesel,5,2,-2.842555119780517
diesel-FLASH,anilpi__both__mae__no_diesel,5,3,-0.450146286286236
diesel-FLASH,anilpi__both__mae__no_diesel,5,4,-5.169634736671228
diesel-FLASH,anilpi__both__mae__no_diesel,5,5,-2.8014215124116597
diesel-FLASH,anilpi__both__mae__no_diesel,5,6,-0.4852305355798427
diesel-FLASH,anilpi__both__mae__no_diesel,5,7,-1.6877511316095537
diesel-FLASH,anilpi__both__mae__no_diesel,5,8,-2.6275900036845243
diesel-FLASH,anilpi__both__mae__no_diesel,5,9,-1.4863069431208396
diesel-FLASH,anilpi__both__mae__no_diesel,10,0,0.1292871392835196
diesel-FLASH,anilpi__both__mae__no_diesel,10,1,-2.419852550327441
diesel-FLASH,anilpi__both__mae__no_diesel,10,2,-0.9498761857468508
diesel-FLASH,anilpi__both__mae__no_diesel,10,3,-0.1453966570882328
diesel-FLASH,anilpi__both__mae__no_diesel,10,4,-0.0441483316828894
diesel-FLASH,anilpi__both__mae__no_diesel,10,5,-0.7622115500531421
diesel-FLASH,anilpi__both__mae__no_diesel,10,6,-0.0294312030066838
diesel-FLASH,anilpi__both__mae__no_diesel,10,7,-0.517869782478636
diesel-FLASH,anilpi__both__mae__no_diesel,10,8,-0.0771206774777197
diesel-FLASH,anilpi__both__mae__no_diesel,10,9,-1.8140813764161496
diesel-FLASH,anilpi__both__mae__no_diesel,20,0,-0.0762169564493224
diesel-FLASH,anilpi__both__mae__no_diesel,20,1,0.1871720873802766
diesel-FLASH,anilpi__both__mae__no_diesel,20,2,-0.0016732195235271
diesel-FLASH,anilpi__both__mae__no_diesel,20,3,0.1327544786996809
diesel-FLASH,anilpi__both__mae__no_diesel,20,4,0.0859133744279284
diesel-FLASH,anilpi__both__mae__no_diesel,20,5,0.0999470477425598
diesel-FLASH,anilpi__both__mae__no_diesel,20,6,-0.0503208074048422
diesel-FLASH,anilpi__both__mae__no_diesel,20,7,-0.1167628864181147
diesel-FLASH,anilpi__both__mae__no_diesel,20,8,0.2458418215389609
diesel-FLASH,anilpi__both__mae__no_diesel,20,9,-0.0822419704012649
diesel-FREEZE,anilpi__both__mae__no_diesel,5,0,-0.78750269695286
diesel-FREEZE,anilpi__both__mae__no_diesel,5,1,-4.714972801108505
diesel-FREEZE,anilpi__both__mae__no_diesel,5,2,-0.2326453620510717
diesel-FREEZE,anilpi__both__mae__no_diesel,5,3,0.0962381066572001
diesel-FREEZE,anilpi__both__mae__no_diesel,5,4,-0.0226494908908938
diesel-FREEZE,anilpi__both__mae__no_diesel,5,5,-1.364580878269225
diesel-FREEZE,anilpi__both__mae__no_diesel,5,6,-0.0011399417996362
diesel-FREEZE,anilpi__both__mae__no_diesel,5,7,-0.5082260389779198
diesel-FREEZE,anilpi__both__mae__no_diesel,5,8,-0.5410130865735046
diesel-FREEZE,anilpi__both__mae__no_diesel,5,9,0.052829220143828
diesel-FREEZE,anilpi__both__mae__no_diesel,10,0,0.1754791548998774
diesel-FREEZE,anilpi__both__mae__no_diesel,10,1,-0.6890190773225362
diesel-FREEZE,anilpi__both__mae__no_diesel,10,2,-0.2809618934277003
diesel-FREEZE,anilpi__both__mae__no_diesel,10,3,-1.0792207884253324
diesel-FREEZE,anilpi__both__mae__no_diesel,10,4,-0.2093649671492898
diesel-FREEZE,anilpi__both__mae__no_diesel,10,5,-0.3233898310004284
diesel-FREEZE,anilpi__both__mae__no_diesel,10,6,0.0048735769178986
diesel-FREEZE,anilpi__both__mae__no_diesel,10,7,0.1109128449134623
diesel-FREEZE,anilpi__both__mae__no_diesel,10,8,0.195800921168646
diesel-FREEZE,anilpi__both__mae__no_diesel,10,9,0.1393393711661045
diesel-FREEZE,anilpi__both__mae__no_diesel,20,0,0.2896837602667895
diesel-FREEZE,anilpi__both__mae__no_diesel,20,1,0.4911352381179286
diesel-FREEZE,anilpi__both__mae__no_diesel,20,2,-0.1747759310885852
diesel-FREEZE,anilpi__both__mae__no_diesel,20,3,0.1649325370698398
diesel-FREEZE,anilpi__both__mae__no_diesel,20,4,0.2980117267149242
diesel-FREEZE,anilpi__both__mae__no_diesel,20,5,-0.0439075849527006
diesel-FREEZE,anilpi__both__mae__no_diesel,20,6,0.3835818493179469
diesel-FREEZE,anilpi__both__mae__no_diesel,20,7,0.199692141134815
diesel-FREEZE,anilpi__both__mae__no_diesel,20,8,0.1898016589901158
diesel-FREEZE,anilpi__both__mae__no_diesel,20,9,0.2334246354789655
diesel-TOTAL,anilpi__both__mae__no_diesel,5,0,0.7545138099859242
diesel-TOTAL,anilpi__both__mae__no_diesel,5,1,-0.5035261203261865
diesel-TOTAL,anilpi__both__mae__no_diesel,5,2,0.646393932191988
diesel-TOTAL,anilpi__both__mae__no_diesel,5,3,0.5843717275430182
diesel-TOTAL,anilpi__both__mae__no_diesel,5,4,0.6769386776396884
diesel-TOTAL,anilpi__both__mae__no_diesel,5,5,0.6321047556022705
diesel-TOTAL,anilpi__both__mae__no_diesel,5,6,0.5584628783798039
diesel-TOTAL,anilpi__both__mae__no_diesel,5,7,0.618577930106327
diesel-TOTAL,anilpi__both__mae__no_diesel,5,8,0.4340618978978057
diesel-TOTAL,anilpi__both__mae__no_diesel,5,9,0.6759895292229174
diesel-TOTAL,anilpi__both__mae__no_diesel,10,0,0.7494388535958636
diesel-TOTAL,anilpi__both__mae__no_diesel,10,1,0.6658247769741001
diesel-TOTAL,anilpi__both__mae__no_diesel,10,2,0.6276285026115931
diesel-TOTAL,anilpi__both__mae__no_diesel,10,3,0.8208793685462704
diesel-TOTAL,anilpi__both__mae__no_diesel,10,4,0.7878879410969887
diesel-TOTAL,anilpi__both__mae__no_diesel,10,5,0.7768672293278496
diesel-TOTAL,anilpi__both__mae__no_diesel,10,6,0.7179105734058355
diesel-TOTAL,anilpi__both__mae__no_diesel,10,7,0.706832146818945
diesel-TOTAL,anilpi__both__mae__no_diesel,10,8,0.8382476006058978
diesel-TOTAL,anilpi__both__mae__no_diesel,10,9,0.6629870897794381
diesel-TOTAL,anilpi__both__mae__no_diesel,20,0,0.7393315028744032
diesel-TOTAL,anilpi__both__mae__no_diesel,20,1,0.7792719405661253
diesel-TOTAL,anilpi__both__mae__no_diesel,20,2,0.8188468508898641
diesel-TOTAL,anilpi__both__mae__no_diesel,20,3,0.8408380493921443
diesel-TOTAL,anilpi__both__mae__no_diesel,20,4,0.7825606195382115
diesel-TOTAL,anilpi__both__mae__no_diesel,20,5,0.6520651128115291
diesel-TOTAL,anilpi__both__mae__no_diesel,20,6,0.7945138333265137
diesel-TOTAL,anilpi__both__mae__no_diesel,20,7,0.781181781877344
diesel-TOTAL,anilpi__both__mae__no_diesel,20,8,0.806118491473717
diesel-TOTAL,anilpi__both__mae__no_diesel,20,9,0.8058657575581651
diesel-VISC,anilpi__both__mae__no_diesel,5,0,-1.3593792676695724
diesel-VISC,anilpi__both__mae__no_diesel,5,1,-2.738268875755923
diesel-VISC,anilpi__both__mae__no_diesel,5,2,-4.639300207184347
diesel-VISC,anilpi__both__mae__no_diesel,5,3,-0.3470872885963922
diesel-VISC,anilpi__both__mae__no_diesel,5,4,-1.5590937101418505
diesel-VISC,anilpi__both__mae__no_diesel,5,5,-0.9461451839456854
diesel-VISC,anilpi__both__mae__no_diesel,5,6,0.2833058337292713
diesel-VISC,anilpi__both__mae__no_diesel,5,7,-3.3811196261455647
diesel-VISC,anilpi__both__mae__no_diesel,5,8,-0.2645647547787839
diesel-VISC,anilpi__both__mae__no_diesel,5,9,-2.2563491964634714
diesel-VISC,anilpi__both__mae__no_diesel,10,0,0.5416025577066206
diesel-VISC,anilpi__both__mae__no_diesel,10,1,0.4076697661559734
diesel-VISC,anilpi__both__mae__no_diesel,10,2,-0.1340470344116549
diesel-VISC,anilpi__both__mae__no_diesel,10,3,-0.7912801359114641
diesel-VISC,anilpi__both__mae__no_diesel,10,4,-0.2079567440163066
diesel-VISC,anilpi__both__mae__no_diesel,10,5,0.3974968809994952
diesel-VISC,anilpi__both__mae__no_diesel,10,6,-0.1535824481664316
diesel-VISC,anilpi__both__mae__no_diesel,10,7,-0.7085914208574446
diesel-VISC,anilpi__both__mae__no_diesel,10,8,0.3354713196398773
diesel-VISC,anilpi__both__mae__no_diesel,10,9,-0.4132869024200158
diesel-VISC,anilpi__both__mae__no_diesel,20,0,-0.1336779252982236
diesel-VISC,anilpi__both__mae__no_diesel,20,1,0.3880132928379575
diesel-VISC,anilpi__both__mae__no_diesel,20,2,0.3996670075328142
diesel-VISC,anilpi__both__mae__no_diesel,20,3,0.1184948279144115
diesel-VISC,anilpi__both__mae__no_diesel,20,4,0.4588451783643225
diesel-VISC,anilpi__both__mae__no_diesel,20,5,0.2560843326403107
diesel-VISC,anilpi__both__mae__no_diesel,20,6,0.2005152080888648
diesel-VISC,anilpi__both__mae__no_diesel,20,7,0.3064823655023831
diesel-VISC,anilpi__both__mae__no_diesel,20,8,0.1586036781081324
diesel-VISC,anilpi__both__mae__no_diesel,20,9,-0.0021572630940687
evoo-adulteration,anilpi__both__mae__no_evoo,5,0,-0.2207090681463315
evoo-adulteration,anilpi__both__mae__no_evoo,5,1,-0.027474214902927
evoo-adulteration,anilpi__both__mae__no_evoo,5,2,-0.2947511199736468
evoo-adulteration,anilpi__both__mae__no_evoo,5,3,-0.1035313717387238
evoo-adulteration,anilpi__both__mae__no_evoo,5,4,-0.8312904452620893
evoo-adulteration,anilpi__both__mae__no_evoo,5,5,-1.0233584311353248
evoo-adulteration,anilpi__both__mae__no_evoo,5,6,-0.0988734329441898
evoo-adulteration,anilpi__both__mae__no_evoo,5,7,-0.8522359168888995
evoo-adulteration,anilpi__both__mae__no_evoo,5,8,-0.2716692764891697
evoo-adulteration,anilpi__both__mae__no_evoo,5,9,-0.8926174201581087
evoo-adulteration,anilpi__both__mae__no_evoo,10,0,-1.0553361506210686
evoo-adulteration,anilpi__both__mae__no_evoo,10,1,-0.9041568100603206
evoo-adulteration,anilpi__both__mae__no_evoo,10,2,-0.3212228952687794
evoo-adulteration,anilpi__both__mae__no_evoo,10,3,-0.1126543903934969
evoo-adulteration,anilpi__both__mae__no_evoo,10,4,-0.0880607841112188
evoo-adulteration,anilpi__both__mae__no_evoo,10,5,-1.5486977087442768
evoo-adulteration,anilpi__both__mae__no_evoo,10,6,-1.010367370775362
evoo-adulteration,anilpi__both__mae__no_evoo,10,7,0.183208673279108
evoo-adulteration,anilpi__both__mae__no_evoo,10,8,-0.0441263366474717
evoo-adulteration,anilpi__both__mae__no_evoo,10,9,-1.9940637550656244
evoo-adulteration,anilpi__both__mae__no_evoo,20,0,0.2690686723125876
evoo-adulteration,anilpi__both__mae__no_evoo,20,1,-0.0158186450567561
evoo-adulteration,anilpi__both__mae__no_evoo,20,2,0.1340936785343912
evoo-adulteration,anilpi__both__mae__no_evoo,20,3,-0.3236368387718442
evoo-adulteration,anilpi__both__mae__no_evoo,20,4,0.1228047650331213
evoo-adulteration,anilpi__both__mae__no_evoo,20,5,-0.046940114120054
evoo-adulteration,anilpi__both__mae__no_evoo,20,6,0.0403974966227125
evoo-adulteration,anilpi__both__mae__no_evoo,20,7,0.177359471671809
evoo-adulteration,anilpi__both__mae__no_evoo,20,8,-0.1567269377735092
evoo-adulteration,anilpi__both__mae__no_evoo,20,9,0.133406959559405
gasoline-octane,anilpi__both__mae__no_gasoline,5,0,0.5275592011140819
gasoline-octane,anilpi__both__mae__no_gasoline,5,1,0.5245560324923934
gasoline-octane,anilpi__both__mae__no_gasoline,5,2,0.7055786444544138
gasoline-octane,anilpi__both__mae__no_gasoline,5,3,0.7068724147437616
gasoline-octane,anilpi__both__mae__no_gasoline,5,4,0.7607361272795241
gasoline-octane,anilpi__both__mae__no_gasoline,5,5,0.5390796404357252
gasoline-octane,anilpi__both__mae__no_gasoline,5,6,-0.0772620358698994
gasoline-octane,anilpi__both__mae__no_gasoline,5,7,0.168386204809972
gasoline-octane,anilpi__both__mae__no_gasoline,5,8,-0.6498486525929561
gasoline-octane,anilpi__both__mae__no_gasoline,5,9,0.6506960011562304
gasoline-octane,anilpi__both__mae__no_gasoline,10,0,0.7420963519800083
gasoline-octane,anilpi__both__mae__no_gasoline,10,1,0.7476982670170385
gasoline-octane,anilpi__both__mae__no_gasoline,10,2,0.7542765418329019
gasoline-octane,anilpi__both__mae__no_gasoline,10,3,0.6604884297994356
gasoline-octane,anilpi__both__mae__no_gasoline,10,4,0.9021239077569028
gasoline-octane,anilpi__both__mae__no_gasoline,10,5,0.7788906723063475
gasoline-octane,anilpi__both__mae__no_gasoline,10,6,0.7041452845733185
gasoline-octane,anilpi__both__mae__no_gasoline,10,7,0.8613024810048675
gasoline-octane,anilpi__both__mae__no_gasoline,10,8,0.8295218028721723
gasoline-octane,anilpi__both__mae__no_gasoline,10,9,0.8689725510231373
gasoline-octane,anilpi__both__mae__no_gasoline,20,0,0.7806600533992962
gasoline-octane,anilpi__both__mae__no_gasoline,20,1,0.8606420598571489
gasoline-octane,anilpi__both__mae__no_gasoline,20,2,0.8456056377647226
gasoline-octane,anilpi__both__mae__no_gasoline,20,3,0.8910335390879232
gasoline-octane,anilpi__both__mae__no_gasoline,20,4,0.8792122653373682
gasoline-octane,anilpi__both__mae__no_gasoline,20,5,0.9170638636056544
gasoline-octane,anilpi__both__mae__no_gasoline,20,6,0.8424544297123969
gasoline-octane,anilpi__both__mae__no_gasoline,20,7,0.872744223366686
gasoline-octane,anilpi__both__mae__no_gasoline,20,8,0.8746371062924587
gasoline-octane,anilpi__both__mae__no_gasoline,20,9,0.797514356092137
corn_m5-moisture,anilpi__vanilla__mae__no_corn,5,0,0.2088537575384806
corn_m5-moisture,anilpi__vanilla__mae__no_corn,5,1,-1.5235223836795888
corn_m5-moisture,anilpi__vanilla__mae__no_corn,5,2,-0.0550311958362008
corn_m5-moisture,anilpi__vanilla__mae__no_corn,5,3,-3.2524560130794846
corn_m5-moisture,anilpi__vanilla__mae__no_corn,5,4,-0.2856108892515536
corn_m5-moisture,anilpi__vanilla__mae__no_corn,5,5,-0.4431228828478699
corn_m5-moisture,anilpi__vanilla__mae__no_corn,5,6,-0.0323234301383348
corn_m5-moisture,anilpi__vanilla__mae__no_corn,5,7,-1.2594061154465508
corn_m5-moisture,anilpi__vanilla__mae__no_corn,5,8,-0.5535769180669174
corn_m5-moisture,anilpi__vanilla__mae__no_corn,5,9,-1.0136478746088784
corn_m5-moisture,anilpi__vanilla__mae__no_corn,10,0,-1.729700594446761
corn_m5-moisture,anilpi__vanilla__mae__no_corn,10,1,-1.066507895208939
corn_m5-moisture,anilpi__vanilla__mae__no_corn,10,2,-0.0136573914228366
corn_m5-moisture,anilpi__vanilla__mae__no_corn,10,3,0.150755469377479
corn_m5-moisture,anilpi__vanilla__mae__no_corn,10,4,0.347853468006201
corn_m5-moisture,anilpi__vanilla__mae__no_corn,10,5,-1.481772943928124
corn_m5-moisture,anilpi__vanilla__mae__no_corn,10,6,-0.0638000802364557
corn_m5-moisture,anilpi__vanilla__mae__no_corn,10,7,0.0695738189970828
corn_m5-moisture,anilpi__vanilla__mae__no_corn,10,8,-0.391395116969444
corn_m5-moisture,anilpi__vanilla__mae__no_corn,10,9,0.1395887530609276
corn_m5-moisture,anilpi__vanilla__mae__no_corn,20,0,0.0846936715246208
corn_m5-moisture,anilpi__vanilla__mae__no_corn,20,1,0.2187036984692305
corn_m5-moisture,anilpi__vanilla__mae__no_corn,20,2,0.1542787577172246
corn_m5-moisture,anilpi__vanilla__mae__no_corn,20,3,-0.664191234766373
corn_m5-moisture,anilpi__vanilla__mae__no_corn,20,4,0.1822848580912601
corn_m5-moisture,anilpi__vanilla__mae__no_corn,20,5,0.2372823091507262
corn_m5-moisture,anilpi__vanilla__mae__no_corn,20,6,-0.0227435874983619
corn_m5-moisture,anilpi__vanilla__mae__no_corn,20,7,0.2860924633652223
corn_m5-moisture,anilpi__vanilla__mae__no_corn,20,8,-3.2536200760713285e-05
corn_m5-moisture,anilpi__vanilla__mae__no_corn,20,9,0.2190987934329381
corn_m5-oil,anilpi__vanilla__mae__no_corn,5,0,-1.152881783768883
corn_m5-oil,anilpi__vanilla__mae__no_corn,5,1,-0.2051660802807597
corn_m5-oil,anilpi__vanilla__mae__no_corn,5,2,0.0374896200079322
corn_m5-oil,anilpi__vanilla__mae__no_corn,5,3,-0.5504207966049848
corn_m5-oil,anilpi__vanilla__mae__no_corn,5,4,-0.3185191137865488
corn_m5-oil,anilpi__vanilla__mae__no_corn,5,5,-1.1091660495357596
corn_m5-oil,anilpi__vanilla__mae__no_corn,5,6,0.0998143751839439
corn_m5-oil,anilpi__vanilla__mae__no_corn,5,7,-0.5824917279586206
corn_m5-oil,anilpi__vanilla__mae__no_corn,5,8,-1.0817795524017804
corn_m5-oil,anilpi__vanilla__mae__no_corn,5,9,-1.8294776237580948
corn_m5-oil,anilpi__vanilla__mae__no_corn,10,0,0.3333223803981237
corn_m5-oil,anilpi__vanilla__mae__no_corn,10,1,0.4050409264733079
corn_m5-oil,anilpi__vanilla__mae__no_corn,10,2,0.0097601352378349
corn_m5-oil,anilpi__vanilla__mae__no_corn,10,3,0.1134951951892786
corn_m5-oil,anilpi__vanilla__mae__no_corn,10,4,-0.1628706201877039
corn_m5-oil,anilpi__vanilla__mae__no_corn,10,5,0.3155485244965804
corn_m5-oil,anilpi__vanilla__mae__no_corn,10,6,-0.5169320908933794
corn_m5-oil,anilpi__vanilla__mae__no_corn,10,7,0.1378942326057365
corn_m5-oil,anilpi__vanilla__mae__no_corn,10,8,0.1852573861277814
corn_m5-oil,anilpi__vanilla__mae__no_corn,10,9,0.4203039665800483
corn_m5-oil,anilpi__vanilla__mae__no_corn,20,0,0.2645032591936223
corn_m5-oil,anilpi__vanilla__mae__no_corn,20,1,0.3279877593118212
corn_m5-oil,anilpi__vanilla__mae__no_corn,20,2,0.1316230859261997
corn_m5-oil,anilpi__vanilla__mae__no_corn,20,3,0.1708949278413889
corn_m5-oil,anilpi__vanilla__mae__no_corn,20,4,0.3853165700202702
corn_m5-oil,anilpi__vanilla__mae__no_corn,20,5,0.1189982439676564
corn_m5-oil,anilpi__vanilla__mae__no_corn,20,6,0.3939370346213673
corn_m5-oil,anilpi__vanilla__mae__no_corn,20,7,0.3117156171469687
corn_m5-oil,anilpi__vanilla__mae__no_corn,20,8,0.2583473144217919
corn_m5-oil,anilpi__vanilla__mae__no_corn,20,9,0.1280913592899392
corn_m5-protein,anilpi__vanilla__mae__no_corn,5,0,0.2992234962089468
corn_m5-protein,anilpi__vanilla__mae__no_corn,5,1,-0.0153141562053484
corn_m5-protein,anilpi__vanilla__mae__no_corn,5,2,-0.1823077366901735
corn_m5-protein,anilpi__vanilla__mae__no_corn,5,3,0.5069985209396685
corn_m5-protein,anilpi__vanilla__mae__no_corn,5,4,-0.3472662826594548
corn_m5-protein,anilpi__vanilla__mae__no_corn,5,5,0.4188419476923839
corn_m5-protein,anilpi__vanilla__mae__no_corn,5,6,0.003279071736339
corn_m5-protein,anilpi__vanilla__mae__no_corn,5,7,0.3435119914237035
corn_m5-protein,anilpi__vanilla__mae__no_corn,5,8,-0.6576260414746824
corn_m5-protein,anilpi__vanilla__mae__no_corn,5,9,-1.7232014192572729
corn_m5-protein,anilpi__vanilla__mae__no_corn,10,0,0.2542590888096253
corn_m5-protein,anilpi__vanilla__mae__no_corn,10,1,0.335736693584357
corn_m5-protein,anilpi__vanilla__mae__no_corn,10,2,0.2469107458694737
corn_m5-protein,anilpi__vanilla__mae__no_corn,10,3,-0.0509280201826409
corn_m5-protein,anilpi__vanilla__mae__no_corn,10,4,-0.53702132403319
corn_m5-protein,anilpi__vanilla__mae__no_corn,10,5,0.2168599133796597
corn_m5-protein,anilpi__vanilla__mae__no_corn,10,6,-0.0963637275899647
corn_m5-protein,anilpi__vanilla__mae__no_corn,10,7,0.4183469658340912
corn_m5-protein,anilpi__vanilla__mae__no_corn,10,8,0.5818720439957907
corn_m5-protein,anilpi__vanilla__mae__no_corn,10,9,-0.1393001128835871
corn_m5-protein,anilpi__vanilla__mae__no_corn,20,0,0.3441386043777052
corn_m5-protein,anilpi__vanilla__mae__no_corn,20,1,-0.2214685915443557
corn_m5-protein,anilpi__vanilla__mae__no_corn,20,2,0.423313036154919
corn_m5-protein,anilpi__vanilla__mae__no_corn,20,3,-0.5063289581374444
corn_m5-protein,anilpi__vanilla__mae__no_corn,20,4,0.2499059210265733
corn_m5-protein,anilpi__vanilla__mae__no_corn,20,5,0.4913839303624554
corn_m5-protein,anilpi__vanilla__mae__no_corn,20,6,0.415798446123955
corn_m5-protein,anilpi__vanilla__mae__no_corn,20,7,0.3010921363817912
corn_m5-protein,anilpi__vanilla__mae__no_corn,20,8,0.3074656864745857
corn_m5-protein,anilpi__vanilla__mae__no_corn,20,9,0.3997897846850231
corn_m5-starch,anilpi__vanilla__mae__no_corn,5,0,-1.038016575006854
corn_m5-starch,anilpi__vanilla__mae__no_corn,5,1,-0.4644714213856897
corn_m5-starch,anilpi__vanilla__mae__no_corn,5,2,-0.765980046384735
corn_m5-starch,anilpi__vanilla__mae__no_corn,5,3,0.1425093185465106
corn_m5-starch,anilpi__vanilla__mae__no_corn,5,4,-1.4662658543480285
corn_m5-starch,anilpi__vanilla__mae__no_corn,5,5,-0.0366928701647319
corn_m5-starch,anilpi__vanilla__mae__no_corn,5,6,-0.2822627522390184
corn_m5-starch,anilpi__vanilla__mae__no_corn,5,7,-0.8176937018672179
corn_m5-starch,anilpi__vanilla__mae__no_corn,5,8,-0.3711547639569168
corn_m5-starch,anilpi__vanilla__mae__no_corn,5,9,-3.718085818387846
corn_m5-starch,anilpi__vanilla__mae__no_corn,10,0,-0.252516593729724
corn_m5-starch,anilpi__vanilla__mae__no_corn,10,1,0.173963552399744
corn_m5-starch,anilpi__vanilla__mae__no_corn,10,2,0.1742515519580177
corn_m5-starch,anilpi__vanilla__mae__no_corn,10,3,-0.5552299933138338
corn_m5-starch,anilpi__vanilla__mae__no_corn,10,4,-0.2232536266371614
corn_m5-starch,anilpi__vanilla__mae__no_corn,10,5,-0.099646732821417
corn_m5-starch,anilpi__vanilla__mae__no_corn,10,6,-1.0934451463386798
corn_m5-starch,anilpi__vanilla__mae__no_corn,10,7,0.0147610579939905
corn_m5-starch,anilpi__vanilla__mae__no_corn,10,8,0.1526513128927727
corn_m5-starch,anilpi__vanilla__mae__no_corn,10,9,-0.8356751696548603
corn_m5-starch,anilpi__vanilla__mae__no_corn,20,0,0.072966992106356
corn_m5-starch,anilpi__vanilla__mae__no_corn,20,1,-0.8588627601980774
corn_m5-starch,anilpi__vanilla__mae__no_corn,20,2,0.029508360663631
corn_m5-starch,anilpi__vanilla__mae__no_corn,20,3,-0.8507274555723829
corn_m5-starch,anilpi__vanilla__mae__no_corn,20,4,-0.0727659987046198
corn_m5-starch,anilpi__vanilla__mae__no_corn,20,5,0.1647678723321048
corn_m5-starch,anilpi__vanilla__mae__no_corn,20,6,0.0298100572805745
corn_m5-starch,anilpi__vanilla__mae__no_corn,20,7,-0.455871772941917
corn_m5-starch,anilpi__vanilla__mae__no_corn,20,8,0.0141197404346409
corn_m5-starch,anilpi__vanilla__mae__no_corn,20,9,0.0751097982156396
diesel-BP50,anilpi__vanilla__mae__no_diesel,5,0,-2.481393150066056
diesel-BP50,anilpi__vanilla__mae__no_diesel,5,1,-0.2832616863133415
diesel-BP50,anilpi__vanilla__mae__no_diesel,5,2,-3.0166375895050503
diesel-BP50,anilpi__vanilla__mae__no_diesel,5,3,-0.7516768340697018
diesel-BP50,anilpi__vanilla__mae__no_diesel,5,4,-0.8772872904531388
diesel-BP50,anilpi__vanilla__mae__no_diesel,5,5,-3.629485135325951
diesel-BP50,anilpi__vanilla__mae__no_diesel,5,6,0.0238875893839277
diesel-BP50,anilpi__vanilla__mae__no_diesel,5,7,-2.2115080309808848
diesel-BP50,anilpi__vanilla__mae__no_diesel,5,8,-5.221013707322552
diesel-BP50,anilpi__vanilla__mae__no_diesel,5,9,-1.2879785780138513
diesel-BP50,anilpi__vanilla__mae__no_diesel,10,0,-0.607123406867073
diesel-BP50,anilpi__vanilla__mae__no_diesel,10,1,0.2486584807316854
diesel-BP50,anilpi__vanilla__mae__no_diesel,10,2,0.1759590246392985
diesel-BP50,anilpi__vanilla__mae__no_diesel,10,3,0.0146775092969582
diesel-BP50,anilpi__vanilla__mae__no_diesel,10,4,-0.6749413998608751
diesel-BP50,anilpi__vanilla__mae__no_diesel,10,5,-1.9814794087501613
diesel-BP50,anilpi__vanilla__mae__no_diesel,10,6,-1.0722820928059384
diesel-BP50,anilpi__vanilla__mae__no_diesel,10,7,-0.1527484796981124
diesel-BP50,anilpi__vanilla__mae__no_diesel,10,8,-0.6182032171466216
diesel-BP50,anilpi__vanilla__mae__no_diesel,10,9,-0.177846663181729
diesel-BP50,anilpi__vanilla__mae__no_diesel,20,0,0.0851681327279733
diesel-BP50,anilpi__vanilla__mae__no_diesel,20,1,0.4591970881297584
diesel-BP50,anilpi__vanilla__mae__no_diesel,20,2,0.1577465486721163
diesel-BP50,anilpi__vanilla__mae__no_diesel,20,3,-0.0003995771302314
diesel-BP50,anilpi__vanilla__mae__no_diesel,20,4,0.2983903852322151
diesel-BP50,anilpi__vanilla__mae__no_diesel,20,5,-0.1801594733860669
diesel-BP50,anilpi__vanilla__mae__no_diesel,20,6,0.3392899039165112
diesel-BP50,anilpi__vanilla__mae__no_diesel,20,7,0.2650921829212729
diesel-BP50,anilpi__vanilla__mae__no_diesel,20,8,0.283788514160723
diesel-BP50,anilpi__vanilla__mae__no_diesel,20,9,0.2643109317788024
diesel-CN,anilpi__vanilla__mae__no_diesel,5,0,-0.4480464952584819
diesel-CN,anilpi__vanilla__mae__no_diesel,5,1,-2.329627439623309
diesel-CN,anilpi__vanilla__mae__no_diesel,5,2,0.0603723265149583
diesel-CN,anilpi__vanilla__mae__no_diesel,5,3,-1.0668742217592273
diesel-CN,anilpi__vanilla__mae__no_diesel,5,4,-0.6410632218816357
diesel-CN,anilpi__vanilla__mae__no_diesel,5,5,-0.0929203015802575
diesel-CN,anilpi__vanilla__mae__no_diesel,5,6,-0.7715230499283325
diesel-CN,anilpi__vanilla__mae__no_diesel,5,7,-0.2970896163710426
diesel-CN,anilpi__vanilla__mae__no_diesel,5,8,-5.576575120902353
diesel-CN,anilpi__vanilla__mae__no_diesel,5,9,0.0337837508941798
diesel-CN,anilpi__vanilla__mae__no_diesel,10,0,0.0170026127150163
diesel-CN,anilpi__vanilla__mae__no_diesel,10,1,-1.0434080893138855
diesel-CN,anilpi__vanilla__mae__no_diesel,10,2,0.1085279509229287
diesel-CN,anilpi__vanilla__mae__no_diesel,10,3,0.2244442643845096
diesel-CN,anilpi__vanilla__mae__no_diesel,10,4,0.2213451162248515
diesel-CN,anilpi__vanilla__mae__no_diesel,10,5,-0.0834197170594541
diesel-CN,anilpi__vanilla__mae__no_diesel,10,6,-0.8968635601853105
diesel-CN,anilpi__vanilla__mae__no_diesel,10,7,-0.0951873714257447
diesel-CN,anilpi__vanilla__mae__no_diesel,10,8,0.0032443490119331
diesel-CN,anilpi__vanilla__mae__no_diesel,10,9,-1.303616000823555
diesel-CN,anilpi__vanilla__mae__no_diesel,20,0,-0.5620125372958735
diesel-CN,anilpi__vanilla__mae__no_diesel,20,1,-0.0683364590684041
diesel-CN,anilpi__vanilla__mae__no_diesel,20,2,0.1962026563230537
diesel-CN,anilpi__vanilla__mae__no_diesel,20,3,0.0341223554577616
diesel-CN,anilpi__vanilla__mae__no_diesel,20,4,-0.4813194808422971
diesel-CN,anilpi__vanilla__mae__no_diesel,20,5,-0.1108933530413847
diesel-CN,anilpi__vanilla__mae__no_diesel,20,6,0.1739657356494778
diesel-CN,anilpi__vanilla__mae__no_diesel,20,7,0.080999824202912
diesel-CN,anilpi__vanilla__mae__no_diesel,20,8,0.4061672083506201
diesel-CN,anilpi__vanilla__mae__no_diesel,20,9,0.2682704879652368
diesel-D4052,anilpi__vanilla__mae__no_diesel,5,0,0.0007474719042446
diesel-D4052,anilpi__vanilla__mae__no_diesel,5,1,-3.262230264786273
diesel-D4052,anilpi__vanilla__mae__no_diesel,5,2,-0.4501289115862339
diesel-D4052,anilpi__vanilla__mae__no_diesel,5,3,-0.2598884359487421
diesel-D4052,anilpi__vanilla__mae__no_diesel,5,4,0.1346543655659198
diesel-D4052,anilpi__vanilla__mae__no_diesel,5,5,-0.4345019335212583
diesel-D4052,anilpi__vanilla__mae__no_diesel,5,6,-1.4307702460197669
diesel-D4052,anilpi__vanilla__mae__no_diesel,5,7,-1.5584269409719569
diesel-D4052,anilpi__vanilla__mae__no_diesel,5,8,-0.6186254492495904
diesel-D4052,anilpi__vanilla__mae__no_diesel,5,9,-0.3408087217020321
diesel-D4052,anilpi__vanilla__mae__no_diesel,10,0,-0.3768853239227647
diesel-D4052,anilpi__vanilla__mae__no_diesel,10,1,0.0471097672241038
diesel-D4052,anilpi__vanilla__mae__no_diesel,10,2,-0.2510340887198352
diesel-D4052,anilpi__vanilla__mae__no_diesel,10,3,0.1917799338305781
diesel-D4052,anilpi__vanilla__mae__no_diesel,10,4,0.1348552953285965
diesel-D4052,anilpi__vanilla__mae__no_diesel,10,5,0.1932465785895807
diesel-D4052,anilpi__vanilla__mae__no_diesel,10,6,0.3745045694811144
diesel-D4052,anilpi__vanilla__mae__no_diesel,10,7,0.0733832420715291
diesel-D4052,anilpi__vanilla__mae__no_diesel,10,8,0.4640323625764162
diesel-D4052,anilpi__vanilla__mae__no_diesel,10,9,-1.291430221528119
diesel-D4052,anilpi__vanilla__mae__no_diesel,20,0,0.5321170909605016
diesel-D4052,anilpi__vanilla__mae__no_diesel,20,1,0.3880437095136438
diesel-D4052,anilpi__vanilla__mae__no_diesel,20,2,0.4637368054787132
diesel-D4052,anilpi__vanilla__mae__no_diesel,20,3,0.0801217896950553
diesel-D4052,anilpi__vanilla__mae__no_diesel,20,4,0.3398170010661218
diesel-D4052,anilpi__vanilla__mae__no_diesel,20,5,0.1841127985552318
diesel-D4052,anilpi__vanilla__mae__no_diesel,20,6,-0.0684394372492842
diesel-D4052,anilpi__vanilla__mae__no_diesel,20,7,0.366877583310732
diesel-D4052,anilpi__vanilla__mae__no_diesel,20,8,0.397067419271514
diesel-D4052,anilpi__vanilla__mae__no_diesel,20,9,0.4427435208462522
diesel-FLASH,anilpi__vanilla__mae__no_diesel,5,0,-4.903883988971612
diesel-FLASH,anilpi__vanilla__mae__no_diesel,5,1,-1.4883145509660904
diesel-FLASH,anilpi__vanilla__mae__no_diesel,5,2,-0.9570188762566788
diesel-FLASH,anilpi__vanilla__mae__no_diesel,5,3,-0.4076325296786327
diesel-FLASH,anilpi__vanilla__mae__no_diesel,5,4,-3.903110784834686
diesel-FLASH,anilpi__vanilla__mae__no_diesel,5,5,-5.200778869266023
diesel-FLASH,anilpi__vanilla__mae__no_diesel,5,6,-0.2309654926975131
diesel-FLASH,anilpi__vanilla__mae__no_diesel,5,7,-3.066584824696391
diesel-FLASH,anilpi__vanilla__mae__no_diesel,5,8,-2.5486857099587565
diesel-FLASH,anilpi__vanilla__mae__no_diesel,5,9,-1.2222453552064385
diesel-FLASH,anilpi__vanilla__mae__no_diesel,10,0,-0.1315045355817155
diesel-FLASH,anilpi__vanilla__mae__no_diesel,10,1,-1.453048872836141
diesel-FLASH,anilpi__vanilla__mae__no_diesel,10,2,-0.2556785862770518
diesel-FLASH,anilpi__vanilla__mae__no_diesel,10,3,-0.6050075486118511
diesel-FLASH,anilpi__vanilla__mae__no_diesel,10,4,-0.8188033458197623
diesel-FLASH,anilpi__vanilla__mae__no_diesel,10,5,-0.5152669362396327
diesel-FLASH,anilpi__vanilla__mae__no_diesel,10,6,-0.1442919928978467
diesel-FLASH,anilpi__vanilla__mae__no_diesel,10,7,-1.3712170529165983
diesel-FLASH,anilpi__vanilla__mae__no_diesel,10,8,-0.586548732863317
diesel-FLASH,anilpi__vanilla__mae__no_diesel,10,9,-1.1003080180564546
diesel-FLASH,anilpi__vanilla__mae__no_diesel,20,0,-0.3891674024889875
diesel-FLASH,anilpi__vanilla__mae__no_diesel,20,1,0.1294316529127102
diesel-FLASH,anilpi__vanilla__mae__no_diesel,20,2,0.1049880288365385
diesel-FLASH,anilpi__vanilla__mae__no_diesel,20,3,0.1118191790931379
diesel-FLASH,anilpi__vanilla__mae__no_diesel,20,4,-0.1599044312099315
diesel-FLASH,anilpi__vanilla__mae__no_diesel,20,5,0.0909112180480794
diesel-FLASH,anilpi__vanilla__mae__no_diesel,20,6,-0.3598589485329586
diesel-FLASH,anilpi__vanilla__mae__no_diesel,20,7,-0.1677988415704048
diesel-FLASH,anilpi__vanilla__mae__no_diesel,20,8,0.1982630356561874
diesel-FLASH,anilpi__vanilla__mae__no_diesel,20,9,-0.205729578482245
diesel-FREEZE,anilpi__vanilla__mae__no_diesel,5,0,-0.554844716107896
diesel-FREEZE,anilpi__vanilla__mae__no_diesel,5,1,-6.1475027488339
diesel-FREEZE,anilpi__vanilla__mae__no_diesel,5,2,-0.270486789509275
diesel-FREEZE,anilpi__vanilla__mae__no_diesel,5,3,0.0918248594449602
diesel-FREEZE,anilpi__vanilla__mae__no_diesel,5,4,-0.3883225420730807
diesel-FREEZE,anilpi__vanilla__mae__no_diesel,5,5,-1.6466519605396153
diesel-FREEZE,anilpi__vanilla__mae__no_diesel,5,6,-0.1827090721305597
diesel-FREEZE,anilpi__vanilla__mae__no_diesel,5,7,-0.5132600684498552
diesel-FREEZE,anilpi__vanilla__mae__no_diesel,5,8,-0.206674197370962
diesel-FREEZE,anilpi__vanilla__mae__no_diesel,5,9,-0.0636684562409126
diesel-FREEZE,anilpi__vanilla__mae__no_diesel,10,0,0.2459393426008242
diesel-FREEZE,anilpi__vanilla__mae__no_diesel,10,1,-0.0817034482513803
diesel-FREEZE,anilpi__vanilla__mae__no_diesel,10,2,-0.0232946271637695
diesel-FREEZE,anilpi__vanilla__mae__no_diesel,10,3,-1.1670226619350983
diesel-FREEZE,anilpi__vanilla__mae__no_diesel,10,4,-0.21326542043711
diesel-FREEZE,anilpi__vanilla__mae__no_diesel,10,5,-0.2804953220350383
diesel-FREEZE,anilpi__vanilla__mae__no_diesel,10,6,-0.0835756375663592
diesel-FREEZE,anilpi__vanilla__mae__no_diesel,10,7,0.0557372129778521
diesel-FREEZE,anilpi__vanilla__mae__no_diesel,10,8,0.102984297016475
diesel-FREEZE,anilpi__vanilla__mae__no_diesel,10,9,-0.4591557672261028
diesel-FREEZE,anilpi__vanilla__mae__no_diesel,20,0,0.2858373498417208
diesel-FREEZE,anilpi__vanilla__mae__no_diesel,20,1,0.3705808004849998
diesel-FREEZE,anilpi__vanilla__mae__no_diesel,20,2,-0.022651492353815
diesel-FREEZE,anilpi__vanilla__mae__no_diesel,20,3,0.0340584294339066
diesel-FREEZE,anilpi__vanilla__mae__no_diesel,20,4,0.3273521122798544
diesel-FREEZE,anilpi__vanilla__mae__no_diesel,20,5,-0.1744368510203606
diesel-FREEZE,anilpi__vanilla__mae__no_diesel,20,6,0.2904799660104163
diesel-FREEZE,anilpi__vanilla__mae__no_diesel,20,7,0.0925115541124252
diesel-FREEZE,anilpi__vanilla__mae__no_diesel,20,8,-0.1101853173720022
diesel-FREEZE,anilpi__vanilla__mae__no_diesel,20,9,0.2401731232847986
diesel-TOTAL,anilpi__vanilla__mae__no_diesel,5,0,0.6423248260964334
diesel-TOTAL,anilpi__vanilla__mae__no_diesel,5,1,-2.566549873505469
diesel-TOTAL,anilpi__vanilla__mae__no_diesel,5,2,0.1026290728105423
diesel-TOTAL,anilpi__vanilla__mae__no_diesel,5,3,0.4097160847802266
diesel-TOTAL,anilpi__vanilla__mae__no_diesel,5,4,0.7601493867026909
diesel-TOTAL,anilpi__vanilla__mae__no_diesel,5,5,0.5921506664703339
diesel-TOTAL,anilpi__vanilla__mae__no_diesel,5,6,0.7724998967577988
diesel-TOTAL,anilpi__vanilla__mae__no_diesel,5,7,-0.0764736808625146
diesel-TOTAL,anilpi__vanilla__mae__no_diesel,5,8,0.063248197329481
diesel-TOTAL,anilpi__vanilla__mae__no_diesel,5,9,0.6123990820186583
diesel-TOTAL,anilpi__vanilla__mae__no_diesel,10,0,0.7627604728875456
diesel-TOTAL,anilpi__vanilla__mae__no_diesel,10,1,0.6902471971852292
diesel-TOTAL,anilpi__vanilla__mae__no_diesel,10,2,0.7284947602894767
diesel-TOTAL,anilpi__vanilla__mae__no_diesel,10,3,0.7575854488811216
diesel-TOTAL,anilpi__vanilla__mae__no_diesel,10,4,0.7897213926453716
diesel-TOTAL,anilpi__vanilla__mae__no_diesel,10,5,0.7368133713290222
diesel-TOTAL,anilpi__vanilla__mae__no_diesel,10,6,0.6862660797468106
diesel-TOTAL,anilpi__vanilla__mae__no_diesel,10,7,0.745027912514261
diesel-TOTAL,anilpi__vanilla__mae__no_diesel,10,8,0.7241247136201321
diesel-TOTAL,anilpi__vanilla__mae__no_diesel,10,9,0.3959333521495271
diesel-TOTAL,anilpi__vanilla__mae__no_diesel,20,0,0.5323102703216382
diesel-TOTAL,anilpi__vanilla__mae__no_diesel,20,1,0.7707426926480507
diesel-TOTAL,anilpi__vanilla__mae__no_diesel,20,2,0.8039818189392167
diesel-TOTAL,anilpi__vanilla__mae__no_diesel,20,3,0.8386774119817687
diesel-TOTAL,anilpi__vanilla__mae__no_diesel,20,4,0.8129700315513848
diesel-TOTAL,anilpi__vanilla__mae__no_diesel,20,5,0.731180805645588
diesel-TOTAL,anilpi__vanilla__mae__no_diesel,20,6,0.8201961604708455
diesel-TOTAL,anilpi__vanilla__mae__no_diesel,20,7,0.778482817114851
diesel-TOTAL,anilpi__vanilla__mae__no_diesel,20,8,0.7878386266350939
diesel-TOTAL,anilpi__vanilla__mae__no_diesel,20,9,0.7980892976956921
diesel-VISC,anilpi__vanilla__mae__no_diesel,5,0,-2.221092431758306
diesel-VISC,anilpi__vanilla__mae__no_diesel,5,1,-5.194420524025644
diesel-VISC,anilpi__vanilla__mae__no_diesel,5,2,-2.079766151520626
diesel-VISC,anilpi__vanilla__mae__no_diesel,5,3,-0.713758948921869
diesel-VISC,anilpi__vanilla__mae__no_diesel,5,4,-3.9266542431613134
diesel-VISC,anilpi__vanilla__mae__no_diesel,5,5,-1.2140120849018468
diesel-VISC,anilpi__vanilla__mae__no_diesel,5,6,0.0303447451342645
diesel-VISC,anilpi__vanilla__mae__no_diesel,5,7,-3.5565128576399907
diesel-VISC,anilpi__vanilla__mae__no_diesel,5,8,-0.4916743412858753
diesel-VISC,anilpi__vanilla__mae__no_diesel,5,9,-1.4155321159893983
diesel-VISC,anilpi__vanilla__mae__no_diesel,10,0,0.1646015579400978
diesel-VISC,anilpi__vanilla__mae__no_diesel,10,1,0.1261011022702265
diesel-VISC,anilpi__vanilla__mae__no_diesel,10,2,-0.0874844420122695
diesel-VISC,anilpi__vanilla__mae__no_diesel,10,3,-2.972117503096662
diesel-VISC,anilpi__vanilla__mae__no_diesel,10,4,-0.4339404091490497
diesel-VISC,anilpi__vanilla__mae__no_diesel,10,5,-0.9965461886276156
diesel-VISC,anilpi__vanilla__mae__no_diesel,10,6,-1.0822634405213578
diesel-VISC,anilpi__vanilla__mae__no_diesel,10,7,-1.2073929487490118
diesel-VISC,anilpi__vanilla__mae__no_diesel,10,8,-0.8016171831384624
diesel-VISC,anilpi__vanilla__mae__no_diesel,10,9,-1.099756747110182
diesel-VISC,anilpi__vanilla__mae__no_diesel,20,0,-0.4334496939840928
diesel-VISC,anilpi__vanilla__mae__no_diesel,20,1,0.2229429356830596
diesel-VISC,anilpi__vanilla__mae__no_diesel,20,2,0.2220480785801428
diesel-VISC,anilpi__vanilla__mae__no_diesel,20,3,0.0641750339138312
diesel-VISC,anilpi__vanilla__mae__no_diesel,20,4,-0.4292746347543541
diesel-VISC,anilpi__vanilla__mae__no_diesel,20,5,0.1300834604081938
diesel-VISC,anilpi__vanilla__mae__no_diesel,20,6,-0.0353119482495885
diesel-VISC,anilpi__vanilla__mae__no_diesel,20,7,0.2590981468112091
diesel-VISC,anilpi__vanilla__mae__no_diesel,20,8,0.1857536942433431
diesel-VISC,anilpi__vanilla__mae__no_diesel,20,9,0.040212212605015
evoo-adulteration,anilpi__vanilla__mae__no_evoo,5,0,-0.1161155579625272
evoo-adulteration,anilpi__vanilla__mae__no_evoo,5,1,-0.5416024636607006
evoo-adulteration,anilpi__vanilla__mae__no_evoo,5,2,-0.3811090608005176
evoo-adulteration,anilpi__vanilla__mae__no_evoo,5,3,-0.2507419633747085
evoo-adulteration,anilpi__vanilla__mae__no_evoo,5,4,-0.8900080935009507
evoo-adulteration,anilpi__vanilla__mae__no_evoo,5,5,-1.0233584311353248
evoo-adulteration,anilpi__vanilla__mae__no_evoo,5,6,-0.6015387315204039
evoo-adulteration,anilpi__vanilla__mae__no_evoo,5,7,-0.2155221519247092
evoo-adulteration,anilpi__vanilla__mae__no_evoo,5,8,-0.0013564053741028
evoo-adulteration,anilpi__vanilla__mae__no_evoo,5,9,-1.5567656027750345
evoo-adulteration,anilpi__vanilla__mae__no_evoo,10,0,-0.8511945942815644
evoo-adulteration,anilpi__vanilla__mae__no_evoo,10,1,-0.7556664156438486
evoo-adulteration,anilpi__vanilla__mae__no_evoo,10,2,-0.1039067900787296
evoo-adulteration,anilpi__vanilla__mae__no_evoo,10,3,-0.1348541807992651
evoo-adulteration,anilpi__vanilla__mae__no_evoo,10,4,-0.1662230416799099
evoo-adulteration,anilpi__vanilla__mae__no_evoo,10,5,-1.4574368969406604
evoo-adulteration,anilpi__vanilla__mae__no_evoo,10,6,-1.241635539612321
evoo-adulteration,anilpi__vanilla__mae__no_evoo,10,7,0.2327097154643745
evoo-adulteration,anilpi__vanilla__mae__no_evoo,10,8,-0.4864125443710858
evoo-adulteration,anilpi__vanilla__mae__no_evoo,10,9,-0.9027652513827082
evoo-adulteration,anilpi__vanilla__mae__no_evoo,20,0,0.0778163981144799
evoo-adulteration,anilpi__vanilla__mae__no_evoo,20,1,0.0950326735501155
evoo-adulteration,anilpi__vanilla__mae__no_evoo,20,2,0.1097578696239792
evoo-adulteration,anilpi__vanilla__mae__no_evoo,20,3,0.0163763110948801
evoo-adulteration,anilpi__vanilla__mae__no_evoo,20,4,0.1200583554503865
evoo-adulteration,anilpi__vanilla__mae__no_evoo,20,5,0.0078877314561265
evoo-adulteration,anilpi__vanilla__mae__no_evoo,20,6,0.0983424538327587
evoo-adulteration,anilpi__vanilla__mae__no_evoo,20,7,0.2511072057335762
evoo-adulteration,anilpi__vanilla__mae__no_evoo,20,8,0.0751119441741141
evoo-adulteration,anilpi__vanilla__mae__no_evoo,20,9,0.0801069171113694
gasoline-octane,anilpi__vanilla__mae__no_gasoline,5,0,0.8047512567745744
gasoline-octane,anilpi__vanilla__mae__no_gasoline,5,1,0.3724256445805397
gasoline-octane,anilpi__vanilla__mae__no_gasoline,5,2,0.597898417910857
gasoline-octane,anilpi__vanilla__mae__no_gasoline,5,3,0.848263071205777
gasoline-octane,anilpi__vanilla__mae__no_gasoline,5,4,0.740555584183267
gasoline-octane,anilpi__vanilla__mae__no_gasoline,5,5,0.0759968263050443
gasoline-octane,anilpi__vanilla__mae__no_gasoline,5,6,0.019839331463933
gasoline-octane,anilpi__vanilla__mae__no_gasoline,5,7,0.0855593563313342
gasoline-octane,anilpi__vanilla__mae__no_gasoline,5,8,-0.4234389753571954
gasoline-octane,anilpi__vanilla__mae__no_gasoline,5,9,0.8156032697378713
gasoline-octane,anilpi__vanilla__mae__no_gasoline,10,0,0.8654514250816849
gasoline-octane,anilpi__vanilla__mae__no_gasoline,10,1,0.8732244761149339
gasoline-octane,anilpi__vanilla__mae__no_gasoline,10,2,0.553861518649928
gasoline-octane,anilpi__vanilla__mae__no_gasoline,10,3,0.6754105801789407
gasoline-octane,anilpi__vanilla__mae__no_gasoline,10,4,0.7766912884473063
gasoline-octane,anilpi__vanilla__mae__no_gasoline,10,5,0.8515664563600513
gasoline-octane,anilpi__vanilla__mae__no_gasoline,10,6,0.821871483743432
gasoline-octane,anilpi__vanilla__mae__no_gasoline,10,7,0.7973890457262786
gasoline-octane,anilpi__vanilla__mae__no_gasoline,10,8,0.7059590863205756
gasoline-octane,anilpi__vanilla__mae__no_gasoline,10,9,0.8896186102197412
gasoline-octane,anilpi__vanilla__mae__no_gasoline,20,0,0.7773147418110091
gasoline-octane,anilpi__vanilla__mae__no_gasoline,20,1,0.858372872277699
gasoline-octane,anilpi__vanilla__mae__no_gasoline,20,2,0.8207930935496615
gasoline-octane,anilpi__vanilla__mae__no_gasoline,20,3,0.8437513194500201
gasoline-octane,anilpi__vanilla__mae__no_gasoline,20,4,0.9209248839308664
gasoline-octane,anilpi__vanilla__mae__no_gasoline,20,5,0.9136583094830036
gasoline-octane,anilpi__vanilla__mae__no_gasoline,20,6,0.8984207436640265
gasoline-octane,anilpi__vanilla__mae__no_gasoline,20,7,0.8810348348833754
gasoline-octane,anilpi__vanilla__mae__no_gasoline,20,8,0.8271397657415891
gasoline-octane,anilpi__vanilla__mae__no_gasoline,20,9,0.7920343420639385
corn_m5-moisture,anil__mae__multi,5,0,0.1100225942928903
corn_m5-moisture,anil__mae__multi,5,1,-1.3512421717529928
corn_m5-moisture,anil__mae__multi,5,2,0.1473585224574992
corn_m5-moisture,anil__mae__multi,5,3,-1.3441010421929356
corn_m5-moisture,anil__mae__multi,5,4,-0.1800315075848091
corn_m5-moisture,anil__mae__multi,5,5,-0.1478768501372214
corn_m5-moisture,anil__mae__multi,5,6,-0.9909740846771032
corn_m5-moisture,anil__mae__multi,5,7,-1.8958569986790688
corn_m5-moisture,anil__mae__multi,5,8,0.0127230923111786
corn_m5-moisture,anil__mae__multi,5,9,-2.376041450092916
corn_m5-moisture,anil__mae__multi,10,0,-1.5425585906287171
corn_m5-moisture,anil__mae__multi,10,1,-0.0915573394170734
corn_m5-moisture,anil__mae__multi,10,2,0.4969294033797307
corn_m5-moisture,anil__mae__multi,10,3,0.3577837147346538
corn_m5-moisture,anil__mae__multi,10,4,0.0961406831570507
corn_m5-moisture,anil__mae__multi,10,5,-0.7728187372691104
corn_m5-moisture,anil__mae__multi,10,6,0.1144616296195839
corn_m5-moisture,anil__mae__multi,10,7,0.0534635826696143
corn_m5-moisture,anil__mae__multi,10,8,-0.1351639792963108
corn_m5-moisture,anil__mae__multi,10,9,0.095982593596256
corn_m5-moisture,anil__mae__multi,20,0,0.4622149048132706
corn_m5-moisture,anil__mae__multi,20,1,0.1082044992441525
corn_m5-moisture,anil__mae__multi,20,2,0.2900736339886427
corn_m5-moisture,anil__mae__multi,20,3,0.4030616001573922
corn_m5-moisture,anil__mae__multi,20,4,0.4985817971829184
corn_m5-moisture,anil__mae__multi,20,5,0.5860722661681199
corn_m5-moisture,anil__mae__multi,20,6,0.3956821358197953
corn_m5-moisture,anil__mae__multi,20,7,0.4343383103297237
corn_m5-moisture,anil__mae__multi,20,8,0.2281046847060299
corn_m5-moisture,anil__mae__multi,20,9,0.234017423513008
corn_m5-oil,anil__mae__multi,5,0,-1.566403382658966
corn_m5-oil,anil__mae__multi,5,1,-2.054095364684416
corn_m5-oil,anil__mae__multi,5,2,-0.1684654874256903
corn_m5-oil,anil__mae__multi,5,3,-0.9000699764733562
corn_m5-oil,anil__mae__multi,5,4,-0.87117784141774
corn_m5-oil,anil__mae__multi,5,5,-0.6724594046073737
corn_m5-oil,anil__mae__multi,5,6,-1.1250695290602928
corn_m5-oil,anil__mae__multi,5,7,-1.1012669719156165
corn_m5-oil,anil__mae__multi,5,8,-2.8340458433526217
corn_m5-oil,anil__mae__multi,5,9,-1.6439151200307922
corn_m5-oil,anil__mae__multi,10,0,-0.0047743601184397
corn_m5-oil,anil__mae__multi,10,1,0.2317468347555796
corn_m5-oil,anil__mae__multi,10,2,-0.4075697453419638
corn_m5-oil,anil__mae__multi,10,3,0.3394289012864167
corn_m5-oil,anil__mae__multi,10,4,-1.0683924854932898
corn_m5-oil,anil__mae__multi,10,5,0.3619648200399911
corn_m5-oil,anil__mae__multi,10,6,-0.2059719414971634
corn_m5-oil,anil__mae__multi,10,7,0.4277762447981733
corn_m5-oil,anil__mae__multi,10,8,0.1362766225087659
corn_m5-oil,anil__mae__multi,10,9,-0.4233416542751185
corn_m5-oil,anil__mae__multi,20,0,-0.0381552091699575
corn_m5-oil,anil__mae__multi,20,1,0.5341599942750694
corn_m5-oil,anil__mae__multi,20,2,0.0992309568977427
corn_m5-oil,anil__mae__multi,20,3,0.3436806158490372
corn_m5-oil,anil__mae__multi,20,4,0.4827498288346408
corn_m5-oil,anil__mae__multi,20,5,0.4035439675903031
corn_m5-oil,anil__mae__multi,20,6,0.1350387714512688
corn_m5-oil,anil__mae__multi,20,7,0.528203366774323
corn_m5-oil,anil__mae__multi,20,8,0.2983100986821169
corn_m5-oil,anil__mae__multi,20,9,0.0795035824000459
corn_m5-protein,anil__mae__multi,5,0,-0.1597319724467636
corn_m5-protein,anil__mae__multi,5,1,-0.4298641709857562
corn_m5-protein,anil__mae__multi,5,2,-0.0160843231332887
corn_m5-protein,anil__mae__multi,5,3,0.2496959348095546
corn_m5-protein,anil__mae__multi,5,4,0.1719961476257088
corn_m5-protein,anil__mae__multi,5,5,0.2003343605739159
corn_m5-protein,anil__mae__multi,5,6,0.1613884787769814
corn_m5-protein,anil__mae__multi,5,7,-0.3895061042384153
corn_m5-protein,anil__mae__multi,5,8,-0.6010988099657779
corn_m5-protein,anil__mae__multi,5,9,-0.7782211409090649
corn_m5-protein,anil__mae__multi,10,0,0.4904449162028094
corn_m5-protein,anil__mae__multi,10,1,0.3976472239215033
corn_m5-protein,anil__mae__multi,10,2,0.345642303521083
corn_m5-protein,anil__mae__multi,10,3,0.3280690433259868
corn_m5-protein,anil__mae__multi,10,4,-0.958282941773674
corn_m5-protein,anil__mae__multi,10,5,0.6241614720695012
corn_m5-protein,anil__mae__multi,10,6,0.2840924684102087
corn_m5-protein,anil__mae__multi,10,7,0.2446812960193388
corn_m5-protein,anil__mae__multi,10,8,0.5246119195223291
corn_m5-protein,anil__mae__multi,10,9,0.1846650011988532
corn_m5-protein,anil__mae__multi,20,0,0.6895200878850565
corn_m5-protein,anil__mae__multi,20,1,0.6774767751368493
corn_m5-protein,anil__mae__multi,20,2,0.6687754376495527
corn_m5-protein,anil__mae__multi,20,3,0.5269752908278464
corn_m5-protein,anil__mae__multi,20,4,0.5355792591060202
corn_m5-protein,anil__mae__multi,20,5,0.6159079261630014
corn_m5-protein,anil__mae__multi,20,6,0.622041075955731
corn_m5-protein,anil__mae__multi,20,7,0.6152543922092821
corn_m5-protein,anil__mae__multi,20,8,0.536559200791733
corn_m5-protein,anil__mae__multi,20,9,0.5455651391792788
corn_m5-starch,anil__mae__multi,5,0,-0.301013258226545
corn_m5-starch,anil__mae__multi,5,1,-1.1844388120456206
corn_m5-starch,anil__mae__multi,5,2,-0.5611239677558322
corn_m5-starch,anil__mae__multi,5,3,0.1294066378371601
corn_m5-starch,anil__mae__multi,5,4,-0.9438658252111978
corn_m5-starch,anil__mae__multi,5,5,-0.331191502724576
corn_m5-starch,anil__mae__multi,5,6,-0.1687068437210004
corn_m5-starch,anil__mae__multi,5,7,-0.4651313264649734
corn_m5-starch,anil__mae__multi,5,8,-0.6309653069436714
corn_m5-starch,anil__mae__multi,5,9,-2.172405701122795
corn_m5-starch,anil__mae__multi,10,0,-0.2389558532214872
corn_m5-starch,anil__mae__multi,10,1,-0.0338108204044538
corn_m5-starch,anil__mae__multi,10,2,0.2223774115059896
corn_m5-starch,anil__mae__multi,10,3,-0.2586077554636197
corn_m5-starch,anil__mae__multi,10,4,0.1699701957126949
corn_m5-starch,anil__mae__multi,10,5,0.3204921409244814
corn_m5-starch,anil__mae__multi,10,6,-0.2858233518148187
corn_m5-starch,anil__mae__multi,10,7,0.0822854450035274
corn_m5-starch,anil__mae__multi,10,8,0.22762370349201
corn_m5-starch,anil__mae__multi,10,9,-0.1058628279747555
corn_m5-starch,anil__mae__multi,20,0,-0.479440805952273
corn_m5-starch,anil__mae__multi,20,1,0.4321594898842484
corn_m5-starch,anil__mae__multi,20,2,-0.0082881184184799
corn_m5-starch,anil__mae__multi,20,3,0.2402996127778871
corn_m5-starch,anil__mae__multi,20,4,0.2623962640626514
corn_m5-starch,anil__mae__multi,20,5,0.1606501680934352
corn_m5-starch,anil__mae__multi,20,6,0.3676531994599845
corn_m5-starch,anil__mae__multi,20,7,0.1928452790167684
corn_m5-starch,anil__mae__multi,20,8,0.156225884650677
corn_m5-starch,anil__mae__multi,20,9,0.2691667306528523
diesel-BP50,anil__mae__multi,5,0,-0.1249507119937634
diesel-BP50,anil__mae__multi,5,1,-0.1295528074130445
diesel-BP50,anil__mae__multi,5,2,0.3273427908986611
diesel-BP50,anil__mae__multi,5,3,-0.3435479671107391
diesel-BP50,anil__mae__multi,5,4,-0.9291198110488086
diesel-BP50,anil__mae__multi,5,5,-0.0097126137235321
diesel-BP50,anil__mae__multi,5,6,0.2052851833730572
diesel-BP50,anil__mae__multi,5,7,0.0699492661373042
diesel-BP50,anil__mae__multi,5,8,-2.257865393068032
diesel-BP50,anil__mae__multi,5,9,-0.5842915357458571
diesel-BP50,anil__mae__multi,10,0,-0.4024358649140174
diesel-BP50,anil__mae__multi,10,1,0.2682616095955624
diesel-BP50,anil__mae__multi,10,2,0.3633079010400954
diesel-BP50,anil__mae__multi,10,3,0.6645016630981067
diesel-BP50,anil__mae__multi,10,4,-0.2124304751233623
diesel-BP50,anil__mae__multi,10,5,0.4471633721977446
diesel-BP50,anil__mae__multi,10,6,0.2877471018666252
diesel-BP50,anil__mae__multi,10,7,0.5329942543505672
diesel-BP50,anil__mae__multi,10,8,0.392582955099829
diesel-BP50,anil__mae__multi,10,9,0.2097210989485355
diesel-BP50,anil__mae__multi,20,0,0.3080603900718871
diesel-BP50,anil__mae__multi,20,1,0.6174632665533217
diesel-BP50,anil__mae__multi,20,2,0.6112063814509486
diesel-BP50,anil__mae__multi,20,3,0.5227322830515304
diesel-BP50,anil__mae__multi,20,4,0.6740265969447415
diesel-BP50,anil__mae__multi,20,5,0.3852942343375568
diesel-BP50,anil__mae__multi,20,6,0.6494080273509533
diesel-BP50,anil__mae__multi,20,7,0.6321217332657059
diesel-BP50,anil__mae__multi,20,8,0.470543368440467
diesel-BP50,anil__mae__multi,20,9,0.5206301614660517
diesel-CN,anil__mae__multi,5,0,0.1351714170044722
diesel-CN,anil__mae__multi,5,1,0.2736226497050332
diesel-CN,anil__mae__multi,5,2,-1.3132091063669389
diesel-CN,anil__mae__multi,5,3,-2.085076752243332
diesel-CN,anil__mae__multi,5,4,-0.0804171107740792
diesel-CN,anil__mae__multi,5,5,-1.4580637625220811
diesel-CN,anil__mae__multi,5,6,-1.0576027359186213
diesel-CN,anil__mae__multi,5,7,-0.6907052606042994
diesel-CN,anil__mae__multi,5,8,-3.5391632924056147
diesel-CN,anil__mae__multi,5,9,0.0358662930299803
diesel-CN,anil__mae__multi,10,0,-0.1334132699010624
diesel-CN,anil__mae__multi,10,1,-0.882732304136634
diesel-CN,anil__mae__multi,10,2,-0.228489577009668
diesel-CN,anil__mae__multi,10,3,0.1668241187867871
diesel-CN,anil__mae__multi,10,4,0.202651628361928
diesel-CN,anil__mae__multi,10,5,0.0897117290543833
diesel-CN,anil__mae__multi,10,6,-0.0890906970909004
diesel-CN,anil__mae__multi,10,7,0.1080733613917148
diesel-CN,anil__mae__multi,10,8,0.0060321348183095
diesel-CN,anil__mae__multi,10,9,0.0487713676018163
diesel-CN,anil__mae__multi,20,0,-0.4123056827171885
diesel-CN,anil__mae__multi,20,1,0.1253197338062089
diesel-CN,anil__mae__multi,20,2,0.4543516218599867
diesel-CN,anil__mae__multi,20,3,0.3791110461962075
diesel-CN,anil__mae__multi,20,4,0.1308716361730195
diesel-CN,anil__mae__multi,20,5,0.344584280763104
diesel-CN,anil__mae__multi,20,6,0.2283364017214608
diesel-CN,anil__mae__multi,20,7,0.3071902420936691
diesel-CN,anil__mae__multi,20,8,0.4931069569325547
diesel-CN,anil__mae__multi,20,9,0.3459732861528806
diesel-D4052,anil__mae__multi,5,0,0.6184014737557042
diesel-D4052,anil__mae__multi,5,1,-0.049416675951603
diesel-D4052,anil__mae__multi,5,2,-0.0227967523032537
diesel-D4052,anil__mae__multi,5,3,0.5496381054013255
diesel-D4052,anil__mae__multi,5,4,0.4420414654922426
diesel-D4052,anil__mae__multi,5,5,0.4009629059830489
diesel-D4052,anil__mae__multi,5,6,-0.056332624488951
diesel-D4052,anil__mae__multi,5,7,-0.2675125663670372
diesel-D4052,anil__mae__multi,5,8,0.2469456607235618
diesel-D4052,anil__mae__multi,5,9,0.5116382524965586
diesel-D4052,anil__mae__multi,10,0,-0.9156815161173112
diesel-D4052,anil__mae__multi,10,1,0.7160565138348796
diesel-D4052,anil__mae__multi,10,2,0.6637168574291028
diesel-D4052,anil__mae__multi,10,3,0.8688234421457451
diesel-D4052,anil__mae__multi,10,4,0.5223615412057212
diesel-D4052,anil__mae__multi,10,5,0.7022083722600053
diesel-D4052,anil__mae__multi,10,6,0.8221671475534756
diesel-D4052,anil__mae__multi,10,7,0.7047978739615928
diesel-D4052,anil__mae__multi,10,8,0.8234776261222936
diesel-D4052,anil__mae__multi,10,9,-0.1781811432148625
diesel-D4052,anil__mae__multi,20,0,0.8674869292576719
diesel-D4052,anil__mae__multi,20,1,0.8423211766246981
diesel-D4052,anil__mae__multi,20,2,0.8657752008715983
diesel-D4052,anil__mae__multi,20,3,0.7858381833483397
diesel-D4052,anil__mae__multi,20,4,0.7308465001588842
diesel-D4052,anil__mae__multi,20,5,0.8118049925454425
diesel-D4052,anil__mae__multi,20,6,0.8193609948523858
diesel-D4052,anil__mae__multi,20,7,0.8086093162772587
diesel-D4052,anil__mae__multi,20,8,0.7302598515240625
diesel-D4052,anil__mae__multi,20,9,0.8141297163912317
diesel-FLASH,anil__mae__multi,5,0,-0.8972934143022313
diesel-FLASH,anil__mae__multi,5,1,-0.8377732875696107
diesel-FLASH,anil__mae__multi,5,2,-0.1659748152134281
diesel-FLASH,anil__mae__multi,5,3,-0.2363325907140001
diesel-FLASH,anil__mae__multi,5,4,-1.6901340218818477
diesel-FLASH,anil__mae__multi,5,5,-4.7538336834212
diesel-FLASH,anil__mae__multi,5,6,-0.3114632870147378
diesel-FLASH,anil__mae__multi,5,7,-1.3817813976215017
diesel-FLASH,anil__mae__multi,5,8,-1.2878216161391878
diesel-FLASH,anil__mae__multi,5,9,-0.1473339103177711
diesel-FLASH,anil__mae__multi,10,0,-0.0675798728320014
diesel-FLASH,anil__mae__multi,10,1,-0.6321086635034412
diesel-FLASH,anil__mae__multi,10,2,-0.5163337171868512
diesel-FLASH,anil__mae__multi,10,3,-0.4121433986078855
diesel-FLASH,anil__mae__multi,10,4,0.0904301568594578
diesel-FLASH,anil__mae__multi,10,5,-0.2313338271422824
diesel-FLASH,anil__mae__multi,10,6,-0.0668875371164645
diesel-FLASH,anil__mae__multi,10,7,-0.9977664666921556
diesel-FLASH,anil__mae__multi,10,8,-0.421438013734623
diesel-FLASH,anil__mae__multi,10,9,-0.5701868295484451
diesel-FLASH,anil__mae__multi,20,0,0.0145862521025094
diesel-FLASH,anil__mae__multi,20,1,0.2540604806384041
diesel-FLASH,anil__mae__multi,20,2,0.1859731619698527
diesel-FLASH,anil__mae__multi,20,3,0.1691985243982852
diesel-FLASH,anil__mae__multi,20,4,-0.4761945785345134
diesel-FLASH,anil__mae__multi,20,5,0.1459996317227994
diesel-FLASH,anil__mae__multi,20,6,-0.0016068689842037
diesel-FLASH,anil__mae__multi,20,7,0.1627715465900397
diesel-FLASH,anil__mae__multi,20,8,0.3047929082486598
diesel-FLASH,anil__mae__multi,20,9,0.0030738655936092
diesel-FREEZE,anil__mae__multi,5,0,-0.2366553529052129
diesel-FREEZE,anil__mae__multi,5,1,-0.3651139799476046
diesel-FREEZE,anil__mae__multi,5,2,-0.1643786079965787
diesel-FREEZE,anil__mae__multi,5,3,0.2113469787940528
diesel-FREEZE,anil__mae__multi,5,4,0.1260524168981504
diesel-FREEZE,anil__mae__multi,5,5,-0.7401750874444699
diesel-FREEZE,anil__mae__multi,5,6,0.1694311732296984
diesel-FREEZE,anil__mae__multi,5,7,-0.160280269762858
diesel-FREEZE,anil__mae__multi,5,8,-0.0119020479843598
diesel-FREEZE,anil__mae__multi,5,9,0.0285275520099248
diesel-FREEZE,anil__mae__multi,10,0,0.2586209830034952
diesel-FREEZE,anil__mae__multi,10,1,0.2225950836891318
diesel-FREEZE,anil__mae__multi,10,2,0.4110141715376965
diesel-FREEZE,anil__mae__multi,10,3,0.0620657757737445
diesel-FREEZE,anil__mae__multi,10,4,-0.0720401813456914
diesel-FREEZE,anil__mae__multi,10,5,-0.121097998795995
diesel-FREEZE,anil__mae__multi,10,6,0.1772291958227551
diesel-FREEZE,anil__mae__multi,10,7,0.2702888642219995
diesel-FREEZE,anil__mae__multi,10,8,0.5702854560543811
diesel-FREEZE,anil__mae__multi,10,9,0.6044417284155865
diesel-FREEZE,anil__mae__multi,20,0,0.5273664498141346
diesel-FREEZE,anil__mae__multi,20,1,0.6908114337097514
diesel-FREEZE,anil__mae__multi,20,2,0.185267099987789
diesel-FREEZE,anil__mae__multi,20,3,0.4835474229086349
diesel-FREEZE,anil__mae__multi,20,4,0.5588317929171694
diesel-FREEZE,anil__mae__multi,20,5,0.5978548561971082
diesel-FREEZE,anil__mae__multi,20,6,0.462913037643781
diesel-FREEZE,anil__mae__multi,20,7,0.5090626379505458
diesel-FREEZE,anil__mae__multi,20,8,0.5042866491202318
diesel-FREEZE,anil__mae__multi,20,9,0.5606147772380343
diesel-TOTAL,anil__mae__multi,5,0,0.4871446219464567
diesel-TOTAL,anil__mae__multi,5,1,0.4871733917144657
diesel-TOTAL,anil__mae__multi,5,2,0.686177147161708
diesel-TOTAL,anil__mae__multi,5,3,0.543699374937651
diesel-TOTAL,anil__mae__multi,5,4,-0.8115514135015731
diesel-TOTAL,anil__mae__multi,5,5,0.7400825659365601
diesel-TOTAL,anil__mae__multi,5,6,0.5806120810803058
diesel-TOTAL,anil__mae__multi,5,7,-3.7519220688168087
diesel-TOTAL,anil__mae__multi,5,8,-1.5453889253619049
diesel-TOTAL,anil__mae__multi,5,9,0.3581789849121721
diesel-TOTAL,anil__mae__multi,10,0,0.835525528222307
diesel-TOTAL,anil__mae__multi,10,1,0.7317720075764449
diesel-TOTAL,anil__mae__multi,10,2,0.7116140463089458
diesel-TOTAL,anil__mae__multi,10,3,0.8235905403896325
diesel-TOTAL,anil__mae__multi,10,4,0.8339732434176117
diesel-TOTAL,anil__mae__multi,10,5,0.7878711137323222
diesel-TOTAL,anil__mae__multi,10,6,0.70910389028661
diesel-TOTAL,anil__mae__multi,10,7,0.7736296261466533
diesel-TOTAL,anil__mae__multi,10,8,0.8285425564500157
diesel-TOTAL,anil__mae__multi,10,9,0.7330901374210285
diesel-TOTAL,anil__mae__multi,20,0,0.8252090696065333
diesel-TOTAL,anil__mae__multi,20,1,0.8161079917480929
diesel-TOTAL,anil__mae__multi,20,2,0.8092329471542619
diesel-TOTAL,anil__mae__multi,20,3,0.8539387481209777
diesel-TOTAL,anil__mae__multi,20,4,0.8603534031550539
diesel-TOTAL,anil__mae__multi,20,5,0.8027620684242259
diesel-TOTAL,anil__mae__multi,20,6,0.861896818577469
diesel-TOTAL,anil__mae__multi,20,7,0.8888921417484165
diesel-TOTAL,anil__mae__multi,20,8,0.860668829332677
diesel-TOTAL,anil__mae__multi,20,9,0.846601086582126
diesel-VISC,anil__mae__multi,5,0,-1.8362064755707248
diesel-VISC,anil__mae__multi,5,1,-1.152795632922111
diesel-VISC,anil__mae__multi,5,2,-10.060588380732058
diesel-VISC,anil__mae__multi,5,3,-0.8546463666441506
diesel-VISC,anil__mae__multi,5,4,-0.0847798217072264
diesel-VISC,anil__mae__multi,5,5,-0.0979018501718131
diesel-VISC,anil__mae__multi,5,6,0.3305562747061729
diesel-VISC,anil__mae__multi,5,7,0.2718404649546161
diesel-VISC,anil__mae__multi,5,8,0.3674783995930636
diesel-VISC,anil__mae__multi,5,9,-0.5569525797207098
diesel-VISC,anil__mae__multi,10,0,0.6435508033447352
diesel-VISC,anil__mae__multi,10,1,0.5226585345146821
diesel-VISC,anil__mae__multi,10,2,0.4320154735555357
diesel-VISC,anil__mae__multi,10,3,-0.4348281666488838
diesel-VISC,anil__mae__multi,10,4,0.46767222236857
diesel-VISC,anil__mae__multi,10,5,0.5471201429577434
diesel-VISC,anil__mae__multi,10,6,0.4616427061392978
diesel-VISC,anil__mae__multi,10,7,-0.2862300299987956
diesel-VISC,anil__mae__multi,10,8,0.4135060022936339
diesel-VISC,anil__mae__multi,10,9,0.3537721506516051
diesel-VISC,anil__mae__multi,20,0,0.4093486750742757
diesel-VISC,anil__mae__multi,20,1,0.6482026261943765
diesel-VISC,anil__mae__multi,20,2,0.5532902956237407
diesel-VISC,anil__mae__multi,20,3,0.5281826191796135
diesel-VISC,anil__mae__multi,20,4,-0.046073554654785
diesel-VISC,anil__mae__multi,20,5,0.6430225832946586
diesel-VISC,anil__mae__multi,20,6,0.5995494094940199
diesel-VISC,anil__mae__multi,20,7,-0.4359237854635103
diesel-VISC,anil__mae__multi,20,8,0.0005898552904185
diesel-VISC,anil__mae__multi,20,9,0.5662528802494091
evoo-adulteration,anil__mae__multi,5,0,0.0592104205011775
evoo-adulteration,anil__mae__multi,5,1,-0.8349185868987079
evoo-adulteration,anil__mae__multi,5,2,-0.3422749086272625
evoo-adulteration,anil__mae__multi,5,3,-0.3279944204502578
evoo-adulteration,anil__mae__multi,5,4,-6.19415292708965
evoo-adulteration,anil__mae__multi,5,5,-1.0233584311353248
evoo-adulteration,anil__mae__multi,5,6,0.1925111944333627
evoo-adulteration,anil__mae__multi,5,7,0.2068508458753484
evoo-adulteration,anil__mae__multi,5,8,-0.4922354801474597
evoo-adulteration,anil__mae__multi,5,9,-1.9529989711419709
evoo-adulteration,anil__mae__multi,10,0,-0.805860537993057
evoo-adulteration,anil__mae__multi,10,1,-1.9927344259090136
evoo-adulteration,anil__mae__multi,10,2,-0.5413895110425082
evoo-adulteration,anil__mae__multi,10,3,-0.0069398315855222
evoo-adulteration,anil__mae__multi,10,4,0.192913468495711
evoo-adulteration,anil__mae__multi,10,5,-0.4703244327702311
evoo-adulteration,anil__mae__multi,10,6,-0.7873657993451346
evoo-adulteration,anil__mae__multi,10,7,0.432365175363281
evoo-adulteration,anil__mae__multi,10,8,0.1991042219892125
evoo-adulteration,anil__mae__multi,10,9,-0.5009849107596824
evoo-adulteration,anil__mae__multi,20,0,0.3313443823424788
evoo-adulteration,anil__mae__multi,20,1,0.0327447856234256
evoo-adulteration,anil__mae__multi,20,2,0.2773395458379324
evoo-adulteration,anil__mae__multi,20,3,-0.0126059730218659
evoo-adulteration,anil__mae__multi,20,4,0.3193985662260761
evoo-adulteration,anil__mae__multi,20,5,0.0990568681976328
evoo-adulteration,anil__mae__multi,20,6,0.1151599434671869
evoo-adulteration,anil__mae__multi,20,7,0.3182600138762602
evoo-adulteration,anil__mae__multi,20,8,-0.0410323390870766
evoo-adulteration,anil__mae__multi,20,9,0.0201881550741466
gasoline-octane,anil__mae__multi,5,0,0.791628986277541
gasoline-octane,anil__mae__multi,5,1,0.394237272433677
gasoline-octane,anil__mae__multi,5,2,0.7174617167996298
gasoline-octane,anil__mae__multi,5,3,0.9024798163911584
gasoline-octane,anil__mae__multi,5,4,0.7142481401908107
gasoline-octane,anil__mae__multi,5,5,0.4681523837618078
gasoline-octane,anil__mae__multi,5,6,-1.3655017729807826
gasoline-octane,anil__mae__multi,5,7,-0.1244188379891271
gasoline-octane,anil__mae__multi,5,8,-0.7924061807444269
gasoline-octane,anil__mae__multi,5,9,0.7621666703242438
gasoline-octane,anil__mae__multi,10,0,0.9190181055193852
gasoline-octane,anil__mae__multi,10,1,0.9114942120419376
gasoline-octane,anil__mae__multi,10,2,0.8864080237077081
gasoline-octane,anil__mae__multi,10,3,0.8904635499675508
gasoline-octane,anil__mae__multi,10,4,0.8977579890908792
gasoline-octane,anil__mae__multi,10,5,0.8253870303750908
gasoline-octane,anil__mae__multi,10,6,0.9048052917636568
gasoline-octane,anil__mae__multi,10,7,0.8436256157964404
gasoline-octane,anil__mae__multi,10,8,0.6147042031004855
gasoline-octane,anil__mae__multi,10,9,0.8387963678812242
gasoline-octane,anil__mae__multi,20,0,0.8795510865418055
gasoline-octane,anil__mae__multi,20,1,0.8992859883426554
gasoline-octane,anil__mae__multi,20,2,0.9180389081679584
gasoline-octane,anil__mae__multi,20,3,0.9315178667331342
gasoline-octane,anil__mae__multi,20,4,0.9456715036033668
gasoline-octane,anil__mae__multi,20,5,0.919029811799502
gasoline-octane,anil__mae__multi,20,6,0.926917993713322
gasoline-octane,anil__mae__multi,20,7,0.9428531431026692
gasoline-octane,anil__mae__multi,20,8,0.861714599167957
gasoline-octane,anil__mae__multi,20,9,0.9125653346196833
