task,method,init,variant,tag,shot,rep,r2,rmse,rpd
CGL_Glucose,anil,mae,both,trip__anil__mae__exact,5,0,0.8875177883183646,5.393557097289626,3.0022942763689
CGL_Glucose,anil,mae,both,trip__anil__mae__exact,5,1,-3.305250067148198,33.368182196785675,0.4852840201772022
CGL_Glucose,anil,mae,both,trip__anil__mae__exact,5,2,0.8513748425859012,6.199826282996572,2.611854730006224
CGL_Glucose,anil,mae,both,trip__anil__mae__exact,5,3,0.364469934625294,12.820395039950254,1.2630691606617086
CGL_Glucose,anil,mae,both,trip__anil__mae__exact,5,4,0.5928174932664874,10.26190318265953,1.5779768444730953
CGL_Glucose,anil,mae,both,trip__anil__mae__exact,5,5,-0.5551365389249296,20.05476696350396,0.8074412249182403
CGL_Glucose,anil,mae,both,trip__anil__mae__exact,5,6,-0.0568338675359081,16.532430978946827,0.9794715382802736
CGL_Glucose,anil,mae,both,trip__anil__mae__exact,5,7,0.6595211369358928,9.383793348849874,1.7256396214699463
CGL_Glucose,anil,mae,both,trip__anil__mae__exact,5,8,-0.8019310953980852,21.587504793194324,0.7501119632671266
CGL_Glucose,anil,mae,both,trip__anil__mae__exact,5,9,0.382224208002125,12.64005024094877,1.2810902879169284
CGL_Glucose,anil,mae,both,trip__anil__mae__exact,10,0,0.8511669813424372,6.204160183647197,2.6100302253869603
CGL_Glucose,anil,mae,both,trip__anil__mae__exact,10,1,0.8105322485995241,7.000047831343243,2.313276422191848
CGL_Glucose,anil,mae,both,trip__anil__mae__exact,10,2,0.8714005871042158,5.767038490823665,2.807861544227141
CGL_Glucose,anil,mae,both,trip__anil__mae__exact,10,3,0.7334009146176322,8.303528577221632,1.9501402869717956
CGL_Glucose,anil,mae,both,trip__anil__mae__exact,10,4,0.8220510095903698,6.783926302208546,2.386972511359647
CGL_Glucose,anil,mae,both,trip__anil__mae__exact,10,5,0.7989262739822016,7.211257770716933,2.245523058157386
CGL_Glucose,anil,mae,both,trip__anil__mae__exact,10,6,0.9036549504602608,4.991695204929012,3.243997266994948
CGL_Glucose,anil,mae,both,trip__anil__mae__exact,10,7,0.9362487447028376,4.060483288493225,3.987960164335624
CGL_Glucose,anil,mae,both,trip__anil__mae__exact,10,8,0.9298611773234234,4.259048571576416,3.802033559919678
CGL_Glucose,anil,mae,both,trip__anil__mae__exact,10,9,0.8416147058626111,6.400159316302763,2.530100393159569
CGL_Glucose,anil,mae,both,trip__anil__mae__exact,25,0,0.9809437255299892,2.2199968426144245,7.294175059902981
CGL_Glucose,anil,mae,both,trip__anil__mae__exact,25,1,0.9699985276139538,2.78550948528811,5.813315548909942
CGL_Glucose,anil,mae,both,trip__anil__mae__exact,25,2,0.9646235808448372,3.0247556217568325,5.353505415771832
CGL_Glucose,anil,mae,both,trip__anil__mae__exact,25,3,0.9695519047344752,2.806166411130649,5.770522210739833
CGL_Glucose,anil,mae,both,trip__anil__mae__exact,25,4,0.979758913363072,2.2879697013215066,7.077473793953028
CGL_Glucose,anil,mae,both,trip__anil__mae__exact,25,5,0.9856698727736348,1.925122545619244,8.411436268984511
CGL_Glucose,anil,mae,both,trip__anil__mae__exact,25,6,0.967866122309562,2.8828027338613142,5.617118858761466
CGL_Glucose,anil,mae,both,trip__anil__mae__exact,25,7,0.9654527602340182,2.989097175235533,5.417370079708276
CGL_Glucose,anil,mae,both,trip__anil__mae__exact,25,8,0.9653729779671214,2.992546646542964,5.411125544581888
CGL_Glucose,anil,mae,both,trip__anil__mae__exact,25,9,0.9814003831932838,2.1932359479934758,7.383175356612234
Corn_Starch,anil,mae,both,trip__anil__mae__exact,5,0,-1.3427741869130667,1.2330072493681432,0.6560726404820607
Corn_Starch,anil,mae,both,trip__anil__mae__exact,5,1,-1.877665404681259,1.3665343811526731,0.5919663149229635
Corn_Starch,anil,mae,both,trip__anil__mae__exact,5,2,-0.1213963847842978,0.8530608099608809,0.9482821299264428
Corn_Starch,anil,mae,both,trip__anil__mae__exact,5,3,-1.8085967512111245,1.3500352537114004,0.5992008872380229
Corn_Starch,anil,mae,both,trip__anil__mae__exact,5,4,-0.324276576024695,0.927021407888079,0.8726252866904078
Corn_Starch,anil,mae,both,trip__anil__mae__exact,5,5,-5.664468370653235,2.079616097381188,0.3889863724584372
Corn_Starch,anil,mae,both,trip__anil__mae__exact,5,6,-0.6441799808857849,1.0329399936925256,0.7831455135498195
Corn_Starch,anil,mae,both,trip__anil__mae__exact,5,7,-0.3125598913768885,0.922911333976548,0.8765114177772536
Corn_Starch,anil,mae,both,trip__anil__mae__exact,5,8,-1.1806489133626306,1.1895790019469792,0.6800240425415107
Corn_Starch,anil,mae,both,trip__anil__mae__exact,5,9,-0.5825163816825285,1.0133851176991249,0.7982575505580458
Corn_Starch,anil,mae,both,trip__anil__mae__exact,10,0,-1.0042932473849504,1.1404625968780315,0.7093106990452173
Corn_Starch,anil,mae,both,trip__anil__mae__exact,10,1,0.2589240936293848,0.693476521048618,1.1665028263729311
Corn_Starch,anil,mae,both,trip__anil__mae__exact,10,2,0.1912087558710269,0.7244670459504396,1.1166033380651792
Corn_Starch,anil,mae,both,trip__anil__mae__exact,10,3,-0.9013224936243196,1.1107806558832396,0.7282646826283162
Corn_Starch,anil,mae,both,trip__anil__mae__exact,10,4,-0.7999608029748353,1.0807666596333632,0.7484893382082162
Corn_Starch,anil,mae,both,trip__anil__mae__exact,10,5,-0.1438328924435583,0.8615524175782193,0.9389356994672208
Corn_Starch,anil,mae,both,trip__anil__mae__exact,10,6,0.2011307680995546,0.7200095590517843,1.1235160862194884
Corn_Starch,anil,mae,both,trip__anil__mae__exact,10,7,0.3897147385892029,0.6293132209601938,1.285436718764961
Corn_Starch,anil,mae,both,trip__anil__mae__exact,10,8,-0.5203250706169074,0.9932730302247168,0.8144209066498729
Corn_Starch,anil,mae,both,trip__anil__mae__exact,10,9,-1.02729722556386,1.146988669861542,0.705274902082626
Corn_Starch,anil,mae,both,trip__anil__mae__exact,25,0,0.5848691934303192,0.5190305206631837,1.5585640720951557
Corn_Starch,anil,mae,both,trip__anil__mae__exact,25,1,0.4715750067829325,0.5855878943500333,1.3814191338848574
Corn_Starch,anil,mae,both,trip__anil__mae__exact,25,2,0.1095307878329917,0.7601684996650333,1.0641618564606916
Corn_Starch,anil,mae,both,trip__anil__mae__exact,25,3,0.0449433741266002,0.7872541810832764,1.0275490956597535
Corn_Starch,anil,mae,both,trip__anil__mae__exact,25,4,0.4935189953038933,0.5733000714297574,1.411027770865357
Corn_Starch,anil,mae,both,trip__anil__mae__exact,25,5,0.1574482037153464,0.7394328137105487,1.094003818639216
Corn_Starch,anil,mae,both,trip__anil__mae__exact,25,6,0.4472148479178151,0.5989334923755127,1.3506379792153929
Corn_Starch,anil,mae,both,trip__anil__mae__exact,25,7,0.4902546814215276,0.5751445884585936,1.4065025352919904
Corn_Starch,anil,mae,both,trip__anil__mae__exact,25,8,-0.0474606159205051,0.8244593853152328,0.9811791050412756
Corn_Starch,anil,mae,both,trip__anil__mae__exact,25,9,0.3831934241606251,0.6326666070397615,1.27862338998973
Diesel_TOTAL,anil,mae,both,trip__anil__mae__exact,5,0,0.1944907995097613,6.082900934823038,1.1170284370187928
Diesel_TOTAL,anil,mae,both,trip__anil__mae__exact,5,1,0.4395327771897562,5.074001609932833,1.3391350350508615
Diesel_TOTAL,anil,mae,both,trip__anil__mae__exact,5,2,0.5231644086644123,4.68015054393411,1.451827940144396
Diesel_TOTAL,anil,mae,both,trip__anil__mae__exact,5,3,0.634960192520549,4.094921723245283,1.6593170231299512
Diesel_TOTAL,anil,mae,both,trip__anil__mae__exact,5,4,0.8420113579391892,2.6939431348289755,2.5222408134449714
Diesel_TOTAL,anil,mae,both,trip__anil__mae__exact,5,5,0.4724393025455536,4.922794513490918,1.3802675096724952
Diesel_TOTAL,anil,mae,both,trip__anil__mae__exact,5,6,-0.3249574731996691,7.80147031934673,0.8709606068634642
Diesel_TOTAL,anil,mae,both,trip__anil__mae__exact,5,7,0.1615486656134698,6.206037866793261,1.0948649475895766
Diesel_TOTAL,anil,mae,both,trip__anil__mae__exact,5,8,-0.0261744109857313,6.865719897092943,0.9896665499917277
Diesel_TOTAL,anil,mae,both,trip__anil__mae__exact,5,9,-0.1908773612932268,7.396206204883537,0.9186835974474464
Diesel_TOTAL,anil,mae,both,trip__anil__mae__exact,10,0,0.7171336937825287,3.6046748850630848,1.8849892266072197
Diesel_TOTAL,anil,mae,both,trip__anil__mae__exact,10,1,0.7652882050373093,3.283544817452684,2.0693408196075107
Diesel_TOTAL,anil,mae,both,trip__anil__mae__exact,10,2,0.7263268793956068,3.545614895217733,1.9163878550178168
Diesel_TOTAL,anil,mae,both,trip__anil__mae__exact,10,3,0.5410703084693693,4.591436360661928,1.4798796694605516
Diesel_TOTAL,anil,mae,both,trip__anil__mae__exact,10,4,0.403364340013276,5.235161628630728,1.297910896696178
Diesel_TOTAL,anil,mae,both,trip__anil__mae__exact,10,5,0.7738217619589756,3.223301269965756,2.1080168295400195
Diesel_TOTAL,anil,mae,both,trip__anil__mae__exact,10,6,0.5381450135932401,4.606046408892229,1.475185597489388
Diesel_TOTAL,anil,mae,both,trip__anil__mae__exact,10,7,0.3795415241028349,5.338654945158306,1.2727500453888292
Diesel_TOTAL,anil,mae,both,trip__anil__mae__exact,10,8,0.7904322046346841,3.102685552109905,2.189965180050203
Diesel_TOTAL,anil,mae,both,trip__anil__mae__exact,10,9,0.8143657944494666,2.9201455109843084,2.326861212294583
Diesel_TOTAL,anil,mae,both,trip__anil__mae__exact,25,0,0.6978874904643788,3.725287929564623,1.823959235430063
Diesel_TOTAL,anil,mae,both,trip__anil__mae__exact,25,1,0.9343272477152536,1.7368731430643365,3.912072307006617
Diesel_TOTAL,anil,mae,both,trip__anil__mae__exact,25,2,0.8730438147921691,2.414918192024832,2.8136660472412656
Diesel_TOTAL,anil,mae,both,trip__anil__mae__exact,25,3,0.9364531028253492,1.708530224458208,3.976969928009452
Diesel_TOTAL,anil,mae,both,trip__anil__mae__exact,25,4,0.9107539138642028,2.0247438135885565,3.355868173624795
Diesel_TOTAL,anil,mae,both,trip__anil__mae__exact,25,5,0.8495073154105084,2.629257889614076,2.584293214676965
Diesel_TOTAL,anil,mae,both,trip__anil__mae__exact,25,6,0.905012500735092,2.088857039711096,3.2528666129805126
Diesel_TOTAL,anil,mae,both,trip__anil__mae__exact,25,7,0.9331079050056854,1.7529232039535292,3.876252712292617
Diesel_TOTAL,anil,mae,both,trip__anil__mae__exact,25,8,0.9217151877252856,1.896331452364448,3.583114816396386
Diesel_TOTAL,anil,mae,both,trip__anil__mae__exact,25,9,0.9064347837514518,2.0731594414401844,3.2774967462441444
Diesel_VISC,anil,mae,both,trip__anil__mae__exact,5,0,0.453556396276377,0.4043475445367029,1.356209582600003
Diesel_VISC,anil,mae,both,trip__anil__mae__exact,5,1,0.7531386945423691,0.2717744636896646,2.0177760896168864
Diesel_VISC,anil,mae,both,trip__anil__mae__exact,5,2,0.6171622037026177,0.3384461207260787,1.620287487488412
Diesel_VISC,anil,mae,both,trip__anil__mae__exact,5,3,0.4757926129321519,0.3960351242352039,1.3846751993537243
Diesel_VISC,anil,mae,both,trip__anil__mae__exact,5,4,0.7478195493591997,0.2746868347578932,1.996382589958473
Diesel_VISC,anil,mae,both,trip__anil__mae__exact,5,5,0.6484987454577487,0.3242989753155186,1.6909705436717004
Diesel_VISC,anil,mae,both,trip__anil__mae__exact,5,6,-0.5965522533859875,0.6911522167503427,0.793428714125854
Diesel_VISC,anil,mae,both,trip__anil__mae__exact,5,7,0.6347993982916714,0.3305581573596443,1.6589516924394805
Diesel_VISC,anil,mae,both,trip__anil__mae__exact,5,8,0.4988781589222568,0.3872164531313571,1.4162105204125417
Diesel_VISC,anil,mae,both,trip__anil__mae__exact,5,9,0.743606163068627,0.2769720385874165,1.979911103655978
Diesel_VISC,anil,mae,both,trip__anil__mae__exact,10,0,0.7563433910259714,0.2700046444035034,2.031002154844202
Diesel_VISC,anil,mae,both,trip__anil__mae__exact,10,1,0.7537712656074472,0.2714260353785522,2.0203662991895515
Diesel_VISC,anil,mae,both,trip__anil__mae__exact,10,2,0.7950019260667599,0.2476606606306043,2.2142394888439245
Diesel_VISC,anil,mae,both,trip__anil__mae__exact,10,3,0.7131322515115176,0.2929698975195137,1.87179645159596
Diesel_VISC,anil,mae,both,trip__anil__mae__exact,10,4,0.753354383597352,0.2716557095841719,2.018658159038412
Diesel_VISC,anil,mae,both,trip__anil__mae__exact,10,5,0.8500244305147145,0.2118324048392544,2.5887446966274457
Diesel_VISC,anil,mae,both,trip__anil__mae__exact,10,6,0.578814178081474,0.3549923616325051,1.5447656734911703
Diesel_VISC,anil,mae,both,trip__anil__mae__exact,10,7,0.6895144962527295,0.3047914646153405,1.799197412872228
Diesel_VISC,anil,mae,both,trip__anil__mae__exact,10,8,0.6347280410258345,0.3305904499874472,1.6587896432648928
Diesel_VISC,anil,mae,both,trip__anil__mae__exact,10,9,0.5967544049012626,0.3473497197005655,1.578754734779091
Diesel_VISC,anil,mae,both,trip__anil__mae__exact,25,0,0.7883323105509052,0.2516572353826893,2.1790750969967108
Diesel_VISC,anil,mae,both,trip__anil__mae__exact,25,1,0.8405291694819981,0.2184352705049419,2.510492070872095
Diesel_VISC,anil,mae,both,trip__anil__mae__exact,25,2,0.8109211562219276,0.2378502464201193,2.3055684106075893
Diesel_VISC,anil,mae,both,trip__anil__mae__exact,25,3,0.7943569354947133,0.2480499651197828,2.210764328616802
Diesel_VISC,anil,mae,both,trip__anil__mae__exact,25,4,0.8066835715169117,0.2405007960536144,2.28015883356664
Diesel_VISC,anil,mae,both,trip__anil__mae__exact,25,5,0.7615283979496296,0.2671163498164514,2.052963118799266
Diesel_VISC,anil,mae,both,trip__anil__mae__exact,25,6,0.7957615036370546,0.247201407379221,2.218353125151152
Diesel_VISC,anil,mae,both,trip__anil__mae__exact,25,7,0.8311749242200688,0.2247504724839358,2.439950441664383
Diesel_VISC,anil,mae,both,trip__anil__mae__exact,25,8,0.6979176324523453,0.3006386585446229,1.824050231118442
Diesel_VISC,anil,mae,both,trip__anil__mae__exact,25,9,0.8201982984333291,0.2319418065296356,2.364300006137058
Melamine_R862,anil,mae,both,trip__anil__mae__exact,5,0,-2.5075119955286422,30.554191972525057,0.5350846442568932
Melamine_R862,anil,mae,both,trip__anil__mae__exact,5,1,-0.6969105081007274,21.25204319830112,0.7692944527555983
Melamine_R862,anil,mae,both,trip__anil__mae__exact,5,2,-0.231888362450479,18.107433409288,0.9028932247123064
Melamine_R862,anil,mae,both,trip__anil__mae__exact,5,3,-0.8326931914548634,22.08595096976716,0.7402479053111722
Melamine_R862,anil,mae,both,trip__anil__mae__exact,5,4,-1.0709157533347344,23.47753174136787,0.69637128477897
Melamine_R862,anil,mae,both,trip__anil__mae__exact,5,5,-0.7674933490061915,21.689528672453253,0.7537775112162539
Melamine_R862,anil,mae,both,trip__anil__mae__exact,5,6,-0.1495907283667525,17.492136058215387,0.934653085693148
Melamine_R862,anil,mae,both,trip__anil__mae__exact,5,7,-0.2437912980111656,18.19470328063293,0.8985625481223383
Melamine_R862,anil,mae,both,trip__anil__mae__exact,5,8,-0.682385523794248,21.16089254656341,0.7726081925041735
Melamine_R862,anil,mae,both,trip__anil__mae__exact,5,9,0.0041400097564681,16.280598370475243,1.004206268721937
Melamine_R862,anil,mae,both,trip__anil__mae__exact,10,0,-0.8225702478031978,22.024870254069448,0.7423008060242552
Melamine_R862,anil,mae,both,trip__anil__mae__exact,10,1,0.3719748183870767,12.928845610914966,1.2645428241770442
Melamine_R862,anil,mae,both,trip__anil__mae__exact,10,2,-0.3200416237452679,18.74411902326091,0.8722244519407211
Melamine_R862,anil,mae,both,trip__anil__mae__exact,10,3,-0.8506862478015249,22.194104133557087,0.7366406340977683
Melamine_R862,anil,mae,both,trip__anil__mae__exact,10,4,0.1938708455296,14.647838215409712,1.116142785150095
Melamine_R862,anil,mae,both,trip__anil__mae__exact,10,5,-0.1460312100295582,17.46503430386505,0.9361034543492024
Melamine_R862,anil,mae,both,trip__anil__mae__exact,10,6,0.1910870932826134,14.67310762214664,1.1142206111470994
Melamine_R862,anil,mae,both,trip__anil__mae__exact,10,7,-0.0764814776242015,16.92678591000771,0.9658702502114854
Melamine_R862,anil,mae,both,trip__anil__mae__exact,10,8,-0.2397389111721068,18.16503908750701,0.9000299346132128
Melamine_R862,anil,mae,both,trip__anil__mae__exact,10,9,-0.6607241111224127,21.02422356177052,0.7776305695257069
Melamine_R862,anil,mae,both,trip__anil__mae__exact,25,0,0.5329719962375532,11.14917370029679,1.466393777840252
Melamine_R862,anil,mae,both,trip__anil__mae__exact,25,1,0.579668366974434,10.577115773730425,1.5457029394327284
Melamine_R862,anil,mae,both,trip__anil__mae__exact,25,2,0.3867867006894636,12.775473430993475,1.279723920251151
Melamine_R862,anil,mae,both,trip__anil__mae__exact,25,3,0.4149212306630236,12.478959927380515,1.310131536387365
Melamine_R862,anil,mae,both,trip__anil__mae__exact,25,4,0.3029633903546618,13.620687054820491,1.200312354022501
Melamine_R862,anil,mae,both,trip__anil__mae__exact,25,5,0.4375243210988043,12.23553869364994,1.336196088420718
Melamine_R862,anil,mae,both,trip__anil__mae__exact,25,6,0.316814965867553,13.48467216699936,1.212419459642928
Melamine_R862,anil,mae,both,trip__anil__mae__exact,25,7,0.5900789992181719,10.44530930255408,1.565207737618428
Melamine_R862,anil,mae,both,trip__anil__mae__exact,25,8,0.4929506561926177,11.61706269062492,1.407333280156029
Melamine_R862,anil,mae,both,trip__anil__mae__exact,25,9,0.55963008755607,10.82629956546092,1.5101262294952342
Shootout_assay,anil,mae,both,trip__anil__mae__exact,5,0,-0.6170910405069172,20.02274402943316,0.7868082817055984
Shootout_assay,anil,mae,both,trip__anil__mae__exact,5,1,-0.8781723990775321,21.57864085774275,0.7300766034658077
Shootout_assay,anil,mae,both,trip__anil__mae__exact,5,2,0.1435724767333229,14.571413007524797,1.081162191799368
Shootout_assay,anil,mae,both,trip__anil__mae__exact,5,3,-0.2280089759441641,17.448461139172974,0.9028911317262474
Shootout_assay,anil,mae,both,trip__anil__mae__exact,5,4,0.013742246324195,15.636932994709,1.0074904605756108
Shootout_assay,anil,mae,both,trip__anil__mae__exact,5,5,0.0082524672331067,15.680392314543049,1.0046981292820052
Shootout_assay,anil,mae,both,trip__anil__mae__exact,5,6,-0.5998708052825861,19.91584862318192,0.791031360144589
Shootout_assay,anil,mae,both,trip__anil__mae__exact,5,7,-0.6555107930146695,20.259203559791597,0.7776248843314053
Shootout_assay,anil,mae,both,trip__anil__mae__exact,5,8,-0.4019076704888882,18.64301143312604,0.845038414600581
Shootout_assay,anil,mae,both,trip__anil__mae__exact,5,9,-0.0040793089038078,15.777579193908764,0.998509380381465
Shootout_assay,anil,mae,both,trip__anil__mae__exact,10,0,-0.1317918049227915,16.750957332551238,0.9404871919896368
Shootout_assay,anil,mae,both,trip__anil__mae__exact,10,1,0.6386163520388971,9.465435679927532,1.6643777801203068
Shootout_assay,anil,mae,both,trip__anil__mae__exact,10,2,0.2629792671384604,13.517494838863824,1.1654571362983035
Shootout_assay,anil,mae,both,trip__anil__mae__exact,10,3,-0.376071588493948,18.470424380313197,0.8529344264347758
Shootout_assay,anil,mae,both,trip__anil__mae__exact,10,4,0.2259473092927982,13.852929443213307,1.137236776481772
Shootout_assay,anil,mae,both,trip__anil__mae__exact,10,5,-0.2839880724194976,17.841725552320664,0.8829897522316842
Shootout_assay,anil,mae,both,trip__anil__mae__exact,10,6,0.6883866083415944,8.789504980760357,1.7923717956032708
Shootout_assay,anil,mae,both,trip__anil__mae__exact,10,7,0.3579935337293647,12.616127258832964,1.248723994425421
Shootout_assay,anil,mae,both,trip__anil__mae__exact,10,8,0.1433137124193195,14.573614172724731,1.080998895546025
Shootout_assay,anil,mae,both,trip__anil__mae__exact,10,9,0.5258606766898294,10.841998620725358,1.4530587372252723
Shootout_assay,anil,mae,both,trip__anil__mae__exact,25,0,0.8596750610892772,5.8982583451508335,2.67096825926272
Shootout_assay,anil,mae,both,trip__anil__mae__exact,25,1,0.6658217128268382,9.102181145285996,1.7308006260662403
Shootout_assay,anil,mae,both,trip__anil__mae__exact,25,2,0.7688356320943588,7.570364767994662,2.0810174024154025
Shootout_assay,anil,mae,both,trip__anil__mae__exact,25,3,0.754881858545767,7.795502002554109,2.020916782481448
Shootout_assay,anil,mae,both,trip__anil__mae__exact,25,4,0.6385846640158529,9.46585066047636,1.6643048142105936
Shootout_assay,anil,mae,both,trip__anil__mae__exact,25,5,0.7826830740358168,7.340119601982797,2.1462948397426205
Shootout_assay,anil,mae,both,trip__anil__mae__exact,25,6,0.8347764857674678,6.40018146145387,2.461502212040505
Shootout_assay,anil,mae,both,trip__anil__mae__exact,25,7,0.8101153130145882,6.861219787420954,2.296102050791625
Shootout_assay,anil,mae,both,trip__anil__mae__exact,25,8,0.5358784584187415,10.726850377963045,1.4686567137352875
Shootout_assay,anil,mae,both,trip__anil__mae__exact,25,9,0.8116689034731659,6.83309372093107,2.3055531605796125
Wheat,anil,mae,both,trip__anil__mae__exact,5,0,0.2689438070895813,1.488401985892857,1.1750182410591932
Wheat,anil,mae,both,trip__anil__mae__exact,5,1,0.2200664093149525,1.5373532602424642,1.1376041724964414
Wheat,anil,mae,both,trip__anil__mae__exact,5,2,-0.0028981325782497,1.7433045830781244,1.003209364805794
Wheat,anil,mae,both,trip__anil__mae__exact,5,3,0.1615126271201156,1.594017642989473,1.0971644455408232
Wheat,anil,mae,both,trip__anil__mae__exact,5,4,0.3830208153277866,1.3673513278407383,1.2790417852700815
Wheat,anil,mae,both,trip__anil__mae__exact,5,5,0.2917335828804672,1.4650187585158767,1.1937727577116766
Wheat,anil,mae,both,trip__anil__mae__exact,5,6,0.2545367001053434,1.5029965866871364,1.1636084199683452
Wheat,anil,mae,both,trip__anil__mae__exact,5,7,0.3617077303634244,1.3907678829141703,1.2575063782665494
Wheat,anil,mae,both,trip__anil__mae__exact,5,8,0.0613506363861618,1.6865396493569802,1.0369750181204636
Wheat,anil,mae,both,trip__anil__mae__exact,5,9,-0.3440307797928257,2.0181315314523336,0.8665934089014764
Wheat,anil,mae,both,trip__anil__mae__exact,10,0,0.0905007145461407,1.6601450761994965,1.0534618380801517
Wheat,anil,mae,both,trip__anil__mae__exact,10,1,0.3619749508804449,1.3904767305413277,1.257769687934274
Wheat,anil,mae,both,trip__anil__mae__exact,10,2,0.3038929305043066,1.452388771727628,1.204153817143949
Wheat,anil,mae,both,trip__anil__mae__exact,10,3,-0.2325160020417922,1.9325963004834312,0.9049481689555934
Wheat,anil,mae,both,trip__anil__mae__exact,10,4,0.1871169189549565,1.5694912643787975,1.114309791424705
Wheat,anil,mae,both,trip__anil__mae__exact,10,5,0.0942938156762626,1.656679610330672,1.0556654844709266
Wheat,anil,mae,both,trip__anil__mae__exact,10,6,0.4653960353180874,1.2728022905012424,1.3740543181801634
Wheat,anil,mae,both,trip__anil__mae__exact,10,7,0.0539736243127265,1.693154086118706,1.0329239953948413
Wheat,anil,mae,both,trip__anil__mae__exact,10,8,0.3571406248475181,1.3957346218022053,1.2530315262901588
Wheat,anil,mae,both,trip__anil__mae__exact,10,9,0.0213929136909623,1.7220630121296074,1.0155839078675988
Wheat,anil,mae,both,trip__anil__mae__exact,25,0,0.2816556514710933,1.475404827948685,1.185369229057221
Wheat,anil,mae,both,trip__anil__mae__exact,25,1,0.5097245484417214,1.218891180820112,1.4348282364928715
Wheat,anil,mae,both,trip__anil__mae__exact,25,2,0.4640474203462958,1.27440669222641,1.3723244660599498
Wheat,anil,mae,both,trip__anil__mae__exact,25,3,0.4391742042073261,1.3036435229079413,1.341547326950004
Wheat,anil,mae,both,trip__anil__mae__exact,25,4,0.4673533346595109,1.2704701533606582,1.3765765994790444
Wheat,anil,mae,both,trip__anil__mae__exact,25,5,0.4073907547671384,1.3400748971171927,1.3050759231555769
Wheat,anil,mae,both,trip__anil__mae__exact,25,6,0.3843023050308737,1.3659305688363033,1.2803721677762874
Wheat,anil,mae,both,trip__anil__mae__exact,25,7,0.324501447548104,1.4307279846797445,1.2223843401261982
Wheat,anil,mae,both,trip__anil__mae__exact,25,8,0.1803597384307806,1.5760010489187497,1.109707055495113
Wheat,anil,mae,both,trip__anil__mae__exact,25,9,0.407811874141518,1.3395986711735015,1.3055398762980122
CGL_Glucose,anil,rand,both,trip__anil__rand__exact,5,0,0.9128389598351664,4.747823429692817,3.41062506688653
CGL_Glucose,anil,rand,both,trip__anil__rand__exact,5,1,0.6225228723783058,9.88049443562984,1.6388902101971845
CGL_Glucose,anil,rand,both,trip__anil__rand__exact,5,2,0.2918124370570899,13.533418279410231,1.1965229528963597
CGL_Glucose,anil,rand,both,trip__anil__rand__exact,5,3,0.7542805144000317,7.971740553808338,2.031306148658538
CGL_Glucose,anil,rand,both,trip__anil__rand__exact,5,4,0.6903116698074594,8.949438280353965,1.809392399298276
CGL_Glucose,anil,rand,both,trip__anil__rand__exact,5,5,0.0387974990399808,15.76669996228486,1.0270408925898566
CGL_Glucose,anil,rand,both,trip__anil__rand__exact,5,6,0.6369607894828994,9.689695380291854,1.671161472774159
CGL_Glucose,anil,rand,both,trip__anil__rand__exact,5,7,-6.126373534662946,42.93066821724394,0.3771906256040349
CGL_Glucose,anil,rand,both,trip__anil__rand__exact,5,8,0.8697470839597229,5.803995733456984,2.7899823408065423
CGL_Glucose,anil,rand,both,trip__anil__rand__exact,5,9,0.914125458035252,4.7126542017992055,3.436077613392319
CGL_Glucose,anil,rand,both,trip__anil__rand__exact,10,0,0.9039231075146792,4.984743675040116,3.248521219565253
CGL_Glucose,anil,rand,both,trip__anil__rand__exact,10,1,0.8702685292078205,5.792366431211326,2.79558377301678
CGL_Glucose,anil,rand,both,trip__anil__rand__exact,10,2,0.8879463076097152,5.3832734768931605,3.0080295329537976
CGL_Glucose,anil,rand,both,trip__anil__rand__exact,10,3,0.6398241001095128,9.651408151848536,1.677790986319446
CGL_Glucose,anil,rand,both,trip__anil__rand__exact,10,4,0.9199004497017264,4.551435535982415,3.557788630519684
CGL_Glucose,anil,rand,both,trip__anil__rand__exact,10,5,0.842765009321347,6.376875774067478,2.5393384121285454
CGL_Glucose,anil,rand,both,trip__anil__rand__exact,10,6,0.879228255200088,5.588767302165596,2.8974270580539008
CGL_Glucose,anil,rand,both,trip__anil__rand__exact,10,7,0.9418208518151188,3.878975497291354,4.174567643896933
CGL_Glucose,anil,rand,both,trip__anil__rand__exact,10,8,0.8784221209812855,5.607388393978064,2.8878052427849794
CGL_Glucose,anil,rand,both,trip__anil__rand__exact,10,9,0.9354276715680166,4.086547775658633,3.962524480666729
CGL_Glucose,anil,rand,both,trip__anil__rand__exact,25,0,0.9408732981471214,3.910436016311133,4.140982114249508
CGL_Glucose,anil,rand,both,trip__anil__rand__exact,25,1,0.9436078286629092,3.81893938861713,4.240194450513428
CGL_Glucose,anil,rand,both,trip__anil__rand__exact,25,2,0.9405537528467706,3.9209885896111056,4.129837471439204
CGL_Glucose,anil,rand,both,trip__anil__rand__exact,25,3,0.9556773137867448,3.3856837862593245,4.78279916989897
CGL_Glucose,anil,rand,both,trip__anil__rand__exact,25,4,0.9560521631314424,3.371336550194223,4.803153100074988
CGL_Glucose,anil,rand,both,trip__anil__rand__exact,25,5,0.9476157729311162,3.680727171653133,4.399414802371424
CGL_Glucose,anil,rand,both,trip__anil__rand__exact,25,6,0.9440074491997608,3.8053839614941625,4.255298746805931
CGL_Glucose,anil,rand,both,trip__anil__rand__exact,25,7,0.9415397278082632,3.8883358870418654,4.1645182085287145
CGL_Glucose,anil,rand,both,trip__anil__rand__exact,25,8,0.9557442880479416,3.3831248326621948,4.786416819777568
CGL_Glucose,anil,rand,both,trip__anil__rand__exact,25,9,0.9532993532573648,3.4753200393913053,4.659440114556378
Corn_Starch,anil,rand,both,trip__anil__rand__exact,5,0,-0.1870695248598879,0.8776846292859379,0.9216776673924612
Corn_Starch,anil,rand,both,trip__anil__rand__exact,5,1,-0.8780006941362322,1.1039471664781626,0.7327726782497994
Corn_Starch,anil,rand,both,trip__anil__rand__exact,5,2,0.0725677077470884,0.7757852563085595,1.0427400047220452
Corn_Starch,anil,rand,both,trip__anil__rand__exact,5,3,-0.3067437074376913,0.9208642724421034,0.8784598838666967
Corn_Starch,anil,rand,both,trip__anil__rand__exact,5,4,-4.881036855000866,1.9535627487373088,0.4140856608518681
Corn_Starch,anil,rand,both,trip__anil__rand__exact,5,5,-4.248379298802695,1.845495632717584,0.4383333709846133
Corn_Starch,anil,rand,both,trip__anil__rand__exact,5,6,-0.2972475404666761,0.917512189769605,0.8816692909874174
Corn_Starch,anil,rand,both,trip__anil__rand__exact,5,7,-0.0889197831645338,0.8406173683082103,0.9623193052203076
Corn_Starch,anil,rand,both,trip__anil__rand__exact,5,8,-0.9813764516367328,1.1339239113130453,0.7134008849762704
Corn_Starch,anil,rand,both,trip__anil__rand__exact,5,9,-0.5770429063780311,1.011631093873245,0.799641615135882
Corn_Starch,anil,rand,both,trip__anil__rand__exact,10,0,-0.501877722222843,0.9872285412705916,0.8194073489663785
Corn_Starch,anil,rand,both,trip__anil__rand__exact,10,1,-0.657691598648481,1.0371755805081972,0.7799473271730071
Corn_Starch,anil,rand,both,trip__anil__rand__exact,10,2,-0.1264730807231679,0.8549895837814921,0.9461428971434348
Corn_Starch,anil,rand,both,trip__anil__rand__exact,10,3,-0.2737740405704301,0.9091731714287112,0.8897560412558984
Corn_Starch,anil,rand,both,trip__anil__rand__exact,10,4,-0.2662921999103713,0.9064991072784871,0.8923807153601131
Corn_Starch,anil,rand,both,trip__anil__rand__exact,10,5,-0.5146955514313045,0.9914323595883058,0.8159329418724998
Corn_Starch,anil,rand,both,trip__anil__rand__exact,10,6,-0.1027205891561686,0.8459275254645247,0.9562785197021052
Corn_Starch,anil,rand,both,trip__anil__rand__exact,10,7,0.0115777607315236,0.8008877833939617,1.0100570124798078
Corn_Starch,anil,rand,both,trip__anil__rand__exact,10,8,-0.7346634094130862,1.0609820189043928,0.7624467779970697
Corn_Starch,anil,rand,both,trip__anil__rand__exact,10,9,-0.2157076852822317,0.8882086451671032,0.9107570909471276
Corn_Starch,anil,rand,both,trip__anil__rand__exact,25,0,0.3414529428862027,0.6537230850258149,1.2374388182949605
Corn_Starch,anil,rand,both,trip__anil__rand__exact,25,1,0.2741398664861749,0.6863203669315505,1.1786657671885168
Corn_Starch,anil,rand,both,trip__anil__rand__exact,25,2,0.1772908152303001,0.7306738888274853,1.1071181469541669
Corn_Starch,anil,rand,both,trip__anil__rand__exact,25,3,0.1439538551508695,0.7453306874450173,1.0853468607330832
Corn_Starch,anil,rand,both,trip__anil__rand__exact,25,4,0.286432379987562,0.6804841001703131,1.1887747584756447
Corn_Starch,anil,rand,both,trip__anil__rand__exact,25,5,0.1705297367094442,0.7336701088237092,1.1025968103340815
Corn_Starch,anil,rand,both,trip__anil__rand__exact,25,6,0.2120339778830955,0.7150792240644686,1.1312625155412843
Corn_Starch,anil,rand,both,trip__anil__rand__exact,25,7,0.2396267562100592,0.7024474302595946,1.151605496695361
Corn_Starch,anil,rand,both,trip__anil__rand__exact,25,8,-0.0080632603719916,0.8088058956292702,1.0001686760667146
Corn_Starch,anil,rand,both,trip__anil__rand__exact,25,9,0.2391389676771483,0.702672708350996,1.1512362899718611
Diesel_TOTAL,anil,rand,both,trip__anil__rand__exact,5,0,0.0650555274498859,6.5534260059616765,1.0368276558832434
Diesel_TOTAL,anil,rand,both,trip__anil__rand__exact,5,1,0.5824323887384786,4.379644840551362,1.5514439118104666
Diesel_TOTAL,anil,rand,both,trip__anil__rand__exact,5,2,0.2226533784154203,5.975618301985574,1.137082889231357
Diesel_TOTAL,anil,rand,both,trip__anil__rand__exact,5,3,0.7024024708985874,3.697346489613407,1.8377431876761952
Diesel_TOTAL,anil,rand,both,trip__anil__rand__exact,5,4,0.8268296906725472,2.8204097503058128,2.4091440341350348
Diesel_TOTAL,anil,rand,both,trip__anil__rand__exact,5,5,-4.251460183983595,15.531576122550996,0.4374812491759863
Diesel_TOTAL,anil,rand,both,trip__anil__rand__exact,5,6,0.3081420108338235,5.637466461338822,1.2052884696278734
Diesel_TOTAL,anil,rand,both,trip__anil__rand__exact,5,7,0.5666654256205321,4.461564354545701,1.5229575959926749
Diesel_TOTAL,anil,rand,both,trip__anil__rand__exact,5,8,0.383920915632174,5.319780626120029,1.2772656997176377
Diesel_TOTAL,anil,rand,both,trip__anil__rand__exact,5,9,0.1252128236120839,6.33908674917476,1.0718852088039488
Diesel_TOTAL,anil,rand,both,trip__anil__rand__exact,10,0,0.5745691254733436,4.420689308999751,1.5370393277655956
Diesel_TOTAL,anil,rand,both,trip__anil__rand__exact,10,1,0.6567182784301271,3.971008629089421,1.711095078965774
Diesel_TOTAL,anil,rand,both,trip__anil__rand__exact,10,2,0.854337543955083,2.586719310656587,2.626791896504926
Diesel_TOTAL,anil,rand,both,trip__anil__rand__exact,10,3,0.6179936484727011,4.189004076296008,1.6220498237790189
Diesel_TOTAL,anil,rand,both,trip__anil__rand__exact,10,4,0.6489013701092102,4.015966287168548,1.691939831635434
Diesel_TOTAL,anil,rand,both,trip__anil__rand__exact,10,5,0.2894388402649865,5.713157848989308,1.1893200754058575
Diesel_TOTAL,anil,rand,both,trip__anil__rand__exact,10,6,0.731167372832841,3.514119121698577,1.9335637434172197
Diesel_TOTAL,anil,rand,both,trip__anil__rand__exact,10,7,0.8277638885594294,2.8127918625789823,2.415668721942179
Diesel_TOTAL,anil,rand,both,trip__anil__rand__exact,10,8,0.6392051579004043,4.071042639730669,1.6690499031999968
Diesel_TOTAL,anil,rand,both,trip__anil__rand__exact,10,9,0.6693716377270227,3.897135839920284,1.743530018677645
Diesel_TOTAL,anil,rand,both,trip__anil__rand__exact,25,0,0.8150785954348619,2.91453370963562,2.331341477129467
Diesel_TOTAL,anil,rand,both,trip__anil__rand__exact,25,1,0.90692852135084,2.0676822419795267,3.2861786911998885
Diesel_TOTAL,anil,rand,both,trip__anil__rand__exact,25,2,0.8473463808400946,2.6480674536840585,2.56593664723777
Diesel_TOTAL,anil,rand,both,trip__anil__rand__exact,25,3,0.8373306805635363,2.7335581434938536,2.4856882374855584
Diesel_TOTAL,anil,rand,both,trip__anil__rand__exact,25,4,0.8627488524517217,2.510923510615315,2.706085348693253
Diesel_TOTAL,anil,rand,both,trip__anil__rand__exact,25,5,0.8051694135486811,2.991603687845607,2.271281236673018
Diesel_TOTAL,anil,rand,both,trip__anil__rand__exact,25,6,0.9022942187391108,2.1185348955277195,3.207298278687535
Diesel_TOTAL,anil,rand,both,trip__anil__rand__exact,25,7,0.9079584149548288,2.056210324870752,3.304512793063927
Diesel_TOTAL,anil,rand,both,trip__anil__rand__exact,25,8,0.9117182729569774,2.0137747975079234,3.374147562167411
Diesel_TOTAL,anil,rand,both,trip__anil__rand__exact,25,9,0.9042804152658293,2.0968911847417413,3.240403399665393
Diesel_VISC,anil,rand,both,trip__anil__rand__exact,5,0,0.3843587083274954,0.4291864547892048,1.277719761381554
Diesel_VISC,anil,rand,both,trip__anil__rand__exact,5,1,0.3389054741843094,0.4447479113912542,1.233013130710436
Diesel_VISC,anil,rand,both,trip__anil__rand__exact,5,2,0.7049340620423101,0.2971266973913687,1.845610035772531
Diesel_VISC,anil,rand,both,trip__anil__rand__exact,5,3,0.0428774428590671,0.5351381495505221,1.024744759950413
Diesel_VISC,anil,rand,both,trip__anil__rand__exact,5,4,0.7000944385632129,0.2995534987236318,1.8306580191453328
Diesel_VISC,anil,rand,both,trip__anil__rand__exact,5,5,0.5935919482460295,0.3487091060692877,1.57260021334945
Diesel_VISC,anil,rand,both,trip__anil__rand__exact,5,6,0.5101829479256782,0.3828239383840125,1.4324600935779916
Diesel_VISC,anil,rand,both,trip__anil__rand__exact,5,7,0.4298338484187159,0.4130311936912353,1.3276963652566245
Diesel_VISC,anil,rand,both,trip__anil__rand__exact,5,8,0.2258822832255018,0.4812665087409143,1.1394518518151728
Diesel_VISC,anil,rand,both,trip__anil__rand__exact,5,9,0.571176140865141,0.3581967220363423,1.5309464907549315
Diesel_VISC,anil,rand,both,trip__anil__rand__exact,10,0,0.7070872893845725,0.2960405794818194,1.852381236252564
Diesel_VISC,anil,rand,both,trip__anil__rand__exact,10,1,0.6609659114617299,0.3184958810828807,1.7217805540749067
Diesel_VISC,anil,rand,both,trip__anil__rand__exact,10,2,0.7175047718748417,0.2907285584076341,1.8862268557482664
Diesel_VISC,anil,rand,both,trip__anil__rand__exact,10,3,0.5201380778112128,0.3789136768817691,1.4472425991964568
Diesel_VISC,anil,rand,both,trip__anil__rand__exact,10,4,0.5594608728837012,0.3630566367974635,1.510453078171877
Diesel_VISC,anil,rand,both,trip__anil__rand__exact,10,5,0.6452198535021723,0.3258080353942522,1.6831383975471226
Diesel_VISC,anil,rand,both,trip__anil__rand__exact,10,6,0.4646377470653544,0.4002266559389126,1.3701736415206642
Diesel_VISC,anil,rand,both,trip__anil__rand__exact,10,7,0.5616111668914137,0.3621695039329466,1.5141529274176186
Diesel_VISC,anil,rand,both,trip__anil__rand__exact,10,8,0.5863308475882412,0.3518104253719799,1.5587372489648057
Diesel_VISC,anil,rand,both,trip__anil__rand__exact,10,9,-0.131606871753557,0.5818753034031325,0.9424356239115572
Diesel_VISC,anil,rand,both,trip__anil__rand__exact,25,0,0.7232675685192174,0.2877479022697434,1.9057654644077653
Diesel_VISC,anil,rand,both,trip__anil__rand__exact,25,1,0.7413810391968805,0.278171298549329,1.9713752549643864
Diesel_VISC,anil,rand,both,trip__anil__rand__exact,25,2,0.715174059807708,0.2919254151910311,1.8784935674155232
Diesel_VISC,anil,rand,both,trip__anil__rand__exact,25,3,0.7408542552598139,0.2784544595885876,1.969370558516755
Diesel_VISC,anil,rand,both,trip__anil__rand__exact,25,4,0.694203337458519,0.302481283623488,1.812938665269786
Diesel_VISC,anil,rand,both,trip__anil__rand__exact,25,5,0.7049838388485603,0.2971016341089689,1.845765730121588
Diesel_VISC,anil,rand,both,trip__anil__rand__exact,25,6,0.6815746600295325,0.3086639768153918,1.7766246008339268
Diesel_VISC,anil,rand,both,trip__anil__rand__exact,25,7,0.7565912947239235,0.2698672539501346,2.0320361458259253
Diesel_VISC,anil,rand,both,trip__anil__rand__exact,25,8,0.5552781282642482,0.3647761045463091,1.50333316181307
Diesel_VISC,anil,rand,both,trip__anil__rand__exact,25,9,0.7191060405363497,0.2899034186225303,1.891595543119407
Melamine_R862,anil,rand,both,trip__anil__rand__exact,5,0,0.6579792541391969,9.541077979487168,1.7135463075896749
Melamine_R862,anil,rand,both,trip__anil__rand__exact,5,1,-0.0983354190908676,17.09774025005164,0.9562128505330412
Melamine_R862,anil,rand,both,trip__anil__rand__exact,5,2,0.5134959078548469,11.37927175802799,1.4367421123097128
Melamine_R862,anil,rand,both,trip__anil__rand__exact,5,3,0.8263837156025042,6.7977697333344445,2.4050651292296474
Melamine_R862,anil,rand,both,trip__anil__rand__exact,5,4,0.7940597617753271,7.403580892147358,2.20826640248047
Melamine_R862,anil,rand,both,trip__anil__rand__exact,5,5,0.3735376781266618,12.91274867775347,1.2661191935332987
Melamine_R862,anil,rand,both,trip__anil__rand__exact,5,6,0.7738855995785137,7.757741987730556,2.1074532986573504
Melamine_R862,anil,rand,both,trip__anil__rand__exact,5,7,0.8350353151110713,6.6262331276085575,2.4673262511782257
Melamine_R862,anil,rand,both,trip__anil__rand__exact,5,8,0.8369522936799728,6.587620424177044,2.481788246659308
Melamine_R862,anil,rand,both,trip__anil__rand__exact,5,9,0.7034347792451903,8.884466000356863,1.840187011973336
Melamine_R862,anil,rand,both,trip__anil__rand__exact,10,0,0.8523152109902203,6.26958946404211,2.607679344228524
Melamine_R862,anil,rand,both,trip__anil__rand__exact,10,1,0.7173360751719318,8.673740262586207,1.8848937652302569
Melamine_R862,anil,rand,both,trip__anil__rand__exact,10,2,0.8271672198963984,6.782413730460148,2.410510415893812
Melamine_R862,anil,rand,both,trip__anil__rand__exact,10,3,0.7938766007609215,7.406872492707487,2.207285052938612
Melamine_R862,anil,rand,both,trip__anil__rand__exact,10,4,0.858228601128223,6.142788079169004,2.661507890467075
Melamine_R862,anil,rand,both,trip__anil__rand__exact,10,5,0.739142500398333,8.33245321860354,1.9620966974856155
Melamine_R862,anil,rand,both,trip__anil__rand__exact,10,6,0.8542911123204484,6.227507251671132,2.625300667098889
Melamine_R862,anil,rand,both,trip__anil__rand__exact,10,7,0.7555863200587678,8.065549770168488,2.0270259818673044
Melamine_R862,anil,rand,both,trip__anil__rand__exact,10,8,0.7788324592901976,7.672411981831535,2.13089169102108
Melamine_R862,anil,rand,both,trip__anil__rand__exact,10,9,0.8189089187425616,6.942561752744337,2.354905800544408
Melamine_R862,anil,rand,both,trip__anil__rand__exact,25,0,0.8090497088611109,7.12904544078792,2.293305475181324
Melamine_R862,anil,rand,both,trip__anil__rand__exact,25,1,0.8449650658016368,6.423711164779149,2.545114268495832
Melamine_R862,anil,rand,both,trip__anil__rand__exact,25,2,0.832724546670623,6.672480730455328,2.450224976679661
Melamine_R862,anil,rand,both,trip__anil__rand__exact,25,3,0.8278945059394708,6.768128375889345,2.4155982325065004
Melamine_R862,anil,rand,both,trip__anil__rand__exact,25,4,0.7969827461030756,7.350852272986547,2.2241065845189394
Melamine_R862,anil,rand,both,trip__anil__rand__exact,25,5,0.8595236107630186,6.114668093730037,2.6737475675809272
Melamine_R862,anil,rand,both,trip__anil__rand__exact,25,6,0.8246139422126988,6.832328728672636,2.392899930819289
Melamine_R862,anil,rand,both,trip__anil__rand__exact,25,7,0.8069244564127915,7.168608347278575,2.280648927958522
Melamine_R862,anil,rand,both,trip__anil__rand__exact,25,8,0.8652795045262585,5.988086375133462,2.730267721265294
Melamine_R862,anil,rand,both,trip__anil__rand__exact,25,9,0.8322256498226476,6.68242361552289,2.4465792477144688
Shootout_assay,anil,rand,both,trip__anil__rand__exact,5,0,-4.306512237236715,36.271118228565086,0.4343417461119884
Shootout_assay,anil,rand,both,trip__anil__rand__exact,5,1,-0.7841888420892587,21.03181579809567,0.7490585204847499
Shootout_assay,anil,rand,both,trip__anil__rand__exact,5,2,-1.678252447723231,25.768083265759408,0.611378838788654
Shootout_assay,anil,rand,both,trip__anil__rand__exact,5,3,-0.7363767193260484,20.74810021956193,0.7593013653354119
Shootout_assay,anil,rand,both,trip__anil__rand__exact,5,4,-0.3693073675817759,18.42497182288636,0.8550385301138218
Shootout_assay,anil,rand,both,trip__anil__rand__exact,5,5,0.4807111872623266,11.346471932773817,1.388454571444748
Shootout_assay,anil,rand,both,trip__anil__rand__exact,5,6,-1.910989529424885,26.86437131507673,0.5864295367294857
Shootout_assay,anil,rand,both,trip__anil__rand__exact,5,7,-1.7197892399485362,25.96713199690762,0.6066923689033296
Shootout_assay,anil,rand,both,trip__anil__rand__exact,5,8,-0.3826791581291722,18.51471657400048,0.8508939773321818
Shootout_assay,anil,rand,both,trip__anil__rand__exact,5,9,-0.0553562890688412,16.175432853524555,0.973949876178837
Shootout_assay,anil,rand,both,trip__anil__rand__exact,10,0,0.0804396398763396,15.098940745421048,1.0433884793942885
Shootout_assay,anil,rand,both,trip__anil__rand__exact,10,1,0.6092734301854683,9.842214647669453,1.6006621871998852
Shootout_assay,anil,rand,both,trip__anil__rand__exact,10,2,0.6394196497744566,9.454909756621548,1.6662306918155732
Shootout_assay,anil,rand,both,trip__anil__rand__exact,10,3,0.647298010870053,9.35104860543699,1.6847373476028595
Shootout_assay,anil,rand,both,trip__anil__rand__exact,10,4,-1.0198338822414188,22.377635033830128,0.7040091949400645
Shootout_assay,anil,rand,both,trip__anil__rand__exact,10,5,0.5781667105096278,10.226494396979652,1.540514296813405
Shootout_assay,anil,rand,both,trip__anil__rand__exact,10,6,0.6360370575586662,9.499154330854788,1.658469825430417
Shootout_assay,anil,rand,both,trip__anil__rand__exact,10,7,0.1621632733348683,14.412391698381938,1.093091358778295
Shootout_assay,anil,rand,both,trip__anil__rand__exact,10,8,0.3867318711031535,12.33052470231869,1.277647237661092
Shootout_assay,anil,rand,both,trip__anil__rand__exact,10,9,0.5594144916157217,10.45132767360366,1.5073741171294908
Shootout_assay,anil,rand,both,trip__anil__rand__exact,25,0,0.7534009155675211,7.819015784151098,2.014839368499847
Shootout_assay,anil,rand,both,trip__anil__rand__exact,25,1,0.7130148803491215,8.43501869289944,1.867697203574786
Shootout_assay,anil,rand,both,trip__anil__rand__exact,25,2,0.7951889577109469,7.125790400615143,2.210850998854716
Shootout_assay,anil,rand,both,trip__anil__rand__exact,25,3,0.8208047246120463,6.66529901731571,2.3635940088962286
Shootout_assay,anil,rand,both,trip__anil__rand__exact,25,4,0.7498097263321619,7.87574363721702,2.000326769193341
Shootout_assay,anil,rand,both,trip__anil__rand__exact,25,5,0.8069199232462323,6.91870942535282,2.277023048128077
Shootout_assay,anil,rand,both,trip__anil__rand__exact,25,6,0.7910972670882477,7.196617502290316,2.189092420128709
Shootout_assay,anil,rand,both,trip__anil__rand__exact,25,7,0.8435390037309458,6.228154903377408,2.529490847487786
Shootout_assay,anil,rand,both,trip__anil__rand__exact,25,8,0.7825823503821803,7.3418204313457425,2.145797622285573
Shootout_assay,anil,rand,both,trip__anil__rand__exact,25,9,0.7018170663423395,8.598006152104627,1.8322923415183927
Wheat,anil,rand,both,trip__anil__rand__exact,5,0,0.0927471155588346,1.6580935862757642,1.0547652424016845
Wheat,anil,rand,both,trip__anil__rand__exact,5,1,0.1351327144842302,1.6188984060895122,1.080302183802468
Wheat,anil,rand,both,trip__anil__rand__exact,5,2,-0.8835955701062359,2.389123998585281,0.7320254137032841
Wheat,anil,rand,both,trip__anil__rand__exact,5,3,-0.2051181881335633,1.910995573582593,0.915177150397124
Wheat,anil,rand,both,trip__anil__rand__exact,5,4,0.271722495634094,1.485570641979434,1.1772577042331227
Wheat,anil,rand,both,trip__anil__rand__exact,5,5,-0.1168495319063291,1.839679605521973,0.9506543847109828
Wheat,anil,rand,both,trip__anil__rand__exact,5,6,-0.3646394626289546,2.0335451700766587,0.8600249009403153
Wheat,anil,rand,both,trip__anil__rand__exact,5,7,0.1939325210488015,1.5628977302362836,1.119010828167516
Wheat,anil,rand,both,trip__anil__rand__exact,5,8,-0.4662734316127397,2.1079113546794157,0.8296836010539062
Wheat,anil,rand,both,trip__anil__rand__exact,5,9,0.3646665044641363,1.387540718840345,1.260431106421511
Wheat,anil,rand,both,trip__anil__rand__exact,10,0,-0.1301552591580812,1.8506057863524397,0.9450416162914584
Wheat,anil,rand,both,trip__anil__rand__exact,10,1,0.2033156958596094,1.553774505010438,1.125581271808219
Wheat,anil,rand,both,trip__anil__rand__exact,10,2,0.2716860534766442,1.4856078096261671,1.1772282510368073
Wheat,anil,rand,both,trip__anil__rand__exact,10,3,0.2719275273711702,1.4853615111411294,1.177423455727786
Wheat,anil,rand,both,trip__anil__rand__exact,10,4,-0.1186218375185661,1.8411387018132583,0.9499009942762154
Wheat,anil,rand,both,trip__anil__rand__exact,10,5,0.0916517340118643,1.6590942429083375,1.0541290773133367
Wheat,anil,rand,both,trip__anil__rand__exact,10,6,0.4615932096163269,1.2773212133588685,1.3691931717425212
Wheat,anil,rand,both,trip__anil__rand__exact,10,7,0.329388976367869,1.4255426152521955,1.2268307272900667
Wheat,anil,rand,both,trip__anil__rand__exact,10,8,0.3899751631607386,1.3596233650486695,1.2863117304476674
Wheat,anil,rand,both,trip__anil__rand__exact,10,9,-0.1004614987052916,1.8261325049594688,0.957706781245675
Wheat,anil,rand,both,trip__anil__rand__exact,25,0,0.3473808460278604,1.4062896114045191,1.2436268242827573
Wheat,anil,rand,both,trip__anil__rand__exact,25,1,0.3061911172378955,1.4499892700672157,1.2061465002232483
Wheat,anil,rand,both,trip__anil__rand__exact,25,2,0.3128253761208177,1.44304015849887,1.2119548254791028
Wheat,anil,rand,both,trip__anil__rand__exact,25,3,0.374929151423661,1.3762885068542672,1.2707360954791602
Wheat,anil,rand,both,trip__anil__rand__exact,25,4,0.3264615572021482,1.4286506885345236,1.224161719508087
Wheat,anil,rand,both,trip__anil__rand__exact,25,5,0.4034678042349742,1.3445030899857415,1.3007775857706525
Wheat,anil,rand,both,trip__anil__rand__exact,25,6,0.329251769963772,1.425688440153435,1.2267052423211169
Wheat,anil,rand,both,trip__anil__rand__exact,25,7,0.1699850245221619,1.585943913955355,1.1027498942828735
Wheat,anil,rand,both,trip__anil__rand__exact,25,8,0.0257881311762605,1.7181915098742744,1.0178722647633194
Wheat,anil,rand,both,trip__anil__rand__exact,25,9,0.3403177606174465,1.4138790403333803,1.236951276284893
CGL_Glucose,base,rand,both,trip__base__rand__exact,25,0,-0.8785020077014263,22.04140064959345,0.7346649997381258
CGL_Glucose,base,rand,both,trip__base__rand__exact,25,1,-0.0523292851689545,16.497159956317073,0.9815656540482822
CGL_Glucose,base,rand,both,trip__base__rand__exact,25,2,-0.3467587319959122,18.662862531828,0.8676614091137185
CGL_Glucose,base,rand,both,trip__base__rand__exact,5,0,-0.0383726049272508,16.38739673323143,0.9881402071400508
CGL_Glucose,base,rand,both,trip__base__rand__exact,5,1,-2.7717014955813637,31.23215951284358,0.5184734534863797
CGL_Glucose,base,rand,both,trip__base__rand__exact,5,2,-0.1410489315791647,17.17850997516412,0.9426338853528416
CGL_Glucose,base,rand,both,trip__base__rand__exact,5,3,-0.4902706381100536,19.63206256975252,0.8248265073997078
CGL_Glucose,base,rand,both,trip__base__rand__exact,5,4,-0.0689163276522524,16.62666752705395,0.973920094096614
CGL_Glucose,base,rand,both,trip__base__rand__exact,5,5,-1.8982909210538816,27.378165551983567,0.5914583857605573
CGL_Glucose,base,rand,both,trip__base__rand__exact,5,6,-3.233138977384097,33.087550759433206,0.4893999474362692
CGL_Glucose,base,rand,both,trip__base__rand__exact,5,7,-2.540143718320986,30.258249788108984,0.5351613432983526
CGL_Glucose,base,rand,both,trip__base__rand__exact,5,8,-2.4759039810679546,29.98245859098228,0.5400839812159975
CGL_Glucose,base,rand,both,trip__base__rand__exact,5,9,-0.2164327294951511,17.736887257549203,0.912958703933205
CGL_Glucose,base,rand,both,trip__base__rand__exact,10,0,-0.927117134606504,22.324791602247235,0.7253391606500592
CGL_Glucose,base,rand,both,trip__base__rand__exact,10,1,-0.8359670797079979,21.790430074475225,0.7431264801620246
CGL_Glucose,base,rand,both,trip__base__rand__exact,10,2,-0.3818431405282727,18.90439271346494,0.856575815362096
CGL_Glucose,base,rand,both,trip__base__rand__exact,10,3,-1.286654692151314,24.3183245629445,0.6658783404485009
CGL_Glucose,base,rand,both,trip__base__rand__exact,10,4,-1.0634850428378488,23.10117232119821,0.7009620714184431
CGL_Glucose,base,rand,both,trip__base__rand__exact,10,5,-0.7324022791591123,21.16692301680826,0.7650165113560863
CGL_Glucose,base,rand,both,trip__base__rand__exact,10,6,-0.4497692756822669,19.36345287604242,0.8362684954033415
CGL_Glucose,base,rand,both,trip__base__rand__exact,10,7,-0.6187524160594384,20.460845305724035,0.7914162567824803
CGL_Glucose,base,rand,both,trip__base__rand__exact,10,8,-0.2332841860672145,17.85932080217228,0.9066999681472708
CGL_Glucose,base,rand,both,trip__base__rand__exact,10,9,-0.0994015380509862,16.862094822403233,0.960322295243363
CGL_Glucose,base,rand,both,trip__base__rand__exact,25,3,-0.3895472759928244,18.9570179224948,0.8541979370735568
CGL_Glucose,base,rand,both,trip__base__rand__exact,25,4,-0.7352650325855452,21.184404715359097,0.764385207894052
CGL_Glucose,base,rand,both,trip__base__rand__exact,25,5,-0.2538012718603761,18.007263104870006,0.8992507916476292
CGL_Glucose,base,rand,both,trip__base__rand__exact,25,6,-0.34013344293723,18.61690058656789,0.8698035168187336
CGL_Glucose,base,rand,both,trip__base__rand__exact,25,7,-0.223024745726132,17.784881638874914,0.9104949884550304
CGL_Glucose,base,rand,both,trip__base__rand__exact,25,8,-0.3790117402703548,18.885015206843715,0.8574547293238781
CGL_Glucose,base,rand,both,trip__base__rand__exact,25,9,-0.1677837335490708,17.378591220085795,0.9317812587562294
Corn_Starch,base,rand,both,trip__base__rand__exact,25,0,-6.302590284223974e-05,0.8055900626587678,1.004161246920858
Corn_Starch,base,rand,both,trip__base__rand__exact,25,1,-0.1237046219013005,0.8539383116324405,0.9473076811368928
Corn_Starch,base,rand,both,trip__base__rand__exact,25,2,-0.0001889067207558,0.8056407620359195,1.0040980545500424
Corn_Starch,base,rand,both,trip__base__rand__exact,5,0,-0.077905051006883,0.8363550207619268,0.9672236092867916
Corn_Starch,base,rand,both,trip__base__rand__exact,5,1,-0.4067299627282197,0.955445201873112,0.8466653244378447
Corn_Starch,base,rand,both,trip__base__rand__exact,5,2,-0.0001924378939315,0.8056421841945328,1.0040962820675123
Corn_Starch,base,rand,both,trip__base__rand__exact,5,3,-0.0043364186484358,0.8073094207445386,1.002022645890142
Corn_Starch,base,rand,both,trip__base__rand__exact,5,4,-0.2949408997501839,0.9166961109072912,0.8824541875996806
Corn_Starch,base,rand,both,trip__base__rand__exact,5,5,-1.1465783902087143,1.180249408256732,0.6853994724905775
Corn_Starch,base,rand,both,trip__base__rand__exact,5,6,-0.1258249438661471,0.8547435814561105,0.9464152049535082
Corn_Starch,base,rand,both,trip__base__rand__exact,5,7,-0.103963721355861,0.846404211738128,0.9557399533318508
Corn_Starch,base,rand,both,trip__base__rand__exact,5,8,-0.5069093305838401,0.9888808708335268,0.8180381941705714
Corn_Starch,base,rand,both,trip__base__rand__exact,5,9,-0.0049406683751891,0.8075522393545806,1.0017213530025135
Corn_Starch,base,rand,both,trip__base__rand__exact,10,0,-0.0013678932029705,0.8061154522755867,1.0035067800064046
Corn_Starch,base,rand,both,trip__base__rand__exact,10,1,-0.9844108326081747,1.1347918535979942,0.7128552423615233
Corn_Starch,base,rand,both,trip__base__rand__exact,10,2,-0.0389221954880374,0.82109220120063,0.9852027831266896
Corn_Starch,base,rand,both,trip__base__rand__exact,10,3,-0.0019773040321415,0.806360707176599,1.0032015630559687
Corn_Starch,base,rand,both,trip__base__rand__exact,10,4,-0.041297516500055,0.8220303099676546,0.9840784603895092
Corn_Starch,base,rand,both,trip__base__rand__exact,10,5,-1.2805483924202798,1.216522262561724,0.6649630234657841
Corn_Starch,base,rand,both,trip__base__rand__exact,10,6,-0.2595236811128714,0.9040731753999532,0.8947752724425345
Corn_Starch,base,rand,both,trip__base__rand__exact,10,7,-0.3727949821314928,0.9438506003781868,0.8570660669202832
Corn_Starch,base,rand,both,trip__base__rand__exact,10,8,-0.1540523451818374,0.8653925832652504,0.9347691873834012
Corn_Starch,base,rand,both,trip__base__rand__exact,10,9,-0.0525890763949632,0.8264752341773499,0.978785919255861
Corn_Starch,base,rand,both,trip__base__rand__exact,25,3,-0.0096244243183882,0.8094319427046383,0.9993951055643766
Corn_Starch,base,rand,both,trip__base__rand__exact,25,4,-0.0015206942052021,0.8061769534238254,1.0034302250776463
Corn_Starch,base,rand,both,trip__base__rand__exact,25,5,-0.1059682136655948,0.8471722810393028,0.9548734536428384
Corn_Starch,base,rand,both,trip__base__rand__exact,25,6,-0.2013364078634527,0.8829431354005819,0.916188471706586
Corn_Starch,base,rand,both,trip__base__rand__exact,25,7,-0.0948680878034446,0.8429102085613791,0.9597016545891968
Corn_Starch,base,rand,both,trip__base__rand__exact,25,8,-0.000830534700823,0.8058991326175786,1.0037761415613111
Corn_Starch,base,rand,both,trip__base__rand__exact,25,9,-0.1141513353127348,0.8503006428914367,0.9513603554099196
Diesel_TOTAL,base,rand,both,trip__base__rand__exact,25,0,-0.0363374109784331,6.899634404483396,0.9848019366577272
Diesel_TOTAL,base,rand,both,trip__base__rand__exact,25,1,-0.0669301621408207,7.000732564271,0.9705803301847862
Diesel_TOTAL,base,rand,both,trip__base__rand__exact,25,2,-0.0146505999345658,6.827060465092235,0.9952707110927476
Diesel_TOTAL,base,rand,both,trip__base__rand__exact,5,0,-0.0056819818909632,6.796820891857461,0.9996987462043642
Diesel_TOTAL,base,rand,both,trip__base__rand__exact,5,1,-0.0209190466680395,6.848116566553679,0.9922105235403444
Diesel_TOTAL,base,rand,both,trip__base__rand__exact,5,2,-0.0075173268707839,6.803020080614583,0.9987877800225006
Diesel_TOTAL,base,rand,both,trip__base__rand__exact,5,3,-0.2064736559795039,7.444480774376042,0.9127262907512896
Diesel_TOTAL,base,rand,both,trip__base__rand__exact,5,4,-0.2718595466032243,7.643549247858222,0.8889552619379638
Diesel_TOTAL,base,rand,both,trip__base__rand__exact,5,5,-0.0022235217973445,6.785123964628442,1.001422134538351
Diesel_TOTAL,base,rand,both,trip__base__rand__exact,5,6,-0.0381535434932245,6.905677400331497,0.983940159648836
Diesel_TOTAL,base,rand,both,trip__base__rand__exact,5,7,-0.1887892114958855,7.389718902667887,0.919490093366398
Diesel_TOTAL,base,rand,both,trip__base__rand__exact,5,8,-0.2632917741054201,7.617760687656698,0.8919646602675929
Diesel_TOTAL,base,rand,both,trip__base__rand__exact,5,9,-0.4141634368083386,8.059819079558425,0.8430429091142575
Diesel_TOTAL,base,rand,both,trip__base__rand__exact,10,0,-0.0624171946552885,6.985910807395453,0.972639575726106
Diesel_TOTAL,base,rand,both,trip__base__rand__exact,10,1,-0.1623594911645243,7.307111327885015,0.929885014593342
Diesel_TOTAL,base,rand,both,trip__base__rand__exact,10,2,-0.124874179908248,7.188321041492209,0.9452517889149562
Diesel_TOTAL,base,rand,both,trip__base__rand__exact,10,3,-0.3624513873103014,7.911084052449194,0.8588928241334937
Diesel_TOTAL,base,rand,both,trip__base__rand__exact,10,4,-0.1572944912413434,7.291173519848687,0.9319176543073882
Diesel_TOTAL,base,rand,both,trip__base__rand__exact,10,5,-0.1434764502533501,7.247514675461904,0.9375315025950578
Diesel_TOTAL,base,rand,both,trip__base__rand__exact,10,6,-0.0592436316399855,6.975469142242173,0.9740955318141428
Diesel_TOTAL,base,rand,both,trip__base__rand__exact,10,7,-0.2616707030511191,7.612871518060125,0.8925375014731555
Diesel_TOTAL,base,rand,both,trip__base__rand__exact,10,8,-0.0040257046729856,6.791221677276133,1.0005229760797358
Diesel_TOTAL,base,rand,both,trip__base__rand__exact,10,9,-0.0065219553383919,6.799658745953781,0.9992815195040256
Diesel_TOTAL,base,rand,both,trip__base__rand__exact,25,3,-3.780932506081136e-05,6.777721212491675,1.0025159062669071
Diesel_TOTAL,base,rand,both,trip__base__rand__exact,25,4,-0.0041471316071601,6.79163233025659,1.0004624799100137
Diesel_TOTAL,base,rand,both,trip__base__rand__exact,25,5,-0.0097664578728497,6.8106092074963405,0.9976748212607208
Diesel_TOTAL,base,rand,both,trip__base__rand__exact,25,6,-0.0711047574441094,7.014415134416525,0.96868708132581
Diesel_TOTAL,base,rand,both,trip__base__rand__exact,25,7,-0.2313097640419186,7.520715371483874,0.9034743356368892
Diesel_TOTAL,base,rand,both,trip__base__rand__exact,25,8,-0.0168169995658198,6.834344871672438,0.994209898878395
Diesel_TOTAL,base,rand,both,trip__base__rand__exact,25,9,4.1393038663350985e-08,6.777592945320121,1.00253487906164
Diesel_VISC,base,rand,both,trip__base__rand__exact,25,0,-0.0133184383394935,0.5506239648635635,0.9959247137696566
Diesel_VISC,base,rand,both,trip__base__rand__exact,25,1,-0.0025659361168037,0.5476947892142373,1.0012511081001951
Diesel_VISC,base,rand,both,trip__base__rand__exact,25,2,-0.0063464267318711,0.5487264454313474,0.9993686638710894
Diesel_VISC,base,rand,both,trip__base__rand__exact,5,0,-0.2634552975083182,0.6148399478919289,0.891906936889285
Diesel_VISC,base,rand,both,trip__base__rand__exact,5,1,-0.1119081025091013,0.5767884885498245,0.9507471551316986
Diesel_VISC,base,rand,both,trip__base__rand__exact,5,2,-0.1529728761154583,0.5873428442807008,0.9336625446983025
Diesel_VISC,base,rand,both,trip__base__rand__exact,5,3,-0.0342574644640523,0.5562838717966777,0.9857916837141224
Diesel_VISC,base,rand,both,trip__base__rand__exact,5,4,-0.0317645782169118,0.5556130576632095,0.9869818699146988
Diesel_VISC,base,rand,both,trip__base__rand__exact,5,5,-0.1396632491661777,0.5839429353378729,0.9390986368970488
Diesel_VISC,base,rand,both,trip__base__rand__exact,5,6,-0.3488716273084329,0.6352833110986437,0.8632054471147727
Diesel_VISC,base,rand,both,trip__base__rand__exact,5,7,-0.5112830337995808,0.672442323571471,0.8155049070809609
Diesel_VISC,base,rand,both,trip__base__rand__exact,5,8,-0.0298435012690054,0.5550955594043224,0.9879020022965576
Diesel_VISC,base,rand,both,trip__base__rand__exact,5,9,-0.0008251628763875,0.5472190964866646,1.0021214868454826
Diesel_VISC,base,rand,both,trip__base__rand__exact,10,0,-0.2601733883963928,0.6140408848344088,0.8930675923140559
Diesel_VISC,base,rand,both,trip__base__rand__exact,10,1,-0.0273814102661358,0.554431616963888,0.9890850337944846
Diesel_VISC,base,rand,both,trip__base__rand__exact,10,2,-0.0198473805660717,0.5523949875498898,0.9927316991664968
Diesel_VISC,base,rand,both,trip__base__rand__exact,10,3,-0.1993271395913136,0.5990333029829891,0.9154416154672964
Diesel_VISC,base,rand,both,trip__base__rand__exact,10,4,-0.0095576641127086,0.5496012373335898,0.9977779840197292
Diesel_VISC,base,rand,both,trip__base__rand__exact,10,5,-0.0179583143680099,0.5518831490182778,0.9936523982965388
Diesel_VISC,base,rand,both,trip__base__rand__exact,10,6,-0.9273168981304688,0.7593792070565799,0.7221425205030655
Diesel_VISC,base,rand,both,trip__base__rand__exact,10,7,-0.0713730742488072,0.5661773618810972,0.968565773770063
Diesel_VISC,base,rand,both,trip__base__rand__exact,10,8,-0.7229359171648537,0.7179871953196636,0.7637740870257542
Diesel_VISC,base,rand,both,trip__base__rand__exact,10,9,-0.4861064347740975,0.6668176613907749,0.8223837584891006
Diesel_VISC,base,rand,both,trip__base__rand__exact,25,3,-0.0028647259618193,0.5477763965402388,1.0011019424440917
Diesel_VISC,base,rand,both,trip__base__rand__exact,25,4,-0.0708375701938923,0.5660358480724522,0.9688079235067556
Diesel_VISC,base,rand,both,trip__base__rand__exact,25,5,-0.0022066007662826,0.5475966292181067,1.001430588395823
Diesel_VISC,base,rand,both,trip__base__rand__exact,25,6,-0.1619414933576017,0.5896227977209384,0.9300522583609458
Diesel_VISC,base,rand,both,trip__base__rand__exact,25,7,-0.0243296512155335,0.5536075558892146,0.9905573158600408
Diesel_VISC,base,rand,both,trip__base__rand__exact,25,8,-0.0513952437073883,0.5608737837193165,0.9777244551617142
Diesel_VISC,base,rand,both,trip__base__rand__exact,25,9,-0.1903915454017639,0.5967975802368776,0.918871042311864
Melamine_R862,base,rand,both,trip__base__rand__exact,25,0,-0.0269241714651329,16.53257146275069,0.9889011506172092
Melamine_R862,base,rand,both,trip__base__rand__exact,25,1,-2.6533462483380177e-05,16.314620729828285,1.0021121062461542
Melamine_R862,base,rand,both,trip__base__rand__exact,25,2,-0.0903942066183285,17.035817862219247,0.9596885265152516
Melamine_R862,base,rand,both,trip__base__rand__exact,5,0,-0.3115480393910401,18.683718777375088,0.8750441567325018
Melamine_R862,base,rand,both,trip__base__rand__exact,5,1,-0.4951326950587051,19.94853880056488,0.8195627311666778
Melamine_R862,base,rand,both,trip__base__rand__exact,5,2,-0.2204522313442025,18.023188021204103,0.9071135984899484
Melamine_R862,base,rand,both,trip__base__rand__exact,5,3,-0.0265951470515921,16.529922749456368,0.9890596096532318
Melamine_R862,base,rand,both,trip__base__rand__exact,5,4,-0.0853303177763153,16.99621389183523,0.961924758432776
Melamine_R862,base,rand,both,trip__base__rand__exact,5,5,-0.2133680017814612,17.970803248971364,0.9097578286107608
Melamine_R862,base,rand,both,trip__base__rand__exact,5,6,-0.0165434900187972,16.448799324083016,0.9939375282084194
Melamine_R862,base,rand,both,trip__base__rand__exact,5,7,-0.0318117678591525,16.57186775195158,0.9865562039770712
Melamine_R862,base,rand,both,trip__base__rand__exact,5,8,-0.0101665665957151,16.397125315776822,0.9970698294563132
Melamine_R862,base,rand,both,trip__base__rand__exact,5,9,-0.5133767927485442,20.069879058937858,0.8146077459741614
Melamine_R862,base,rand,both,trip__base__rand__exact,10,0,-0.0101311012485147,16.396837474708885,0.9970873326879554
Melamine_R862,base,rand,both,trip__base__rand__exact,10,1,-0.0378766048655261,16.620499887684197,0.9836695076957386
Melamine_R862,base,rand,both,trip__base__rand__exact,10,2,-0.0284038858115909,16.544478221656014,0.9881894565145698
Melamine_R862,base,rand,both,trip__base__rand__exact,10,3,-0.1020517050575022,17.126641455378742,0.9545992414666244
Melamine_R862,base,rand,both,trip__base__rand__exact,10,4,-0.0097130390175861,16.393444049909295,0.9972937286637978
Melamine_R862,base,rand,both,trip__base__rand__exact,10,5,-0.1308300498367118,17.34881799056515,0.9423742269396423
Melamine_R862,base,rand,both,trip__base__rand__exact,10,6,-0.3507662899725225,18.961003891927465,0.8622475389679085
Melamine_R862,base,rand,both,trip__base__rand__exact,10,7,-0.3456156612751495,18.924819110113837,0.8638961803042065
Melamine_R862,base,rand,both,trip__base__rand__exact,10,8,-0.034644913522333,16.594603648041957,0.9852045453405248
Melamine_R862,base,rand,both,trip__base__rand__exact,10,9,-0.0427433702509685,16.659422371646325,0.9813712971225746
Melamine_R862,base,rand,both,trip__base__rand__exact,25,3,-0.0411815768960495,16.64694167616307,0.982107059676061
Melamine_R862,base,rand,both,trip__base__rand__exact,25,4,-0.0023283207229325,16.333385832890375,1.0009607995210286
Melamine_R862,base,rand,both,trip__base__rand__exact,25,5,-3.147946285264602e-05,16.314661074767987,1.002109628097677
Melamine_R862,base,rand,both,trip__base__rand__exact,25,6,-0.0006723687124783,16.319888018334808,1.0017886718222446
Melamine_R862,base,rand,both,trip__base__rand__exact,25,7,-0.1717184913585328,17.659681327052137,0.9257856152325304
Melamine_R862,base,rand,both,trip__base__rand__exact,25,8,-0.0076224708727572,16.37646429008708,0.9983277618766424
Melamine_R862,base,rand,both,trip__base__rand__exact,25,9,-0.0031261140804699,16.339884738776746,1.00056268471569
Shootout_assay,base,rand,both,trip__base__rand__exact,25,0,-0.2048243065417316,17.28296379614891,0.9115369916090286
Shootout_assay,base,rand,both,trip__base__rand__exact,25,1,-0.0248981739942255,15.94030840351622,0.9883159363061128
Shootout_assay,base,rand,both,trip__base__rand__exact,25,2,-0.001146283397986,15.754518323328409,0.9999709608069453
Shootout_assay,base,rand,both,trip__base__rand__exact,5,0,-1.3392189308319875,24.08195801491386,0.6541852126422987
Shootout_assay,base,rand,both,trip__base__rand__exact,5,1,-0.0016834599941648,15.758744390861006,0.9997027957357828
Shootout_assay,base,rand,both,trip__base__rand__exact,5,2,4.1984951980711394e-05,15.745165966930832,1.0005649262711604
Shootout_assay,base,rand,both,trip__base__rand__exact,5,3,-0.0005283074861046,15.749655190003054,1.0002797289701348
Shootout_assay,base,rand,both,trip__base__rand__exact,5,4,-0.218281014392403,17.37921268280878,0.9064887525320972
Shootout_assay,base,rand,both,trip__base__rand__exact,5,5,-0.000622486447428,15.750396424035312,1.0002326545120117
Shootout_assay,base,rand,both,trip__base__rand__exact,5,6,-0.8084756001411322,21.17447673159599,0.7440118131146798
Shootout_assay,base,rand,both,trip__base__rand__exact,5,7,-1.177394350984342,23.234049262869107,0.6780591986609186
Shootout_assay,base,rand,both,trip__base__rand__exact,5,8,-0.0630253459603449,16.234098239416294,0.9704303000075832
Shootout_assay,base,rand,both,trip__base__rand__exact,5,9,-0.0178279054755026,15.885231076689122,0.9917426286576168
Shootout_assay,base,rand,both,trip__base__rand__exact,10,0,-1.102853760596877,22.832890591516406,0.6899722469078347
Shootout_assay,base,rand,both,trip__base__rand__exact,10,1,-0.0003293097802579,15.748088866950356,1.000379217943805
Shootout_assay,base,rand,both,trip__base__rand__exact,10,2,-0.2406567809602942,17.538085650825995,0.8982771060926688
Shootout_assay,base,rand,both,trip__base__rand__exact,10,3,-0.3474078003647358,18.277041103806408,0.8619590411463465
Shootout_assay,base,rand,both,trip__base__rand__exact,10,4,-0.185496510335541,17.143776642913963,0.9189375919302448
Shootout_assay,base,rand,both,trip__base__rand__exact,10,5,-0.9684561483149688,22.09119616474917,0.7131375190071428
Shootout_assay,base,rand,both,trip__base__rand__exact,10,6,-0.2821215768725476,17.828752841294143,0.8836322408564943
Shootout_assay,base,rand,both,trip__base__rand__exact,10,7,-1.2077619437357598,23.39550809012201,0.6733797258919532
Shootout_assay,base,rand,both,trip__base__rand__exact,10,8,-0.1496981099784038,16.882947447919573,0.933134505892847
Shootout_assay,base,rand,both,trip__base__rand__exact,10,9,-0.2901529654567034,17.88450656396671,0.8808775779461677
Shootout_assay,base,rand,both,trip__base__rand__exact,25,3,-0.244428098655284,17.564721343326596,0.8969149306097479
Shootout_assay,base,rand,both,trip__base__rand__exact,25,4,-0.0658535877179107,16.25567978310778,0.9691419267006164
Shootout_assay,base,rand,both,trip__base__rand__exact,25,5,-0.0011337002023541,15.754419315415,0.9999772450778102
Shootout_assay,base,rand,both,trip__base__rand__exact,25,6,-0.2116923154912429,17.332153902283768,0.9089499731913586
Shootout_assay,base,rand,both,trip__base__rand__exact,25,7,-1.0165839359260311,22.35962479271445,0.7045762605981903
Shootout_assay,base,rand,both,trip__base__rand__exact,25,8,-0.3822506898485354,18.51184765701497,0.8510258466209563
Shootout_assay,base,rand,both,trip__base__rand__exact,25,9,-0.0381615878577235,16.043120217762894,0.9819823457650392
Wheat,base,rand,both,trip__base__rand__exact,25,0,-0.2251090622269647,1.9267804751099695,0.9076796791565046
Wheat,base,rand,both,trip__base__rand__exact,25,1,-0.2123599316760667,1.9167287091930696,0.9124397600269212
Wheat,base,rand,both,trip__base__rand__exact,25,2,-0.0042006671858447,1.7444362921078702,1.002558529288319
Wheat,base,rand,both,trip__base__rand__exact,5,0,-0.0518391889173799,1.7853342406722068,0.9795921926609924
Wheat,base,rand,both,trip__base__rand__exact,5,1,-0.036538358773356,1.7723012746436804,0.9867958165320676
Wheat,base,rand,both,trip__base__rand__exact,5,2,-0.3366604533075474,2.0125904618882777,0.8689793162449754
Wheat,base,rand,both,trip__base__rand__exact,5,3,-0.1941783801473484,1.902301992193168,0.9193595394580464
Wheat,base,rand,both,trip__base__rand__exact,5,4,-0.0426478190842838,1.7775166610370143,0.98390047293988
Wheat,base,rand,both,trip__base__rand__exact,5,5,-0.6487085076216859,2.2352021168507648,0.782434604131865
Wheat,base,rand,both,trip__base__rand__exact,5,6,-0.1039669308860333,1.8290386920390784,0.9561850665406638
Wheat,base,rand,both,trip__base__rand__exact,5,7,-0.0852654769848086,1.813480351924816,0.9643884377333146
Wheat,base,rand,both,trip__base__rand__exact,5,8,-0.0389216774613196,1.7743376360851022,0.9856632964803732
Wheat,base,rand,both,trip__base__rand__exact,5,9,-0.0774266081449586,1.8069191012806949,0.9678903068838348
Wheat,base,rand,both,trip__base__rand__exact,10,0,-0.4974767164873639,2.130222167988298,0.8209939365641049
Wheat,base,rand,both,trip__base__rand__exact,10,1,-0.0019996652058635,1.7425235200790188,1.003659040064795
Wheat,base,rand,both,trip__base__rand__exact,10,2,-0.0001199723210913,1.7408883166265567,1.0046017695390144
Wheat,base,rand,both,trip__base__rand__exact,10,3,-0.1320331189639356,1.8521426264495489,0.9442574553804072
Wheat,base,rand,both,trip__base__rand__exact,10,4,-0.1267998331340756,1.847856523953605,0.9464476601846528
Wheat,base,rand,both,trip__base__rand__exact,10,5,-0.6316171848629011,2.2235863328026126,0.7865219612357117
Wheat,base,rand,both,trip__base__rand__exact,10,6,-0.1579607829497187,1.8732329406086377,0.933626270144809
Wheat,base,rand,both,trip__base__rand__exact,10,7,-0.6680746939697781,2.2482914426429588,0.7778793488609874
Wheat,base,rand,both,trip__base__rand__exact,10,8,-0.109423420758917,1.833553242793696,0.9538307602064074
Wheat,base,rand,both,trip__base__rand__exact,10,9,-0.176574172567862,1.888228359130976,0.9262118509107315
Wheat,base,rand,both,trip__base__rand__exact,25,3,-0.0165402126628684,1.755121321871995,0.9964550379841982
Wheat,base,rand,both,trip__base__rand__exact,25,4,-0.0794407878266845,1.8086072721347184,0.9669868690667104
Wheat,base,rand,both,trip__base__rand__exact,25,5,-0.0053047577092824,1.745395008095895,1.0020078408272537
Wheat,base,rand,both,trip__base__rand__exact,25,6,-0.0359009268359373,1.77175624166779,0.9870993776246332
Wheat,base,rand,both,trip__base__rand__exact,25,7,-0.0012562920294831,1.7418770200705882,1.0040315494729717
Wheat,base,rand,both,trip__base__rand__exact,25,8,-0.3490880594120069,2.021924849539667,0.8649675994886794
Wheat,base,rand,both,trip__base__rand__exact,25,9,-0.0090942889051057,1.7486815773479738,1.0001246116546796
CGL_Glucose,ft,mae,both,trip__ft__mae__exact,5,0,-1.3802203397294592,24.810866853205216,0.652659405181951
CGL_Glucose,ft,mae,both,trip__ft__mae__exact,5,1,-4.5877851791078585,38.014843577199976,0.4259663878289254
CGL_Glucose,ft,mae,both,trip__ft__mae__exact,5,2,-3.0566255202314343,32.39036308430858,0.4999340563214055
CGL_Glucose,ft,mae,both,trip__ft__mae__exact,5,3,-2.3630218284326965,29.49159085521914,0.5490733165924079
CGL_Glucose,ft,mae,both,trip__ft__mae__exact,5,4,-1.529202837908617,25.575562093447296,0.6331452479243971
CGL_Glucose,ft,mae,both,trip__ft__mae__exact,5,5,-4.349240803987321,37.19456050953804,0.4353605844679631
CGL_Glucose,ft,mae,both,trip__ft__mae__exact,5,6,-7.045898733808153,45.61636113446095,0.354983282308076
CGL_Glucose,ft,mae,both,trip__ft__mae__exact,5,7,-4.325484382147344,37.11187654255117,0.4363305526707905
CGL_Glucose,ft,mae,both,trip__ft__mae__exact,5,8,-6.387251066047043,43.70939414382944,0.3704706029366804
CGL_Glucose,ft,mae,both,trip__ft__mae__exact,5,9,-0.5412353398091463,19.96493204870609,0.8110744160289269
CGL_Glucose,ft,mae,both,trip__ft__mae__exact,10,0,-3.603613679683472,34.50506048543764,0.4692948041431644
CGL_Glucose,ft,mae,both,trip__ft__mae__exact,10,1,-3.645169483489098,34.660445396525084,0.4671909266372251
CGL_Glucose,ft,mae,both,trip__ft__mae__exact,10,2,-2.4606784867445666,29.91672047617168,0.5412707457476521
CGL_Glucose,ft,mae,both,trip__ft__mae__exact,10,3,-3.020231861009653,32.24474209456992,0.5021918164198448
CGL_Glucose,ft,mae,both,trip__ft__mae__exact,10,4,-4.242520679788646,36.82166590756256,0.4397694999219391
CGL_Glucose,ft,mae,both,trip__ft__mae__exact,10,5,-2.805796370025303,31.37300587763515,0.5161458122826867
CGL_Glucose,ft,mae,both,trip__ft__mae__exact,10,6,-3.0050542719632007,32.183817719917776,0.5031424718901518
CGL_Glucose,ft,mae,both,trip__ft__mae__exact,10,7,-2.2080519894492583,28.80408315290121,0.5621788243181939
CGL_Glucose,ft,mae,both,trip__ft__mae__exact,10,8,-2.302775326872878,29.226235057936982,0.5540585563060386
CGL_Glucose,ft,mae,both,trip__ft__mae__exact,10,9,-2.7726187633718142,31.23595707110712,0.5184104192997457
CGL_Glucose,ft,mae,both,trip__ft__mae__exact,25,0,-3.6454397247154056,34.66145359924779,0.4671773373870538
CGL_Glucose,ft,mae,both,trip__ft__mae__exact,25,1,-1.2857818260486802,24.31368270177681,0.6660054670071899
CGL_Glucose,ft,mae,both,trip__ft__mae__exact,25,2,-2.19940230937546,28.765225573417183,0.5629382450393847
CGL_Glucose,ft,mae,both,trip__ft__mae__exact,25,3,-2.659944543611613,30.765969809682613,0.5263297631321621
CGL_Glucose,ft,mae,both,trip__ft__mae__exact,25,4,-3.050039041906832,32.36405734205928,0.5003404063747452
CGL_Glucose,ft,mae,both,trip__ft__mae__exact,25,5,-3.1010369162499485,32.567183142038495,0.4972197175247598
CGL_Glucose,ft,mae,both,trip__ft__mae__exact,25,6,-2.081811081280218,28.23165663377213,0.5735775910185364
CGL_Glucose,ft,mae,both,trip__ft__mae__exact,25,7,-2.5279695253452386,30.20617746511953,0.536083906053997
CGL_Glucose,ft,mae,both,trip__ft__mae__exact,25,8,-2.8584132072494373,31.589134343738426,0.5126144143823705
CGL_Glucose,ft,mae,both,trip__ft__mae__exact,25,9,-2.1619687648939405,28.59645146382561,0.5662606642976536
Corn_Starch,ft,mae,both,trip__ft__mae__exact,5,0,-0.9549041689379862,1.1263235150038662,0.7182148921251135
Corn_Starch,ft,mae,both,trip__ft__mae__exact,5,1,-0.1090040687092555,0.8483342175596099,0.9535655937038028
Corn_Starch,ft,mae,both,trip__ft__mae__exact,5,2,-0.0519318395239214,0.8262171682200067,0.9790916395132008
Corn_Starch,ft,mae,both,trip__ft__mae__exact,5,3,-0.7165904805405516,1.0554405233322954,0.7664499362526301
Corn_Starch,ft,mae,both,trip__ft__mae__exact,5,4,-0.2479339699495681,0.8999040746910645,0.8989206122932479
Corn_Starch,ft,mae,both,trip__ft__mae__exact,5,5,-0.1083717675927828,0.8480923432655304,0.953837548764672
Corn_Starch,ft,mae,both,trip__ft__mae__exact,5,6,-0.231780011180952,0.8940606709317006,0.9047957796683772
Corn_Starch,ft,mae,both,trip__ft__mae__exact,5,7,-0.69992910936717,1.050305936650707,0.7701968479832603
Corn_Starch,ft,mae,both,trip__ft__mae__exact,5,8,-0.2164453304634759,0.8884780699145622,0.9104809102426916
Corn_Starch,ft,mae,both,trip__ft__mae__exact,5,9,-0.8645076838713055,1.0999742120561202,0.73541935161768
Corn_Starch,ft,mae,both,trip__ft__mae__exact,10,0,-0.2910774924997663,0.9153276253319308,0.8837735248437724
Corn_Starch,ft,mae,both,trip__ft__mae__exact,10,1,-0.157569693086347,0.8667103618834706,0.9333479295996264
Corn_Starch,ft,mae,both,trip__ft__mae__exact,10,2,-0.7666681910749633,1.070724917896076,0.7555090091823153
Corn_Starch,ft,mae,both,trip__ft__mae__exact,10,3,-0.28732856663865,0.9139977322490253,0.8850594408324838
Corn_Starch,ft,mae,both,trip__ft__mae__exact,10,4,-0.8964379696403322,1.1093529328407583,0.7292019499646464
Corn_Starch,ft,mae,both,trip__ft__mae__exact,10,5,-0.1305729746945687,0.8565440740625527,0.944425799351691
Corn_Starch,ft,mae,both,trip__ft__mae__exact,10,6,-0.5107763912800181,0.9901489007235468,0.816990577109513
Corn_Starch,ft,mae,both,trip__ft__mae__exact,10,7,-0.488951250843507,0.9829708846717428,0.8229565437196258
Corn_Starch,ft,mae,both,trip__ft__mae__exact,10,8,-0.1924958002964252,0.8796883570602494,0.9195782976255492
Corn_Starch,ft,mae,both,trip__ft__mae__exact,10,9,-0.1082189466259555,0.8480338742736974,0.9539033125525828
Corn_Starch,ft,mae,both,trip__ft__mae__exact,25,0,-0.5431122551343808,1.0006891133661064,0.8083852527438513
Corn_Starch,ft,mae,both,trip__ft__mae__exact,25,1,-0.6872921125452993,1.0463947524664698,0.7730756675907563
Corn_Starch,ft,mae,both,trip__ft__mae__exact,25,2,-0.6107417945011508,1.0223824330943407,0.7912326108520245
Corn_Starch,ft,mae,both,trip__ft__mae__exact,25,3,-0.242104284860313,0.8977996770784424,0.901027637322041
Corn_Starch,ft,mae,both,trip__ft__mae__exact,25,4,-1.0730841806301128,1.1598688465793128,0.6974429257344178
Corn_Starch,ft,mae,both,trip__ft__mae__exact,25,5,-0.4595499706385169,0.973217476482828,0.8312040642241323
Corn_Starch,ft,mae,both,trip__ft__mae__exact,25,6,-1.0291981491043631,1.147526288832552,0.7049444790057633
Corn_Starch,ft,mae,both,trip__ft__mae__exact,25,7,-0.281606022560849,0.9119639787657232,0.8870331950186507
Corn_Starch,ft,mae,both,trip__ft__mae__exact,25,8,-0.2365180799628456,0.895778532541901,0.9030606254103788
Corn_Starch,ft,mae,both,trip__ft__mae__exact,25,9,-0.629134873416483,1.028203161849902,0.7867533886698652
Diesel_TOTAL,ft,mae,both,trip__ft__mae__exact,5,0,0.4975946334533291,4.803995876003784,1.4144003240522725
Diesel_TOTAL,ft,mae,both,trip__ft__mae__exact,5,1,0.3749986998427762,5.3581633742255335,1.2681161153932985
Diesel_TOTAL,ft,mae,both,trip__ft__mae__exact,5,2,0.549750915251358,4.547805791200603,1.4940772837996976
Diesel_TOTAL,ft,mae,both,trip__ft__mae__exact,5,3,0.2880225671634185,5.718848677848923,1.1881365824705306
Diesel_TOTAL,ft,mae,both,trip__ft__mae__exact,5,4,0.0577891641693637,6.578843241309124,1.0328218920159953
Diesel_TOTAL,ft,mae,both,trip__ft__mae__exact,5,5,0.39102013546834,5.289041292562047,1.2846890292425943
Diesel_TOTAL,ft,mae,both,trip__ft__mae__exact,5,6,0.2997603281606525,5.671511891350346,1.1980532623282123
Diesel_TOTAL,ft,mae,both,trip__ft__mae__exact,5,7,0.3063604721729938,5.644720050577116,1.2037396474730104
Diesel_TOTAL,ft,mae,both,trip__ft__mae__exact,5,8,0.065782521401505,6.550877604572627,1.03723099925156
Diesel_TOTAL,ft,mae,both,trip__ft__mae__exact,5,9,0.4348081781161401,5.095343013448621,1.333526183778294
Diesel_TOTAL,ft,mae,both,trip__ft__mae__exact,10,0,0.4506823487904814,5.023278630822006,1.3526570638693876
Diesel_TOTAL,ft,mae,both,trip__ft__mae__exact,10,1,0.6149333303521693,4.205750018072778,1.6155913438904614
Diesel_TOTAL,ft,mae,both,trip__ft__mae__exact,10,2,0.4939775517920817,4.821258113896414,1.4093361448914783
Diesel_TOTAL,ft,mae,both,trip__ft__mae__exact,10,3,0.1813066519398732,6.132479737216074,1.1079976803722984
Diesel_TOTAL,ft,mae,both,trip__ft__mae__exact,10,4,0.3582901359769775,5.429312613840765,1.2514978979924352
Diesel_TOTAL,ft,mae,both,trip__ft__mae__exact,10,5,0.3129931860357237,5.617667277790123,1.2095364477403614
Diesel_TOTAL,ft,mae,both,trip__ft__mae__exact,10,6,0.500305888980612,4.791015839222361,1.4182322813753012
Diesel_TOTAL,ft,mae,both,trip__ft__mae__exact,10,7,0.4899777548859957,4.840275151649189,1.4037989806117537
Diesel_TOTAL,ft,mae,both,trip__ft__mae__exact,10,8,0.5677976511853489,4.455731908322735,1.5249511109664764
Diesel_TOTAL,ft,mae,both,trip__ft__mae__exact,10,9,0.5507682066417392,4.542665236746632,1.4957680061478218
Diesel_TOTAL,ft,mae,both,trip__ft__mae__exact,25,0,0.5471313315728297,4.5610163453642585,1.4897498297000464
Diesel_TOTAL,ft,mae,both,trip__ft__mae__exact,25,1,0.4955104419508496,4.813950073905777,1.4114756529355992
Diesel_TOTAL,ft,mae,both,trip__ft__mae__exact,25,2,0.6400675942061493,4.066174061746566,1.671048317308614
Diesel_TOTAL,ft,mae,both,trip__ft__mae__exact,25,3,0.7136573329284953,3.626757550870678,1.8735118707161185
Diesel_TOTAL,ft,mae,both,trip__ft__mae__exact,25,4,0.5994367976568123,4.289542906387864,1.584032022070918
Diesel_TOTAL,ft,mae,both,trip__ft__mae__exact,25,5,0.5818187389577703,4.382861782368778,1.5503051798483145
Diesel_TOTAL,ft,mae,both,trip__ft__mae__exact,25,6,0.5950907027495157,4.312750810475516,1.5755079814167032
Diesel_TOTAL,ft,mae,both,trip__ft__mae__exact,25,7,0.5794803856348489,4.395098572179214,1.5459888355579
Diesel_TOTAL,ft,mae,both,trip__ft__mae__exact,25,8,0.6748596492450173,3.864656741643861,1.7581828809135902
Diesel_TOTAL,ft,mae,both,trip__ft__mae__exact,25,9,0.6490332542765326,4.015211951959308,1.6922576952506525
Diesel_VISC,ft,mae,both,trip__ft__mae__exact,5,0,0.4681122582346206,0.3989258025708327,1.3746416277600602
Diesel_VISC,ft,mae,both,trip__ft__mae__exact,5,1,0.382162066992764,0.429951453217836,1.27544635678582
Diesel_VISC,ft,mae,both,trip__ft__mae__exact,5,2,0.72499374257323,0.2868490557618443,1.9117372136541
Diesel_VISC,ft,mae,both,trip__ft__mae__exact,5,3,0.273895448546032,0.4661028047340704,1.1765215935877704
Diesel_VISC,ft,mae,both,trip__ft__mae__exact,5,4,0.7240920367471193,0.2873189392333188,1.9086107447868
Diesel_VISC,ft,mae,both,trip__ft__mae__exact,5,5,0.4864149213808277,0.3920020475664673,1.3989213015742612
Diesel_VISC,ft,mae,both,trip__ft__mae__exact,5,6,0.2912455304097254,0.4605004321407576,1.1908349619829213
Diesel_VISC,ft,mae,both,trip__ft__mae__exact,5,7,0.1154036848339981,0.5144636560366526,1.0659256648488868
Diesel_VISC,ft,mae,both,trip__ft__mae__exact,5,8,0.3404250839760848,0.444236462514017,1.2344326971677946
Diesel_VISC,ft,mae,both,trip__ft__mae__exact,5,9,0.5843034332120282,0.3526714923708407,1.5549315055633304
Diesel_VISC,ft,mae,both,trip__ft__mae__exact,10,0,0.564825254777682,0.3608394220974878,1.5197342114501622
Diesel_VISC,ft,mae,both,trip__ft__mae__exact,10,1,0.7323870829723107,0.2829669232817579,1.937965074650866
Diesel_VISC,ft,mae,both,trip__ft__mae__exact,10,2,0.583714539402906,0.3529212088381871,1.5538312826444154
Diesel_VISC,ft,mae,both,trip__ft__mae__exact,10,3,0.2255578172750049,0.481367357896329,1.1392131302753628
Diesel_VISC,ft,mae,both,trip__ft__mae__exact,10,4,0.6427276868318648,0.3269503583175661,1.6772577262901107
Diesel_VISC,ft,mae,both,trip__ft__mae__exact,10,5,0.4081524274513763,0.4208109887002836,1.3031504150953468
Diesel_VISC,ft,mae,both,trip__ft__mae__exact,10,6,-0.1428024546567783,0.5847466184760157,0.9378079278691042
Diesel_VISC,ft,mae,both,trip__ft__mae__exact,10,7,0.5112140391210249,0.3824207936388925,1.4339701808141618
Diesel_VISC,ft,mae,both,trip__ft__mae__exact,10,8,0.244551526610751,0.4754277866193244,1.153445444366815
Diesel_VISC,ft,mae,both,trip__ft__mae__exact,10,9,0.1673344750719109,0.4991343154980917,1.0986622189144086
Diesel_VISC,ft,mae,both,trip__ft__mae__exact,25,0,0.6433686125023685,0.3266569617474967,1.6787642047113367
Diesel_VISC,ft,mae,both,trip__ft__mae__exact,25,1,0.6756591653503347,0.3115178606934753,1.7603485507402357
Diesel_VISC,ft,mae,both,trip__ft__mae__exact,25,2,0.6088987139076424,0.3420792716065514,1.603078760154129
Diesel_VISC,ft,mae,both,trip__ft__mae__exact,25,3,0.7075892641449693,0.2957868031595024,1.8539705245258864
Diesel_VISC,ft,mae,both,trip__ft__mae__exact,25,4,0.6060283940543211,0.3433322488072859,1.597228388846357
Diesel_VISC,ft,mae,both,trip__ft__mae__exact,25,5,0.6361787757741479,0.3299333009918248,1.6620935593738255
Diesel_VISC,ft,mae,both,trip__ft__mae__exact,25,6,0.530966821528333,0.3746139271066837,1.4638537836456051
Diesel_VISC,ft,mae,both,trip__ft__mae__exact,25,7,0.7602229771773623,0.2678464646928222,2.0473670064317013
Diesel_VISC,ft,mae,both,trip__ft__mae__exact,25,8,0.4645077350762661,0.4002752502361485,1.370007299421917
Diesel_VISC,ft,mae,both,trip__ft__mae__exact,25,9,0.3713355772131094,0.4337021534274888,1.264416167334392
Melamine_R862,ft,mae,both,trip__ft__mae__exact,5,0,0.9095976613167124,4.9052489484205015,3.332976392042206
Melamine_R862,ft,mae,both,trip__ft__mae__exact,5,1,0.4069218613713493,12.563978322940317,1.3012660896050687
Melamine_R862,ft,mae,both,trip__ft__mae__exact,5,2,0.9141115590653148,4.781218378278541,3.419437818705494
Melamine_R862,ft,mae,both,trip__ft__mae__exact,5,3,0.9305776683028518,4.29853847796362,3.803404116536039
Melamine_R862,ft,mae,both,trip__ft__mae__exact,5,4,0.9350938864039418,4.156368294174261,3.9335010242213
Melamine_R862,ft,mae,both,trip__ft__mae__exact,5,5,0.933337682339915,4.212223676059949,3.881341590451359
Melamine_R862,ft,mae,both,trip__ft__mae__exact,5,6,0.915799128947798,4.73401372406278,3.453534335794963
Melamine_R862,ft,mae,both,trip__ft__mae__exact,5,7,0.94407830908782,3.857992400874824,4.237716730200955
Melamine_R862,ft,mae,both,trip__ft__mae__exact,5,8,0.8936860977471238,5.319444108470423,3.073456287686512
Melamine_R862,ft,mae,both,trip__ft__mae__exact,5,9,0.6248867531313633,9.991999902122211,1.6362168837394595
Melamine_R862,ft,mae,both,trip__ft__mae__exact,10,0,0.9507115267762164,3.6219621140165,4.513873538021473
Melamine_R862,ft,mae,both,trip__ft__mae__exact,10,1,0.9508972216801131,3.6151327830696895,4.522400676052907
Melamine_R862,ft,mae,both,trip__ft__mae__exact,10,2,0.8920524399886502,5.360158544749289,3.050111075201431
Melamine_R862,ft,mae,both,trip__ft__mae__exact,10,3,0.9307309202856872,4.293791277107099,3.8076091470357705
Melamine_R862,ft,mae,both,trip__ft__mae__exact,10,4,0.9117146488985078,4.847474629252271,3.372700259949016
Melamine_R862,ft,mae,both,trip__ft__mae__exact,10,5,0.843485735172332,6.454285665689436,2.533057845438425
Melamine_R862,ft,mae,both,trip__ft__mae__exact,10,6,0.940692942151256,3.973053474265564,4.114990912675191
Melamine_R862,ft,mae,both,trip__ft__mae__exact,10,7,0.9535923642230558,3.514519380076883,4.651867630850209
Melamine_R862,ft,mae,both,trip__ft__mae__exact,10,8,0.9414190220664472,3.948658080094851,4.140413935709184
Melamine_R862,ft,mae,both,trip__ft__mae__exact,10,9,0.8877483146140541,5.465975184682896,2.991063513787956
Melamine_R862,ft,mae,both,trip__ft__mae__exact,25,0,0.9638830006650184,3.100466556044981,5.2731028207027695
Melamine_R862,ft,mae,both,trip__ft__mae__exact,25,1,0.9693393069586248,2.85668401157055,5.723096735920395
Melamine_R862,ft,mae,both,trip__ft__mae__exact,25,2,0.936077941098816,4.124740186778093,3.963662728281062
Melamine_R862,ft,mae,both,trip__ft__mae__exact,25,3,0.966834922481704,2.9710620966165524,5.502772547498665
Melamine_R862,ft,mae,both,trip__ft__mae__exact,25,4,0.947894647793311,3.7240232902925774,4.390165599874895
Melamine_R862,ft,mae,both,trip__ft__mae__exact,25,5,0.9627715163108506,3.1478127810555208,5.193790126455119
Melamine_R862,ft,mae,both,trip__ft__mae__exact,25,6,0.9230002302413716,4.527056698357767,3.611414663329968
Melamine_R862,ft,mae,both,trip__ft__mae__exact,25,7,0.88661091395999,5.493597640514212,2.976024094230004
Melamine_R862,ft,mae,both,trip__ft__mae__exact,25,8,0.9588832632344444,3.3081145561811898,4.942113903409799
Melamine_R862,ft,mae,both,trip__ft__mae__exact,25,9,0.9293152742501958,4.337445282562734,3.769287651397348
Shootout_assay,ft,mae,both,trip__ft__mae__exact,5,0,-0.7315143691704669,20.719029554011044,0.7603667335750998
Shootout_assay,ft,mae,both,trip__ft__mae__exact,5,1,0.1438014302440496,14.569465149081964,1.0813067373184946
Shootout_assay,ft,mae,both,trip__ft__mae__exact,5,2,0.3396124395529185,12.795457006908858,1.23122298924712
Shootout_assay,ft,mae,both,trip__ft__mae__exact,5,3,0.00828745080121,15.680115751762749,1.0047158499488928
Shootout_assay,ft,mae,both,trip__ft__mae__exact,5,4,0.2342329168884341,13.778587766997536,1.1433726802222393
Shootout_assay,ft,mae,both,trip__ft__mae__exact,5,5,0.0780067203455806,15.118901502760345,1.0420109438475424
Shootout_assay,ft,mae,both,trip__ft__mae__exact,5,6,-0.0863887574120101,16.411526986850347,0.9599387575240376
Shootout_assay,ft,mae,both,trip__ft__mae__exact,5,7,0.4409372736123839,11.772986038154034,1.3381533600543978
Shootout_assay,ft,mae,both,trip__ft__mae__exact,5,8,0.386686118354914,12.330984651926377,1.277599581017092
Shootout_assay,ft,mae,both,trip__ft__mae__exact,5,9,0.3839286453232721,12.358673756544691,1.2747371712508042
Shootout_assay,ft,mae,both,trip__ft__mae__exact,10,0,-0.461403370490659,19.034497327823743,0.8276583591099503
Shootout_assay,ft,mae,both,trip__ft__mae__exact,10,1,0.5684223194585922,10.343936557940204,1.5230237285954942
Shootout_assay,ft,mae,both,trip__ft__mae__exact,10,2,0.1343978131566831,14.649254782666464,1.075417218046485
Shootout_assay,ft,mae,both,trip__ft__mae__exact,10,3,0.3149491066459968,13.032201264338594,1.2088564706208806
Shootout_assay,ft,mae,both,trip__ft__mae__exact,10,4,0.5772770498813811,10.237272727724962,1.5388923636041854
Shootout_assay,ft,mae,both,trip__ft__mae__exact,10,5,-0.1936985150328141,17.202980090732893,0.9157751006940896
Shootout_assay,ft,mae,both,trip__ft__mae__exact,10,6,0.267239020348279,13.478374749589564,1.1688397983821504
Shootout_assay,ft,mae,both,trip__ft__mae__exact,10,7,0.0882912105371399,15.034342188849068,1.0478716412690192
Shootout_assay,ft,mae,both,trip__ft__mae__exact,10,8,0.0593842935088234,15.270824044799978,1.0316444468623098
Shootout_assay,ft,mae,both,trip__ft__mae__exact,10,9,0.2798657890297541,13.361741992040985,1.1790424358001637
Shootout_assay,ft,mae,both,trip__ft__mae__exact,25,0,0.5928700087344132,10.046687824727137,1.5680850345578652
Shootout_assay,ft,mae,both,trip__ft__mae__exact,25,1,0.694539442348389,8.702297578074232,1.8103334991120372
Shootout_assay,ft,mae,both,trip__ft__mae__exact,25,2,0.5030603675945657,11.09962169521618,1.4193331320128837
Shootout_assay,ft,mae,both,trip__ft__mae__exact,25,3,0.5090857459517606,11.032125180411173,1.4280168659436994
Shootout_assay,ft,mae,both,trip__ft__mae__exact,25,4,0.6281306849999562,9.60177515392022,1.640744609437897
Shootout_assay,ft,mae,both,trip__ft__mae__exact,25,5,0.4292353328265186,11.895560228108746,1.324364764898008
Shootout_assay,ft,mae,both,trip__ft__mae__exact,25,6,0.3455036481285638,12.738256069644333,1.236751776593011
Shootout_assay,ft,mae,both,trip__ft__mae__exact,25,7,0.4143958159013141,12.049206445847227,1.3074770438727927
Shootout_assay,ft,mae,both,trip__ft__mae__exact,25,8,0.5507631558812824,10.553439960907278,1.4927891647829072
Shootout_assay,ft,mae,both,trip__ft__mae__exact,25,9,0.6834437713990098,8.858940636734738,1.778323331291226
Wheat,ft,mae,both,trip__ft__mae__exact,5,0,0.0040095526126862,1.7372905092577742,1.0066822296750015
Wheat,ft,mae,both,trip__ft__mae__exact,5,1,-0.0234873189604454,1.7611084206316443,0.9930674698753466
Wheat,ft,mae,both,trip__ft__mae__exact,5,2,-0.8415929832954812,2.3623360983488757,0.7403262747731815
Wheat,ft,mae,both,trip__ft__mae__exact,5,3,-0.7859067715628247,2.3263457015009967,0.7517797042479181
Wheat,ft,mae,both,trip__ft__mae__exact,5,4,-0.0001999692177447,1.7409579397127088,1.0045615942573756
Wheat,ft,mae,both,trip__ft__mae__exact,5,5,-2.543506434417744,3.2768870602111715,0.5337075862907924
Wheat,ft,mae,both,trip__ft__mae__exact,5,6,-0.3399498476359617,2.0150653371324885,0.86791204792475
Wheat,ft,mae,both,trip__ft__mae__exact,5,7,-0.1852129496050838,1.8951476642042917,0.922830192330759
Wheat,ft,mae,both,trip__ft__mae__exact,5,8,-0.5194312685415623,2.145780974712708,0.8150410056119497
Wheat,ft,mae,both,trip__ft__mae__exact,5,9,-1.6599844253385658,2.839124304122594,0.6159996168231586
Wheat,ft,mae,both,trip__ft__mae__exact,10,0,-1.8415699551154303,2.934431909931482,0.5959925250041569
Wheat,ft,mae,both,trip__ft__mae__exact,10,1,-0.2254388234130364,1.927039772295896,0.9075575442686258
Wheat,ft,mae,both,trip__ft__mae__exact,10,2,-0.0745548858212479,1.8045094558784776,0.969182775826148
Wheat,ft,mae,both,trip__ft__mae__exact,10,3,-0.8796597733611822,2.38662664094587,0.7327914024959135
Wheat,ft,mae,both,trip__ft__mae__exact,10,4,-0.4250376391944059,2.078059739057396,0.8416021207581513
Wheat,ft,mae,both,trip__ft__mae__exact,10,5,-2.1142852118974846,3.0720200958981607,0.5692994931211582
Wheat,ft,mae,both,trip__ft__mae__exact,10,6,-0.8625649825550841,2.375749121898632,0.736146534721294
Wheat,ft,mae,both,trip__ft__mae__exact,10,7,-0.7323538185376475,2.291200837779649,0.7633112971221038
Wheat,ft,mae,both,trip__ft__mae__exact,10,8,-0.8085731643684315,2.3410619258602603,0.7470539177686101
Wheat,ft,mae,both,trip__ft__mae__exact,10,9,-0.7988378531193567,2.334752609773449,0.7490727180823402
Wheat,ft,mae,both,trip__ft__mae__exact,25,0,-1.0444719277703998,2.4890604059271766,0.7026344074608221
Wheat,ft,mae,both,trip__ft__mae__exact,25,1,0.0010726871634502,1.7398499880306066,1.0052013078624509
Wheat,ft,mae,both,trip__ft__mae__exact,25,2,-0.0658254669235374,1.7971648140396996,0.973143625887949
Wheat,ft,mae,both,trip__ft__mae__exact,25,3,-0.346387414716627,2.0199000609915223,0.8658346604506465
Wheat,ft,mae,both,trip__ft__mae__exact,25,4,-0.3019851231421753,1.9863138532018625,0.8804748960662361
Wheat,ft,mae,both,trip__ft__mae__exact,25,5,-0.7680176296758119,2.3146650610924926,0.75557345762474
Wheat,ft,mae,both,trip__ft__mae__exact,25,6,-0.3179989851488991,1.9984919281956937,0.8751096057875003
Wheat,ft,mae,both,trip__ft__mae__exact,25,7,-0.0184915999180097,1.756805111288857,0.9954999972477184
Wheat,ft,mae,both,trip__ft__mae__exact,25,8,-1.493239760907151,2.748697090047441,0.6362649015729301
Wheat,ft,mae,both,trip__ft__mae__exact,25,9,-0.0821215324604427,1.8108516785992308,0.9657883658399242
CGL_Glucose,ft,rand,both,trip__ft__rand__exact,5,0,-0.6356330008811115,20.567252946868823,0.78732175095492
CGL_Glucose,ft,rand,both,trip__ft__rand__exact,5,1,-3.594416995935954,34.470577708000825,0.4697642650387898
CGL_Glucose,ft,rand,both,trip__ft__rand__exact,5,2,-0.3289341050965073,18.53894775801005,0.873460878892926
CGL_Glucose,ft,rand,both,trip__ft__rand__exact,5,3,-1.5160822861020815,25.50913764307755,0.6347939247901556
CGL_Glucose,ft,rand,both,trip__ft__rand__exact,5,4,-0.3177317963375232,18.46064495491067,0.8771657567767711
CGL_Glucose,ft,rand,both,trip__ft__rand__exact,5,5,-2.840044916965537,31.51385331823325,0.5138389596137565
CGL_Glucose,ft,rand,both,trip__ft__rand__exact,5,6,-4.795628594288928,38.71538927116259,0.418258628088314
CGL_Glucose,ft,rand,both,trip__ft__rand__exact,5,7,-1.9441360199784772,27.593849572762718,0.5868353221163205
CGL_Glucose,ft,rand,both,trip__ft__rand__exact,5,8,-4.053459105412742,36.15161762886187,0.4479203605410364
CGL_Glucose,ft,rand,both,trip__ft__rand__exact,5,9,-0.4374772195685357,19.28119036805895,0.8398364049808229
CGL_Glucose,ft,rand,both,trip__ft__rand__exact,10,0,-1.1363962727302095,23.50575812239492,0.688896972313933
CGL_Glucose,ft,rand,both,trip__ft__rand__exact,10,1,-2.0085890963678548,27.89425685829594,0.580515397299268
CGL_Glucose,ft,rand,both,trip__ft__rand__exact,10,2,-1.473472899288686,25.29221909568012,0.6402382306275075
CGL_Glucose,ft,rand,both,trip__ft__rand__exact,10,3,-2.2439485942307127,28.9647869780586,0.559059716708017
CGL_Glucose,ft,rand,both,trip__ft__rand__exact,10,4,-1.4244992532979954,25.040580027358715,0.6466721451647438
CGL_Glucose,ft,rand,both,trip__ft__rand__exact,10,5,-1.1474790595872992,23.566648587555573,0.6871170307606774
CGL_Glucose,ft,rand,both,trip__ft__rand__exact,10,6,-1.1179601253224352,23.40411625952516,0.6918887866945691
CGL_Glucose,ft,rand,both,trip__ft__rand__exact,10,7,-0.7919356088418894,21.52754753895659,0.7522011308142884
CGL_Glucose,ft,rand,both,trip__ft__rand__exact,10,8,-1.216822840443203,23.944118369396108,0.6762848960502321
CGL_Glucose,ft,rand,both,trip__ft__rand__exact,10,9,-0.8500993999927318,21.874135006265963,0.740282785939783
CGL_Glucose,ft,rand,both,trip__ft__rand__exact,25,0,-1.4277398157261452,25.057308938744388,0.6462404100155907
CGL_Glucose,ft,rand,both,trip__ft__rand__exact,25,1,-0.5973602089310475,20.325198137562904,0.7966980441157524
CGL_Glucose,ft,rand,both,trip__ft__rand__exact,25,2,-1.3769242664673895,24.79368214884996,0.6531117687661655
CGL_Glucose,ft,rand,both,trip__ft__rand__exact,25,3,-1.09954220355776,23.302132186476467,0.6949169060099673
CGL_Glucose,ft,rand,both,trip__ft__rand__exact,25,4,-1.552470150931912,25.692933517213337,0.6302528900256852
CGL_Glucose,ft,rand,both,trip__ft__rand__exact,25,5,-1.0323207296168926,22.92606295102313,0.7063160228188611
CGL_Glucose,ft,rand,both,trip__ft__rand__exact,25,6,-1.1171117917451907,23.39942861551021,0.6920273938538828
CGL_Glucose,ft,rand,both,trip__ft__rand__exact,25,7,-0.6566129979963193,20.698739048300084,0.7823203898882612
CGL_Glucose,ft,rand,both,trip__ft__rand__exact,25,8,-1.804710933696581,26.932546035234548,0.6012445158833821
CGL_Glucose,ft,rand,both,trip__ft__rand__exact,25,9,-0.7450632536450392,21.24412968220534,0.7622362433621008
Corn_Starch,ft,rand,both,trip__ft__rand__exact,5,0,-0.6298676576246869,1.0284343785360337,0.7865765076601213
Corn_Starch,ft,rand,both,trip__ft__rand__exact,5,1,-2.260662040452307,1.4546325741639643,0.556114537921311
Corn_Starch,ft,rand,both,trip__ft__rand__exact,5,2,-0.1001702543193159,0.8449487429456648,0.9573862658299738
Corn_Starch,ft,rand,both,trip__ft__rand__exact,5,3,-0.9005604005048562,1.1105580205489258,0.7284106790085916
Corn_Starch,ft,rand,both,trip__ft__rand__exact,5,4,-6.004372345464545,2.1319893318732888,0.3794307549914881
Corn_Starch,ft,rand,both,trip__ft__rand__exact,5,5,-3.2796295006461307,1.6664930283474946,0.4854159651832644
Corn_Starch,ft,rand,both,trip__ft__rand__exact,5,6,-0.0628964618438499,0.8305119687333077,0.9740284936053056
Corn_Starch,ft,rand,both,trip__ft__rand__exact,5,7,-0.4644270843891722,0.9748421326850436,0.8298187929140698
Corn_Starch,ft,rand,both,trip__ft__rand__exact,5,8,-3.5434312740255383,1.7170873804448386,0.4711130784834672
Corn_Starch,ft,rand,both,trip__ft__rand__exact,5,9,-0.6922445320395871,1.0479292789148342,0.7719436207223518
Corn_Starch,ft,rand,both,trip__ft__rand__exact,10,0,-1.3879158239668137,1.2448296431157773,0.6498417886335982
Corn_Starch,ft,rand,both,trip__ft__rand__exact,10,1,-5.396373838722778,2.037357930023152,0.3970545920800906
Corn_Starch,ft,rand,both,trip__ft__rand__exact,10,2,-1.0533617338673418,1.1543384105776342,0.7007843752004088
Corn_Starch,ft,rand,both,trip__ft__rand__exact,10,3,-1.3097530932886037,1.2242868747909712,0.6607457275604587
Corn_Starch,ft,rand,both,trip__ft__rand__exact,10,4,-0.7705847644895651,1.0719111200168605,0.7546729450980565
Corn_Starch,ft,rand,both,trip__ft__rand__exact,10,5,-4.745112281405895,1.930855063160279,0.4189554862302633
Corn_Starch,ft,rand,both,trip__ft__rand__exact,10,6,-0.0474462364759278,0.8244537262438824,0.9811858398796132
Corn_Starch,ft,rand,both,trip__ft__rand__exact,10,7,-0.6752222375813792,1.0426453952929673,0.7758556509034216
Corn_Starch,ft,rand,both,trip__ft__rand__exact,10,8,-2.636342521635312,1.5361471062422083,0.5266047232972051
Corn_Starch,ft,rand,both,trip__ft__rand__exact,10,9,-1.379003204744424,1.242504380166196,0.6510579236093132
Corn_Starch,ft,rand,both,trip__ft__rand__exact,25,0,-2.401441136443874,1.4857026388075374,0.5444846772808845
Corn_Starch,ft,rand,both,trip__ft__rand__exact,25,1,-3.1047755659859986,1.6320938305505228,0.4956469454661289
Corn_Starch,ft,rand,both,trip__ft__rand__exact,25,2,-2.463275333824048,1.4991459808134524,0.539602101582889
Corn_Starch,ft,rand,both,trip__ft__rand__exact,25,3,-0.3685145385740049,0.9423779648056316,0.8584053872623467
Corn_Starch,ft,rand,both,trip__ft__rand__exact,25,4,-2.0764937807393657,1.4129553416897906,0.5725179685148752
Corn_Starch,ft,rand,both,trip__ft__rand__exact,25,5,-2.066358535482318,1.4106259914695851,0.5734633607478955
Corn_Starch,ft,rand,both,trip__ft__rand__exact,25,6,-0.4713511465004518,0.9771440252550008,0.827863959578911
Corn_Starch,ft,rand,both,trip__ft__rand__exact,25,7,-0.8248808958181757,1.0882224401760536,0.743361184222234
Corn_Starch,ft,rand,both,trip__ft__rand__exact,25,8,-1.5740070639324235,1.292424797317178,0.6259105547229418
Corn_Starch,ft,rand,both,trip__ft__rand__exact,25,9,-3.9997747435910007,1.80125680296599,0.4490988294919735
Diesel_TOTAL,ft,rand,both,trip__ft__rand__exact,5,0,0.0533392610500509,6.594360326156033,1.0303915751789563
Diesel_TOTAL,ft,rand,both,trip__ft__rand__exact,5,1,0.0169276722974572,6.719983809940666,1.0111294187516096
Diesel_TOTAL,ft,rand,both,trip__ft__rand__exact,5,2,0.0926244673647981,6.456081782841943,1.052460850453245
Diesel_TOTAL,ft,rand,both,trip__ft__rand__exact,5,3,0.0333766104975016,6.663526678591742,1.0196962736857424
Diesel_TOTAL,ft,rand,both,trip__ft__rand__exact,5,4,0.0387616992083954,6.644939398552739,1.0225485766274145
Diesel_TOTAL,ft,rand,both,trip__ft__rand__exact,5,5,-0.044062759471775,6.925303223101639,0.981151742366936
Diesel_TOTAL,ft,rand,both,trip__ft__rand__exact,5,6,-0.1269238982966756,7.19486725270072,0.944391756667226
Diesel_TOTAL,ft,rand,both,trip__ft__rand__exact,5,7,-0.0324431815562424,6.886658877577901,0.986657455313848
Diesel_TOTAL,ft,rand,both,trip__ft__rand__exact,5,8,-0.0044507901839689,6.792659162605786,1.000311242049562
Diesel_TOTAL,ft,rand,both,trip__ft__rand__exact,5,9,-0.4011206820311432,8.022565340166826,0.8469576794527219
Diesel_TOTAL,ft,rand,both,trip__ft__rand__exact,10,0,0.2309670454678708,5.943577997283516,1.143212611472593
Diesel_TOTAL,ft,rand,both,trip__ft__rand__exact,10,1,0.0156786692484494,6.724251357600896,1.0104877052350103
Diesel_TOTAL,ft,rand,both,trip__ft__rand__exact,10,2,0.103647656248587,6.416746320307846,1.058912567925788
Diesel_TOTAL,ft,rand,both,trip__ft__rand__exact,10,3,-0.037033876523792,6.901952448058894,0.9844711876675556
Diesel_TOTAL,ft,rand,both,trip__ft__rand__exact,10,4,0.0350170967689477,6.6578698394813935,1.0205626555617378
Diesel_TOTAL,ft,rand,both,trip__ft__rand__exact,10,5,0.0580559012222373,6.577911950028816,1.0329681174488456
Diesel_TOTAL,ft,rand,both,trip__ft__rand__exact,10,6,0.2045493285262822,6.044802521770756,1.124068701879624
Diesel_TOTAL,ft,rand,both,trip__ft__rand__exact,10,7,0.0797260070736625,6.501806877066661,1.0450592354153472
Diesel_TOTAL,ft,rand,both,trip__ft__rand__exact,10,8,0.2276240940893148,5.956482220981323,1.140735936360455
Diesel_TOTAL,ft,rand,both,trip__ft__rand__exact,10,9,0.2351900626705377,5.927236444682122,1.1463644798347397
Diesel_TOTAL,ft,rand,both,trip__ft__rand__exact,25,0,0.1865407504509967,6.112845114371238,1.111556598709018
Diesel_TOTAL,ft,rand,both,trip__ft__rand__exact,25,1,0.1352494919336222,6.30261681729993,1.0780876452959491
Diesel_TOTAL,ft,rand,both,trip__ft__rand__exact,25,2,0.0846823820985764,6.484274652822626,1.0478848734156787
Diesel_TOTAL,ft,rand,both,trip__ft__rand__exact,25,3,0.0831816545872914,6.48958818755693,1.04702688789926
Diesel_TOTAL,ft,rand,both,trip__ft__rand__exact,25,4,0.2095272362366846,6.025858736589086,1.127602491327516
Diesel_TOTAL,ft,rand,both,trip__ft__rand__exact,25,5,0.2041532348891861,6.046307335278239,1.1237889420738236
Diesel_TOTAL,ft,rand,both,trip__ft__rand__exact,25,6,0.1372702661541488,6.295248440678808,1.0793495106339062
Diesel_TOTAL,ft,rand,both,trip__ft__rand__exact,25,7,0.1478503897317531,6.256528336660708,1.086029337380433
Diesel_TOTAL,ft,rand,both,trip__ft__rand__exact,25,8,0.1865512663743559,6.112805602608039,1.111563783554074
Diesel_TOTAL,ft,rand,both,trip__ft__rand__exact,25,9,0.1429025613697512,6.274665658291823,1.0828901002536129
Diesel_VISC,ft,rand,both,trip__ft__rand__exact,5,0,0.47490077993749,0.3963718679589457,1.3834988275662805
Diesel_VISC,ft,rand,both,trip__ft__rand__exact,5,1,0.5429695693133698,0.3697896024069824,1.4829514162432365
Diesel_VISC,ft,rand,both,trip__ft__rand__exact,5,2,0.5837423079261441,0.3529094377518148,1.553883109771376
Diesel_VISC,ft,rand,both,trip__ft__rand__exact,5,3,0.3631772778599438,0.4365072005606094,1.2562908788152165
Diesel_VISC,ft,rand,both,trip__ft__rand__exact,5,4,0.6320755856735687,0.3317885850500124,1.652799521474789
Diesel_VISC,ft,rand,both,trip__ft__rand__exact,5,5,0.4054098889427966,0.4217848513216859,1.3001415600467372
Diesel_VISC,ft,rand,both,trip__ft__rand__exact,5,6,0.5464767961645702,0.3683679971014265,1.4886744204613054
Diesel_VISC,ft,rand,both,trip__ft__rand__exact,5,7,0.1888523825922141,0.4926427378786618,1.1131393450815958
Diesel_VISC,ft,rand,both,trip__ft__rand__exact,5,8,0.5322406470884328,0.3741048829125636,1.4658456482366369
Diesel_VISC,ft,rand,both,trip__ft__rand__exact,5,9,0.715495033270302,0.2917608818551096,1.8795529102965456
Diesel_VISC,ft,rand,both,trip__ft__rand__exact,10,0,0.5888479120919923,0.3507384567538623,1.5635012472735332
Diesel_VISC,ft,rand,both,trip__ft__rand__exact,10,1,0.718635331793116,0.2901462201295888,1.890012609354461
Diesel_VISC,ft,rand,both,trip__ft__rand__exact,10,2,0.665404922326428,0.3164039601632305,1.7331641940213156
Diesel_VISC,ft,rand,both,trip__ft__rand__exact,10,3,0.4798510997425597,0.3944990657390145,1.3900667003461171
Diesel_VISC,ft,rand,both,trip__ft__rand__exact,10,4,0.7308487410401503,0.2837790591684032,1.9324188902748896
Diesel_VISC,ft,rand,both,trip__ft__rand__exact,10,5,0.5388001190757836,0.3714725525122533,1.4762329299776975
Diesel_VISC,ft,rand,both,trip__ft__rand__exact,10,6,-0.1130120139241166,0.5770747376730576,0.9502755515042892
Diesel_VISC,ft,rand,both,trip__ft__rand__exact,10,7,0.698734677105868,0.3002318133379852,1.8265220081261688
Diesel_VISC,ft,rand,both,trip__ft__rand__exact,10,8,0.1401655115163296,0.5072120553054437,1.0811651830144748
Diesel_VISC,ft,rand,both,trip__ft__rand__exact,10,9,0.3345945365553927,0.4461956355654731,1.2290125023443683
Diesel_VISC,ft,rand,both,trip__ft__rand__exact,25,0,0.7220606601574275,0.2883746945805444,1.9016232176651435
Diesel_VISC,ft,rand,both,trip__ft__rand__exact,25,1,0.6925767797598996,0.3032846781720679,1.8081362299823651
Diesel_VISC,ft,rand,both,trip__ft__rand__exact,25,2,0.718054484706621,0.2904455535516566,1.888064760832797
Diesel_VISC,ft,rand,both,trip__ft__rand__exact,25,3,0.681957752042554,0.3084782467934233,1.7776942792620578
Diesel_VISC,ft,rand,both,trip__ft__rand__exact,25,4,0.6767374991627341,0.3109995788746436,1.7632821773771488
Diesel_VISC,ft,rand,both,trip__ft__rand__exact,25,5,0.6610581116084087,0.3184525707422824,1.7220147205068457
Diesel_VISC,ft,rand,both,trip__ft__rand__exact,25,6,0.6722879472979351,0.313132643150973,1.7512706726556877
Diesel_VISC,ft,rand,both,trip__ft__rand__exact,25,7,0.730749212452541,0.2838315231963763,1.9320616978194023
Diesel_VISC,ft,rand,both,trip__ft__rand__exact,25,8,0.6151587689225786,0.3393305291683512,1.616064478328714
Diesel_VISC,ft,rand,both,trip__ft__rand__exact,25,9,0.5271101754996823,0.376150913871233,1.4578723442612285
Melamine_R862,ft,rand,both,trip__ft__rand__exact,5,0,0.9380279352897876,4.061338642502996,4.025539454178459
Melamine_R862,ft,rand,both,trip__ft__rand__exact,5,1,0.6785307311200864,9.2499833657314,1.767471172190877
Melamine_R862,ft,rand,both,trip__ft__rand__exact,5,2,0.3304600699284479,13.349329775509744,1.2247115935489803
Melamine_R862,ft,rand,both,trip__ft__rand__exact,5,3,0.8366547084481863,6.593629355299355,2.4795265340529795
Melamine_R862,ft,rand,both,trip__ft__rand__exact,5,4,0.2961423352024814,13.687169409144513,1.1944821060848738
Melamine_R862,ft,rand,both,trip__ft__rand__exact,5,5,0.4990344662234856,11.54715895679131,1.4158529386624488
Melamine_R862,ft,rand,both,trip__ft__rand__exact,5,6,0.796281835715453,7.363530627290131,2.2202771699738357
Melamine_R862,ft,rand,both,trip__ft__rand__exact,5,7,0.7021742465374694,8.903327424565308,1.836288632614633
Melamine_R862,ft,rand,both,trip__ft__rand__exact,5,8,0.92095660021562,4.586738981385343,3.564423222800754
Melamine_R862,ft,rand,both,trip__ft__rand__exact,5,9,0.8028489580386292,7.243871852646144,2.2569530873469508
Melamine_R862,ft,rand,both,trip__ft__rand__exact,10,0,-1.5910737178188818,26.260990649964228,0.6225613938215108
Melamine_R862,ft,rand,both,trip__ft__rand__exact,10,1,0.803352270288333,7.234619405067092,2.259839533607612
Melamine_R862,ft,rand,both,trip__ft__rand__exact,10,2,0.7432818188635005,8.26607866630088,1.9778518451351377
Melamine_R862,ft,rand,both,trip__ft__rand__exact,10,3,0.9660098789348004,3.007790450979837,5.435577779977795
Melamine_R862,ft,rand,both,trip__ft__rand__exact,10,4,0.969562214561424,2.8462808192074176,5.744014726813919
Melamine_R862,ft,rand,both,trip__ft__rand__exact,10,5,0.7685063648102418,7.849477481373471,2.0828238543229367
Melamine_R862,ft,rand,both,trip__ft__rand__exact,10,6,0.4142778535978166,12.485819235119235,1.3094117922346538
Melamine_R862,ft,rand,both,trip__ft__rand__exact,10,7,0.5202208953305401,11.300349751496109,1.4467763654846928
Melamine_R862,ft,rand,both,trip__ft__rand__exact,10,8,0.6902339631930656,9.08004749468123,1.800549936743404
Melamine_R862,ft,rand,both,trip__ft__rand__exact,10,9,0.8539227802528737,6.23537342541898,2.621988744976702
Melamine_R862,ft,rand,both,trip__ft__rand__exact,25,0,0.5174636887909123,11.33277380046877,1.442637012793737
Melamine_R862,ft,rand,both,trip__ft__rand__exact,25,1,0.97907920331621,2.359719220153192,6.928400125975165
Melamine_R862,ft,rand,both,trip__ft__rand__exact,25,2,0.4822794434378862,11.738670847936522,1.392753843596297
Melamine_R862,ft,rand,both,trip__ft__rand__exact,25,3,0.983688413464362,2.083623863552654,7.846463667535282
Melamine_R862,ft,rand,both,trip__ft__rand__exact,25,4,0.9755367943941236,2.551689950524636,6.407157318942282
Melamine_R862,ft,rand,both,trip__ft__rand__exact,25,5,0.6047554262268231,10.25661794810322,1.5940029183985416
Melamine_R862,ft,rand,both,trip__ft__rand__exact,25,6,0.2200767343166395,14.40778298685035,1.1347393944715032
Melamine_R862,ft,rand,both,trip__ft__rand__exact,25,7,0.9100672318437544,4.8924928670694525,3.3416663828410043
Melamine_R862,ft,rand,both,trip__ft__rand__exact,25,8,0.7433922166043412,8.26430112461066,1.978277254865349
Melamine_R862,ft,rand,both,trip__ft__rand__exact,25,9,0.9143360453324048,4.774965964660031,3.423915282993942
Shootout_assay,ft,rand,both,trip__ft__rand__exact,5,0,-0.693935721549461,20.492966172079253,0.7687545420483607
Shootout_assay,ft,rand,both,trip__ft__rand__exact,5,1,-0.0899704151246061,16.43855787424982,0.9583602737748232
Shootout_assay,ft,rand,both,trip__ft__rand__exact,5,2,-0.2502036213016487,17.60543402636143,0.8948408088798067
Shootout_assay,ft,rand,both,trip__ft__rand__exact,5,3,-0.1262170561674123,16.70965218562963,0.9428120136682372
Shootout_assay,ft,rand,both,trip__ft__rand__exact,5,4,-0.0999910014098384,16.513948508855176,0.95398510031575
Shootout_assay,ft,rand,both,trip__ft__rand__exact,5,5,-0.0012903612078758,15.755651921321686,0.9998990142394424
Shootout_assay,ft,rand,both,trip__ft__rand__exact,5,6,-0.3092521757518194,18.01639985855774,0.8744289063581255
Shootout_assay,ft,rand,both,trip__ft__rand__exact,5,7,0.2057224322726771,14.03274096615543,1.1226645501990973
Shootout_assay,ft,rand,both,trip__ft__rand__exact,5,8,0.1034917081815041,14.908485088669702,1.0567177504039134
Shootout_assay,ft,rand,both,trip__ft__rand__exact,5,9,-0.4309257864047264,18.834969226232285,0.8364261515696009
Shootout_assay,ft,rand,both,trip__ft__rand__exact,10,0,-0.5861642676087933,19.830352808548007,0.7944417820967078
Shootout_assay,ft,rand,both,trip__ft__rand__exact,10,1,-0.0826970825819466,16.38361912334301,0.9615739175957346
Shootout_assay,ft,rand,both,trip__ft__rand__exact,10,2,-0.0907530974436434,16.444458887490732,0.9580163709012898
Shootout_assay,ft,rand,both,trip__ft__rand__exact,10,3,0.2394136199803263,13.731899996784298,1.1472600899015124
Shootout_assay,ft,rand,both,trip__ft__rand__exact,10,4,0.1144687758668737,14.816932400830344,1.0632471282616147
Shootout_assay,ft,rand,both,trip__ft__rand__exact,10,5,-0.4746482070848796,19.120558494888343,0.8239330890382202
Shootout_assay,ft,rand,both,trip__ft__rand__exact,10,6,-0.1999706993095971,17.24811665282169,0.9133786106584606
Shootout_assay,ft,rand,both,trip__ft__rand__exact,10,7,-0.0105815286417156,15.828583001351111,0.995291923698071
Shootout_assay,ft,rand,both,trip__ft__rand__exact,10,8,0.2329409258180527,13.7902063846803,1.1424093581609265
Shootout_assay,ft,rand,both,trip__ft__rand__exact,10,9,-0.0587356673697756,16.201309999457706,0.9723942585727114
Shootout_assay,ft,rand,both,trip__ft__rand__exact,25,0,0.2693624440598522,13.458831497636847,1.1705370431003232
Shootout_assay,ft,rand,both,trip__ft__rand__exact,25,1,0.3033452647846193,13.142111775893976,1.19874652517614
Shootout_assay,ft,rand,both,trip__ft__rand__exact,25,2,0.1259577236718783,14.720500611230234,1.0702123005796826
Shootout_assay,ft,rand,both,trip__ft__rand__exact,25,3,-0.0458429240262481,16.102362194914036,0.9783695481527104
Shootout_assay,ft,rand,both,trip__ft__rand__exact,25,4,0.1966839795943434,14.112357640698706,1.1163308942367014
Shootout_assay,ft,rand,both,trip__ft__rand__exact,25,5,0.1592866523532521,14.437112184944674,1.091219672120994
Shootout_assay,ft,rand,both,trip__ft__rand__exact,25,6,0.1241511533752087,14.735705763416693,1.0691079937237102
Shootout_assay,ft,rand,both,trip__ft__rand__exact,25,7,0.03345471870291,15.479875461820344,1.017712375250385
Shootout_assay,ft,rand,both,trip__ft__rand__exact,25,8,0.2492943001794068,13.642413744014618,1.1547854448954211
Shootout_assay,ft,rand,both,trip__ft__rand__exact,25,9,0.3000148823541027,13.173487485901134,1.195891432825973
Wheat,ft,rand,both,trip__ft__rand__exact,5,0,-0.3618309344591448,2.031451499685453,0.8609112665124576
Wheat,ft,rand,both,trip__ft__rand__exact,5,1,-0.0155774104418675,1.7542899553400313,0.9969272628673568
Wheat,ft,rand,both,trip__ft__rand__exact,5,2,-0.0880021574778384,1.815765411036668,0.9631747982545512
Wheat,ft,rand,both,trip__ft__rand__exact,5,3,-0.0177804714695448,1.756191688339425,0.9958477170032132
Wheat,ft,rand,both,trip__ft__rand__exact,5,4,-0.1942681335973601,1.9023734785647133,0.91932499225774
Wheat,ft,rand,both,trip__ft__rand__exact,5,5,-0.2072053938396245,1.912649733052581,0.9143856573579726
Wheat,ft,rand,both,trip__ft__rand__exact,5,6,-0.0174751171411597,1.7559282224070405,0.9959971376594366
Wheat,ft,rand,both,trip__ft__rand__exact,5,7,0.0181881500659409,1.7248804319532547,1.013925053038245
Wheat,ft,rand,both,trip__ft__rand__exact,5,8,0.0268296257683821,1.7172728361505032,1.0184167865679556
Wheat,ft,rand,both,trip__ft__rand__exact,5,9,0.0282732884874712,1.715998607630402,1.0191730201155964
Wheat,ft,rand,both,trip__ft__rand__exact,10,0,-0.1798445138323163,1.8908507463074624,0.9249273042138114
Wheat,ft,rand,both,trip__ft__rand__exact,10,1,0.0383790918753933,1.7070522301926037,1.0245143367731109
Wheat,ft,rand,both,trip__ft__rand__exact,10,2,0.0323065665977431,1.7124336668844518,1.0212947323295318
Wheat,ft,rand,both,trip__ft__rand__exact,10,3,0.0171905256345858,1.7257565397115298,1.0134103178569869
Wheat,ft,rand,both,trip__ft__rand__exact,10,4,-0.0045957030003347,1.744779374459709,1.0023613925367505
Wheat,ft,rand,both,trip__ft__rand__exact,10,5,0.017012989411743,1.725912404337591,1.0133187982527223
Wheat,ft,rand,both,trip__ft__rand__exact,10,6,0.065522719148065,1.6827873327431422,1.0392872880745554
Wheat,ft,rand,both,trip__ft__rand__exact,10,7,0.0454732583076734,1.700743855301868,1.028314450762734
Wheat,ft,rand,both,trip__ft__rand__exact,10,8,0.0673386767073997,1.681151468237466,1.0402985789771797
Wheat,ft,rand,both,trip__ft__rand__exact,10,9,0.0146044699587103,1.728025530126604,1.0120796556314198
Wheat,ft,rand,both,trip__ft__rand__exact,25,0,0.0025402901248143,1.7385714427825272,1.005940532793854
Wheat,ft,rand,both,trip__ft__rand__exact,25,1,-0.3613617935450213,2.031101559365339,0.8610595936912755
Wheat,ft,rand,both,trip__ft__rand__exact,25,2,-0.0249319252854178,1.7623508450494394,0.9923673758636709
Wheat,ft,rand,both,trip__ft__rand__exact,25,3,0.0327006050555628,1.7120849854726212,1.0215027281312503
Wheat,ft,rand,both,trip__ft__rand__exact,25,4,0.0216569053459868,1.721830722309544,1.0157209188990326
Wheat,ft,rand,both,trip__ft__rand__exact,25,5,0.0805144931789438,1.6692343172840824,1.0477255741413052
Wheat,ft,rand,both,trip__ft__rand__exact,25,6,0.0071228755221174,1.7345731239069155,1.0082592998522029
Wheat,ft,rand,both,trip__ft__rand__exact,25,7,-0.1688718105805531,1.8820376320887244,0.929258508774806
Wheat,ft,rand,both,trip__ft__rand__exact,25,8,-0.0598788765251341,1.7921443150627645,0.9758697827811847
Wheat,ft,rand,both,trip__ft__rand__exact,25,9,-0.0512402096274162,1.7848258309589051,0.9798712306361184
CGL_Glucose,maml,mae,both,trip__maml__mae__exact,5,0,0.4567241576055288,11.853416754202344,1.3661078436916214
CGL_Glucose,maml,mae,both,trip__maml__mae__exact,5,1,-9.238989571302632,51.45906695549124,0.314678181329394
CGL_Glucose,maml,mae,both,trip__maml__mae__exact,5,2,-0.339894335990863,18.61523969643506,0.869881122484959
CGL_Glucose,maml,mae,both,trip__maml__mae__exact,5,3,-1.7928271459690022,26.87542777625477,0.6025223388916076
CGL_Glucose,maml,mae,both,trip__maml__mae__exact,5,4,-0.1365437989115436,17.14456401303969,0.9445002853467436
CGL_Glucose,maml,mae,both,trip__maml__mae__exact,5,5,-3.843732996668495,35.39349538531897,0.457514733319566
CGL_Glucose,maml,mae,both,trip__maml__mae__exact,5,6,-14.079223063192629,62.44861916803436,0.2593018999970179
CGL_Glucose,maml,mae,both,trip__maml__mae__exact,5,7,-9.884727667309122,53.05693290981087,0.3052013132758228
CGL_Glucose,maml,mae,both,trip__maml__mae__exact,5,8,-14.30755285066046,62.91964170284732,0.2573607408468238
CGL_Glucose,maml,mae,both,trip__maml__mae__exact,5,9,0.218190921902861,14.21947989707401,1.1387931007092318
CGL_Glucose,maml,mae,both,trip__maml__mae__exact,10,0,-2.808713019374148,31.38502524539497,0.5159481464759201
CGL_Glucose,maml,mae,both,trip__maml__mae__exact,10,1,-3.596322294885316,34.47772441975376,0.4696668899988019
CGL_Glucose,maml,mae,both,trip__maml__mae__exact,10,2,-1.8050808131479883,26.934321880798397,0.6012048743653575
CGL_Glucose,maml,mae,both,trip__maml__mae__exact,10,3,-6.751560497553072,44.774209552154936,0.361660111131591
CGL_Glucose,maml,mae,both,trip__maml__mae__exact,10,4,-2.003465012747348,27.870492660044,0.5810103825569023
CGL_Glucose,maml,mae,both,trip__maml__mae__exact,10,5,-1.8071349364831015,26.944181898705605,0.6009848680259767
CGL_Glucose,maml,mae,both,trip__maml__mae__exact,10,6,-0.6607185355729237,20.72437172945316,0.7813527866539949
CGL_Glucose,maml,mae,both,trip__maml__mae__exact,10,7,-0.1963411922434894,17.589799348063302,0.9205929688017964
CGL_Glucose,maml,mae,both,trip__maml__mae__exact,10,8,-0.3505387377445226,18.689035109883143,0.8664463150319776
CGL_Glucose,maml,mae,both,trip__maml__mae__exact,10,9,0.507390681138222,11.287159670945943,1.434643087768458
CGL_Glucose,maml,mae,both,trip__maml__mae__exact,25,0,-2.0013738414824345,27.86078851476115,0.5812127533246997
CGL_Glucose,maml,mae,both,trip__maml__mae__exact,25,1,0.3687751933610016,12.776896773292666,1.2673692125547693
CGL_Glucose,maml,mae,both,trip__maml__mae__exact,25,2,-1.2442507412817476,24.09178871413439,0.6721396154765884
CGL_Glucose,maml,mae,both,trip__maml__mae__exact,25,3,-0.4468620999834714,19.344028678848936,0.8371082296919478
CGL_Glucose,maml,mae,both,trip__maml__mae__exact,25,4,-1.2796175544348536,24.28087613096443,0.6669053256200733
CGL_Glucose,maml,mae,both,trip__maml__mae__exact,25,5,-1.3373972692813938,24.586664963961315,0.6586109025439998
CGL_Glucose,maml,mae,both,trip__maml__mae__exact,25,6,-0.7745902680478836,21.423104430072083,0.7558683035559947
CGL_Glucose,maml,mae,both,trip__maml__mae__exact,25,7,0.2820886252013844,13.626012227474732,1.1883921232516397
CGL_Glucose,maml,mae,both,trip__maml__mae__exact,25,8,-2.259749458571749,29.03524319800488,0.5577031159006853
CGL_Glucose,maml,mae,both,trip__maml__mae__exact,25,9,-0.1716037206725622,17.406991938420393,0.930260992809476
Corn_Starch,maml,mae,both,trip__maml__mae__exact,5,0,-0.7395015141292918,1.0624605673899012,0.7613857367090549
Corn_Starch,maml,mae,both,trip__maml__mae__exact,5,1,-0.9753919548300763,1.1322101794752866,0.7144807002189099
Corn_Starch,maml,mae,both,trip__maml__mae__exact,5,2,-0.2757713184947592,0.9098856840811456,0.8890592917102508
Corn_Starch,maml,mae,both,trip__maml__mae__exact,5,3,-1.041281121030543,1.150937722162037,0.7028549905436082
Corn_Starch,maml,mae,both,trip__maml__mae__exact,5,4,-3.219134408303927,1.6546726758159227,0.4888835922957326
Corn_Starch,maml,mae,both,trip__maml__mae__exact,5,5,-6.763607019549726,2.2445650015972776,0.3604004879568294
Corn_Starch,maml,mae,both,trip__maml__mae__exact,5,6,-0.0483555662797035,0.8248115191684315,0.9807602137298588
Corn_Starch,maml,mae,both,trip__maml__mae__exact,5,7,-0.0743719805819989,0.8349832271626225,0.9688126605553116
Corn_Starch,maml,mae,both,trip__maml__mae__exact,5,8,-1.0878078966735494,1.1639804413428203,0.6949793081516457
Corn_Starch,maml,mae,both,trip__maml__mae__exact,5,9,-0.512019877326922,0.990556301548378,0.8166545612419913
Corn_Starch,maml,mae,both,trip__maml__mae__exact,10,0,-0.2492502031879475,0.900378527474627,0.8984469277553675
Corn_Starch,maml,mae,both,trip__maml__mae__exact,10,1,-0.6571554036187564,1.0370078251277297,0.7800734982176647
Corn_Starch,maml,mae,both,trip__maml__mae__exact,10,2,0.0578365958201118,0.7819221763786671,1.0345560546357084
Corn_Starch,maml,mae,both,trip__maml__mae__exact,10,3,-0.2498140169252183,0.9005816847429907,0.8982442520550898
Corn_Starch,maml,mae,both,trip__maml__mae__exact,10,4,-0.6321608100580003,1.0291576053095282,0.7860237515158661
Corn_Starch,maml,mae,both,trip__maml__mae__exact,10,5,-0.5742354611319336,1.0107302420311024,0.80035432619576
Corn_Starch,maml,mae,both,trip__maml__mae__exact,10,6,-0.2759357220253458,0.9099443088510476,0.8890020124944803
Corn_Starch,maml,mae,both,trip__maml__mae__exact,10,7,0.0886365816165702,0.7690351865091537,1.0518924699641838
Corn_Starch,maml,mae,both,trip__maml__mae__exact,10,8,-0.6803706064313952,1.0442463187536226,0.7746661944588005
Corn_Starch,maml,mae,both,trip__maml__mae__exact,10,9,-0.3690810295211379,0.9425729913603816,0.8582277757173618
Corn_Starch,maml,mae,both,trip__maml__mae__exact,25,0,0.0067111571563948,0.8028569911889949,1.0075795947525763
Corn_Starch,maml,mae,both,trip__maml__mae__exact,25,1,0.0375601405963572,0.7902913261694421,1.0236001522975584
Corn_Starch,maml,mae,both,trip__maml__mae__exact,25,2,0.0684953693706215,0.7774866201856715,1.0404581903072454
Corn_Starch,maml,mae,both,trip__maml__mae__exact,25,3,0.0103328320899792,0.8013919881507459,1.0094215237828337
Corn_Starch,maml,mae,both,trip__maml__mae__exact,25,4,0.0089552614241029,0.8019495443815282,1.0087197224488045
Corn_Starch,maml,mae,both,trip__maml__mae__exact,25,5,0.0869686266334226,0.7697385994853967,1.0509312153077592
Corn_Starch,maml,mae,both,trip__maml__mae__exact,25,6,0.0856502981317369,0.7702941128673364,1.0501733147294612
Corn_Starch,maml,mae,both,trip__maml__mae__exact,25,7,0.0525634985390336,0.7841072531186972,1.0316730506050091
Corn_Starch,maml,mae,both,trip__maml__mae__exact,25,8,0.0819298410497301,0.7718596718873271,1.0480432535728677
Corn_Starch,maml,mae,both,trip__maml__mae__exact,25,9,-0.0512342150131774,0.8259431557218311,0.9794164601067578
Diesel_TOTAL,maml,mae,both,trip__maml__mae__exact,5,0,-3.2508281139067217,13.97372728345196,0.4862534659462028
Diesel_TOTAL,maml,mae,both,trip__maml__mae__exact,5,1,0.2147163269183105,6.006047672760275,1.1313219098447105
Diesel_TOTAL,maml,mae,both,trip__maml__mae__exact,5,2,0.2182434082051604,5.992544489583682,1.133871151991661
Diesel_TOTAL,maml,mae,both,trip__maml__mae__exact,5,3,0.4724105493196248,4.922928663262629,1.3802298973924911
Diesel_TOTAL,maml,mae,both,trip__maml__mae__exact,5,4,0.0235169540315057,6.697424780362939,1.014535220117443
Diesel_TOTAL,maml,mae,both,trip__maml__mae__exact,5,5,-0.5326201563179402,8.390594972030337,0.8098082849208663
Diesel_TOTAL,maml,mae,both,trip__maml__mae__exact,5,6,0.0964721430371837,6.44237891229531,1.0546994233446398
Diesel_TOTAL,maml,mae,both,trip__maml__mae__exact,5,7,0.1880425754068544,6.107199678207071,1.112584110850673
Diesel_TOTAL,maml,mae,both,trip__maml__mae__exact,5,8,-0.2952960982110977,7.713651606250258,0.8808763566998317
Diesel_TOTAL,maml,mae,both,trip__maml__mae__exact,5,9,0.306912632298568,5.64247291087351,1.2042190420925982
Diesel_TOTAL,maml,mae,both,trip__maml__mae__exact,10,0,0.380615598861899,5.334032074751692,1.273853105594953
Diesel_TOTAL,maml,mae,both,trip__maml__mae__exact,10,1,0.3903365795503452,5.29200883035106,1.2839686292274728
Diesel_TOTAL,maml,mae,both,trip__maml__mae__exact,10,2,-0.0421986796824362,6.91911820936037,0.982028795890982
Diesel_TOTAL,maml,mae,both,trip__maml__mae__exact,10,3,0.4598820090027797,4.98103751696074,1.3641281160057337
Diesel_TOTAL,maml,mae,both,trip__maml__mae__exact,10,4,0.3368517960960989,5.519259195454572,1.2311024148605705
Diesel_TOTAL,maml,mae,both,trip__maml__mae__exact,10,5,0.690805947307717,3.768695567689987,1.8029509685045677
Diesel_TOTAL,maml,mae,both,trip__maml__mae__exact,10,6,0.3942768193314904,5.274880047918537,1.2881379788810066
Diesel_TOTAL,maml,mae,both,trip__maml__mae__exact,10,7,0.2102192778506738,6.023220405254735,1.128096411321373
Diesel_TOTAL,maml,mae,both,trip__maml__mae__exact,10,8,0.1981273232661844,6.069154576310136,1.1195584555199367
Diesel_TOTAL,maml,mae,both,trip__maml__mae__exact,10,9,0.4141150420730652,5.187781367971067,1.3097647803193673
Diesel_TOTAL,maml,mae,both,trip__maml__mae__exact,25,0,0.4129602768203539,5.192891347857173,1.308475927687062
Diesel_TOTAL,maml,mae,both,trip__maml__mae__exact,25,1,0.5450242586187635,4.571614607239807,1.4862961792547067
Diesel_TOTAL,maml,mae,both,trip__maml__mae__exact,25,2,0.4706295880572825,4.931230723358728,1.3779061871064755
Diesel_TOTAL,maml,mae,both,trip__maml__mae__exact,25,3,0.5898318094499736,4.340667098036877,1.5653753605842189
Diesel_TOTAL,maml,mae,both,trip__maml__mae__exact,25,4,0.455083656897465,5.003114103698316,1.3581088064217477
Diesel_TOTAL,maml,mae,both,trip__maml__mae__exact,25,5,0.447660918717767,5.03707453923642,1.3489523077011216
Diesel_TOTAL,maml,mae,both,trip__maml__mae__exact,25,6,0.6300392679569623,4.122430153292016,1.648244620552148
Diesel_TOTAL,maml,mae,both,trip__maml__mae__exact,25,7,0.5155882012644812,4.717184331737153,1.440429893326489
Diesel_TOTAL,maml,mae,both,trip__maml__mae__exact,25,8,0.5949222021590316,4.313648079908151,1.5751802645685948
Diesel_TOTAL,maml,mae,both,trip__maml__mae__exact,25,9,0.633513362134966,4.103028781824791,1.6560384255319818
Diesel_VISC,maml,mae,both,trip__maml__mae__exact,5,0,0.801054867955631,0.2439769485363834,2.247671420973117
Diesel_VISC,maml,mae,both,trip__maml__mae__exact,5,1,0.7860419212677091,0.2530151237171605,2.167380378472864
Diesel_VISC,maml,mae,both,trip__maml__mae__exact,5,2,0.8200170083774627,0.2320587079516863,2.3631089711816733
Diesel_VISC,maml,mae,both,trip__maml__mae__exact,5,3,0.8139329493549678,0.235948311388307,2.324153164626692
Diesel_VISC,maml,mae,both,trip__maml__mae__exact,5,4,0.8055362573394569,0.2412134146892458,2.2734225428877304
Diesel_VISC,maml,mae,both,trip__maml__mae__exact,5,5,0.7541934421060125,0.2711932460298688,2.0221005597649
Diesel_VISC,maml,mae,both,trip__maml__mae__exact,5,6,-1.654631334218117,0.8912186064096087,0.6153148180003545
Diesel_VISC,maml,mae,both,trip__maml__mae__exact,5,7,0.8477643220821034,0.2134225769749771,2.569456438836613
Diesel_VISC,maml,mae,both,trip__maml__mae__exact,5,8,0.8078123495211347,0.2397976239167276,2.286845072292663
Diesel_VISC,maml,mae,both,trip__maml__mae__exact,5,9,0.8429288135042498,0.2167855840950803,2.5295963146744254
Diesel_VISC,maml,mae,both,trip__maml__mae__exact,10,0,0.6839835163163273,0.3074942541378345,1.7833829647940225
Diesel_VISC,maml,mae,both,trip__maml__mae__exact,10,1,0.8574776120785031,0.2065017240434554,2.655571120007012
Diesel_VISC,maml,mae,both,trip__maml__mae__exact,10,2,0.7455441333502346,0.27592329707207,1.987436437664136
Diesel_VISC,maml,mae,both,trip__maml__mae__exact,10,3,0.7838802397315419,0.2542900547462116,2.15651380919618
Diesel_VISC,maml,mae,both,trip__maml__mae__exact,10,4,0.8713011231478215,0.1962318576509565,2.7945514105914326
Diesel_VISC,maml,mae,both,trip__maml__mae__exact,10,5,0.8676321641340952,0.1990092994788487,2.7555496956047585
Diesel_VISC,maml,mae,both,trip__maml__mae__exact,10,6,0.6625265440083193,0.3177619897387688,1.7257571147898445
Diesel_VISC,maml,mae,both,trip__maml__mae__exact,10,7,0.8164152190406044,0.2343691659894428,2.3398129710721403
Diesel_VISC,maml,mae,both,trip__maml__mae__exact,10,8,0.6644213816114891,0.3168686529269625,1.7306224820157845
Diesel_VISC,maml,mae,both,trip__maml__mae__exact,10,9,0.6123993091381457,0.340544921407217,1.6103015494561312
Diesel_VISC,maml,mae,both,trip__maml__mae__exact,25,0,0.8727384399920819,0.195133016425491,2.81028820569096
Diesel_VISC,maml,mae,both,trip__maml__mae__exact,25,1,0.8388736672502412,0.219566155702173,2.497561670411988
Diesel_VISC,maml,mae,both,trip__maml__mae__exact,25,2,0.8823216943587943,0.1876421239233553,2.9224781895212946
Diesel_VISC,maml,mae,both,trip__maml__mae__exact,25,3,0.8688698982596115,0.1980766743959635,2.768523937882879
Diesel_VISC,maml,mae,both,trip__maml__mae__exact,25,4,0.8690833759872256,0.197915375877868,2.770780249735921
Diesel_VISC,maml,mae,both,trip__maml__mae__exact,25,5,0.8687967066271987,0.1981319459641373,2.767751620936065
Diesel_VISC,maml,mae,both,trip__maml__mae__exact,25,6,0.8723362418411414,0.195441122924163,2.805857878816249
Diesel_VISC,maml,mae,both,trip__maml__mae__exact,25,7,0.8740033516059342,0.1941608359202336,2.8243595676872078
Diesel_VISC,maml,mae,both,trip__maml__mae__exact,25,8,0.8858071834947865,0.1848423703463578,2.966744115939991
Diesel_VISC,maml,mae,both,trip__maml__mae__exact,25,9,0.8032855102810587,0.2426053154987084,2.2603792232424413
Melamine_R862,maml,mae,both,trip__maml__mae__exact,5,0,0.7193253978979084,8.643164491605981,1.891561702667257
Melamine_R862,maml,mae,both,trip__maml__mae__exact,5,1,0.4385150116232416,12.224758694731944,1.3373743687244115
Melamine_R862,maml,mae,both,trip__maml__mae__exact,5,2,0.8493458758473194,6.332303661230515,2.581853274389305
Melamine_R862,maml,mae,both,trip__maml__mae__exact,5,3,0.7101017365935566,8.784034389785536,1.8612266547119651
Melamine_R862,maml,mae,both,trip__maml__mae__exact,5,4,0.7275860235587958,8.515024724516184,1.9200271838440648
Melamine_R862,maml,mae,both,trip__maml__mae__exact,5,5,0.3496832072721837,13.15629808519124,1.2426807933591864
Melamine_R862,maml,mae,both,trip__maml__mae__exact,5,6,0.9112496507665482,4.86022366616973,3.363853202060525
Melamine_R862,maml,mae,both,trip__maml__mae__exact,5,7,0.8210670895418737,6.901068425215993,2.369064894710661
Melamine_R862,maml,mae,both,trip__maml__mae__exact,5,8,0.6681415828119303,9.398263976472164,1.7395849896432
Melamine_R862,maml,mae,both,trip__maml__mae__exact,5,9,0.5115724211563091,11.40174462763644,1.433910289706649
Melamine_R862,maml,mae,both,trip__maml__mae__exact,10,0,0.8202474026472041,6.9168571692024425,2.363657155589429
Melamine_R862,maml,mae,both,trip__maml__mae__exact,10,1,0.8049582000066818,7.205017975253797,2.269123963094554
Melamine_R862,maml,mae,both,trip__maml__mae__exact,10,2,0.772813689275696,7.776108291846643,2.102475728034501
Melamine_R862,maml,mae,both,trip__maml__mae__exact,10,3,0.8984821209602342,5.198074365021175,3.145218362436566
Melamine_R862,maml,mae,both,trip__maml__mae__exact,10,4,0.8899414145680694,5.41231648206416,3.020717468454496
Melamine_R862,maml,mae,both,trip__maml__mae__exact,10,5,0.8518988562069729,6.278420896071492,2.604011297236423
Melamine_R862,maml,mae,both,trip__maml__mae__exact,10,6,0.8852990833365468,5.525284752456349,2.958956809403744
Melamine_R862,maml,mae,both,trip__maml__mae__exact,10,7,0.7853690338687818,7.558183136090187,2.163096427778898
Melamine_R862,maml,mae,both,trip__maml__mae__exact,10,8,0.9169111992629728,4.702647928660471,3.476568773633955
Melamine_R862,maml,mae,both,trip__maml__mae__exact,10,9,0.8895022137616856,5.423104949683718,3.014708196478641
Melamine_R862,maml,mae,both,trip__maml__mae__exact,25,0,0.9100965393163676,4.89169561436982,3.34221101046198
Melamine_R862,maml,mae,both,trip__maml__mae__exact,25,1,0.9239524347557392,4.498978083856816,3.633953897405942
Melamine_R862,maml,mae,both,trip__maml__mae__exact,25,2,0.8411627874908642,6.502005745568469,2.514467009402188
Melamine_R862,maml,mae,both,trip__maml__mae__exact,25,3,0.9258281264689252,4.443148668611233,3.679615552293802
Melamine_R862,maml,mae,both,trip__maml__mae__exact,25,4,0.9379446058453984,4.064068222396409,4.022835751643715
Melamine_R862,maml,mae,both,trip__maml__mae__exact,25,5,0.9114602947545796,4.854452505290493,3.3678522808406908
Melamine_R862,maml,mae,both,trip__maml__mae__exact,25,6,0.9317969403934924,4.260623410498151,3.837250413141738
Melamine_R862,maml,mae,both,trip__maml__mae__exact,25,7,0.9255633608592264,4.451071786634615,3.673065662806727
Melamine_R862,maml,mae,both,trip__maml__mae__exact,25,8,0.913554374775594,4.796701912032147,3.4084000302718462
Melamine_R862,maml,mae,both,trip__maml__mae__exact,25,9,0.931728112067432,4.262772710187289,3.835315662761921
Shootout_assay,maml,mae,both,trip__maml__mae__exact,5,0,-2.4544137488821454,29.26466363116417,0.5383304938469449
Shootout_assay,maml,mae,both,trip__maml__mae__exact,5,1,-1.2342955940944234,23.535675875382832,0.669369382389707
Shootout_assay,maml,mae,both,trip__maml__mae__exact,5,2,-0.3214337974238468,18.1000204295864,0.8703891184055047
Shootout_assay,maml,mae,both,trip__maml__mae__exact,5,3,-0.2736255504901941,17.769583208551268,0.8865745830914028
Shootout_assay,maml,mae,both,trip__maml__mae__exact,5,4,-1.864258781387832,26.64786911267724,0.5911940184866273
Shootout_assay,maml,mae,both,trip__maml__mae__exact,5,5,-1.8210043699712213,26.445893178500796,0.595709160529946
Shootout_assay,maml,mae,both,trip__maml__mae__exact,5,6,-1.142172016703686,23.04536180619772,0.6836109130034359
Shootout_assay,maml,mae,both,trip__maml__mae__exact,5,7,-0.8217599731046068,21.25210425753618,0.7412941624000743
Shootout_assay,maml,mae,both,trip__maml__mae__exact,5,8,-0.1248410449635399,16.699441145095946,0.9433885055162916
Shootout_assay,maml,mae,both,trip__maml__mae__exact,5,9,-3.943390902588368,35.00812386445279,0.4500115711949359
Shootout_assay,maml,mae,both,trip__maml__mae__exact,10,0,-1.2575396106257275,23.657783303527985,0.6659144951454516
Shootout_assay,maml,mae,both,trip__maml__mae__exact,10,1,-0.1221132002265421,16.67918000053454,0.9445344929621504
Shootout_assay,maml,mae,both,trip__maml__mae__exact,10,2,-0.6533418147124259,20.245927845971483,0.7781347905951399
Shootout_assay,maml,mae,both,trip__maml__mae__exact,10,3,0.1414916521534758,14.589104031419836,1.079851154046238
Shootout_assay,maml,mae,both,trip__maml__mae__exact,10,4,-0.2693889309447785,17.740003999172146,0.8880528338981497
Shootout_assay,maml,mae,both,trip__maml__mae__exact,10,5,-0.4537422892539158,18.984539715368022,0.8298363331967638
Shootout_assay,maml,mae,both,trip__maml__mae__exact,10,6,-0.1458914297475364,16.854974335577214,0.9346831689666776
Shootout_assay,maml,mae,both,trip__maml__mae__exact,10,7,-0.518298256957171,19.401482065587345,0.8120029578963203
Shootout_assay,maml,mae,both,trip__maml__mae__exact,10,8,0.0625685380790406,15.24495414853562,1.033395093965738
Shootout_assay,maml,mae,both,trip__maml__mae__exact,10,9,-0.9722308194132352,22.11236683262077,0.7124547518625872
Shootout_assay,maml,mae,both,trip__maml__mae__exact,25,0,0.3075857619925404,13.102053085774724,1.2024116160797709
Shootout_assay,maml,mae,both,trip__maml__mae__exact,25,1,0.3030434461299123,13.14495831146854,1.1984869370855622
Shootout_assay,maml,mae,both,trip__maml__mae__exact,25,2,0.0552807935827655,15.3040977982467,1.029401473547443
Shootout_assay,maml,mae,both,trip__maml__mae__exact,25,3,-0.2327272543611673,17.48194940004342,0.9011615618101608
Shootout_assay,maml,mae,both,trip__maml__mae__exact,25,4,0.1062373922885402,14.88563790444992,1.0583396510081575
Shootout_assay,maml,mae,both,trip__maml__mae__exact,25,5,0.2397172837231919,13.729158495918655,1.147489180018763
Shootout_assay,maml,mae,both,trip__maml__mae__exact,25,6,0.2269154359787477,13.844263633413194,1.1379486292652528
Shootout_assay,maml,mae,both,trip__maml__mae__exact,25,7,-0.0913127223240173,16.44867686691592,0.9577707041297828
Shootout_assay,maml,mae,both,trip__maml__mae__exact,25,8,-0.1337649678102972,16.765552761624935,0.9396684409290202
Shootout_assay,maml,mae,both,trip__maml__mae__exact,25,9,0.3293293018173685,12.894693571877855,1.2217475922954455
Wheat,maml,mae,both,trip__maml__mae__exact,5,0,0.1838011868393633,1.572688966941543,1.1120440978574258
Wheat,maml,mae,both,trip__maml__mae__exact,5,1,0.0434803065158891,1.7025184169667966,1.0272426224725784
Wheat,maml,mae,both,trip__maml__mae__exact,5,2,0.1918330075311207,1.5649317975505588,1.117556360085611
Wheat,maml,mae,both,trip__maml__mae__exact,5,3,0.1082802218152075,1.6438381687669856,1.063912200532887
Wheat,maml,mae,both,trip__maml__mae__exact,5,4,0.1792815477584529,1.5770372786326574,1.1089778961783248
Wheat,maml,mae,both,trip__maml__mae__exact,5,5,-0.927210964712934,2.416626255179058,0.7236946464952031
Wheat,maml,mae,both,trip__maml__mae__exact,5,6,-0.0242480438125574,1.7617627863810348,0.9926986180956726
Wheat,maml,mae,both,trip__maml__mae__exact,5,7,0.4179809270168984,1.3280470730725815,1.3168957026550012
Wheat,maml,mae,both,trip__maml__mae__exact,5,8,0.016726291738197,1.7261640755151335,1.0131710584527815
Wheat,maml,mae,both,trip__maml__mae__exact,5,9,-0.5399639373283596,2.1602307109179706,0.8095892140657771
Wheat,maml,mae,both,trip__maml__mae__exact,10,0,-0.073799250931638,1.8038748721450373,0.9695237238784584
Wheat,maml,mae,both,trip__maml__mae__exact,10,1,0.2543306164628353,1.5032043243498203,1.1634476132905516
Wheat,maml,mae,both,trip__maml__mae__exact,10,2,0.3184409069082449,1.437131864384471,1.216937378395611
Wheat,maml,mae,both,trip__maml__mae__exact,10,3,0.2272925889293238,1.5302148045949726,1.142911098625624
Wheat,maml,mae,both,trip__maml__mae__exact,10,4,0.0369011288854793,1.7083635532541903,1.0237279296443835
Wheat,maml,mae,both,trip__maml__mae__exact,10,5,-0.5266008749162745,2.1508375704619764,0.81312485306698
Wheat,maml,mae,both,trip__maml__mae__exact,10,6,0.1926439894931498,1.5641464091226056,1.118117506937132
Wheat,maml,mae,both,trip__maml__mae__exact,10,7,0.1933918149535768,1.5634218344096988,1.118635703404492
Wheat,maml,mae,both,trip__maml__mae__exact,10,8,-0.0645143581715765,1.7960590966072931,0.973742727484
Wheat,maml,mae,both,trip__maml__mae__exact,10,9,0.0430884724006683,1.7028670958789776,1.0270322843663242
Wheat,maml,mae,both,trip__maml__mae__exact,25,0,0.2379662041958058,1.519609419178703,1.1508874987087503
Wheat,maml,mae,both,trip__maml__mae__exact,25,1,0.2155840616151128,1.5417645842014596,1.1343492394194918
Wheat,maml,mae,both,trip__maml__mae__exact,25,2,0.347917187416479,1.4057116277914776,1.244138163814254
Wheat,maml,mae,both,trip__maml__mae__exact,25,3,0.3144147055239945,1.4413704273136214,1.213358794041845
Wheat,maml,mae,both,trip__maml__mae__exact,25,4,0.3524073057369586,1.4008635360571802,1.2484438622588636
Wheat,maml,mae,both,trip__maml__mae__exact,25,5,0.2649158452691214,1.4924967401689748,1.1717945080770034
Wheat,maml,mae,both,trip__maml__mae__exact,25,6,0.3908078451736191,1.3586951073321794,1.287190535989217
Wheat,maml,mae,both,trip__maml__mae__exact,25,7,0.3175220628754172,1.4381002729150052,1.2161178996982211
Wheat,maml,mae,both,trip__maml__mae__exact,25,8,-0.2601745034091007,1.9541603843310116,0.89496210110285
Wheat,maml,mae,both,trip__maml__mae__exact,25,9,0.389817600427591,1.3597989416229683,1.2861456425061348
CGL_Glucose,maml,rand,both,trip__maml__rand__exact,5,0,-0.056886970552759,16.53284632849221,0.9794469313220976
CGL_Glucose,maml,rand,both,trip__maml__rand__exact,5,1,-6.429174811939228,43.83324731974844,0.3694238185078739
CGL_Glucose,maml,rand,both,trip__maml__rand__exact,5,2,-1.4668270539481014,25.25821806917721,0.6411000791153193
CGL_Glucose,maml,rand,both,trip__maml__rand__exact,5,3,-7.117743491815206,45.81957105386005,0.3534089305075963
CGL_Glucose,maml,rand,both,trip__maml__rand__exact,5,4,-1.59238021771756,25.89301997988673,0.6253826558292539
CGL_Glucose,maml,rand,both,trip__maml__rand__exact,5,5,-5.679493549042781,41.56283130100224,0.3896040066469443
CGL_Glucose,maml,rand,both,trip__maml__rand__exact,5,6,-11.231117962517416,56.24273536684823,0.2879135500227882
CGL_Glucose,maml,rand,both,trip__maml__rand__exact,5,7,-4.14367922869891,36.47289998028553,0.4439747212646711
CGL_Glucose,maml,rand,both,trip__maml__rand__exact,5,8,-6.417425993852541,43.798573709992965,0.3697162768285976
CGL_Glucose,maml,rand,both,trip__maml__rand__exact,5,9,-0.7703334838313045,21.397394752863924,0.7567765043122433
CGL_Glucose,maml,rand,both,trip__maml__rand__exact,10,0,-2.415423982852112,29.72046971540601,0.544844874846228
CGL_Glucose,maml,rand,both,trip__maml__rand__exact,10,1,-3.0135889680185564,32.21809102874156,0.5026072335575619
CGL_Glucose,maml,rand,both,trip__maml__rand__exact,10,2,-3.921812636382748,35.67762164455842,0.4538712183167981
CGL_Glucose,maml,rand,both,trip__maml__rand__exact,10,3,-5.6897805389199885,41.59482414073047,0.3893043410323004
CGL_Glucose,maml,rand,both,trip__maml__rand__exact,10,4,-2.4243075273042947,29.75909620168506,0.5441376812224759
CGL_Glucose,maml,rand,both,trip__maml__rand__exact,10,5,-2.316712859170144,29.28783669887301,0.5528931948423697
CGL_Glucose,maml,rand,both,trip__maml__rand__exact,10,6,-3.45100355437285,33.92831781616745,0.4772722800523055
CGL_Glucose,maml,rand,both,trip__maml__rand__exact,10,7,-2.215961478606244,28.839569692757586,0.5614870740088754
CGL_Glucose,maml,rand,both,trip__maml__rand__exact,10,8,-1.3623926569407518,24.717776392250965,0.6551174080342448
CGL_Glucose,maml,rand,both,trip__maml__rand__exact,10,9,-0.3385656305816016,18.606007511492137,0.8703127520753576
CGL_Glucose,maml,rand,both,trip__maml__rand__exact,25,0,-2.170390761319942,28.634509881312816,0.5655080415058632
CGL_Glucose,maml,rand,both,trip__maml__rand__exact,25,1,-0.3626551477879807,18.772682614460848,0.8625855949851184
CGL_Glucose,maml,rand,both,trip__maml__rand__exact,25,2,-1.971382582032513,27.72123941798373,0.5841385862407187
CGL_Glucose,maml,rand,both,trip__maml__rand__exact,25,3,-1.241630204293314,24.077719015337152,0.6725323770140671
CGL_Glucose,maml,rand,both,trip__maml__rand__exact,25,4,-2.102098457541051,28.324427852842803,0.5716989478689954
CGL_Glucose,maml,rand,both,trip__maml__rand__exact,25,5,-1.2938688374468716,24.35665518078948,0.6648304326791651
CGL_Glucose,maml,rand,both,trip__maml__rand__exact,25,6,-1.6831341239014583,26.342351980501792,0.6147152545242485
CGL_Glucose,maml,rand,both,trip__maml__rand__exact,25,7,-0.1069480115770262,16.919867951185164,0.9570432611637046
CGL_Glucose,maml,rand,both,trip__maml__rand__exact,25,8,-3.414941772949626,33.79059562945836,0.4792175249004648
CGL_Glucose,maml,rand,both,trip__maml__rand__exact,25,9,-0.4556653760856954,19.402787762175848,0.8345731448976894
Corn_Starch,maml,rand,both,trip__maml__rand__exact,5,0,-0.2962163660492243,0.9171474547601476,0.8820199168933365
Corn_Starch,maml,rand,both,trip__maml__rand__exact,5,1,-2.133722467781156,1.4260366279039367,0.5672661599271165
Corn_Starch,maml,rand,both,trip__maml__rand__exact,5,2,-0.0256055337332441,0.8158129456616485,0.9915781872894948
Corn_Starch,maml,rand,both,trip__maml__rand__exact,5,3,-0.7584714137030122,1.0682381188635062,0.75726779221014
Corn_Starch,maml,rand,both,trip__maml__rand__exact,5,4,-0.7036211062725188,1.051445873329952,0.7693618305472467
Corn_Starch,maml,rand,both,trip__maml__rand__exact,5,5,-3.419646528882623,1.693535026697876,0.4776649488046252
Corn_Starch,maml,rand,both,trip__maml__rand__exact,5,6,-0.0320178178920849,0.8183592819776588,0.9884928779344676
Corn_Starch,maml,rand,both,trip__maml__rand__exact,5,7,-0.1977786879451615,0.8816347618684302,0.9175481240237237
Corn_Starch,maml,rand,both,trip__maml__rand__exact,5,8,-0.8062136550291399,1.0826422602503292,0.7471926337324356
Corn_Starch,maml,rand,both,trip__maml__rand__exact,5,9,-0.2890774193823808,0.9146183604917688,0.884458870245652
Corn_Starch,maml,rand,both,trip__maml__rand__exact,10,0,-0.2267624094415554,0.8922378543218754,0.9066442517632232
Corn_Starch,maml,rand,both,trip__maml__rand__exact,10,1,-0.7377782071501593,1.061934152380864,0.7617631658354955
Corn_Starch,maml,rand,both,trip__maml__rand__exact,10,2,0.0051331950749579,0.8034944568915817,1.006780214708605
Corn_Starch,maml,rand,both,trip__maml__rand__exact,10,3,-0.392447124747451,0.9505824047297474,0.8509965236064562
Corn_Starch,maml,rand,both,trip__maml__rand__exact,10,4,-0.6485130253523119,1.0343001945250316,0.7821156044526905
Corn_Starch,maml,rand,both,trip__maml__rand__exact,10,5,-0.9885480554971976,1.13597417992215,0.7121132998655993
Corn_Starch,maml,rand,both,trip__maml__rand__exact,10,6,-0.2354923979891352,0.8954069348603896,0.90343539940598
Corn_Starch,maml,rand,both,trip__maml__rand__exact,10,7,-0.0190068259204827,0.8131842555584037,0.9947835515715804
Corn_Starch,maml,rand,both,trip__maml__rand__exact,10,8,-0.418344429582661,0.9593813430723588,0.8431916335123771
Corn_Starch,maml,rand,both,trip__maml__rand__exact,10,9,-0.1108125554278551,0.8490256380200848,0.9527890391071367
Corn_Starch,maml,rand,both,trip__maml__rand__exact,25,0,-0.0938835447212051,0.8425311363825247,0.9601334442068684
Corn_Starch,maml,rand,both,trip__maml__rand__exact,25,1,-0.0017404287303002,0.8062653865414129,1.0033201664486064
Corn_Starch,maml,rand,both,trip__maml__rand__exact,25,2,-0.1104801335619725,0.8488985887695393,0.952931636980367
Corn_Starch,maml,rand,both,trip__maml__rand__exact,25,3,-0.0201402614093506,0.8136363799775337,0.9942307666341283
Corn_Starch,maml,rand,both,trip__maml__rand__exact,25,4,-0.0177467400925372,0.8126813153906961,0.9953991884722756
Corn_Starch,maml,rand,both,trip__maml__rand__exact,25,5,0.0054034784405787,0.8033853036174196,1.0069170025690526
Corn_Starch,maml,rand,both,trip__maml__rand__exact,25,6,-0.1970341917235183,0.8813607230238648,0.9178334145082802
Corn_Starch,maml,rand,both,trip__maml__rand__exact,25,7,-0.0101182446811851,0.8096298703208933,0.9991507866500275
Corn_Starch,maml,rand,both,trip__maml__rand__exact,25,8,-0.0749402029834338,0.8352040042612975,0.9685565654608608
Corn_Starch,maml,rand,both,trip__maml__rand__exact,25,9,-0.2008361735632651,0.8827592883005307,0.9163792809066204
Diesel_TOTAL,maml,rand,both,trip__maml__rand__exact,5,0,-2.2689045937506407,12.253964384777476,0.5544959255966468
Diesel_TOTAL,maml,rand,both,trip__maml__rand__exact,5,1,0.3330310403828076,5.53513607915557,1.2275711430751546
Diesel_TOTAL,maml,rand,both,trip__maml__rand__exact,5,2,0.2990520176606948,5.674379606666301,1.19744779072993
Diesel_TOTAL,maml,rand,both,trip__maml__rand__exact,5,3,0.3624971077908064,5.411486392613896,1.2556205136244407
Diesel_TOTAL,maml,rand,both,trip__maml__rand__exact,5,4,-0.0605198876373507,6.979670160818458,0.9735092299789644
Diesel_TOTAL,maml,rand,both,trip__maml__rand__exact,5,5,-0.4495685530160429,8.160088528964835,0.8326837753839292
Diesel_TOTAL,maml,rand,both,trip__maml__rand__exact,5,6,-1.2716043110068005,10.215081433603784,0.6651707446416704
Diesel_TOTAL,maml,rand,both,trip__maml__rand__exact,5,7,0.1546991755489649,6.231335538295565,1.0904200683797685
Diesel_TOTAL,maml,rand,both,trip__maml__rand__exact,5,8,0.156582852861821,6.224388678957255,1.0916370545330134
Diesel_TOTAL,maml,rand,both,trip__maml__rand__exact,5,9,-0.1042448085853207,7.122101752978892,0.9540404728033476
Diesel_TOTAL,maml,rand,both,trip__maml__rand__exact,10,0,0.416353509540792,5.177861508337094,1.3122740561571566
Diesel_TOTAL,maml,rand,both,trip__maml__rand__exact,10,1,0.3496752186136441,5.465635215091062,1.243180903292743
Diesel_TOTAL,maml,rand,both,trip__maml__rand__exact,10,2,-0.0338524597753531,6.891357397022068,0.9859847534103698
Diesel_TOTAL,maml,rand,both,trip__maml__rand__exact,10,3,0.2493153193801341,5.872246363661612,1.157099498722101
Diesel_TOTAL,maml,rand,both,trip__maml__rand__exact,10,4,0.004841988681298,6.76116466039597,1.0049708393535255
Diesel_TOTAL,maml,rand,both,trip__maml__rand__exact,10,5,0.3460393674744485,5.4808926206393895,1.23972020509551
Diesel_TOTAL,maml,rand,both,trip__maml__rand__exact,10,6,0.4038953937779184,5.232831252328074,1.2984889051682211
Diesel_TOTAL,maml,rand,both,trip__maml__rand__exact,10,7,-0.2153158564782282,7.471711134075843,0.9093998953970482
Diesel_TOTAL,maml,rand,both,trip__maml__rand__exact,10,8,0.4613725390569277,4.9741598388627954,1.3660142705263307
Diesel_TOTAL,maml,rand,both,trip__maml__rand__exact,10,9,0.3818742538168956,5.328609658478694,1.275149384033775
Diesel_TOTAL,maml,rand,both,trip__maml__rand__exact,25,0,0.2999374137959578,5.67079470348406,1.1982047806440452
Diesel_TOTAL,maml,rand,both,trip__maml__rand__exact,25,1,0.4232302302219763,5.147267464730608,1.320073878096239
Diesel_TOTAL,maml,rand,both,trip__maml__rand__exact,25,2,0.6097071195580597,4.234194518589519,1.6047381134556344
Diesel_TOTAL,maml,rand,both,trip__maml__rand__exact,25,3,0.6627047048430645,3.936231501988429,1.726212830808625
Diesel_TOTAL,maml,rand,both,trip__maml__rand__exact,25,4,0.6338006253110146,4.101420428322727,1.6566878335231412
Diesel_TOTAL,maml,rand,both,trip__maml__rand__exact,25,5,0.4769534573088668,4.901687939473475,1.386210915029284
Diesel_TOTAL,maml,rand,both,trip__maml__rand__exact,25,6,0.7252290284419756,3.55271946710286,1.9125555470064943
Diesel_TOTAL,maml,rand,both,trip__maml__rand__exact,25,7,0.3524657938158819,5.453895955119831,1.2458567929567772
Diesel_TOTAL,maml,rand,both,trip__maml__rand__exact,25,8,0.4783235369729971,4.895263935105062,1.388030025314601
Diesel_TOTAL,maml,rand,both,trip__maml__rand__exact,25,9,0.6558549666244302,3.975998795667578,1.708947530660576
Diesel_VISC,maml,rand,both,trip__maml__rand__exact,5,0,0.5492798397154417,0.3672278658740705,1.493296303362523
Diesel_VISC,maml,rand,both,trip__maml__rand__exact,5,1,0.3584219112639628,0.4381339414161864,1.251626415495046
Diesel_VISC,maml,rand,both,trip__maml__rand__exact,5,2,0.7854481021125722,0.2533659894677606,2.164378951387381
Diesel_VISC,maml,rand,both,trip__maml__rand__exact,5,3,0.6551233120485512,0.321228490043939,1.7071338053684098
Diesel_VISC,maml,rand,both,trip__maml__rand__exact,5,4,0.5956300350021718,0.3478336403069259,1.5765583056244108
Diesel_VISC,maml,rand,both,trip__maml__rand__exact,5,5,0.4834022604113061,0.3931500973288713,1.3948362682020048
Diesel_VISC,maml,rand,both,trip__maml__rand__exact,5,6,0.724758291488357,0.2869718247345471,1.910919356312129
Diesel_VISC,maml,rand,both,trip__maml__rand__exact,5,7,0.6041823771397782,0.3441356778158005,1.593499453709591
Diesel_VISC,maml,rand,both,trip__maml__rand__exact,5,8,0.6682480689217275,0.3150568064458018,1.740575043554229
Diesel_VISC,maml,rand,both,trip__maml__rand__exact,5,9,0.7304463185379292,0.2839911265856188,1.930975876586517
Diesel_VISC,maml,rand,both,trip__maml__rand__exact,10,0,0.5141964432135921,0.3812523083045415,1.4383651001095477
Diesel_VISC,maml,rand,both,trip__maml__rand__exact,10,1,0.7896041190751659,0.2509000531248302,2.1856512494583757
Diesel_VISC,maml,rand,both,trip__maml__rand__exact,10,2,0.7305558306543699,0.283933431901932,1.9313682468743707
Diesel_VISC,maml,rand,both,trip__maml__rand__exact,10,3,0.7575483666959587,0.2693361785030732,2.0360429024027336
Diesel_VISC,maml,rand,both,trip__maml__rand__exact,10,4,0.7684106294108929,0.2632336755788224,2.083244149501881
Diesel_VISC,maml,rand,both,trip__maml__rand__exact,10,5,0.7727541996879009,0.2607534538587872,2.1030594474826665
Diesel_VISC,maml,rand,both,trip__maml__rand__exact,10,6,0.6183230401864106,0.3379326148980657,1.6227495968889292
Diesel_VISC,maml,rand,both,trip__maml__rand__exact,10,7,0.6722335024708561,0.3131586534005752,1.7511252160737854
Diesel_VISC,maml,rand,both,trip__maml__rand__exact,10,8,0.2207674161052324,0.4828538393105956,1.1357060252113116
Diesel_VISC,maml,rand,both,trip__maml__rand__exact,10,9,0.6273476006718486,0.3339135921544252,1.6422811993464712
Diesel_VISC,maml,rand,both,trip__maml__rand__exact,25,0,0.7889858414561699,0.2512684350749766,2.182446889669311
Diesel_VISC,maml,rand,both,trip__maml__rand__exact,25,1,0.7863900227086428,0.2528092170684018,2.169145654420837
Diesel_VISC,maml,rand,both,trip__maml__rand__exact,25,2,0.7773029131719603,0.2581305487789372,2.124428965093512
Diesel_VISC,maml,rand,both,trip__maml__rand__exact,25,3,0.7425397573216601,0.2775474387034892,1.9758064320935989
Diesel_VISC,maml,rand,both,trip__maml__rand__exact,25,4,0.6928689219243201,0.3031405392521452,1.8089959724764104
Diesel_VISC,maml,rand,both,trip__maml__rand__exact,25,5,0.7340137498091648,0.2821056148781175,1.9438819565444772
Diesel_VISC,maml,rand,both,trip__maml__rand__exact,25,6,0.757093550846211,0.2695886844694622,2.03413587510412
Diesel_VISC,maml,rand,both,trip__maml__rand__exact,25,7,0.7779239002120699,0.2577704012141861,2.127397141093011
Diesel_VISC,maml,rand,both,trip__maml__rand__exact,25,8,0.7915555205781758,0.2497338057204373,2.1958581579273164
Diesel_VISC,maml,rand,both,trip__maml__rand__exact,25,9,0.7223785894808892,0.2882097143277712,1.902711766258523
Melamine_R862,maml,rand,both,trip__maml__rand__exact,5,0,0.4981582024121259,11.557253400490916,1.414616291227199
Melamine_R862,maml,rand,both,trip__maml__rand__exact,5,1,0.0227864173082967,16.127459794729862,1.0137417268600446
Melamine_R862,maml,rand,both,trip__maml__rand__exact,5,2,0.7224767662155631,8.594505506860623,1.9022710415537727
Melamine_R862,maml,rand,both,trip__maml__rand__exact,5,3,0.7883913942186533,7.504778579708895,2.1784891810638283
Melamine_R862,maml,rand,both,trip__maml__rand__exact,5,4,0.4730157352009765,11.843226751659682,1.3804581542681575
Melamine_R862,maml,rand,both,trip__maml__rand__exact,5,5,0.3471292849178587,13.182106460551529,1.240247830731854
Melamine_R862,maml,rand,both,trip__maml__rand__exact,5,6,0.6933204522355403,9.0346977391751,1.8095878151279603
Melamine_R862,maml,rand,both,trip__maml__rand__exact,5,7,0.7107598948871849,8.774057492939958,1.8633430377371785
Melamine_R862,maml,rand,both,trip__maml__rand__exact,5,8,0.892704970718352,5.343933212957295,3.0593718691195857
Melamine_R862,maml,rand,both,trip__maml__rand__exact,5,9,0.3476622347248149,13.176724969809104,1.2407543588892442
Melamine_R862,maml,rand,both,trip__maml__rand__exact,10,0,0.8902079708200881,5.405758332246392,3.0243821379601785
Melamine_R862,maml,rand,both,trip__maml__rand__exact,10,1,0.7825624539190247,7.60743919078394,2.149090979521932
Melamine_R862,maml,rand,both,trip__maml__rand__exact,10,2,0.8984620458128304,5.198588298880347,3.144907425290169
Melamine_R862,maml,rand,both,trip__maml__rand__exact,10,3,0.7898430176858413,7.478993096468309,2.186000004451892
Melamine_R862,maml,rand,both,trip__maml__rand__exact,10,4,0.8907200794994037,5.393136416727288,3.03146030044174
Melamine_R862,maml,rand,both,trip__maml__rand__exact,10,5,0.8802244144671608,5.646188482792274,2.89559567343563
Melamine_R862,maml,rand,both,trip__maml__rand__exact,10,6,0.7562040869646165,8.055350295718416,2.029592549297982
Melamine_R862,maml,rand,both,trip__maml__rand__exact,10,7,0.8553989866225914,6.203787148256534,2.63533847172207
Melamine_R862,maml,rand,both,trip__maml__rand__exact,10,8,0.8618433232220246,6.06397161285585,2.6961008371996207
Melamine_R862,maml,rand,both,trip__maml__rand__exact,10,9,0.9280212396871548,4.376968305052652,3.7352518461928232
Melamine_R862,maml,rand,both,trip__maml__rand__exact,25,0,0.894471458120732,5.299759831639079,3.0848716661787
Melamine_R862,maml,rand,both,trip__maml__rand__exact,25,1,0.9393142514052384,4.018968268753572,4.06797910530551
Melamine_R862,maml,rand,both,trip__maml__rand__exact,25,2,0.9154282807054368,4.744427344681936,3.445954117202616
Melamine_R862,maml,rand,both,trip__maml__rand__exact,25,3,0.9138274899714798,4.78911859849132,3.413797049696309
Melamine_R862,maml,rand,both,trip__maml__rand__exact,25,4,0.9622143295204372,3.171281447974092,5.155354140081028
Melamine_R862,maml,rand,both,trip__maml__rand__exact,25,5,0.9324629200414284,4.239770612257925,3.856123464535397
Melamine_R862,maml,rand,both,trip__maml__rand__exact,25,6,0.9505673890139548,3.627254227585001,4.507287859186118
Melamine_R862,maml,rand,both,trip__maml__rand__exact,25,7,0.9243950533964412,4.485866306044771,3.644575612996929
Melamine_R862,maml,rand,both,trip__maml__rand__exact,25,8,0.939327118099458,4.018542191970845,4.068410423770414
Melamine_R862,maml,rand,both,trip__maml__rand__exact,25,9,0.9540284766253244,3.4979666791806467,4.673880697458488
Shootout_assay,maml,rand,both,trip__maml__rand__exact,5,0,-1.9779724240070964,27.1716927997775,0.5797968106336878
Shootout_assay,maml,rand,both,trip__maml__rand__exact,5,1,-0.9423963330794408,21.94447951968556,0.7179054217575296
Shootout_assay,maml,rand,both,trip__maml__rand__exact,5,2,-2.1092975951245703,27.76434967252257,0.5674204874469143
Shootout_assay,maml,rand,both,trip__maml__rand__exact,5,3,-1.3263749389227897,24.015753389755027,0.6559886158537054
Shootout_assay,maml,rand,both,trip__maml__rand__exact,5,4,-0.9867965372995142,22.193870985836632,0.7098383528895448
Shootout_assay,maml,rand,both,trip__maml__rand__exact,5,5,-3.208651490918136,32.301883171824215,0.487713386276223
Shootout_assay,maml,rand,both,trip__maml__rand__exact,5,6,-0.9945353080774992,22.23705264860577,0.7084599327877694
Shootout_assay,maml,rand,both,trip__maml__rand__exact,5,7,-1.9808430141781508,27.184785601803693,0.5795175674949616
Shootout_assay,maml,rand,both,trip__maml__rand__exact,5,8,0.2436210501215097,13.693866096288188,1.150446536723444
Shootout_assay,maml,rand,both,trip__maml__rand__exact,5,9,-2.3321345464448435,28.742042322014413,0.548119046250336
Shootout_assay,maml,rand,both,trip__maml__rand__exact,10,0,-1.182382453414086,23.26064699868151,0.6772838616966383
Shootout_assay,maml,rand,both,trip__maml__rand__exact,10,1,-0.3870792116834227,18.544152555399545,0.8495433144094896
Shootout_assay,maml,rand,both,trip__maml__rand__exact,10,2,-0.2803633586979208,17.816524051150203,0.8842387426189497
Shootout_assay,maml,rand,both,trip__maml__rand__exact,10,3,-0.9881399836547125,22.201373323363804,0.7095984827321656
Shootout_assay,maml,rand,both,trip__maml__rand__exact,10,4,-0.8296671676616894,21.298175796734544,0.7396906183507397
Shootout_assay,maml,rand,both,trip__maml__rand__exact,10,5,-1.3779008473165524,24.280254284236268,0.6488424972986182
Shootout_assay,maml,rand,both,trip__maml__rand__exact,10,6,0.0576771333292615,15.284675570195567,1.0307095333805478
Shootout_assay,maml,rand,both,trip__maml__rand__exact,10,7,-0.6638054078242899,20.309892546670515,0.7756841051043356
Shootout_assay,maml,rand,both,trip__maml__rand__exact,10,8,-0.2884964895508464,17.873021581038785,0.881443618998512
Shootout_assay,maml,rand,both,trip__maml__rand__exact,10,9,-0.895735067978199,21.679296338610307,0.7266869080419243
Shootout_assay,maml,rand,both,trip__maml__rand__exact,25,0,-0.3369471089758835,18.205955344180516,0.8653245889601217
Shootout_assay,maml,rand,both,trip__maml__rand__exact,25,1,-1.9583712461484493,27.08212238080369,0.5817144093550106
Shootout_assay,maml,rand,both,trip__maml__rand__exact,25,2,0.1044027975035588,14.900907682849532,1.057255112248078
Shootout_assay,maml,rand,both,trip__maml__rand__exact,25,3,-0.4377450986114031,18.879796453826973,0.8344401838948826
Shootout_assay,maml,rand,both,trip__maml__rand__exact,25,4,-1.1772816676321751,23.23344805702241,0.6780767446211067
Shootout_assay,maml,rand,both,trip__maml__rand__exact,25,5,-0.7468813764181998,20.810766065743728,0.757014940010394
Shootout_assay,maml,rand,both,trip__maml__rand__exact,25,6,0.0759492986671083,15.135760965050144,1.0408502658840146
Shootout_assay,maml,rand,both,trip__maml__rand__exact,25,7,-0.3660486604435857,18.40303469129077,0.8560577692267752
Shootout_assay,maml,rand,both,trip__maml__rand__exact,25,8,-0.4317593133640831,18.840454195884664,0.8361826451227755
Shootout_assay,maml,rand,both,trip__maml__rand__exact,25,9,0.1556285078272679,14.468487752591775,1.0888533130912226
Wheat,maml,rand,both,trip__maml__rand__exact,5,0,-0.1542524501280979,1.8702310506632007,0.9351248247282916
Wheat,maml,rand,both,trip__maml__rand__exact,5,1,-0.0097044784627806,1.7492102028656358,0.9998223658813036
Wheat,maml,rand,both,trip__maml__rand__exact,5,2,-0.3359518378571688,2.01205691510837,0.8692097476569836
Wheat,maml,rand,both,trip__maml__rand__exact,5,3,-0.4322551354611155,2.083315546015833,0.8394789194548369
Wheat,maml,rand,both,trip__maml__rand__exact,5,4,0.3052675678758768,1.450954010757263,1.2053445322778165
Wheat,maml,rand,both,trip__maml__rand__exact,5,5,-0.9873113335598644,2.4540184030138263,0.7126676317117175
Wheat,maml,rand,both,trip__maml__rand__exact,5,6,0.0005841287941751,1.7402754015492128,1.0049555845562976
Wheat,maml,rand,both,trip__maml__rand__exact,5,7,0.3204434240508867,1.4350190628382191,1.2187290947855525
Wheat,maml,rand,both,trip__maml__rand__exact,5,8,-0.0693893848906712,1.800166995386424,0.971520691099781
Wheat,maml,rand,both,trip__maml__rand__exact,5,9,-0.2503040036249671,1.946492216819592,0.8984877865632532
Wheat,maml,rand,both,trip__maml__rand__exact,10,0,-0.0329599262267408,1.7692393794233767,0.9885035930088946
Wheat,maml,rand,both,trip__maml__rand__exact,10,1,0.1122455088698837,1.6401791982657543,1.066285613975617
Wheat,maml,rand,both,trip__maml__rand__exact,10,2,0.1634805486421349,1.5921459723716818,1.0984542333437248
Wheat,maml,rand,both,trip__maml__rand__exact,10,3,-0.1606328369454375,1.8753929858457823,0.9325509355385052
Wheat,maml,rand,both,trip__maml__rand__exact,10,4,0.0154378682389881,1.7272946367501705,1.012507910487879
Wheat,maml,rand,both,trip__maml__rand__exact,10,5,-1.374211810312449,2.682282962864877,0.6520190105464789
Wheat,maml,rand,both,trip__maml__rand__exact,10,6,0.0377365069162063,1.7076224876035972,1.0241722020814823
Wheat,maml,rand,both,trip__maml__rand__exact,10,7,0.1053568434797143,1.6465305104983596,1.062172533276344
Wheat,maml,rand,both,trip__maml__rand__exact,10,8,0.2260339393685165,1.531460567540731,1.141981400318569
Wheat,maml,rand,both,trip__maml__rand__exact,10,9,0.1582614845132032,1.5971049672786657,1.095043543964937
Wheat,maml,rand,both,trip__maml__rand__exact,25,0,0.0553018606290187,1.691965060772919,1.033649880839683
Wheat,maml,rand,both,trip__maml__rand__exact,25,1,0.2278499256098453,1.52966285008577,1.143323499916843
Wheat,maml,rand,both,trip__maml__rand__exact,25,2,0.2756898107940756,1.481518769308787,1.180477439559403
Wheat,maml,rand,both,trip__maml__rand__exact,25,3,0.2962523775614433,1.460337813711338,1.1975992589058138
Wheat,maml,rand,both,trip__maml__rand__exact,25,4,0.2404560320387234,1.517124843378547,1.1527722923303658
Wheat,maml,rand,both,trip__maml__rand__exact,25,5,0.263813514514207,1.4936153935338212,1.1709168846439268
Wheat,maml,rand,both,trip__maml__rand__exact,25,6,0.2855989946483115,1.471349646012701,1.188636221303538
Wheat,maml,rand,both,trip__maml__rand__exact,25,7,0.27131268453206,1.485988558032734,1.1769266149452475
Wheat,maml,rand,both,trip__maml__rand__exact,25,8,-0.4673570873703383,2.108690141342386,0.8293771802525195
Wheat,maml,rand,both,trip__maml__rand__exact,25,9,0.3604892006662945,1.392094770303648,1.2563077749881637
CGL_Glucose,pi,mae,both,trip__pi__both__mae__exact,5,0,0.9177254340774834,4.61281627053866,3.5104466886929706
CGL_Glucose,pi,mae,both,trip__pi__both__mae__exact,5,1,-1.4290253904683472,25.063942429679184,0.6460693742771563
CGL_Glucose,pi,mae,both,trip__pi__both__mae__exact,5,2,0.7716142548307348,7.685424383516614,2.1069813187143818
CGL_Glucose,pi,mae,both,trip__pi__both__mae__exact,5,3,-0.0539569964405615,16.50991368174695,0.9808074054538652
CGL_Glucose,pi,mae,both,trip__pi__both__mae__exact,5,4,0.8458826609097579,6.313338976431152,2.564894054146799
CGL_Glucose,pi,mae,both,trip__pi__both__mae__exact,5,5,-0.3223059474331931,18.49265777696838,0.8756472864938363
CGL_Glucose,pi,mae,both,trip__pi__both__mae__exact,5,6,-1.4553860238532002,25.1995767710564,0.6425919669040007
CGL_Glucose,pi,mae,both,trip__pi__both__mae__exact,5,7,0.3007697221837712,13.447559357487906,1.204162418769681
CGL_Glucose,pi,mae,both,trip__pi__both__mae__exact,5,8,0.1690004119522848,14.659992945866597,1.1045739013828892
CGL_Glucose,pi,mae,both,trip__pi__both__mae__exact,5,9,0.9125452056431224,4.755817367661756,3.4048922300022992
CGL_Glucose,pi,mae,both,trip__pi__both__mae__exact,10,0,0.729794302372989,8.35950589362786,1.9370816658918624
CGL_Glucose,pi,mae,both,trip__pi__both__mae__exact,10,1,0.7335170614127218,8.30171961884768,1.950565225751285
CGL_Glucose,pi,mae,both,trip__pi__both__mae__exact,10,2,0.8715191742063875,5.764378859248727,2.8091570658095057
CGL_Glucose,pi,mae,both,trip__pi__both__mae__exact,10,3,-0.1055671454973838,16.90931128437361,0.9576407536731532
CGL_Glucose,pi,mae,both,trip__pi__both__mae__exact,10,4,0.75626307321446,7.939515895683944,2.039550750350448
CGL_Glucose,pi,mae,both,trip__pi__both__mae__exact,10,5,0.842568120639966,6.380867067162539,2.5377500317777764
CGL_Glucose,pi,mae,both,trip__pi__both__mae__exact,10,6,0.8304725218854629,6.621454633310814,2.4455420295411376
CGL_Glucose,pi,mae,both,trip__pi__both__mae__exact,10,7,0.8033567043697281,7.131369333777308,2.2706783009770786
CGL_Glucose,pi,mae,both,trip__pi__both__mae__exact,10,8,0.882319450103985,5.5167804606962525,2.935234729354779
CGL_Glucose,pi,mae,both,trip__pi__both__mae__exact,10,9,0.8159424906432248,6.899380986844683,2.3470287600202693
CGL_Glucose,pi,mae,both,trip__pi__both__mae__exact,25,0,0.9660727712203634,2.9621534364062434,5.4666464618076285
CGL_Glucose,pi,mae,both,trip__pi__both__mae__exact,25,1,0.9548557093784168,3.416919707362006,4.739077001889271
CGL_Glucose,pi,mae,both,trip__pi__both__mae__exact,25,2,0.926235949197697,4.367729522090981,3.707428658427855
CGL_Glucose,pi,mae,both,trip__pi__both__mae__exact,25,3,0.971491021725684,2.715339789241846,5.963543003574807
CGL_Glucose,pi,mae,both,trip__pi__both__mae__exact,25,4,0.9328226885479434,4.168162734075806,3.884936034305756
CGL_Glucose,pi,mae,both,trip__pi__both__mae__exact,25,5,0.9598317535627376,3.2231075204906667,5.024047599875404
CGL_Glucose,pi,mae,both,trip__pi__both__mae__exact,25,6,0.96504112097047,3.006852373929441,5.3853809860641615
CGL_Glucose,pi,mae,both,trip__pi__both__mae__exact,25,7,0.9505651628411894,3.5756080884839605,4.528752928659826
CGL_Glucose,pi,mae,both,trip__pi__both__mae__exact,25,8,0.9221355410312854,4.487484817461127,3.6084903372716033
CGL_Glucose,pi,mae,both,trip__pi__both__mae__exact,25,9,0.9715005098106152,2.7148879049577714,5.96453561596068
Corn_Starch,pi,mae,both,trip__pi__both__mae__exact,5,0,-0.8858442785485965,1.1062501157093398,0.7312472200807659
Corn_Starch,pi,mae,both,trip__pi__both__mae__exact,5,1,-0.2023063051325226,0.8832994849433936,0.9158188537586678
Corn_Starch,pi,mae,both,trip__pi__both__mae__exact,5,2,-0.2059797975408954,0.8846478598146129,0.9144229682486348
Corn_Starch,pi,mae,both,trip__pi__both__mae__exact,5,3,-0.6661844652276596,1.039829071770784,0.7779570160015689
Corn_Starch,pi,mae,both,trip__pi__both__mae__exact,5,4,-0.3851186414035019,0.9480776354699176,0.8532448098783869
Corn_Starch,pi,mae,both,trip__pi__both__mae__exact,5,5,-5.580670278089245,2.066500337147389,0.3914552092177008
Corn_Starch,pi,mae,both,trip__pi__both__mae__exact,5,6,-0.6009421793276988,1.019267644744614,0.7936505450726512
Corn_Starch,pi,mae,both,trip__pi__both__mae__exact,5,7,0.1443362054145598,0.7451642190748465,1.0855893253044506
Corn_Starch,pi,mae,both,trip__pi__both__mae__exact,5,8,-1.4870686502461743,1.2704111637990774,0.6367563076251581
Corn_Starch,pi,mae,both,trip__pi__both__mae__exact,5,9,-1.2800604338409447,1.2163921087282248,0.6650341744425278
Corn_Starch,pi,mae,both,trip__pi__both__mae__exact,10,0,-0.4739088618393401,0.9779929630046656,0.8271453399226771
Corn_Starch,pi,mae,both,trip__pi__both__mae__exact,10,1,0.2911718812522756,0.6782204545286671,1.1927424429990972
Corn_Starch,pi,mae,both,trip__pi__both__mae__exact,10,2,0.0632267735908217,0.7796822544274574,1.0375281946368131
Corn_Starch,pi,mae,both,trip__pi__both__mae__exact,10,3,-0.3368651856176283,0.9314171316426292,0.8685070247740079
Corn_Starch,pi,mae,both,trip__pi__both__mae__exact,10,4,-0.3163384266742148,0.9242387960397388,0.8752525054052146
Corn_Starch,pi,mae,both,trip__pi__both__mae__exact,10,5,0.1733601914149904,0.7324172642801156,1.1044828696406828
Corn_Starch,pi,mae,both,trip__pi__both__mae__exact,10,6,0.1833536870423765,0.7279765967620658,1.1112202307389254
Corn_Starch,pi,mae,both,trip__pi__both__mae__exact,10,7,0.3682730926450733,0.6402728736872592,1.2634336937747697
Corn_Starch,pi,mae,both,trip__pi__both__mae__exact,10,8,-0.4512252523741209,0.9704380763698915,0.8335846887340644
Corn_Starch,pi,mae,both,trip__pi__both__mae__exact,10,9,0.245389885561257,0.6997803220340734,1.1559946691200211
Corn_Starch,pi,mae,both,trip__pi__both__mae__exact,25,0,0.5339479310955074,0.5499429449630358,1.4709568133124304
Corn_Starch,pi,mae,both,trip__pi__both__mae__exact,25,1,0.3894521158656254,0.6294486118880649,1.2851602284100914
Corn_Starch,pi,mae,both,trip__pi__both__mae__exact,25,2,0.0302987997057335,0.7932669881390731,1.0197604765126809
Corn_Starch,pi,mae,both,trip__pi__both__mae__exact,25,3,0.2378952583011451,0.7032467709989311,1.150296532008833
Corn_Starch,pi,mae,both,trip__pi__both__mae__exact,25,4,0.4743070623076959,0.5840721334404524,1.3850041382071074
Corn_Starch,pi,mae,both,trip__pi__both__mae__exact,25,5,0.2993441545736927,0.6742994255174002,1.1996782011281808
Corn_Starch,pi,mae,both,trip__pi__both__mae__exact,25,6,0.5642187961473928,0.5317832599565977,1.5211880153814985
Corn_Starch,pi,mae,both,trip__pi__both__mae__exact,25,7,0.5274339346095085,0.5537728771233644,1.4607835725516611
Corn_Starch,pi,mae,both,trip__pi__both__mae__exact,25,8,-0.2418898759202288,0.8977221857649954,0.9011054139618248
Corn_Starch,pi,mae,both,trip__pi__both__mae__exact,25,9,0.2430512730123414,0.7008638279672047,1.1542075500925024
Diesel_TOTAL,pi,mae,both,trip__pi__both__mae__exact,5,0,-2.4379466357304898,12.566810222636198,0.5406919658519488
Diesel_TOTAL,pi,mae,both,trip__pi__both__mae__exact,5,1,-0.1707723811771946,7.333507245665067,0.9265380255514184
Diesel_TOTAL,pi,mae,both,trip__pi__both__mae__exact,5,2,-0.0403245096971849,6.91289413758114,0.9829129722711276
Diesel_TOTAL,pi,mae,both,trip__pi__both__mae__exact,5,3,0.6387108501461267,4.073830455583921,1.6679077339735793
Diesel_TOTAL,pi,mae,both,trip__pi__both__mae__exact,5,4,0.6511001799703964,4.003371229344125,1.697262865347295
Diesel_TOTAL,pi,mae,both,trip__pi__both__mae__exact,5,5,-0.11230686021816,7.148053575167734,0.9505767202655708
Diesel_TOTAL,pi,mae,both,trip__pi__both__mae__exact,5,6,-1.3270891716410036,10.33908256967906,0.6571930611805193
Diesel_TOTAL,pi,mae,both,trip__pi__both__mae__exact,5,7,0.1192650882269695,6.360600176598156,1.0682597766111412
Diesel_TOTAL,pi,mae,both,trip__pi__both__mae__exact,5,8,0.1100142656929392,6.393917284778264,1.0626933413639192
Diesel_TOTAL,pi,mae,both,trip__pi__both__mae__exact,5,9,0.3483314014307977,5.4712793365751935,1.24189844929738
Diesel_TOTAL,pi,mae,both,trip__pi__both__mae__exact,10,0,0.7320310518748249,3.5084696722872333,1.9366772292308
Diesel_TOTAL,pi,mae,both,trip__pi__both__mae__exact,10,1,0.7569882074506972,3.341097623841708,2.0336949376392868
Diesel_TOTAL,pi,mae,both,trip__pi__both__mae__exact,10,2,0.896297410488418,2.182580604769522,3.113183223985925
Diesel_TOTAL,pi,mae,both,trip__pi__both__mae__exact,10,3,0.4604976765833933,4.97819782473551,1.3649062498086917
Diesel_TOTAL,pi,mae,both,trip__pi__both__mae__exact,10,4,0.4446814137850294,5.050642113758388,1.3453286078726463
Diesel_TOTAL,pi,mae,both,trip__pi__both__mae__exact,10,5,0.7726028531355595,3.231975029286232,2.102359474375682
Diesel_TOTAL,pi,mae,both,trip__pi__both__mae__exact,10,6,0.5900529535909893,4.33949679456226,1.5657975211042745
Diesel_TOTAL,pi,mae,both,trip__pi__both__mae__exact,10,7,-0.0858344232026719,7.062481022093682,0.9620943833348826
Diesel_TOTAL,pi,mae,both,trip__pi__both__mae__exact,10,8,0.734552453802039,3.4919245277225874,1.9458534312014597
Diesel_TOTAL,pi,mae,both,trip__pi__both__mae__exact,10,9,0.7272763177074083,3.5394592534928937,1.9197207361718185
Diesel_TOTAL,pi,mae,both,trip__pi__both__mae__exact,25,0,0.6017645741311903,4.277060923763035,1.5886547900251486
Diesel_TOTAL,pi,mae,both,trip__pi__both__mae__exact,25,1,0.8546744983127125,2.5837257081419494,2.629835397137376
Diesel_TOTAL,pi,mae,both,trip__pi__both__mae__exact,25,2,0.8833189455914694,2.31513149718501,2.9349405560882222
Diesel_TOTAL,pi,mae,both,trip__pi__both__mae__exact,25,3,0.9371519434512712,1.699109692457261,3.99901981251069
Diesel_TOTAL,pi,mae,both,trip__pi__both__mae__exact,25,4,0.9444160734490696,1.5979018607084197,4.252309538430046
Diesel_TOTAL,pi,mae,both,trip__pi__both__mae__exact,25,5,0.8831688444005874,2.3166201377748723,2.9330545880050725
Diesel_TOTAL,pi,mae,both,trip__pi__both__mae__exact,25,6,0.9164006349130972,1.9596430905680549,3.4673524768206057
Diesel_TOTAL,pi,mae,both,trip__pi__both__mae__exact,25,7,0.901169459226286,2.130693970433967,3.188995424988983
Diesel_TOTAL,pi,mae,both,trip__pi__both__mae__exact,25,8,0.9467631664674224,1.5638014055532945,4.345035948705679
Diesel_TOTAL,pi,mae,both,trip__pi__both__mae__exact,25,9,0.9062236864439596,2.0754968047631666,3.2738057260179105
Diesel_VISC,pi,mae,both,trip__pi__both__mae__exact,5,0,0.4876327635338743,0.3915370029409156,1.400582858024815
Diesel_VISC,pi,mae,both,trip__pi__both__mae__exact,5,1,0.571220643902125,0.358178134852779,1.5310259372109831
Diesel_VISC,pi,mae,both,trip__pi__both__mae__exact,5,2,-0.0740668913293924,0.5668887017385591,0.9673504039146698
Diesel_VISC,pi,mae,both,trip__pi__both__mae__exact,5,3,0.6128606567109127,0.3403421916972756,1.611260748679746
Diesel_VISC,pi,mae,both,trip__pi__both__mae__exact,5,4,0.6799120865475341,0.3094687312862248,1.7720045974346474
Diesel_VISC,pi,mae,both,trip__pi__both__mae__exact,5,5,0.4444990355503874,0.4076848241618322,1.3451077452512092
Diesel_VISC,pi,mae,both,trip__pi__both__mae__exact,5,6,0.5153369747934946,0.3808045081529997,1.440056519449422
Diesel_VISC,pi,mae,both,trip__pi__both__mae__exact,5,7,0.6031420778527734,0.3445876147168364,1.5914095318024917
Diesel_VISC,pi,mae,both,trip__pi__both__mae__exact,5,8,0.7135367562907082,0.2927632700230844,1.873117534717446
Diesel_VISC,pi,mae,both,trip__pi__both__mae__exact,5,9,0.7564687206722512,0.2699351943291633,2.031524699712756
Diesel_VISC,pi,mae,both,trip__pi__both__mae__exact,10,0,0.7292924332190516,0.2845983215000723,1.926856109730494
Diesel_VISC,pi,mae,both,trip__pi__both__mae__exact,10,1,0.7806831374002703,0.2561640311846153,2.1407377611349543
Diesel_VISC,pi,mae,both,trip__pi__both__mae__exact,10,2,0.8518712527831567,0.2105240962501287,2.6048325316163066
Diesel_VISC,pi,mae,both,trip__pi__both__mae__exact,10,3,0.7240054095511126,0.2873640406512348,1.908311190776338
Diesel_VISC,pi,mae,both,trip__pi__both__mae__exact,10,4,0.8759812372909611,0.1926308468303498,2.8467923161050974
Diesel_VISC,pi,mae,both,trip__pi__both__mae__exact,10,5,0.4874245002898854,0.3916165693886017,1.4002982954924452
Diesel_VISC,pi,mae,both,trip__pi__both__mae__exact,10,6,0.7753541973098418,0.2592574774285662,2.115194593577554
Diesel_VISC,pi,mae,both,trip__pi__both__mae__exact,10,7,0.7373837009550196,0.2803128294082642,1.95631436405918
Diesel_VISC,pi,mae,both,trip__pi__both__mae__exact,10,8,0.6261799058698856,0.334436336945671,1.6397142117082268
Diesel_VISC,pi,mae,both,trip__pi__both__mae__exact,10,9,0.2755156980742731,0.4655824770390183,1.177836455721036
Diesel_VISC,pi,mae,both,trip__pi__both__mae__exact,25,0,0.8198173374249079,0.2321873938319265,2.361799258569626
Diesel_VISC,pi,mae,both,trip__pi__both__mae__exact,25,1,0.8087576388924118,0.2392071656704656,2.2924899137716976
Diesel_VISC,pi,mae,both,trip__pi__both__mae__exact,25,2,0.8659133195481941,0.2002972360214311,2.7378311627963914
Diesel_VISC,pi,mae,both,trip__pi__both__mae__exact,25,3,0.822337350251266,0.2305580043211542,2.378490463673496
Diesel_VISC,pi,mae,both,trip__pi__both__mae__exact,25,4,0.8741049883018179,0.1940825090467419,2.825499408962137
Diesel_VISC,pi,mae,both,trip__pi__both__mae__exact,25,5,0.8478214602200437,0.2133825216040495,2.5699387676139014
Diesel_VISC,pi,mae,both,trip__pi__both__mae__exact,25,6,0.7950372394637018,0.247639328440208,2.2144302282497224
Diesel_VISC,pi,mae,both,trip__pi__both__mae__exact,25,7,0.8176100460307827,0.2336052472046182,2.347464456229118
Diesel_VISC,pi,mae,both,trip__pi__both__mae__exact,25,8,0.8343458088539947,0.2226298280450338,2.4631920143716366
Diesel_VISC,pi,mae,both,trip__pi__both__mae__exact,25,9,0.8482042739438195,0.2131139647043598,2.5731772920755915
Melamine_R862,pi,mae,both,trip__pi__both__mae__exact,5,0,0.0698962138164372,15.73391960087327,1.0390976537892045
Melamine_R862,pi,mae,both,trip__pi__both__mae__exact,5,1,-0.2394969748451332,18.16326653796893,0.9001177683539954
Melamine_R862,pi,mae,both,trip__pi__both__mae__exact,5,2,0.253646213017714,14.094302582298392,1.1599778596146264
Melamine_R862,pi,mae,both,trip__pi__both__mae__exact,5,3,0.3938971475656678,12.701189170979498,1.2872085221382916
Melamine_R862,pi,mae,both,trip__pi__both__mae__exact,5,4,-0.7539422096905377,21.606223308890744,0.7566837900563543
Melamine_R862,pi,mae,both,trip__pi__both__mae__exact,5,5,0.2341853433578875,14.276871723630515,1.1451443466508873
Melamine_R862,pi,mae,both,trip__pi__both__mae__exact,5,6,0.2748682471915604,13.89247685537418,1.1768296692069635
Melamine_R862,pi,mae,both,trip__pi__both__mae__exact,5,7,0.2861814492784861,13.78367852623678,1.1861187063421028
Melamine_R862,pi,mae,both,trip__pi__both__mae__exact,5,8,0.2109731194627717,14.491626092002576,1.1281742185715018
Melamine_R862,pi,mae,both,trip__pi__both__mae__exact,5,9,-0.0471366881636354,16.694480474653968,0.9793104353859364
Melamine_R862,pi,mae,both,trip__pi__both__mae__exact,10,0,0.2839584177381475,13.805124965636482,1.1842760556584082
Melamine_R862,pi,mae,both,trip__pi__both__mae__exact,10,1,0.1063916410576576,15.422146765301948,1.0601039654841655
Melamine_R862,pi,mae,both,trip__pi__both__mae__exact,10,2,0.3348763551279089,13.305230848258434,1.228770784109723
Melamine_R862,pi,mae,both,trip__pi__both__mae__exact,10,3,-0.0865251812557288,17.00556706689566,0.9613956934139386
Melamine_R862,pi,mae,both,trip__pi__both__mae__exact,10,4,-0.2147492772586217,17.981029152988036,0.9092404446415432
Melamine_R862,pi,mae,both,trip__pi__both__mae__exact,10,5,0.2605539811386573,14.02892708608838,1.1653834139880703
Melamine_R862,pi,mae,both,trip__pi__both__mae__exact,10,6,0.3423076982085132,13.230693225635925,1.235693297649533
Melamine_R862,pi,mae,both,trip__pi__both__mae__exact,10,7,0.1376252067933102,15.150230745240298,1.0791306889706438
Melamine_R862,pi,mae,both,trip__pi__both__mae__exact,10,8,0.1503968158229576,15.037626238529644,1.087211417735967
Melamine_R862,pi,mae,both,trip__pi__both__mae__exact,10,9,0.1201532125149569,15.302935467318324,1.0683622744859156
Melamine_R862,pi,mae,both,trip__pi__both__mae__exact,25,0,0.5068943373351926,11.456216580930445,1.4270923412350125
Melamine_R862,pi,mae,both,trip__pi__both__mae__exact,25,1,0.4359947656008955,12.252163616683031,1.334383008068374
Melamine_R862,pi,mae,both,trip__pi__both__mae__exact,25,2,0.4233354078449067,12.388903311397112,1.319655059954753
Melamine_R862,pi,mae,both,trip__pi__both__mae__exact,25,3,0.437141784071728,12.239698652238577,1.3357419497566825
Melamine_R862,pi,mae,both,trip__pi__both__mae__exact,25,4,0.3191426207219215,13.461680999423043,1.214490147469406
Melamine_R862,pi,mae,both,trip__pi__both__mae__exact,25,5,0.5218613660820215,11.281014012918314,1.4492561505068111
Melamine_R862,pi,mae,both,trip__pi__both__mae__exact,25,6,0.3523295007850535,13.129502747156009,1.2452169177326065
Melamine_R862,pi,mae,both,trip__pi__both__mae__exact,25,7,0.5219801224375575,11.27961298065299,1.4494361615259006
Melamine_R862,pi,mae,both,trip__pi__both__mae__exact,25,8,0.6324306758695508,9.891014769563382,1.6529223060595115
Melamine_R862,pi,mae,both,trip__pi__both__mae__exact,25,9,0.5570125576162493,10.85842730294957,1.5056580926534682
Shootout_assay,pi,mae,both,trip__pi__both__mae__exact,5,0,0.1545120042085566,14.478050357739312,1.088134136541936
Shootout_assay,pi,mae,both,trip__pi__both__mae__exact,5,1,0.3283331441883913,12.904266363095982,1.2208412614515831
Shootout_assay,pi,mae,both,trip__pi__both__mae__exact,5,2,0.3628943822431253,12.567881500542828,1.2535176134616552
Shootout_assay,pi,mae,both,trip__pi__both__mae__exact,5,3,-0.292964381323513,17.903982325576123,0.8799193686828213
Shootout_assay,pi,mae,both,trip__pi__both__mae__exact,5,4,0.0682116842101953,15.198999127447692,1.0365196216360892
Shootout_assay,pi,mae,both,trip__pi__both__mae__exact,5,5,0.3751518043251249,12.446396154549817,1.2657528033984675
Shootout_assay,pi,mae,both,trip__pi__both__mae__exact,5,6,0.2769779416291263,13.388506492367789,1.1766854528404678
Shootout_assay,pi,mae,both,trip__pi__both__mae__exact,5,7,0.4276347844150604,11.912227422254604,1.3225117575741845
Shootout_assay,pi,mae,both,trip__pi__both__mae__exact,5,8,0.2122585325502388,13.974884068458572,1.1273124519427231
Shootout_assay,pi,mae,both,trip__pi__both__mae__exact,5,9,-0.0131065354588415,15.848345061486146,0.9940508465526828
Shootout_assay,pi,mae,both,trip__pi__both__mae__exact,10,0,0.6658023661998529,9.10244461835039,1.7307505275087731
Shootout_assay,pi,mae,both,trip__pi__both__mae__exact,10,1,0.5378811721532932,10.70368183943346,1.4718356787091484
Shootout_assay,pi,mae,both,trip__pi__both__mae__exact,10,2,0.6199009154190185,9.707441270219451,1.622884999897938
Shootout_assay,pi,mae,both,trip__pi__both__mae__exact,10,3,0.4737362818006425,11.422418679446055,1.3792228482377205
Shootout_assay,pi,mae,both,trip__pi__both__mae__exact,10,4,0.342585380657269,12.766623143734554,1.234003749265593
Shootout_assay,pi,mae,both,trip__pi__both__mae__exact,10,5,0.1884996100167771,14.184065442900902,1.1106872629887794
Shootout_assay,pi,mae,both,trip__pi__both__mae__exact,10,6,0.6302065974316826,9.574937311842694,1.645343495392292
Shootout_assay,pi,mae,both,trip__pi__both__mae__exact,10,7,0.5814170315803958,10.18701948096321,1.5464838223063595
Shootout_assay,pi,mae,both,trip__pi__both__mae__exact,10,8,0.5248640561303972,10.853387347687214,1.4515340068634353
Shootout_assay,pi,mae,both,trip__pi__both__mae__exact,10,9,0.4449140667501555,11.7310387892174,1.3429382604471225
Shootout_assay,pi,mae,both,trip__pi__both__mae__exact,25,0,0.7758175644650543,7.455163139545569,2.1131745248152445
Shootout_assay,pi,mae,both,trip__pi__both__mae__exact,25,1,0.7850581226133769,7.299899462314956,2.158120246197662
Shootout_assay,pi,mae,both,trip__pi__both__mae__exact,25,2,0.7958391534283975,7.114470597446323,2.214368674245996
Shootout_assay,pi,mae,both,trip__pi__both__mae__exact,25,3,0.7962379594110184,7.107518528952277,2.216534611996523
Shootout_assay,pi,mae,both,trip__pi__both__mae__exact,25,4,0.685012525436393,8.83696229868904,1.782746184983322
Shootout_assay,pi,mae,both,trip__pi__both__mae__exact,25,5,0.8387305745935488,6.323133908675063,2.4914956811551074
Shootout_assay,pi,mae,both,trip__pi__both__mae__exact,25,6,0.7929587079812103,7.164482801922764,2.1989111092012594
Shootout_assay,pi,mae,both,trip__pi__both__mae__exact,25,7,0.8061900478579955,6.931774037043295,2.272731445174045
Shootout_assay,pi,mae,both,trip__pi__both__mae__exact,25,8,0.7005411353162823,8.616382039699696,1.8283846691387424
Shootout_assay,pi,mae,both,trip__pi__both__mae__exact,25,9,0.7769726552043505,7.435932125731695,2.1186396753559844
Wheat,pi,mae,both,trip__pi__both__mae__exact,5,0,0.3236735538694179,1.4316044691246568,1.2216359484559207
Wheat,pi,mae,both,trip__pi__both__mae__exact,5,1,0.2066687382698604,1.5505013357588806,1.1279574181062215
Wheat,pi,mae,both,trip__pi__both__mae__exact,5,2,-0.3197209235443665,1.999796996244426,0.8745385090272808
Wheat,pi,mae,both,trip__pi__both__mae__exact,5,3,-0.8139086508067479,2.3445125757244973,0.7459544050056515
Wheat,pi,mae,both,trip__pi__both__mae__exact,5,4,0.2325123929333414,1.525037582150091,1.146791071854852
Wheat,pi,mae,both,trip__pi__both__mae__exact,5,5,-0.3179816104787965,1.998478755479788,0.8751153739600125
Wheat,pi,mae,both,trip__pi__both__mae__exact,5,6,0.0743169622160497,1.6748503697861274,1.0442123756262258
Wheat,pi,mae,both,trip__pi__both__mae__exact,5,7,-0.3018542269002398,1.9862140027699124,0.8805191590704092
Wheat,pi,mae,both,trip__pi__both__mae__exact,5,8,-0.4588801598755332,2.1025903634743863,0.8317832678367737
Wheat,pi,mae,both,trip__pi__both__mae__exact,5,9,0.3848771291796109,1.3652927938130013,1.2809702734667583
Wheat,pi,mae,both,trip__pi__both__mae__exact,10,0,0.3145975399038799,1.4411782195441047,1.2135206178775535
Wheat,pi,mae,both,trip__pi__both__mae__exact,10,1,0.147832871644026,1.606968076871966,1.0883224804671567
Wheat,pi,mae,both,trip__pi__both__mae__exact,10,2,0.3382551988366096,1.4160876316799986,1.2350220737243496
Wheat,pi,mae,both,trip__pi__both__mae__exact,10,3,-0.1733543773135086,1.885642940394657,0.9274817867092048
Wheat,pi,mae,both,trip__pi__both__mae__exact,10,4,-0.3406441755229237,2.0155873472884864,0.8676872703163079
Wheat,pi,mae,both,trip__pi__both__mae__exact,10,5,-0.2040297788632725,1.9101324154463104,0.915590704241411
Wheat,pi,mae,both,trip__pi__both__mae__exact,10,6,0.324703117254867,1.4305143972258942,1.222566852066896
Wheat,pi,mae,both,trip__pi__both__mae__exact,10,7,-1.0068171426957728,2.4660323057781794,0.7091956903220509
Wheat,pi,mae,both,trip__pi__both__mae__exact,10,8,0.2230284720596713,1.5344311725850213,1.1397705642974547
Wheat,pi,mae,both,trip__pi__both__mae__exact,10,9,0.2275511240660833,1.529958790879336,1.1431023462061118
Wheat,pi,mae,both,trip__pi__both__mae__exact,25,0,0.194684533876411,1.562168514987146,1.1195331788307263
Wheat,pi,mae,both,trip__pi__both__mae__exact,25,1,0.5713043674077123,1.1397756909144818,1.5344242708401965
Wheat,pi,mae,both,trip__pi__both__mae__exact,25,2,0.4553813322280152,1.2846686388533586,1.3613623237614247
Wheat,pi,mae,both,trip__pi__both__mae__exact,25,3,0.2004985352741006,1.5565192368371903,1.1235964465216357
Wheat,pi,mae,both,trip__pi__both__mae__exact,25,4,0.389872257296136,1.3597380385090176,1.2862032493924649
Wheat,pi,mae,both,trip__pi__both__mae__exact,25,5,0.3836754649613036,1.366625716960024,1.2797208934009787
Wheat,pi,mae,both,trip__pi__both__mae__exact,25,6,0.3310926360136399,1.423730697636569,1.228392059225846
Wheat,pi,mae,both,trip__pi__both__mae__exact,25,7,0.3051609235522051,1.4510653702276874,1.205252030222742
Wheat,pi,mae,both,trip__pi__both__mae__exact,25,8,0.3652765225973465,1.3868744323331488,1.2610366466347271
Wheat,pi,mae,both,trip__pi__both__mae__exact,25,9,0.3622568124416107,1.3901695598141213,1.2580476036942423
CGL_Glucose,pi,rand,both,trip__pi__both__rand__exact,5,0,0.7473851940949636,8.082817213739085,2.003391289727143
CGL_Glucose,pi,rand,both,trip__pi__both__rand__exact,5,1,-2.0959811553905543,28.29648634949071,0.5722634747813113
CGL_Glucose,pi,rand,both,trip__pi__both__rand__exact,5,2,0.70477460168094,8.737963287634514,1.8531830667424531
CGL_Glucose,pi,rand,both,trip__pi__both__rand__exact,5,3,0.3770420963110031,12.692954031097177,1.2757507482331736
CGL_Glucose,pi,rand,both,trip__pi__both__rand__exact,5,4,0.6447731907532256,9.584869947697134,1.6894382178187035
CGL_Glucose,pi,rand,both,trip__pi__both__rand__exact,5,5,0.602211900927669,10.142832417471778,1.5965013455775707
CGL_Glucose,pi,rand,both,trip__pi__both__rand__exact,5,6,0.6401108311731942,9.647565710544766,1.6784592184495348
CGL_Glucose,pi,rand,both,trip__pi__both__rand__exact,5,7,0.4110418781158149,12.341716460538398,1.312057820663552
CGL_Glucose,pi,rand,both,trip__pi__both__rand__exact,5,8,-3.9772531158707896,35.87799959737698,0.4513363561006719
CGL_Glucose,pi,rand,both,trip__pi__both__rand__exact,5,9,0.8673318245363015,5.857559858161314,2.764469505147232
CGL_Glucose,pi,rand,both,trip__pi__both__rand__exact,10,0,0.7809288761214259,7.5270694857565585,2.1513081064421598
CGL_Glucose,pi,rand,both,trip__pi__both__rand__exact,10,1,0.7675412941252628,7.753651283486052,2.0884413046727945
CGL_Glucose,pi,rand,both,trip__pi__both__rand__exact,10,2,0.8901402669601324,5.330311955321798,3.0379170559228377
CGL_Glucose,pi,rand,both,trip__pi__both__rand__exact,10,3,0.91112603502478,4.794249538054134,3.377597572660736
CGL_Glucose,pi,rand,both,trip__pi__both__rand__exact,10,4,0.6569363351797805,9.419345313505993,1.7191264428158282
CGL_Glucose,pi,rand,both,trip__pi__both__rand__exact,10,5,-0.0463204467167859,16.449992837066606,0.9843801005173612
CGL_Glucose,pi,rand,both,trip__pi__both__rand__exact,10,6,0.7766111528425195,7.6008839277263345,2.130416114288085
CGL_Glucose,pi,rand,both,trip__pi__both__rand__exact,10,7,0.8726823120715659,5.738227054359389,2.8219597184045684
CGL_Glucose,pi,rand,both,trip__pi__both__rand__exact,10,8,0.723039022090906,8.46335677519044,1.9133124164078648
CGL_Glucose,pi,rand,both,trip__pi__both__rand__exact,10,9,0.8308956229983593,6.613186666839748,2.448599505539089
CGL_Glucose,pi,rand,both,trip__pi__both__rand__exact,25,0,0.8290661636050665,6.6488628875608615,2.435460901556044
CGL_Glucose,pi,rand,both,trip__pi__both__rand__exact,25,1,0.8713934179082614,5.767199239818835,2.8077832807749803
CGL_Glucose,pi,rand,both,trip__pi__both__rand__exact,25,2,0.81645532650125,6.889762476685959,2.350305349024239
CGL_Glucose,pi,rand,both,trip__pi__both__rand__exact,25,3,0.8667536081710296,5.870310672747378,2.758464842012008
CGL_Glucose,pi,rand,both,trip__pi__both__rand__exact,25,4,0.8900189969491162,5.33325310893642,3.036241721835472
CGL_Glucose,pi,rand,both,trip__pi__both__rand__exact,25,5,0.8084560810685419,7.038296227325413,2.300705324051832
CGL_Glucose,pi,rand,both,trip__pi__both__rand__exact,25,6,0.8838789813363622,5.480103685687231,2.954879420393816
CGL_Glucose,pi,rand,both,trip__pi__both__rand__exact,25,7,0.7907633133615699,7.356178757016811,2.201284952056868
CGL_Glucose,pi,rand,both,trip__pi__both__rand__exact,25,8,0.8740673700734788,5.706929316825852,2.837435808906766
CGL_Glucose,pi,rand,both,trip__pi__both__rand__exact,25,9,0.8782349459968201,5.6117031558063015,2.885584848818477
Corn_Starch,pi,rand,both,trip__pi__both__rand__exact,5,0,-1.0472476482996251,1.1526185515527594,0.7018300379919334
Corn_Starch,pi,rand,both,trip__pi__both__rand__exact,5,1,-1.4002773883654198,1.2480475493210093,0.6481662675965987
Corn_Starch,pi,rand,both,trip__pi__both__rand__exact,5,2,-0.2958135192979769,0.9170049250894532,0.8821570088596511
Corn_Starch,pi,rand,both,trip__pi__both__rand__exact,5,3,-6.664137299045386,2.230139618519526,0.3627316940647399
Corn_Starch,pi,rand,both,trip__pi__both__rand__exact,5,4,-2.119154350219045,1.422718071430539,0.5685893347886495
Corn_Starch,pi,rand,both,trip__pi__both__rand__exact,5,5,-13.98918261316344,3.1188133906430733,0.2593750316237045
Corn_Starch,pi,rand,both,trip__pi__both__rand__exact,5,6,-0.7364735689283324,1.0615354536268435,0.7620492740611224
Corn_Starch,pi,rand,both,trip__pi__both__rand__exact,5,7,-0.7175777269457553,1.0557439824570671,0.7662296307328248
Corn_Starch,pi,rand,both,trip__pi__both__rand__exact,5,8,-1.1565613508284365,1.1829906815961222,0.6838112374097775
Corn_Starch,pi,rand,both,trip__pi__both__rand__exact,5,9,-1.9172362089054824,1.375897915153189,0.587937748082433
Corn_Starch,pi,rand,both,trip__pi__both__rand__exact,10,0,-0.1461629807890954,0.8624295002099478,0.9379808107556076
Corn_Starch,pi,rand,both,trip__pi__both__rand__exact,10,1,-0.2271359261706429,0.8923736754061198,0.9065062586682988
Corn_Starch,pi,rand,both,trip__pi__both__rand__exact,10,2,0.0662881682791279,0.7784072028139942,1.0392276932974152
Corn_Starch,pi,rand,both,trip__pi__both__rand__exact,10,3,-0.4983029259509972,0.9860529317683518,0.8203842773184117
Corn_Starch,pi,rand,both,trip__pi__both__rand__exact,10,4,-0.4960412321913132,0.9853084254457416,0.8210041657367587
Corn_Starch,pi,rand,both,trip__pi__both__rand__exact,10,5,-1.3655028421436983,1.2389738836478834,0.652913134411461
Corn_Starch,pi,rand,both,trip__pi__both__rand__exact,10,6,-0.0524224957853467,0.8264098334436294,0.9788633787858472
Corn_Starch,pi,rand,both,trip__pi__both__rand__exact,10,7,0.0430536263352453,0.7880326567316488,1.0265340083513217
Corn_Starch,pi,rand,both,trip__pi__both__rand__exact,10,8,-0.3850437847260533,0.948052016400718,0.8532678669864887
Corn_Starch,pi,rand,both,trip__pi__both__rand__exact,10,9,-0.0704880095095175,0.8334725832405039,0.9705686042861172
Corn_Starch,pi,rand,both,trip__pi__both__rand__exact,25,0,0.0379403782418525,0.7901351978690383,1.023802412559476
Corn_Starch,pi,rand,both,trip__pi__both__rand__exact,25,1,-0.1104652465801148,0.8488928986271123,0.9529380244960906
Corn_Starch,pi,rand,both,trip__pi__both__rand__exact,25,2,-0.1632478762211264,0.8688334823441112,0.9310671587424962
Corn_Starch,pi,rand,both,trip__pi__both__rand__exact,25,3,-0.0881495376696832,0.8403200111060887,0.9626598333195628
Corn_Starch,pi,rand,both,trip__pi__both__rand__exact,25,4,-0.2253217221586037,0.8917137865235798,0.9071770943232907
Corn_Starch,pi,rand,both,trip__pi__both__rand__exact,25,5,0.1376382540379441,0.748075026169134,1.0813652287913496
Corn_Starch,pi,rand,both,trip__pi__both__rand__exact,25,6,-0.1206493329585653,0.852776616603626,0.9485981511175512
Corn_Starch,pi,rand,both,trip__pi__both__rand__exact,25,7,0.0373683810735114,0.7903700523039988,1.0234981948877513
Corn_Starch,pi,rand,both,trip__pi__both__rand__exact,25,8,-0.0767694425814666,0.8359143409018833,0.9677335131655926
Corn_Starch,pi,rand,both,trip__pi__both__rand__exact,25,9,-0.1318050781587527,0.8570106797437119,0.9439115998745706
Diesel_TOTAL,pi,rand,both,trip__pi__both__rand__exact,5,0,0.3455959464959794,5.482750477833879,1.2393001197548583
Diesel_TOTAL,pi,rand,both,trip__pi__both__rand__exact,5,1,0.4474950466617956,5.037830820314452,1.3487498024678437
Diesel_TOTAL,pi,rand,both,trip__pi__both__rand__exact,5,2,0.4372405725767957,5.084366874743415,1.336405002069886
Diesel_TOTAL,pi,rand,both,trip__pi__both__rand__exact,5,3,0.7028312706470042,3.6946818291268775,1.839068595893483
Diesel_TOTAL,pi,rand,both,trip__pi__both__rand__exact,5,4,0.4450327190337202,5.049044294206267,1.3457543502960498
Diesel_TOTAL,pi,rand,both,trip__pi__both__rand__exact,5,5,0.3304974358879713,5.545639231245941,1.225246187217077
Diesel_TOTAL,pi,rand,both,trip__pi__both__rand__exact,5,6,0.7096162626300708,3.652259574651628,1.86043001185469
Diesel_TOTAL,pi,rand,both,trip__pi__both__rand__exact,5,7,0.4794950166770614,4.889764429335836,1.3895911391969549
Diesel_TOTAL,pi,rand,both,trip__pi__both__rand__exact,5,8,0.6470315037584021,4.026646118871064,1.6874523171831544
Diesel_TOTAL,pi,rand,both,trip__pi__both__rand__exact,5,9,0.2852942066255941,5.72979576746961,1.1858665822510177
Diesel_TOTAL,pi,rand,both,trip__pi__both__rand__exact,10,0,0.6557538277561428,3.9765829948264497,1.7086964694577125
Diesel_TOTAL,pi,rand,both,trip__pi__both__rand__exact,10,1,0.6538394538138639,3.987624675428408,1.7039651112690388
Diesel_TOTAL,pi,rand,both,trip__pi__both__rand__exact,10,2,0.8609104289885112,2.527683973505155,2.688141949305149
Diesel_TOTAL,pi,rand,both,trip__pi__both__rand__exact,10,3,0.6875476377279963,3.788500921863786,1.7935255827845449
Diesel_TOTAL,pi,rand,both,trip__pi__both__rand__exact,10,4,0.6634713108799997,3.931755816446396,1.7281778525877
Diesel_TOTAL,pi,rand,both,trip__pi__both__rand__exact,10,5,0.4493725907857501,5.029263658107303,1.35104734722193
Diesel_TOTAL,pi,rand,both,trip__pi__both__rand__exact,10,6,0.641584621742067,4.057596046359181,1.6745810194344946
Diesel_TOTAL,pi,rand,both,trip__pi__both__rand__exact,10,7,0.9416399982867536,1.6373183872283934,4.149940156274391
Diesel_TOTAL,pi,rand,both,trip__pi__both__rand__exact,10,8,0.7310587317343353,3.514829115872844,1.9331731642601275
Diesel_TOTAL,pi,rand,both,trip__pi__both__rand__exact,10,9,0.882362026150986,2.3246054888310086,2.922979127603484
Diesel_TOTAL,pi,rand,both,trip__pi__both__rand__exact,25,0,0.8949621959374789,2.196586488669064,3.093332932172664
Diesel_TOTAL,pi,rand,both,trip__pi__both__rand__exact,25,1,0.9040396293504523,2.0995269292395853,3.236335399720969
Diesel_TOTAL,pi,rand,both,trip__pi__both__rand__exact,25,2,0.8771430363700066,2.3756112861016394,2.8602210149101053
Diesel_TOTAL,pi,rand,both,trip__pi__both__rand__exact,25,3,0.9163311214448276,1.9604576498779005,3.465911811045099
Diesel_TOTAL,pi,rand,both,trip__pi__both__rand__exact,25,4,0.8735283477801563,2.410305474256643,2.819050695580855
Diesel_TOTAL,pi,rand,both,trip__pi__both__rand__exact,25,5,0.8703530240057281,2.4403756709912754,2.7843144826163218
Diesel_TOTAL,pi,rand,both,trip__pi__both__rand__exact,25,6,0.8893276650493149,2.25473251319572,3.0135607146299743
Diesel_TOTAL,pi,rand,both,trip__pi__both__rand__exact,25,7,0.9190076553935312,1.9288456533280072,3.522714900511563
Diesel_TOTAL,pi,rand,both,trip__pi__both__rand__exact,25,8,0.8212904949387061,2.865162887157385,2.3715137991707103
Diesel_TOTAL,pi,rand,both,trip__pi__both__rand__exact,25,9,0.90599853746105,2.077986857040756,3.2698827236289234
Diesel_VISC,pi,rand,both,trip__pi__both__rand__exact,5,0,-1.511498694010502,0.8668593044809629,0.6326055586722965
Diesel_VISC,pi,rand,both,trip__pi__both__rand__exact,5,1,-0.3468468857649651,0.6348063318416837,0.8638540403504043
Diesel_VISC,pi,rand,both,trip__pi__both__rand__exact,5,2,0.4824922040598179,0.3934962383213268,1.3936092932955917
Diesel_VISC,pi,rand,both,trip__pi__both__rand__exact,5,3,0.2263304133215204,0.4811271880513637,1.1397818045213326
Diesel_VISC,pi,rand,both,trip__pi__both__rand__exact,5,4,0.0275307599717101,0.5394113411904606,1.0166267794651922
Diesel_VISC,pi,rand,both,trip__pi__both__rand__exact,5,5,-0.2065384644439538,0.6008315402960555,0.9127017771591144
Diesel_VISC,pi,rand,both,trip__pi__both__rand__exact,5,6,0.3988305212838516,0.4241120368195707,1.2930074296258522
Diesel_VISC,pi,rand,both,trip__pi__both__rand__exact,5,7,-0.0999086621162226,0.5736677660174602,0.9559191697460084
Diesel_VISC,pi,rand,both,trip__pi__both__rand__exact,5,8,-0.3241067023361146,0.6294244784014487,0.8712403686526148
Diesel_VISC,pi,rand,both,trip__pi__both__rand__exact,5,9,-0.2741561823985008,0.6174381637638303,0.8881537403820294
Diesel_VISC,pi,rand,both,trip__pi__both__rand__exact,10,0,0.5422795798877904,0.3700686370937772,1.481833259116459
Diesel_VISC,pi,rand,both,trip__pi__both__rand__exact,10,1,0.2991466787177694,0.457926424020776,1.1975286549015087
Diesel_VISC,pi,rand,both,trip__pi__both__rand__exact,10,2,0.6282651454237443,0.3335022577717999,1.6443067530196118
Diesel_VISC,pi,rand,both,trip__pi__both__rand__exact,10,3,0.2863413319359599,0.4620908928495721,1.186736252731075
Diesel_VISC,pi,rand,both,trip__pi__both__rand__exact,10,4,0.526072394209105,0.3765634290361646,1.4562752841003903
Diesel_VISC,pi,rand,both,trip__pi__both__rand__exact,10,5,0.215732037018631,0.4844114210788446,1.132054263667333
Diesel_VISC,pi,rand,both,trip__pi__both__rand__exact,10,6,0.0949674203493703,0.5203723873431467,1.0538222779292905
Diesel_VISC,pi,rand,both,trip__pi__both__rand__exact,10,7,-0.0375509485771461,0.5571688815416597,0.9842258474380632
Diesel_VISC,pi,rand,both,trip__pi__both__rand__exact,10,8,0.1449869293940819,0.5057879910613691,1.0842092423956364
Diesel_VISC,pi,rand,both,trip__pi__both__rand__exact,10,9,-2.562490036453923,1.0324260782369494,0.531156686334303
Diesel_VISC,pi,rand,both,trip__pi__both__rand__exact,25,0,0.6519805521848345,0.3226888011367024,1.6994082616742086
Diesel_VISC,pi,rand,both,trip__pi__both__rand__exact,25,1,0.708845425027964,0.2951507873343836,1.8579656166737064
Diesel_VISC,pi,rand,both,trip__pi__both__rand__exact,25,2,0.6482520316987046,0.3244127657840384,1.6903774217273388
Diesel_VISC,pi,rand,both,trip__pi__both__rand__exact,25,3,0.7014223737080356,0.2988895748374071,1.834724462704232
Diesel_VISC,pi,rand,both,trip__pi__both__rand__exact,25,4,0.6848182560110014,0.3070878712477125,1.7857429939299267
Diesel_VISC,pi,rand,both,trip__pi__both__rand__exact,25,5,0.5978085362355585,0.3468954161291755,1.5808223144616425
Diesel_VISC,pi,rand,both,trip__pi__both__rand__exact,25,6,0.586281185287912,0.3518315427196835,1.5586436917009785
Diesel_VISC,pi,rand,both,trip__pi__both__rand__exact,25,7,0.7223935364082921,0.2882019557264926,1.9027629886102424
Diesel_VISC,pi,rand,both,trip__pi__both__rand__exact,25,8,0.530638773751777,0.374744909083094,1.4633421330344554
Diesel_VISC,pi,rand,both,trip__pi__both__rand__exact,25,9,0.6565961501008326,0.3205418333805206,1.7107907845228636
Melamine_R862,pi,rand,both,trip__pi__both__rand__exact,5,0,0.5001973773902899,11.533748730766757,1.4174991430638282
Melamine_R862,pi,rand,both,trip__pi__both__rand__exact,5,1,-0.1136829143720352,17.216782734868357,0.9496012811420542
Melamine_R862,pi,rand,both,trip__pi__both__rand__exact,5,2,0.5630771106105357,10.783844553669152,1.516071458635102
Melamine_R862,pi,rand,both,trip__pi__both__rand__exact,5,3,0.531227153299134,11.16998125445858,1.4636621646656336
Melamine_R862,pi,rand,both,trip__pi__both__rand__exact,5,4,0.0491444224131524,15.908473163543157,1.0276962958105846
Melamine_R862,pi,rand,both,trip__pi__both__rand__exact,5,5,-0.4558976583133085,19.68505553048234,0.8305325284380741
Melamine_R862,pi,rand,both,trip__pi__both__rand__exact,5,6,0.7122270605257006,8.75177607088769,1.86808698140252
Melamine_R862,pi,rand,both,trip__pi__both__rand__exact,5,7,0.0059803447068983,16.265548258252405,1.0051354361129885
Melamine_R862,pi,rand,both,trip__pi__both__rand__exact,5,8,0.5496426826644514,10.948379233653908,1.4932875993115429
Melamine_R862,pi,rand,both,trip__pi__both__rand__exact,5,9,0.5775151767672058,10.604172326906143,1.541759077291926
Melamine_R862,pi,rand,both,trip__pi__both__rand__exact,10,0,0.6691349309331349,9.384187575207728,1.7421943893543166
Melamine_R862,pi,rand,both,trip__pi__both__rand__exact,10,1,0.4369130661059778,12.242185206193929,1.3354706424391931
Melamine_R862,pi,rand,both,trip__pi__both__rand__exact,10,2,0.677699477053615,9.261934931315892,1.7651904341172684
Melamine_R862,pi,rand,both,trip__pi__both__rand__exact,10,3,0.6617844201843017,9.487854700879536,1.7231586546808957
Melamine_R862,pi,rand,both,trip__pi__both__rand__exact,10,4,0.6159727349257709,10.110025481404373,1.617115503046621
Melamine_R862,pi,rand,both,trip__pi__both__rand__exact,10,5,0.5794055871267643,10.580421518979774,1.5452200002473877
Melamine_R862,pi,rand,both,trip__pi__both__rand__exact,10,6,0.7411480827504286,8.30035970712924,1.96968318470982
Melamine_R862,pi,rand,both,trip__pi__both__rand__exact,10,7,0.4833629448074199,11.726380890198527,1.3942135340189008
Melamine_R862,pi,rand,both,trip__pi__both__rand__exact,10,8,0.7601344846642073,7.990153601185761,2.046153272916949
Melamine_R862,pi,rand,both,trip__pi__both__rand__exact,10,9,0.7760960074348343,7.719730504561254,2.117830270436958
Melamine_R862,pi,rand,both,trip__pi__both__rand__exact,25,0,0.7649831794689728,7.908983941825494,2.0671528811325186
Melamine_R862,pi,rand,both,trip__pi__both__rand__exact,25,1,0.7811152875176143,7.63271305259358,2.1419747905523594
Melamine_R862,pi,rand,both,trip__pi__both__rand__exact,25,2,0.7270956691022323,8.522684946484882,1.9183014560356888
Melamine_R862,pi,rand,both,trip__pi__both__rand__exact,25,3,0.6793880665884612,9.237640610042131,1.7698327562562346
Melamine_R862,pi,rand,both,trip__pi__both__rand__exact,25,4,0.7285418011516309,8.500073911337159,1.9234043271517265
Melamine_R862,pi,rand,both,trip__pi__both__rand__exact,25,5,0.643979135392619,9.734394569774876,1.6795167716890165
Melamine_R862,pi,rand,both,trip__pi__both__rand__exact,25,6,0.6839155285047479,9.172184894512338,1.782462862469873
Melamine_R862,pi,rand,both,trip__pi__both__rand__exact,25,7,0.8084394773227372,7.140427717815506,2.289649806465252
Melamine_R862,pi,rand,both,trip__pi__both__rand__exact,25,8,0.8054516392366541,7.19589816097876,2.2719997665936464
Melamine_R862,pi,rand,both,trip__pi__both__rand__exact,25,9,0.7623535482392194,7.953108139661554,2.055684224969074
Shootout_assay,pi,rand,both,trip__pi__both__rand__exact,5,0,-2.721062322421215,30.37314978488785,0.5186838025165161
Shootout_assay,pi,rand,both,trip__pi__both__rand__exact,5,1,-5.310622510585879,39.55418687694574,0.3982906000277717
Shootout_assay,pi,rand,both,trip__pi__both__rand__exact,5,2,-1.1701117536650276,23.195161969979708,0.6791959825595956
Shootout_assay,pi,rand,both,trip__pi__both__rand__exact,5,3,-0.0390260560280695,16.04979831154153,0.9815737568178954
Shootout_assay,pi,rand,both,trip__pi__both__rand__exact,5,4,-0.9541692728352708,22.010882226467057,0.7157396356374035
Shootout_assay,pi,rand,both,trip__pi__both__rand__exact,5,5,-1.0157639547546982,22.35507840732325,0.7047195513153957
Shootout_assay,pi,rand,both,trip__pi__both__rand__exact,5,6,-2.696640314842282,30.273313456100414,0.5203943350196676
Shootout_assay,pi,rand,both,trip__pi__both__rand__exact,5,7,-2.3657223044831777,28.886538317875555,0.5453772498271422
Shootout_assay,pi,rand,both,trip__pi__both__rand__exact,5,8,-1.4841352506122023,24.816697030727106,0.634816986536252
Shootout_assay,pi,rand,both,trip__pi__both__rand__exact,5,9,-2.742982572334192,30.462480376469557,0.517162773028765
Shootout_assay,pi,rand,both,trip__pi__both__rand__exact,10,0,-0.2343449693583248,17.493416470086437,0.9005708434237883
Shootout_assay,pi,rand,both,trip__pi__both__rand__exact,10,1,0.8347340664432675,6.401002996906143,2.4611862910303106
Shootout_assay,pi,rand,both,trip__pi__both__rand__exact,10,2,0.5187250059300202,10.92327855078334,1.4422465518559504
Shootout_assay,pi,rand,both,trip__pi__both__rand__exact,10,3,-2.410375347765325,29.07752582258959,0.5417950936042297
Shootout_assay,pi,rand,both,trip__pi__both__rand__exact,10,4,0.4982323709711316,11.153410325436074,1.4124882314157472
Shootout_assay,pi,rand,both,trip__pi__both__rand__exact,10,5,0.1698637613434507,14.346007263212714,1.0981495084857007
Shootout_assay,pi,rand,both,trip__pi__both__rand__exact,10,6,0.6996492469924633,8.629203728976488,1.825667966550365
Shootout_assay,pi,rand,both,trip__pi__both__rand__exact,10,7,0.0975166320210145,14.958083850076466,1.0532138329167609
Shootout_assay,pi,rand,both,trip__pi__both__rand__exact,10,8,0.4018027127433469,12.178073181925472,1.2936414972617585
Shootout_assay,pi,rand,both,trip__pi__both__rand__exact,10,9,0.4839725825590123,11.310785032255293,1.3928353142512233
Shootout_assay,pi,rand,both,trip__pi__both__rand__exact,25,0,0.7218931839513072,8.303518860006996,1.897275250461232
Shootout_assay,pi,rand,both,trip__pi__both__rand__exact,25,1,0.5171193114219933,10.941485234675154,1.4398466466784992
Shootout_assay,pi,rand,both,trip__pi__both__rand__exact,25,2,0.8427316349445968,6.244203464257998,2.5229896679385986
Shootout_assay,pi,rand,both,trip__pi__both__rand__exact,25,3,0.6177099161187984,9.735379294506536,1.6182277390793605
Shootout_assay,pi,rand,both,trip__pi__both__rand__exact,25,4,0.2422527759254612,13.70624646302468,1.1494073791339618
Shootout_assay,pi,rand,both,trip__pi__both__rand__exact,25,5,0.6728647811933532,9.00575257498753,1.749333072794435
Shootout_assay,pi,rand,both,trip__pi__both__rand__exact,25,6,0.8175630981712247,6.725316138128001,2.3425011555240425
Shootout_assay,pi,rand,both,trip__pi__both__rand__exact,25,7,0.813571251024082,6.798495314270239,2.317286413621717
Shootout_assay,pi,rand,both,trip__pi__both__rand__exact,25,8,0.677301578181462,8.944473478251743,1.7613178532123692
Shootout_assay,pi,rand,both,trip__pi__both__rand__exact,25,9,0.8320518990123701,6.452736170556332,2.4414543549315875
Wheat,pi,rand,both,trip__pi__both__rand__exact,5,0,0.0064265310719235,1.7351812800586426,1.0079059194286193
Wheat,pi,rand,both,trip__pi__both__rand__exact,5,1,0.1901744429801597,1.5665367938665755,1.1164113669722024
Wheat,pi,rand,both,trip__pi__both__rand__exact,5,2,0.0659601301453567,1.6823934463128667,1.0395306087798444
Wheat,pi,rand,both,trip__pi__both__rand__exact,5,3,-1.20428498471028,2.584513063910403,0.6766843270688392
Wheat,pi,rand,both,trip__pi__both__rand__exact,5,4,0.2875128483246461,1.4693774788450866,1.1902315835325374
Wheat,pi,rand,both,trip__pi__both__rand__exact,5,5,-0.3225887439857535,2.0019686472122684,0.8735898466183118
Wheat,pi,rand,both,trip__pi__both__rand__exact,5,6,0.086791462804119,1.6635269536670223,1.0513201962839378
Wheat,pi,rand,both,trip__pi__both__rand__exact,5,7,-0.0141311907538184,1.7530404235384611,0.9976378524818796
Wheat,pi,rand,both,trip__pi__both__rand__exact,5,8,-0.2055170909328374,1.911311824063179,0.9150257228749424
Wheat,pi,rand,both,trip__pi__both__rand__exact,5,9,-0.9786385012140112,2.448657752860353,0.714227817836074
Wheat,pi,rand,both,trip__pi__both__rand__exact,10,0,-0.1863481429499836,1.896055030311792,0.9223885675750884
Wheat,pi,rand,both,trip__pi__both__rand__exact,10,1,0.1735676448544347,1.5825174821923091,1.1051375439025366
Wheat,pi,rand,both,trip__pi__both__rand__exact,10,2,0.2237287568153249,1.5337395249828636,1.140284549602629
Wheat,pi,rand,both,trip__pi__both__rand__exact,10,3,-0.3476035305844782,2.020812086033464,0.865443895323117
Wheat,pi,rand,both,trip__pi__both__rand__exact,10,4,0.3402793076850769,1.41392024729608,1.236915226864708
Wheat,pi,rand,both,trip__pi__both__rand__exact,10,5,-0.4680083029161408,2.1091580095554177,0.8291932019931876
Wheat,pi,rand,both,trip__pi__both__rand__exact,10,6,0.0757956828313105,1.6735121008935818,1.0450474080940313
Wheat,pi,rand,both,trip__pi__both__rand__exact,10,7,-0.034498505719535,1.7705565179075688,0.9877682331878748
Wheat,pi,rand,both,trip__pi__both__rand__exact,10,8,0.3708843398012976,1.380734283756495,1.2666444978064069
Wheat,pi,rand,both,trip__pi__both__rand__exact,10,9,-0.0597417986776163,1.79202841916455,0.9759328952317498
Wheat,pi,rand,both,trip__pi__both__rand__exact,25,0,-0.0545049466023859,1.7875951646288957,0.978353218926896
Wheat,pi,rand,both,trip__pi__both__rand__exact,25,1,0.3773679977671428,1.3736009421711428,1.2732223965196814
Wheat,pi,rand,both,trip__pi__both__rand__exact,25,2,0.3868098218627616,1.363146257366562,1.282987407992083
Wheat,pi,rand,both,trip__pi__both__rand__exact,25,3,0.3008404276287787,1.4555697272651469,1.201522297896935
Wheat,pi,rand,both,trip__pi__both__rand__exact,25,4,0.3594190101711358,1.3932590851472608,1.25525790723122
Wheat,pi,rand,both,trip__pi__both__rand__exact,25,5,0.3749833283707511,1.3762288618352154,1.270791168498428
Wheat,pi,rand,both,trip__pi__both__rand__exact,25,6,0.2847445928105411,1.472229227778603,1.1879260718738005
Wheat,pi,rand,both,trip__pi__both__rand__exact,25,7,0.2128884671621936,1.5444113992056352,1.1324051896744467
Wheat,pi,rand,both,trip__pi__both__rand__exact,25,8,-0.1126006728467789,1.8361769010507731,0.9524678599605556
Wheat,pi,rand,both,trip__pi__both__rand__exact,25,9,0.2351791602789587,1.5223857742631437,1.148788640185059
CGL_Glucose,proto,mae,both,trip__proto__mae__exact,5,0,0.8281138256458289,6.667358843889099,2.4287046762606863
CGL_Glucose,proto,mae,both,trip__proto__mae__exact,5,1,-1.663423429598191,26.24541624800144,0.6169856652090471
CGL_Glucose,proto,mae,both,trip__proto__mae__exact,5,2,-0.5028423122801748,19.71469506750977,0.8213693159854132
CGL_Glucose,proto,mae,both,trip__proto__mae__exact,5,3,0.7189937840334191,8.524939792634353,1.8994909050797613
CGL_Glucose,proto,mae,both,trip__proto__mae__exact,5,4,0.2141985277622861,14.255740333929,1.135896503664679
CGL_Glucose,proto,mae,both,trip__proto__mae__exact,5,5,-0.3268252343071078,18.524232292468373,0.8741547475111995
CGL_Glucose,proto,mae,both,trip__proto__mae__exact,5,6,0.5299275970419087,11.025942790530916,1.4686313823764887
CGL_Glucose,proto,mae,both,trip__proto__mae__exact,5,7,0.2352464233445492,14.063522601804054,1.151421735574576
CGL_Glucose,proto,mae,both,trip__proto__mae__exact,5,8,-0.0552306236482786,16.51988616005521,0.980215326278458
CGL_Glucose,proto,mae,both,trip__proto__mae__exact,5,9,0.0161952408069787,15.95099638676358,1.01517455147183
CGL_Glucose,proto,mae,both,trip__proto__mae__exact,10,0,0.7241169998445506,8.44687032813089,1.917046784598228
CGL_Glucose,proto,mae,both,trip__proto__mae__exact,10,1,0.6764173364503026,9.147996291184882,1.7701193886649595
CGL_Glucose,proto,mae,both,trip__proto__mae__exact,10,2,0.8328273882830605,6.575305274514206,2.4627062815205742
CGL_Glucose,proto,mae,both,trip__proto__mae__exact,10,3,0.7200570580742671,8.508796132160967,1.9030947916657837
CGL_Glucose,proto,mae,both,trip__proto__mae__exact,10,4,0.8109879994614101,6.9916237100486205,2.3160636604610536
CGL_Glucose,proto,mae,both,trip__proto__mae__exact,10,5,0.1832652734709148,14.533622244767033,1.1141782364882888
CGL_Glucose,proto,mae,both,trip__proto__mae__exact,10,6,0.8196116489056096,6.830265750765351,2.370778267397139
CGL_Glucose,proto,mae,both,trip__proto__mae__exact,10,7,0.6131241487407928,10.0027443226103,1.6188602927557172
CGL_Glucose,proto,mae,both,trip__proto__mae__exact,10,8,0.7383751439280914,8.225699848795712,1.9685918402228413
CGL_Glucose,proto,mae,both,trip__proto__mae__exact,10,9,0.8680666046134986,5.84131634587861,2.7721569323816264
CGL_Glucose,proto,mae,both,trip__proto__mae__exact,25,0,0.9005689141309485,5.071009781141804,3.1932586016064484
CGL_Glucose,proto,mae,both,trip__proto__mae__exact,25,1,0.8645289389162072,5.919112894705722,2.735721701970775
CGL_Glucose,proto,mae,both,trip__proto__mae__exact,25,2,0.8897247286302635,5.340383245037651,3.0321879272444114
CGL_Glucose,proto,mae,both,trip__proto__mae__exact,25,3,0.9195031666618853,4.562708830053538,3.548998238897373
CGL_Glucose,proto,mae,both,trip__proto__mae__exact,25,4,0.90786042548516,4.881535570999814,3.3172032379854017
CGL_Glucose,proto,mae,both,trip__proto__mae__exact,25,5,0.9072197367620756,4.898477947906431,3.3057300195425543
CGL_Glucose,proto,mae,both,trip__proto__mae__exact,25,6,0.9250669635473352,4.4022025684835695,3.678396291527205
CGL_Glucose,proto,mae,both,trip__proto__mae__exact,25,7,0.8963694180883943,5.176989992997311,3.1278881404764403
CGL_Glucose,proto,mae,both,trip__proto__mae__exact,25,8,0.9260814129361242,4.372302342022806,3.703551203865269
CGL_Glucose,proto,mae,both,trip__proto__mae__exact,25,9,0.942843879168544,3.8447201156826782,4.211761874787658
Corn_Starch,proto,mae,both,trip__proto__mae__exact,5,0,-0.0282579886724574,0.8168672056672408,0.9902984428977204
Corn_Starch,proto,mae,both,trip__proto__mae__exact,5,1,-0.4219458352373224,0.9605985829839676,0.842123167945566
Corn_Starch,proto,mae,both,trip__proto__mae__exact,5,2,-0.0003924019141225,0.8057227143968791,1.0039959248660515
Corn_Starch,proto,mae,both,trip__proto__mae__exact,5,3,-0.0037742548821286,0.8070834488383065,1.0023031980036878
Corn_Starch,proto,mae,both,trip__proto__mae__exact,5,4,-1.1112348850051736,1.170492651665154,0.6911126871883144
Corn_Starch,proto,mae,both,trip__proto__mae__exact,5,5,-1.0434288257148494,1.1515430343032207,0.7024855326539818
Corn_Starch,proto,mae,both,trip__proto__mae__exact,5,6,-0.1055779740749036,0.847022805978343,0.9550419612280944
Corn_Starch,proto,mae,both,trip__proto__mae__exact,5,7,-0.0006361059531452,0.8058208488500708,1.003873656261021
Corn_Starch,proto,mae,both,trip__proto__mae__exact,5,8,-0.5424679376458996,1.0004801756131072,0.8085540738783256
Corn_Starch,proto,mae,both,trip__proto__mae__exact,5,9,-0.1717172069398809,0.8719906309753246,0.927696116323722
Corn_Starch,proto,mae,both,trip__proto__mae__exact,10,0,-0.0244502160146913,0.8153533202493222,0.9921371529818735
Corn_Starch,proto,mae,both,trip__proto__mae__exact,10,1,-0.9506643367847672,1.1251014564504271,0.7189950001296821
Corn_Starch,proto,mae,both,trip__proto__mae__exact,10,2,-0.4322951242579971,0.96408798758353,0.8390752008580467
Corn_Starch,proto,mae,both,trip__proto__mae__exact,10,3,-0.001239174743687,0.8060636405116993,1.0035712829237078
Corn_Starch,proto,mae,both,trip__proto__mae__exact,10,4,-0.0319242190803612,0.8183221706061992,0.9885377066433746
Corn_Starch,proto,mae,both,trip__proto__mae__exact,10,5,-0.953158924208864,1.1258206389222694,0.7185357008562824
Corn_Starch,proto,mae,both,trip__proto__mae__exact,10,6,-0.1614866509623447,0.8681755008629661,0.9317728051786672
Corn_Starch,proto,mae,both,trip__proto__mae__exact,10,7,-0.0976740960510202,0.8439896534401768,0.9584742165133892
Corn_Starch,proto,mae,both,trip__proto__mae__exact,10,8,-0.1348017215154857,0.8581444693648348,0.9426644938063028
Corn_Starch,proto,mae,both,trip__proto__mae__exact,10,9,-0.5663543181819932,1.008197042742928,0.8023652991737112
Corn_Starch,proto,mae,both,trip__proto__mae__exact,25,0,-0.0283882312141792,0.8169189375737985,0.9902357316247212
Corn_Starch,proto,mae,both,trip__proto__mae__exact,25,1,-0.0493151060854573,0.8251888999425744,0.9803116860670028
Corn_Starch,proto,mae,both,trip__proto__mae__exact,25,2,-0.166543291417212,0.8700632899323639,0.9297511240697962
Corn_Starch,proto,mae,both,trip__proto__mae__exact,25,3,-0.1893253973880704,0.8785181966708092,0.9208031488613552
Corn_Starch,proto,mae,both,trip__proto__mae__exact,25,4,-0.6053971235868496,1.020684818356304,0.7925485980375307
Corn_Starch,proto,mae,both,trip__proto__mae__exact,25,5,-0.0251538907445878,0.8156332972696603,0.9917965886562282
Corn_Starch,proto,mae,both,trip__proto__mae__exact,25,6,-0.53174955169152,0.996998020011745,0.811378062533114
Corn_Starch,proto,mae,both,trip__proto__mae__exact,25,7,-0.0001150727171257,0.805611025263015,1.0041351178906444
Corn_Starch,proto,mae,both,trip__proto__mae__exact,25,8,-0.0732139625138419,0.8345331100834059,0.969335203184008
Corn_Starch,proto,mae,both,trip__proto__mae__exact,25,9,-0.0682231044385375,0.8325903987486738,0.9715969857954946
Diesel_TOTAL,proto,mae,both,trip__proto__mae__exact,5,0,0.3488149838271662,5.469248929245207,1.242359492440081
Diesel_TOTAL,proto,mae,both,trip__proto__mae__exact,5,1,0.2267447799225931,5.959871845976055,1.1400871527721153
Diesel_TOTAL,proto,mae,both,trip__proto__mae__exact,5,2,0.389124654724323,5.297266102264096,1.2826943545202287
Diesel_TOTAL,proto,mae,both,trip__proto__mae__exact,5,3,0.0659934128042963,6.550138161255245,1.0373480919772546
Diesel_TOTAL,proto,mae,both,trip__proto__mae__exact,5,4,0.1591503272478898,6.214907522956386,1.0933024021141522
Diesel_TOTAL,proto,mae,both,trip__proto__mae__exact,5,5,0.559642258797296,4.497573907320276,1.510764128346245
Diesel_TOTAL,proto,mae,both,trip__proto__mae__exact,5,6,-0.0267476673623969,6.867637343168347,0.9893902348417832
Diesel_TOTAL,proto,mae,both,trip__proto__mae__exact,5,7,0.4183839882339661,5.168846892806124,1.314562699317392
Diesel_TOTAL,proto,mae,both,trip__proto__mae__exact,5,8,0.112489128079368,6.3850210289463805,1.064173993000422
Diesel_TOTAL,proto,mae,both,trip__proto__mae__exact,5,9,0.5413085340178282,4.590244522950242,1.4802639140013385
Diesel_TOTAL,proto,mae,both,trip__proto__mae__exact,10,0,0.201137361130876,6.057752790434801,1.121665666927592
Diesel_TOTAL,proto,mae,both,trip__proto__mae__exact,10,1,0.7976079130495508,3.049104123844824,2.228449094482722
Diesel_TOTAL,proto,mae,both,trip__proto__mae__exact,10,2,0.7803414145871959,3.1765052850847724,2.139071940371161
Diesel_TOTAL,proto,mae,both,trip__proto__mae__exact,10,3,0.5044702949221758,4.77101012222244,1.4241791884106043
Diesel_TOTAL,proto,mae,both,trip__proto__mae__exact,10,4,0.554975923522879,4.521340812916239,1.5028226371156794
Diesel_TOTAL,proto,mae,both,trip__proto__mae__exact,10,5,0.4634231188956572,4.96468238085265,1.3686219585710089
Diesel_TOTAL,proto,mae,both,trip__proto__mae__exact,10,6,0.4322530498170844,5.106847580018605,1.3305220524597638
Diesel_TOTAL,proto,mae,both,trip__proto__mae__exact,10,7,0.1019017127805976,6.422992650885575,1.0578827803623123
Diesel_TOTAL,proto,mae,both,trip__proto__mae__exact,10,8,0.3844540559901452,5.31747832136895,1.277818716525818
Diesel_TOTAL,proto,mae,both,trip__proto__mae__exact,10,9,0.5949542907137715,4.313477222020326,1.5752426578441574
Diesel_TOTAL,proto,mae,both,trip__proto__mae__exact,25,0,0.4728402104637166,4.9209236743648646,1.3807922604372689
Diesel_TOTAL,proto,mae,both,trip__proto__mae__exact,25,1,0.7914890254222917,3.094852461866095,2.1955079951270133
Diesel_TOTAL,proto,mae,both,trip__proto__mae__exact,25,2,0.676514317297828,3.854810408163594,1.7626738034575653
Diesel_TOTAL,proto,mae,both,trip__proto__mae__exact,25,3,0.7424015946278004,3.439909969035996,1.9752764999456385
Diesel_TOTAL,proto,mae,both,trip__proto__mae__exact,25,4,0.8007808947207824,3.025108693588064,2.2461253501956957
Diesel_TOTAL,proto,mae,both,trip__proto__mae__exact,25,5,0.6691073324437318,3.898693219653806,1.742833544714988
Diesel_TOTAL,proto,mae,both,trip__proto__mae__exact,25,6,0.708554892866351,3.6589280993070754,1.8570393129759288
Diesel_TOTAL,proto,mae,both,trip__proto__mae__exact,25,7,0.7372402624755344,3.4742006780791312,1.9557803228345256
Diesel_TOTAL,proto,mae,both,trip__proto__mae__exact,25,8,0.7269651264070444,3.5414780273953625,1.918626424109952
Diesel_TOTAL,proto,mae,both,trip__proto__mae__exact,25,9,0.8053375726596113,2.9903123761939936,2.27226204789139
Diesel_VISC,proto,mae,both,trip__proto__mae__exact,5,0,-0.206428074641684,0.6008040537326187,0.9127435329281391
Diesel_VISC,proto,mae,both,trip__proto__mae__exact,5,1,0.1826026748749416,0.4945369463358458,1.1088757243812613
Diesel_VISC,proto,mae,both,trip__proto__mae__exact,5,2,0.4664410659787955,0.3995520238595514,1.3724871402333874
Diesel_VISC,proto,mae,both,trip__proto__mae__exact,5,3,0.1442651259284657,0.506001439556885,1.0837518863220716
Diesel_VISC,proto,mae,both,trip__proto__mae__exact,5,4,0.272107900963322,0.4666761855113537,1.1750760626462615
Diesel_VISC,proto,mae,both,trip__proto__mae__exact,5,5,0.2802790870960321,0.4640493811239674,1.1817277145661405
Diesel_VISC,proto,mae,both,trip__proto__mae__exact,5,6,-0.0802350695975768,0.5685141427471163,0.9645846485922612
Diesel_VISC,proto,mae,both,trip__proto__mae__exact,5,7,0.1101289726748756,0.5159952102637577,1.0627618312990663
Diesel_VISC,proto,mae,both,trip__proto__mae__exact,5,8,-0.2872319580104834,0.6205982454988105,0.8836312680205748
Diesel_VISC,proto,mae,both,trip__proto__mae__exact,5,9,0.5684710002947194,0.3593247482972335,1.5261403986230246
Diesel_VISC,proto,mae,both,trip__proto__mae__exact,10,0,0.5518951298336043,0.3661609015646143,1.4976476523250213
Diesel_VISC,proto,mae,both,trip__proto__mae__exact,10,1,0.5622278115476311,0.3619146976257454,1.5152189678920849
Diesel_VISC,proto,mae,both,trip__proto__mae__exact,10,2,0.543597739033849,0.3695353846470888,1.4839715961846742
Diesel_VISC,proto,mae,both,trip__proto__mae__exact,10,3,0.2812408567046035,0.4637392207653468,1.1825180835393252
Diesel_VISC,proto,mae,both,trip__proto__mae__exact,10,4,0.466619996051304,0.3994850229503897,1.3727173313067078
Diesel_VISC,proto,mae,both,trip__proto__mae__exact,10,5,0.3728609466563358,0.4331756739815387,1.2659529321233975
Diesel_VISC,proto,mae,both,trip__proto__mae__exact,10,6,-0.0187106842966588,0.5520870589357633,0.9932853989704972
Diesel_VISC,proto,mae,both,trip__proto__mae__exact,10,7,0.3785238864276029,0.4312154942454138,1.2717075845362906
Diesel_VISC,proto,mae,both,trip__proto__mae__exact,10,8,-0.1575648109974041,0.5885112846295235,0.931808835146927
Diesel_VISC,proto,mae,both,trip__proto__mae__exact,10,9,0.2188757065284697,0.4834395858229759,1.1343299776908662
Diesel_VISC,proto,mae,both,trip__proto__mae__exact,25,0,0.6759540465225504,0.3113762170413605,1.7611493254432335
Diesel_VISC,proto,mae,both,trip__proto__mae__exact,25,1,0.6923515758916745,0.303395743918364,1.8074743156219517
Diesel_VISC,proto,mae,both,trip__proto__mae__exact,25,2,0.5215953338705572,0.3783378923927666,1.4494451272994997
Diesel_VISC,proto,mae,both,trip__proto__mae__exact,25,3,0.6704927562312919,0.3139891346745984,1.7464936013463324
Diesel_VISC,proto,mae,both,trip__proto__mae__exact,25,4,0.5916772710640875,0.3495295632836991,1.5689088197565706
Diesel_VISC,proto,mae,both,trip__proto__mae__exact,25,5,0.6181947888950493,0.3379893862762483,1.6224770269953133
Diesel_VISC,proto,mae,both,trip__proto__mae__exact,25,6,0.6626907588240483,0.3176846687301619,1.7261771453857797
Diesel_VISC,proto,mae,both,trip__proto__mae__exact,25,7,0.6274433682512518,0.3338706833320519,1.642492264156255
Diesel_VISC,proto,mae,both,trip__proto__mae__exact,25,8,0.4520830979602387,0.404892270059113,1.3543849936216272
Diesel_VISC,proto,mae,both,trip__proto__mae__exact,25,9,0.7005638539314889,0.2993189747598543,1.8320923858616949
Melamine_R862,proto,mae,both,trip__proto__mae__exact,5,0,-0.3980107450577315,19.289744495763003,0.8475529028270162
Melamine_R862,proto,mae,both,trip__proto__mae__exact,5,1,-0.1829083545086816,17.74380557181315,0.9213964206273006
Melamine_R862,proto,mae,both,trip__proto__mae__exact,5,2,-0.0619425892253406,16.812091297566443,0.9724595621570248
Melamine_R862,proto,mae,both,trip__proto__mae__exact,5,3,-0.038295961232887,16.623857323680905,0.9834708409633612
Melamine_R862,proto,mae,both,trip__proto__mae__exact,5,4,0.5966988841533338,10.36062446278951,1.5780013068607588
Melamine_R862,proto,mae,both,trip__proto__mae__exact,5,5,0.0177562070936294,16.1689145928856,1.0111426372039265
Melamine_R862,proto,mae,both,trip__proto__mae__exact,5,6,-0.0617983423997681,16.810949440566386,0.972525614925921
Melamine_R862,proto,mae,both,trip__proto__mae__exact,5,7,0.4132345792457081,12.496934010062176,1.3082472011944353
Melamine_R862,proto,mae,both,trip__proto__mae__exact,5,8,0.0026249745531001,16.29297777413262,1.0034432728516849
Melamine_R862,proto,mae,both,trip__proto__mae__exact,5,9,-0.4843488451191455,19.87646782177829,0.8225344205403535
Melamine_R862,proto,mae,both,trip__proto__mae__exact,10,0,0.3800321237426313,12.84564199058512,1.2727335040286831
Melamine_R862,proto,mae,both,trip__proto__mae__exact,10,1,0.4759632876377336,11.810059270014634,1.3843350459455512
Melamine_R862,proto,mae,both,trip__proto__mae__exact,10,2,0.2428557672356431,14.195821499190467,1.1516824822788676
Melamine_R862,proto,mae,both,trip__proto__mae__exact,10,3,0.6348064433020291,9.858997891111416,1.6582901348336063
Melamine_R862,proto,mae,both,trip__proto__mae__exact,10,4,-0.0014828017902779,16.32649532590174,1.0013832494863626
Melamine_R862,proto,mae,both,trip__proto__mae__exact,10,5,0.020298354541901,16.14797763460221,1.0124536528427102
Melamine_R862,proto,mae,both,trip__proto__mae__exact,10,6,0.7380635509789345,8.349667633404202,1.958051465038949
Melamine_R862,proto,mae,both,trip__proto__mae__exact,10,7,0.339541286400935,13.258489763525196,1.2331026560168692
Melamine_R862,proto,mae,both,trip__proto__mae__exact,10,8,0.5200577837262859,11.302270491191218,1.4465304962323775
Melamine_R862,proto,mae,both,trip__proto__mae__exact,10,9,0.5698285248704004,10.700203193095325,1.5279222877491896
Melamine_R862,proto,mae,both,trip__proto__mae__exact,25,0,0.5268866067355042,11.221575654764669,1.4569325596654148
Melamine_R862,proto,mae,both,trip__proto__mae__exact,25,1,0.6479371067798906,9.680133512355198,1.6889311414257162
Melamine_R862,proto,mae,both,trip__proto__mae__exact,25,2,0.5721505573184922,10.671284679492292,1.532062861521677
Melamine_R862,proto,mae,both,trip__proto__mae__exact,25,3,0.6028338958599155,10.281519627337454,1.5901422683379365
Melamine_R862,proto,mae,both,trip__proto__mae__exact,25,4,0.5172221418618761,11.335609912654675,1.442276072320013
Melamine_R862,proto,mae,both,trip__proto__mae__exact,25,5,0.6287936363703834,9.939829316021884,1.6448047971832394
Melamine_R862,proto,mae,both,trip__proto__mae__exact,25,6,0.5628846973371311,10.78621880149135,1.5157377430462375
Melamine_R862,proto,mae,both,trip__proto__mae__exact,25,7,0.6203969115947305,10.051620631168804,1.626511737965813
Melamine_R862,proto,mae,both,trip__proto__mae__exact,25,8,0.509528931004632,11.42557112175126,1.4309200623722935
Melamine_R862,proto,mae,both,trip__proto__mae__exact,25,9,0.6800382137083933,9.22826966560191,1.771629951724978
Shootout_assay,proto,mae,both,trip__proto__mae__exact,5,0,-5.659899624589726,40.63405852502319,0.3877058161721083
Shootout_assay,proto,mae,both,trip__proto__mae__exact,5,1,-7.790886680042389,46.68449881936395,0.3374580690217201
Shootout_assay,proto,mae,both,trip__proto__mae__exact,5,2,-0.5198076620144851,19.41112359034689,0.8115996352042082
Shootout_assay,proto,mae,both,trip__proto__mae__exact,5,3,-2.0601057631950725,27.54384579695773,0.571963005491753
Shootout_assay,proto,mae,both,trip__proto__mae__exact,5,4,-0.7944944262897697,21.092468869348025,0.7469045431530034
Shootout_assay,proto,mae,both,trip__proto__mae__exact,5,5,-15.99013089103893,64.90149819892285,0.2427380147149022
Shootout_assay,proto,mae,both,trip__proto__mae__exact,5,6,-8.446104316336072,48.39302035439849,0.3255440703939743
Shootout_assay,proto,mae,both,trip__proto__mae__exact,5,7,-6.9510806641533165,44.39861673591822,0.3548322444037854
Shootout_assay,proto,mae,both,trip__proto__mae__exact,5,8,-10.37471818501974,53.103932460205534,0.296664674252419
Shootout_assay,proto,mae,both,trip__proto__mae__exact,5,9,-13.58540813160194,60.13338518822295,0.2619852645168353
Shootout_assay,proto,mae,both,trip__proto__mae__exact,10,0,-1.4449882623276564,24.62037985759112,0.6398788692925846
Shootout_assay,proto,mae,both,trip__proto__mae__exact,10,1,-1.0484466951946798,22.53557758715453,0.6990750853356995
Shootout_assay,proto,mae,both,trip__proto__mae__exact,10,2,-0.7195600896640253,20.64738416341826,0.7630051681191359
Shootout_assay,proto,mae,both,trip__proto__mae__exact,10,3,-11.388905288466976,55.42080456881825,0.2842625787806252
Shootout_assay,proto,mae,both,trip__proto__mae__exact,10,4,-14.964612489066717,62.912298234413264,0.2504130554272424
Shootout_assay,proto,mae,both,trip__proto__mae__exact,10,5,-1.991421042824678,27.23297780380184,0.5784920377906672
Shootout_assay,proto,mae,both,trip__proto__mae__exact,10,6,-0.2163791171311413,17.36564176325012,0.9071971562933376
Shootout_assay,proto,mae,both,trip__proto__mae__exact,10,7,-1.2482214794645023,23.608908352712483,0.6672930653745924
Shootout_assay,proto,mae,both,trip__proto__mae__exact,10,8,-0.0848242198207747,16.399705389045607,0.9606307217782376
Shootout_assay,proto,mae,both,trip__proto__mae__exact,10,9,-0.2064542787181973,17.29465065727533,0.9109210204371536
Shootout_assay,proto,mae,both,trip__proto__mae__exact,25,0,-0.713168645863355,20.60897624397383,0.7644271427328129
Shootout_assay,proto,mae,both,trip__proto__mae__exact,25,1,-1.0908950977991545,22.767874147304177,0.6919425468931928
Shootout_assay,proto,mae,both,trip__proto__mae__exact,25,2,-0.1697250333346076,17.029357080956547,0.9251118964700468
Shootout_assay,proto,mae,both,trip__proto__mae__exact,25,3,-0.4196666789193035,18.760722277976317,0.8397363700289633
Shootout_assay,proto,mae,both,trip__proto__mae__exact,25,4,-0.980304823143044,22.157582884332147,0.7110008752790987
Shootout_assay,proto,mae,both,trip__proto__mae__exact,25,5,-0.3453580857769003,18.263134038720235,0.8626154082551583
Shootout_assay,proto,mae,both,trip__proto__mae__exact,25,6,-0.224596848053026,17.424203256549664,0.904148131932946
Shootout_assay,proto,mae,both,trip__proto__mae__exact,25,7,-0.4419807356038714,18.90758620389566,0.8332137510806861
Shootout_assay,proto,mae,both,trip__proto__mae__exact,25,8,-1.195770621997788,23.33188595875305,0.6752159192223008
Shootout_assay,proto,mae,both,trip__proto__mae__exact,25,9,0.1299528752538877,14.686819180039164,1.0726666292889788
Wheat,proto,mae,both,trip__proto__mae__exact,5,0,-1.5753260027310536,2.7935790622573378,0.6260425942767646
Wheat,proto,mae,both,trip__proto__mae__exact,5,1,-0.066625786493716,1.7978394255564991,0.972778468750892
Wheat,proto,mae,both,trip__proto__mae__exact,5,2,-1.3773009707593138,2.6840273962929952,0.6515952429801206
Wheat,proto,mae,both,trip__proto__mae__exact,5,3,-4.392735925491032,4.0424944990286695,0.4326287849923013
Wheat,proto,mae,both,trip__proto__mae__exact,5,4,-0.5200879324968952,2.1462446037176903,0.8148649414998734
Wheat,proto,mae,both,trip__proto__mae__exact,5,5,-3.510537011467928,3.69708117253512,0.4730487110872925
Wheat,proto,mae,both,trip__proto__mae__exact,5,6,-0.0752633000477003,1.805104180990252,0.9688634605529616
Wheat,proto,mae,both,trip__proto__mae__exact,5,7,-0.9615442431830016,2.438057335678603,0.7173332053596068
Wheat,proto,mae,both,trip__proto__mae__exact,5,8,-1.3125191738029072,2.647204739639095,0.6606589423420531
Wheat,proto,mae,both,trip__proto__mae__exact,5,9,-0.5103988445422916,2.139393553998135,0.817474410065629
Wheat,proto,mae,both,trip__proto__mae__exact,10,0,-1.7621678653121298,2.8931429643807087,0.6044981202051297
Wheat,proto,mae,both,trip__proto__mae__exact,10,1,-0.6575833673056259,2.241209995533032,0.7803371781040491
Wheat,proto,mae,both,trip__proto__mae__exact,10,2,-0.1693329114768922,1.8824088120863804,0.9290752743100636
Wheat,proto,mae,both,trip__proto__mae__exact,10,3,-0.6853186650956771,2.259882587551393,0.7738895343885037
Wheat,proto,mae,both,trip__proto__mae__exact,10,4,-0.2110209269402239,1.9156699403423576,0.9129440550391896
Wheat,proto,mae,both,trip__proto__mae__exact,10,5,-2.32082931250071,3.1722553427716504,0.551311068775691
Wheat,proto,mae,both,trip__proto__mae__exact,10,6,-1.7411603593672185,2.882120151343894,0.6068100535771719
Wheat,proto,mae,both,trip__proto__mae__exact,10,7,-3.195202162071297,3.5655071155956457,0.49050511659424
Wheat,proto,mae,both,trip__proto__mae__exact,10,8,-0.7625256281631709,2.311067237430002,0.756749719405689
Wheat,proto,mae,both,trip__proto__mae__exact,10,9,-1.5171370878365271,2.76183859874276,0.6332373963666691
Wheat,proto,mae,both,trip__proto__mae__exact,25,0,-0.3411171726326207,2.0159428789544216,0.867534244998008
Wheat,proto,mae,both,trip__proto__mae__exact,25,1,-0.3872328119089236,2.0503100328193065,0.8529926964499057
Wheat,proto,mae,both,trip__proto__mae__exact,25,2,-0.5414796962498885,2.161293587638317,0.8091910758703947
Wheat,proto,mae,both,trip__proto__mae__exact,25,3,-0.450009603698156,2.096188335219722,0.8343236407092761
Wheat,proto,mae,both,trip__proto__mae__exact,25,4,-0.0284747052876632,1.7653940887302424,0.990656700743078
Wheat,proto,mae,both,trip__proto__mae__exact,25,5,-1.9904778573899409,3.010337274358394,0.5809646308902664
Wheat,proto,mae,both,trip__proto__mae__exact,25,6,-0.5204649131758015,2.1465107207537946,0.8147639173396116
Wheat,proto,mae,both,trip__proto__mae__exact,25,7,-0.2084267011161338,1.913616984583246,0.9139234745210604
Wheat,proto,mae,both,trip__proto__mae__exact,25,8,-2.0937513861747696,3.0618757699736987,0.5711856439779259
Wheat,proto,mae,both,trip__proto__mae__exact,25,9,-0.4263569220518428,2.079021437992701,0.8412128184408723
CGL_Glucose,proto,rand,both,trip__proto__rand__exact,5,0,-0.0532241745330164,16.504172968271643,0.9811485636748798
CGL_Glucose,proto,rand,both,trip__proto__rand__exact,5,1,-3.5564943093765216,34.32802147358061,0.4717150860245157
CGL_Glucose,proto,rand,both,trip__proto__rand__exact,5,2,0.103705703319502,15.22504810648761,1.063579273392339
CGL_Glucose,proto,rand,both,trip__proto__rand__exact,5,3,-0.0099138403257659,16.161271234624607,1.001966080970711
CGL_Glucose,proto,rand,both,trip__proto__rand__exact,5,4,-0.0299315670750088,16.32065339765432,0.992181207940415
CGL_Glucose,proto,rand,both,trip__proto__rand__exact,5,5,-0.0398699192363323,16.399207640205567,0.9874285366545013
CGL_Glucose,proto,rand,both,trip__proto__rand__exact,5,6,-0.6546569753488727,20.686515565616908,0.7827826562234573
CGL_Glucose,proto,rand,both,trip__proto__rand__exact,5,7,0.3126788061378955,13.33255012030008,1.2145497640249665
CGL_Glucose,proto,rand,both,trip__proto__rand__exact,5,8,-2.0827951300633125,28.23616357940772,0.5734860388141002
CGL_Glucose,proto,rand,both,trip__proto__rand__exact,5,9,0.0356921469778804,15.792148123990009,1.025385873747124
CGL_Glucose,proto,rand,both,trip__proto__rand__exact,10,0,0.2179013833208006,14.222112705420606,1.138582286462242
CGL_Glucose,proto,rand,both,trip__proto__rand__exact,10,1,0.5000688024247053,11.37073338869131,1.4240986090278214
CGL_Glucose,proto,rand,both,trip__proto__rand__exact,10,2,0.561545185019538,10.648680062786452,1.520662232970144
CGL_Glucose,proto,rand,both,trip__proto__rand__exact,10,3,-0.2315362922430048,17.84666059572559,0.9073431702029372
CGL_Glucose,proto,rand,both,trip__proto__rand__exact,10,4,0.7090259908864751,8.67481967978122,1.8666722998523344
CGL_Glucose,proto,rand,both,trip__proto__rand__exact,10,5,0.5247488909726148,11.086511876629082,1.4606077892359677
CGL_Glucose,proto,rand,both,trip__proto__rand__exact,10,6,0.2996660026689377,13.458168509940773,1.2032131705365876
CGL_Glucose,proto,rand,both,trip__proto__rand__exact,10,7,0.2485046022474977,13.94108322089498,1.1615342470799732
CGL_Glucose,proto,rand,both,trip__proto__rand__exact,10,8,0.5720763201920174,10.520018821790469,1.5392601360104317
CGL_Glucose,proto,rand,both,trip__proto__rand__exact,10,9,0.6935330026240762,8.902771231680044,1.818876974490752
CGL_Glucose,proto,rand,both,trip__proto__rand__exact,25,0,0.7778669554071731,7.579489255774963,2.1364296532413047
CGL_Glucose,proto,rand,both,trip__proto__rand__exact,25,1,0.7380264849373095,8.23117908608256,1.967281410489661
CGL_Glucose,proto,rand,both,trip__proto__rand__exact,25,2,0.706135631158255,8.71779841696645,1.8574696073433896
CGL_Glucose,proto,rand,both,trip__proto__rand__exact,25,3,0.7378230976099924,8.2343736699104,1.96651818967522
CGL_Glucose,proto,rand,both,trip__proto__rand__exact,25,4,0.7400736129081784,8.198955744201504,1.9750131733438865
CGL_Glucose,proto,rand,both,trip__proto__rand__exact,25,5,0.7729184873269862,7.66344855588017,2.1130233320397984
CGL_Glucose,proto,rand,both,trip__proto__rand__exact,25,6,0.8060109509332106,7.08307701828793,2.286159752414434
CGL_Glucose,proto,rand,both,trip__proto__rand__exact,25,7,0.6572886094767878,9.414507952621216,1.7200097640740728
CGL_Glucose,proto,rand,both,trip__proto__rand__exact,25,8,0.8082402265592445,7.042260906054199,2.299410064250873
CGL_Glucose,proto,rand,both,trip__proto__rand__exact,25,9,0.7581722414645891,7.908360027684477,2.047585788428341
Corn_Starch,proto,rand,both,trip__proto__rand__exact,5,0,-0.0289764203000142,0.8171525235396685,0.9899526692059594
Corn_Starch,proto,rand,both,trip__proto__rand__exact,5,1,-0.352215332763053,0.9367492259954232,0.8635633736092703
Corn_Starch,proto,rand,both,trip__proto__rand__exact,5,2,-0.0005238693161619,0.8057756550189563,1.003929960886507
Corn_Starch,proto,rand,both,trip__proto__rand__exact,5,3,-0.0039424674133687,0.8071510715442763,1.0022192255518871
Corn_Starch,proto,rand,both,trip__proto__rand__exact,5,4,-0.3017799607353484,0.9191136284634248,0.8801330942931083
Corn_Starch,proto,rand,both,trip__proto__rand__exact,5,5,-0.7966499764095905,1.079772227444735,0.7491786705246443
Corn_Starch,proto,rand,both,trip__proto__rand__exact,5,6,-0.0875301207220984,0.8400808056785505,0.962933942018924
Corn_Starch,proto,rand,both,trip__proto__rand__exact,5,7,-0.0009708251508235,0.8059556137031922,1.003705797282762
Corn_Starch,proto,rand,both,trip__proto__rand__exact,5,8,-0.3401397886168529,0.9325571702644329,0.8674452865952437
Corn_Starch,proto,rand,both,trip__proto__rand__exact,5,9,-0.513529544556139,0.991050685691369,0.8162471743432097
Corn_Starch,proto,rand,both,trip__proto__rand__exact,10,0,-0.0243955712333971,0.8153315742448181,0.9921636146321752
Corn_Starch,proto,rand,both,trip__proto__rand__exact,10,1,-0.8865247399628218,1.1064496795426757,0.7311153293124342
Corn_Starch,proto,rand,both,trip__proto__rand__exact,10,2,-0.62655812449083,1.027389702543728,0.7873763186681833
Corn_Starch,proto,rand,both,trip__proto__rand__exact,10,3,-0.0014993582454061,0.8061683661570942,1.003440913568228
Corn_Starch,proto,rand,both,trip__proto__rand__exact,10,4,-0.5908012590346465,1.0160343198419557,0.7961761783325504
Corn_Starch,proto,rand,both,trip__proto__rand__exact,10,5,-0.9505167454153876,1.1250588918731552,0.7190222020108122
Corn_Starch,proto,rand,both,trip__proto__rand__exact,10,6,-0.1614866490219149,0.8681755001377603,0.9317728059569972
Corn_Starch,proto,rand,both,trip__proto__rand__exact,10,7,-0.0784653529478955,0.8365723638665443,0.9669723227380344
Corn_Starch,proto,rand,both,trip__proto__rand__exact,10,8,-0.132974224845682,0.8574532084937931,0.9434244502361508
Corn_Starch,proto,rand,both,trip__proto__rand__exact,10,9,-0.0334418660980027,0.8189237011696389,0.9878115881505172
Corn_Starch,proto,rand,both,trip__proto__rand__exact,25,0,0.0087013394840589,0.8020522741243786,1.0085905219951203
Corn_Starch,proto,rand,both,trip__proto__rand__exact,25,1,-0.0494289213808745,0.8252336513100385,0.9802585250156778
Corn_Starch,proto,rand,both,trip__proto__rand__exact,25,2,-0.1412638402111539,0.8605843489972516,0.9399919052316672
Corn_Starch,proto,rand,both,trip__proto__rand__exact,25,3,-0.0565489817358768,0.8280284002982556,0.9769499712027988
Corn_Starch,proto,rand,both,trip__proto__rand__exact,25,4,-0.0050685970459141,0.8076036383078609,1.0016575996629045
Corn_Starch,proto,rand,both,trip__proto__rand__exact,25,5,-0.024434572570364,0.815347094967329,0.9921447280791436
Corn_Starch,proto,rand,both,trip__proto__rand__exact,25,6,-0.9513438353870542,1.125297399516323,0.7188698047060104
Corn_Starch,proto,rand,both,trip__proto__rand__exact,25,7,-0.0002638338629679,0.8056709379502227,1.004060446668935
Corn_Starch,proto,rand,both,trip__proto__rand__exact,25,8,-0.0757024874941105,0.835500090612388,0.9682133262649418
Corn_Starch,proto,rand,both,trip__proto__rand__exact,25,9,-0.0684052056016106,0.8326613620232808,0.9715141817807356
Diesel_TOTAL,proto,rand,both,trip__proto__rand__exact,5,0,0.315847818436153,5.605983937917213,1.212057222962717
Diesel_TOTAL,proto,rand,both,trip__proto__rand__exact,5,1,-0.0563727669519031,6.9660099325226605,0.9754182652026284
Diesel_TOTAL,proto,rand,both,trip__proto__rand__exact,5,2,0.3797392562577574,5.337804196957948,1.2729528984292682
Diesel_TOTAL,proto,rand,both,trip__proto__rand__exact,5,3,0.279528676017802,5.752860472278499,1.1811121365636683
Diesel_TOTAL,proto,rand,both,trip__proto__rand__exact,5,4,0.1285809077894726,6.326871681966684,1.07395465963574
Diesel_TOTAL,proto,rand,both,trip__proto__rand__exact,5,5,0.5769413625728654,4.408347018280174,1.541342660999581
Diesel_TOTAL,proto,rand,both,trip__proto__rand__exact,5,6,-0.0611681207491832,6.981802964827679,0.9732118419834606
Diesel_TOTAL,proto,rand,both,trip__proto__rand__exact,5,7,0.5636619977734354,4.476999134983557,1.5177070888110609
Diesel_TOTAL,proto,rand,both,trip__proto__rand__exact,5,8,0.1462160668835429,6.26252510595257,1.0849893946623952
Diesel_TOTAL,proto,rand,both,trip__proto__rand__exact,5,9,0.4211590774140225,5.156500979193463,1.3177100811543556
Diesel_TOTAL,proto,rand,both,trip__proto__rand__exact,10,0,0.1432257626668697,6.273482495674477,1.0830943305333969
Diesel_TOTAL,proto,rand,both,trip__proto__rand__exact,10,1,0.7485161051910703,3.398838898241308,1.9991454514897464
Diesel_TOTAL,proto,rand,both,trip__proto__rand__exact,10,2,0.6550520293434747,3.980634367011589,1.706957408616914
Diesel_TOTAL,proto,rand,both,trip__proto__rand__exact,10,3,0.2496514363744865,5.870931575419033,1.157358629798127
Diesel_TOTAL,proto,rand,both,trip__proto__rand__exact,10,4,0.3600704583438784,5.4217759990190455,1.2532375599794054
Diesel_TOTAL,proto,rand,both,trip__proto__rand__exact,10,5,0.3484908572020792,5.470609916226294,1.2420504162820414
Diesel_TOTAL,proto,rand,both,trip__proto__rand__exact,10,6,0.4650385275641303,4.95720345607015,1.3706867962914164
Diesel_TOTAL,proto,rand,both,trip__proto__rand__exact,10,7,0.2915086087162065,5.704830953149187,1.191056032960043
Diesel_TOTAL,proto,rand,both,trip__proto__rand__exact,10,8,0.296201658497692,5.685905148512005,1.1950205193879668
Diesel_TOTAL,proto,rand,both,trip__proto__rand__exact,10,9,0.4502618254993874,5.025201017195784,1.3521396060604205
Diesel_TOTAL,proto,rand,both,trip__proto__rand__exact,25,0,0.4935161462572429,4.82345569259529,1.4086940477542902
Diesel_TOTAL,proto,rand,both,trip__proto__rand__exact,25,1,0.7830995771254431,3.1564992494240904,2.152629475519518
Diesel_TOTAL,proto,rand,both,trip__proto__rand__exact,25,2,0.7492296151056769,3.3940138818618517,2.0019874874637016
Diesel_TOTAL,proto,rand,both,trip__proto__rand__exact,25,3,0.6223730580558202,4.164923001507841,1.6314283172355402
Diesel_TOTAL,proto,rand,both,trip__proto__rand__exact,25,4,0.7378329669647112,3.470280106221692,1.95798987856442
Diesel_TOTAL,proto,rand,both,trip__proto__rand__exact,25,5,0.6220064613064136,4.166944145501808,1.6306370055620856
Diesel_TOTAL,proto,rand,both,trip__proto__rand__exact,25,6,0.650451985157242,4.007088285341129,1.6956884500454883
Diesel_TOTAL,proto,rand,both,trip__proto__rand__exact,25,7,0.7532990069964833,3.3663629614668618,2.0184315837424647
Diesel_TOTAL,proto,rand,both,trip__proto__rand__exact,25,8,0.7078484967612535,3.663359617007683,1.854792877068307
Diesel_TOTAL,proto,rand,both,trip__proto__rand__exact,25,9,0.7791884423128392,3.184830999145139,2.1334800262837685
Diesel_VISC,proto,rand,both,trip__proto__rand__exact,5,0,0.3509437682421269,0.4406799573867112,1.2443951793347303
Diesel_VISC,proto,rand,both,trip__proto__rand__exact,5,1,0.2654493508754019,0.4688058368060247,1.169738027021106
Diesel_VISC,proto,rand,both,trip__proto__rand__exact,5,2,-0.5589046011678376,0.6829547126665119,0.802952237433689
Diesel_VISC,proto,rand,both,trip__proto__rand__exact,5,3,0.2616695202213076,0.4700104732292112,1.166739989502379
Diesel_VISC,proto,rand,both,trip__proto__rand__exact,5,4,0.2017031337905096,0.4887247677999814,1.1220630725756289
Diesel_VISC,proto,rand,both,trip__proto__rand__exact,5,5,-0.4912204455423294,0.6679640072802299,0.8209724006452296
Diesel_VISC,proto,rand,both,trip__proto__rand__exact,5,6,-0.0917268971620381,0.5715301449290533,0.959494471931189
Diesel_VISC,proto,rand,both,trip__proto__rand__exact,5,7,0.1958743741124395,0.4905057332345422,1.117989000832417
Diesel_VISC,proto,rand,both,trip__proto__rand__exact,5,8,-0.5294187558896042,0.6764650176601482,0.8106553927921822
Diesel_VISC,proto,rand,both,trip__proto__rand__exact,5,9,0.5771721255608908,0.3556836824598948,1.5417632060286897
Diesel_VISC,proto,rand,both,trip__proto__rand__exact,10,0,0.5459425999917457,0.3685848800090899,1.4877984538810545
Diesel_VISC,proto,rand,both,trip__proto__rand__exact,10,1,0.565808961212673,0.360431355122068,1.5214547980037336
Diesel_VISC,proto,rand,both,trip__proto__rand__exact,10,2,0.5168998273079395,0.3801900380956098,1.4423839649989771
Diesel_VISC,proto,rand,both,trip__proto__rand__exact,10,3,0.1875931302000235,0.4930249870230354,1.112276312632074
Diesel_VISC,proto,rand,both,trip__proto__rand__exact,10,4,-0.4861538250959507,0.6668282933518941,0.8223706463397925
Diesel_VISC,proto,rand,both,trip__proto__rand__exact,10,5,0.3071199108139572,0.455314181668405,1.204399152673067
Diesel_VISC,proto,rand,both,trip__proto__rand__exact,10,6,0.1716868754397357,0.4978281015258144,1.1015449166503557
Diesel_VISC,proto,rand,both,trip__proto__rand__exact,10,7,0.0795244770068926,0.5247932723615341,1.044944825862163
Diesel_VISC,proto,rand,both,trip__proto__rand__exact,10,8,-0.3307645292036085,0.631004919253421,0.8690582242215775
Diesel_VISC,proto,rand,both,trip__proto__rand__exact,10,9,0.0470228295397697,0.533978025524855,1.0269711268782025
Diesel_VISC,proto,rand,both,trip__proto__rand__exact,25,0,0.6771075523145478,0.3108215202859083,1.764292298992142
Diesel_VISC,proto,rand,both,trip__proto__rand__exact,25,1,0.6617344656698765,0.3181346781260962,1.723735424982816
Diesel_VISC,proto,rand,both,trip__proto__rand__exact,25,2,0.5726560720242286,0.357578094320588,1.5335951035910094
Diesel_VISC,proto,rand,both,trip__proto__rand__exact,25,3,0.6684219548181864,0.3149742280029265,1.7410313792287877
Diesel_VISC,proto,rand,both,trip__proto__rand__exact,25,4,0.5670256869459478,0.3599259856771142,1.5235910615617618
Diesel_VISC,proto,rand,both,trip__proto__rand__exact,25,5,0.6344742312557857,0.330705285678158,1.6582136371873435
Diesel_VISC,proto,rand,both,trip__proto__rand__exact,25,6,0.6228756200763949,0.3359111666641497,1.6325149891481237
Diesel_VISC,proto,rand,both,trip__proto__rand__exact,25,7,0.6224198771869244,0.3361140743929143,1.6315294609186957
Diesel_VISC,proto,rand,both,trip__proto__rand__exact,25,8,0.4168953880562822,0.4176912474897646,1.3128836620281246
Diesel_VISC,proto,rand,both,trip__proto__rand__exact,25,9,0.6480273990143466,0.3245163372131251,1.6898379271466724
Melamine_R862,proto,rand,both,trip__proto__rand__exact,5,0,0.8370576766279061,6.585491185174815,2.482590665215718
Melamine_R862,proto,rand,both,trip__proto__rand__exact,5,1,-0.0528184788880128,16.73971154261486,0.9766643170973992
Melamine_R862,proto,rand,both,trip__proto__rand__exact,5,2,0.8083630048590449,7.141852832985822,2.289192920171147
Melamine_R862,proto,rand,both,trip__proto__rand__exact,5,3,0.7381811966056628,8.347792346082713,1.9584913309262375
Melamine_R862,proto,rand,both,trip__proto__rand__exact,5,4,0.7848498247822574,7.567319531959293,2.160484815412885
Melamine_R862,proto,rand,both,trip__proto__rand__exact,5,5,0.7207111685588579,8.62180120418181,1.8962486555878415
Melamine_R862,proto,rand,both,trip__proto__rand__exact,5,6,0.3565525447378369,13.08662821000314,1.249296509369656
Melamine_R862,proto,rand,both,trip__proto__rand__exact,5,7,0.7049534898701175,8.861688124416132,1.8449169856395256
Melamine_R862,proto,rand,both,trip__proto__rand__exact,5,8,0.9170574868379436,4.698506323405192,3.479633274245883
Melamine_R862,proto,rand,both,trip__proto__rand__exact,5,9,0.5368160852175294,11.103194688631984,1.472466204606356
Melamine_R862,proto,rand,both,trip__proto__rand__exact,10,0,0.9059461424201826,5.003334362126067,3.267636691629815
Melamine_R862,proto,rand,both,trip__proto__rand__exact,10,1,0.8395022538639128,6.5359043744958685,2.501425664361321
Melamine_R862,proto,rand,both,trip__proto__rand__exact,10,2,0.8955286466392062,5.27314642331482,3.1004409188960067
Melamine_R862,proto,rand,both,trip__proto__rand__exact,10,3,0.7681421887393876,7.855649289281586,2.0811874792427942
Melamine_R862,proto,rand,both,trip__proto__rand__exact,10,4,0.9279447259777712,4.3792940545320285,3.733268133766016
Melamine_R862,proto,rand,both,trip__proto__rand__exact,10,5,0.7361295823442844,8.38043520761232,1.9508627579776283
Melamine_R862,proto,rand,both,trip__proto__rand__exact,10,6,0.8843858291485647,5.547237432836095,2.947247010809256
Melamine_R862,proto,rand,both,trip__proto__rand__exact,10,7,0.757733353702284,8.030046019602171,2.035988200100672
Melamine_R862,proto,rand,both,trip__proto__rand__exact,10,8,0.8701001394213908,5.8799761289612125,2.7804668902735337
Melamine_R862,proto,rand,both,trip__proto__rand__exact,10,9,0.9075206632372884,4.961278122950401,3.295336108360083
Melamine_R862,proto,rand,both,trip__proto__rand__exact,25,0,0.9119538683889472,4.84090277453731,3.3772789299074546
Melamine_R862,proto,rand,both,trip__proto__rand__exact,25,1,0.9207149422475736,4.593745107944365,3.558986961183698
Melamine_R862,proto,rand,both,trip__proto__rand__exact,25,2,0.8899494354138129,5.412119259165062,3.02082754634228
Melamine_R862,proto,rand,both,trip__proto__rand__exact,25,3,0.8621253604776826,6.05777886238115,2.698857009076922
Melamine_R862,proto,rand,both,trip__proto__rand__exact,25,4,0.8942426901658383,5.305501211318068,3.0815333539644447
Melamine_R862,proto,rand,both,trip__proto__rand__exact,25,5,0.8954633307035099,5.274794562566182,3.0994721686794158
Melamine_R862,proto,rand,both,trip__proto__rand__exact,25,6,0.916791769861654,4.706026439046111,3.474072905015228
Melamine_R862,proto,rand,both,trip__proto__rand__exact,25,7,0.8924088654700308,5.351302037307781,3.055159067493142
Melamine_R862,proto,rand,both,trip__proto__rand__exact,25,8,0.9379528623480006,4.063797850203042,4.023103398550824
Melamine_R862,proto,rand,both,trip__proto__rand__exact,25,9,0.926692219088052,4.41719179836761,3.7012381821901545
Shootout_assay,proto,rand,both,trip__proto__rand__exact,5,0,-2.344572424583335,28.795635151891265,0.547098917656436
Shootout_assay,proto,rand,both,trip__proto__rand__exact,5,1,-0.0118200234002001,15.838279207947982,0.9946826052241592
Shootout_assay,proto,rand,both,trip__proto__rand__exact,5,2,-0.6282414609481151,20.091657424567924,0.7841095680620848
Shootout_assay,proto,rand,both,trip__proto__rand__exact,5,3,-0.2590076231929383,17.66731448801464,0.8917065938638697
Shootout_assay,proto,rand,both,trip__proto__rand__exact,5,4,-0.4752916179700452,19.124729331625,0.8237534007228083
Shootout_assay,proto,rand,both,trip__proto__rand__exact,5,5,-0.5824416498337861,19.807068906196104,0.7953756762011921
Shootout_assay,proto,rand,both,trip__proto__rand__exact,5,6,-1.5543087430323057,25.16477518454451,0.6260362236220186
Shootout_assay,proto,rand,both,trip__proto__rand__exact,5,7,-0.2267439525468761,17.439471628731336,0.9033565442931591
Shootout_assay,proto,rand,both,trip__proto__rand__exact,5,8,-0.407165719879998,18.677940313974897,0.8434581415297752
Shootout_assay,proto,rand,both,trip__proto__rand__exact,5,9,-1.1285872177884837,22.97217335085988,0.6857888709184601
Shootout_assay,proto,rand,both,trip__proto__rand__exact,10,0,-0.7488321666852782,20.822382799625977,0.7565926040468488
Shootout_assay,proto,rand,both,trip__proto__rand__exact,10,1,-0.3899971360538479,18.563647479265637,0.8486511523355298
Shootout_assay,proto,rand,both,trip__proto__rand__exact,10,2,-0.2095464437218324,17.316799731663412,0.9097559057649294
Shootout_assay,proto,rand,both,trip__proto__rand__exact,10,3,-0.310019118836083,18.021675973651128,0.8741729042217162
Shootout_assay,proto,rand,both,trip__proto__rand__exact,10,4,-1.4532632431024273,24.662008089963503,0.638798785863696
Shootout_assay,proto,rand,both,trip__proto__rand__exact,10,5,-1.142530879326705,23.04729203696172,0.6835536599945891
Shootout_assay,proto,rand,both,trip__proto__rand__exact,10,6,-0.1539959490250975,16.91447420475657,0.9313952437492314
Shootout_assay,proto,rand,both,trip__proto__rand__exact,10,7,-0.2563114543298528,17.648387043967915,0.8926629263955287
Shootout_assay,proto,rand,both,trip__proto__rand__exact,10,8,-0.319843812684736,18.08912793600389,0.8709132292371634
Shootout_assay,proto,rand,both,trip__proto__rand__exact,10,9,-0.148916281856267,16.87720602424944,0.933451947093236
Shootout_assay,proto,rand,both,trip__proto__rand__exact,25,0,0.0126991053165514,15.645200212473524,1.006958083685565
Shootout_assay,proto,rand,both,trip__proto__rand__exact,25,1,0.30769169283903,13.101050821100385,1.2025036037152108
Shootout_assay,proto,rand,both,trip__proto__rand__exact,25,2,0.2667706563388734,13.482681595470128,1.168466429565639
Shootout_assay,proto,rand,both,trip__proto__rand__exact,25,3,-0.120752295403304,16.669062633150634,0.9451077826954954
Shootout_assay,proto,rand,both,trip__proto__rand__exact,25,4,0.0602833137548224,15.26352453774236,1.032137812329912
Shootout_assay,proto,rand,both,trip__proto__rand__exact,25,5,0.2401345194436306,13.725390764956703,1.1478041750951218
Shootout_assay,proto,rand,both,trip__proto__rand__exact,25,6,0.1031812946161442,14.911065876561793,1.056534855069792
Shootout_assay,proto,rand,both,trip__proto__rand__exact,25,7,-0.0978438989321492,16.497823622805484,0.9549175203359536
Shootout_assay,proto,rand,both,trip__proto__rand__exact,25,8,0.0404557461957844,15.423710479482985,1.0214183445537173
Shootout_assay,proto,rand,both,trip__proto__rand__exact,25,9,0.177013541000763,14.284094171587313,1.1029093364678282
Wheat,proto,rand,both,trip__proto__rand__exact,5,0,-1.5144826510328122,2.7603819717219285,0.633571549651105
Wheat,proto,rand,both,trip__proto__rand__exact,5,1,-0.1023445342984061,1.8276942146420123,0.9568884496334576
Wheat,proto,rand,both,trip__proto__rand__exact,5,2,-1.420553829907878,2.708334070807662,0.6457473257467418
Wheat,proto,rand,both,trip__proto__rand__exact,5,3,-1.8035528467434645,2.914736060807212,0.6000198463831032
Wheat,proto,rand,both,trip__proto__rand__exact,5,4,-0.5468584784990718,2.165061072930077,0.8077829791129025
Wheat,proto,rand,both,trip__proto__rand__exact,5,5,-5.017766625882189,4.270340755324264,0.40954565072408
Wheat,proto,rand,both,trip__proto__rand__exact,5,6,-0.3586156303318577,2.0290519381225094,0.8619293821877715
Wheat,proto,rand,both,trip__proto__rand__exact,5,7,-1.6452036186320007,2.831225196505751,0.6177182534301038
Wheat,proto,rand,both,trip__proto__rand__exact,5,8,-2.1104744405805747,3.07013999361367,0.5696481225907599
Wheat,proto,rand,both,trip__proto__rand__exact,5,9,-1.9872063976558096,3.0086902312261845,0.5812826675546705
Wheat,proto,rand,both,trip__proto__rand__exact,10,0,0.2136927408308387,1.5436221547113658,1.132984181468847
Wheat,proto,rand,both,trip__proto__rand__exact,10,1,-0.4233954769477954,2.076862053172989,0.8420874563050063
Wheat,proto,rand,both,trip__proto__rand__exact,10,2,0.0180041503945252,1.7250420528199897,1.0138300574144523
Wheat,proto,rand,both,trip__proto__rand__exact,10,3,-0.6723668177805022,2.251182124239265,0.7768804951948679
Wheat,proto,rand,both,trip__proto__rand__exact,10,4,0.0024674372526927,1.7386349328709318,1.0059037986571189
Wheat,proto,rand,both,trip__proto__rand__exact,10,5,-3.4166410091207258,3.6583976625407737,0.4780506781316431
Wheat,proto,rand,both,trip__proto__rand__exact,10,6,-1.0357391793829374,2.4837388363863724,0.7041398466826464
Wheat,proto,rand,both,trip__proto__rand__exact,10,7,-3.4153618898682145,3.6578678633408215,0.4781199181578751
Wheat,proto,rand,both,trip__proto__rand__exact,10,8,-0.0551828332674324,1.7881696485335474,0.97803890413143
Wheat,proto,rand,both,trip__proto__rand__exact,10,9,-0.1810209627979828,1.891793215901163,0.924466516082594
Wheat,proto,rand,both,trip__proto__rand__exact,25,0,-0.1469462007776065,1.864302509433189,0.9380985513904389
Wheat,proto,rand,both,trip__proto__rand__exact,25,1,-0.9286440346664606,2.4175245872692788,0.7234257275655297
Wheat,proto,rand,both,trip__proto__rand__exact,25,2,-0.6740731887479314,2.2523303090793028,0.7764844598516023
Wheat,proto,rand,both,trip__proto__rand__exact,25,3,0.1272139414985184,1.6262928805415038,1.0753902352880662
Wheat,proto,rand,both,trip__proto__rand__exact,25,4,0.1484037549515888,1.6064297171322033,1.0886872079128171
Wheat,proto,rand,both,trip__proto__rand__exact,25,5,-1.2422439297413388,2.606671412614894,0.6709320841089128
Wheat,proto,rand,both,trip__proto__rand__exact,25,6,-0.5756889024969389,2.18514418453318,0.8003588485518903
Wheat,proto,rand,both,trip__proto__rand__exact,25,7,0.1150176126337456,1.63761638278751,1.0679543156962692
Wheat,proto,rand,both,trip__proto__rand__exact,25,8,-1.3061273751697189,2.643543773710064,0.6615738694571921
Wheat,proto,rand,both,trip__proto__rand__exact,25,9,0.182521451459265,1.5739214101825216,1.111173322974253
