task,method,init,variant,tag,shot,rep,r2,rmse,rpd
CGL_Glucose,anil,mae,both,trip__anil__mae,5,0,0.0094297640722862,16.0057487136233,1.0117018511404456
CGL_Glucose,anil,mae,both,trip__anil__mae,5,1,-3.30376737943973,33.362435857640975,0.485367605397818
CGL_Glucose,anil,mae,both,trip__anil__mae,5,2,0.4243647090793897,12.2013268991331,1.3271544756015028
CGL_Glucose,anil,mae,both,trip__anil__mae,5,3,0.3858582892314707,12.602817702270633,1.2848750164452527
CGL_Glucose,anil,mae,both,trip__anil__mae,5,4,0.4187261161281673,12.26093986923984,1.3207018201831735
CGL_Glucose,anil,mae,both,trip__anil__mae,5,5,0.3866950134028278,12.59422955706514,1.2857511870090923
CGL_Glucose,anil,mae,both,trip__anil__mae,5,6,0.4609766739401908,11.806934035059609,1.3714860737239436
CGL_Glucose,anil,mae,both,trip__anil__mae,5,7,0.5053563692163026,11.31044175828153,1.4316899329422668
CGL_Glucose,anil,mae,both,trip__anil__mae,5,8,-8.17331446364854,48.70757386774897,0.332454366264042
CGL_Glucose,anil,mae,both,trip__anil__mae,5,9,0.2054184083456603,14.33516205136045,1.1296032472074309
CGL_Glucose,anil,mae,both,trip__anil__mae,10,0,0.2573793922881895,13.858520080623888,1.1684541717482229
CGL_Glucose,anil,mae,both,trip__anil__mae,10,1,0.5768181815745952,10.461569806273792,1.5478600154969615
CGL_Glucose,anil,mae,both,trip__anil__mae,10,2,0.6745325691582452,9.174599709587124,1.7649866059595334
CGL_Glucose,anil,mae,both,trip__anil__mae,10,3,0.2422542302819393,13.998938878233922,1.1567337884187106
CGL_Glucose,anil,mae,both,trip__anil__mae,10,4,0.7060521056326129,8.719037265629902,1.857205687868068
CGL_Glucose,anil,mae,both,trip__anil__mae,10,5,0.6869406960982658,8.998014003226137,1.7996244056361397
CGL_Glucose,anil,mae,both,trip__anil__mae,10,6,0.6097319207214351,10.046501943457915,1.6118093335965649
CGL_Glucose,anil,mae,both,trip__anil__mae,10,7,0.4882319899154642,11.50455764991447,1.4075330921203983
CGL_Glucose,anil,mae,both,trip__anil__mae,10,8,0.6509261497505422,9.50149655468765,1.704262640023009
CGL_Glucose,anil,mae,both,trip__anil__mae,10,9,0.7648755221030927,7.797982912227346,2.076568490175912
CGL_Glucose,anil,mae,both,trip__anil__mae,25,0,0.8064310651887985,7.075403094220392,2.288639302499802
CGL_Glucose,anil,mae,both,trip__anil__mae,25,1,0.8615835523209873,5.983113020971231,2.706458251031484
CGL_Glucose,anil,mae,both,trip__anil__mae,25,2,0.7579946704123308,7.911262999050778,2.0468344440583506
CGL_Glucose,anil,mae,both,trip__anil__mae,25,3,0.7989545427985775,7.210750840022371,2.245680923071704
CGL_Glucose,anil,mae,both,trip__anil__mae,25,4,0.8228014470448571,6.769606774445214,2.392021596230537
CGL_Glucose,anil,mae,both,trip__anil__mae,25,5,0.7924440097968368,7.326574887515985,2.210179497387437
CGL_Glucose,anil,mae,both,trip__anil__mae,25,6,0.8292325978596521,6.6456251785725895,2.436647443595306
CGL_Glucose,anil,mae,both,trip__anil__mae,25,7,0.84108456827228,6.410861479708838,2.525876694374769
CGL_Glucose,anil,mae,both,trip__anil__mae,25,8,0.8327763148711623,6.576309618543748,2.462330173263234
CGL_Glucose,anil,mae,both,trip__anil__mae,25,9,0.836847137970857,6.495770990518997,2.4928596814906667
Corn_Starch,anil,mae,both,trip__anil__mae,5,0,-2.041588975054676,1.404917031981667,0.5757936614131932
Corn_Starch,anil,mae,both,trip__anil__mae,5,1,-5.921112273737585,2.119280109475964,0.3817061832503624
Corn_Starch,anil,mae,both,trip__anil__mae,5,2,0.0321268614553431,0.7925189096963744,1.0207230539601864
Corn_Starch,anil,mae,both,trip__anil__mae,5,3,0.1739438423843045,0.7321586561635188,1.104872987591658
Corn_Starch,anil,mae,both,trip__anil__mae,5,4,-0.3674549172215884,0.9420130592260002,0.8587379059172953
Corn_Starch,anil,mae,both,trip__anil__mae,5,5,-7.067860443394592,2.2881242480399995,0.3535395084071234
Corn_Starch,anil,mae,both,trip__anil__mae,5,6,-1.1667677883614087,1.1857867690541153,0.682198809210666
Corn_Starch,anil,mae,both,trip__anil__mae,5,7,-0.1956667971230767,0.8808571817423264,0.9183580932227864
Corn_Starch,anil,mae,both,trip__anil__mae,5,8,-1.2324455456090109,1.2036240363583035,0.67208887276298
Corn_Starch,anil,mae,both,trip__anil__mae,5,9,-1.126268124289954,1.1746525590402108,0.6886651849526074
Corn_Starch,anil,mae,both,trip__anil__mae,10,0,0.1822734497166106,0.7284579113768136,1.1104860132516758
Corn_Starch,anil,mae,both,trip__anil__mae,10,1,0.1178342120745439,0.7566159989353046,1.0691583616587652
Corn_Starch,anil,mae,both,trip__anil__mae,10,2,0.1010420357245159,0.7637832097908295,1.05912556266852
Corn_Starch,anil,mae,both,trip__anil__mae,10,3,0.0185535206547671,0.7980566588062098,1.0136402132607405
Corn_Starch,anil,mae,both,trip__anil__mae,10,4,-0.9618609358705548,1.1283258156088962,0.7169403647739266
Corn_Starch,anil,mae,both,trip__anil__mae,10,5,0.0108399764985204,0.8011866294407907,1.0096802568848446
Corn_Starch,anil,mae,both,trip__anil__mae,10,6,0.0041742577767238,0.8038816017941401,1.0062953549640214
Corn_Starch,anil,mae,both,trip__anil__mae,10,7,0.0681092599497904,0.7776477379071736,1.040242621940273
Corn_Starch,anil,mae,both,trip__anil__mae,10,8,0.0631461554736667,0.7797158031889234,1.0374835530048574
Corn_Starch,anil,mae,both,trip__anil__mae,10,9,-0.4698114303499081,0.9766326183571788,0.828297464800249
Corn_Starch,anil,mae,both,trip__anil__mae,25,0,0.3890483731292645,0.6296566981920554,1.2847355140494987
Corn_Starch,anil,mae,both,trip__anil__mae,25,1,0.2514237801877864,0.6969769702214399,1.1606442628505609
Corn_Starch,anil,mae,both,trip__anil__mae,25,2,0.4896337965098535,0.575494753443928,1.4056467361092944
Corn_Starch,anil,mae,both,trip__anil__mae,25,3,0.1615898507191147,0.7376131971257042,1.0967026145664531
Corn_Starch,anil,mae,both,trip__anil__mae,25,4,0.5328739103657818,0.550576254269541,1.4692648212729735
Corn_Starch,anil,mae,both,trip__anil__mae,25,5,0.3798406216487535,0.6343837834584901,1.2751623590003265
Corn_Starch,anil,mae,both,trip__anil__mae,25,6,0.3199396627627008,0.6643151213745353,1.217708728581545
Corn_Starch,anil,mae,both,trip__anil__mae,25,7,0.3241265050065139,0.6622670113487118,1.2214745834600205
Corn_Starch,anil,mae,both,trip__anil__mae,25,8,0.1779754290161407,0.7303698120432768,1.1075790763632327
Corn_Starch,anil,mae,both,trip__anil__mae,25,9,0.3043294666996622,0.6718962527605489,1.2039690927027271
Diesel_TOTAL,anil,mae,both,trip__anil__mae,5,0,-0.6979034152403407,8.831449338947877,0.7693837175512823
Diesel_TOTAL,anil,mae,both,trip__anil__mae,5,1,0.1236300058379351,6.344819048930884,1.0709168017818358
Diesel_TOTAL,anil,mae,both,trip__anil__mae,5,2,0.6061101476786168,4.253661115689869,1.597394136242454
Diesel_TOTAL,anil,mae,both,trip__anil__mae,5,3,0.4885761451424907,4.84692145219254,1.4018740329888917
Diesel_TOTAL,anil,mae,both,trip__anil__mae,5,4,0.3777596985245105,5.346315193654969,1.2709264376761025
Diesel_TOTAL,anil,mae,both,trip__anil__mae,5,5,0.4290791526985519,5.121102186770166,1.326818539438467
Diesel_TOTAL,anil,mae,both,trip__anil__mae,5,6,0.4983446383537543,4.800408766504282,1.4154572358873452
Diesel_TOTAL,anil,mae,both,trip__anil__mae,5,7,0.0264997367946898,6.6871879195603965,1.0160882878572086
Diesel_TOTAL,anil,mae,both,trip__anil__mae,5,8,0.4057837920604928,5.224536141120808,1.3005505446284202
Diesel_TOTAL,anil,mae,both,trip__anil__mae,5,9,0.6870387341690405,3.791584907502212,1.7920667714234928
Diesel_TOTAL,anil,mae,both,trip__anil__mae,10,0,0.5575115894998419,4.508441524785801,1.507122424991052
Diesel_TOTAL,anil,mae,both,trip__anil__mae,10,1,0.7243702873908973,3.558266788993642,1.9095738815265304
Diesel_TOTAL,anil,mae,both,trip__anil__mae,10,2,0.7307283846483321,3.516987128338798,1.9319869751627303
Diesel_TOTAL,anil,mae,both,trip__anil__mae,10,3,0.5523219762451501,4.534802515332499,1.4983614613407985
Diesel_TOTAL,anil,mae,both,trip__anil__mae,10,4,0.5880660837668178,4.350000094410664,1.5620168221366637
Diesel_TOTAL,anil,mae,both,trip__anil__mae,10,5,0.4926479908806775,4.827587824413469,1.40748828833395
Diesel_TOTAL,anil,mae,both,trip__anil__mae,10,6,0.8086216937279171,2.964980519941085,2.2916755365059007
Diesel_TOTAL,anil,mae,both,trip__anil__mae,10,7,0.6954553757416817,3.7402528278036846,1.816661503002056
Diesel_TOTAL,anil,mae,both,trip__anil__mae,10,8,0.7360222577341581,3.482243577756949,1.9512630785415404
Diesel_TOTAL,anil,mae,both,trip__anil__mae,10,9,0.7184693848222297,3.596154200425773,1.8894554974759012
Diesel_TOTAL,anil,mae,both,trip__anil__mae,25,0,0.7697945787015184,3.2518706666943737,2.0894967912954017
Diesel_TOTAL,anil,mae,both,trip__anil__mae,25,1,0.8490099036472131,2.6335994459055314,2.5800329409733878
Diesel_TOTAL,anil,mae,both,trip__anil__mae,25,2,0.7593831963275914,3.3245928590653,2.0437911082068148
Diesel_TOTAL,anil,mae,both,trip__anil__mae,25,3,0.7891334051757726,3.1122851710501447,2.183210390541701
Diesel_TOTAL,anil,mae,both,trip__anil__mae,25,4,0.8263351916647618,2.824433810754769,2.405711650204957
Diesel_TOTAL,anil,mae,both,trip__anil__mae,25,5,0.7734676076402127,3.225823837037252,2.106368378133807
Diesel_TOTAL,anil,mae,both,trip__anil__mae,25,6,0.7196943624816934,3.588321995533307,1.8935795985487285
Diesel_TOTAL,anil,mae,both,trip__anil__mae,25,7,0.7333790037535582,3.4996343004001096,1.9415666725488123
Diesel_TOTAL,anil,mae,both,trip__anil__mae,25,8,0.7585780126294422,3.330150808917041,2.040380064942218
Diesel_TOTAL,anil,mae,both,trip__anil__mae,25,9,0.7492966124346808,3.393560468962788,2.0022549725899816
Diesel_VISC,anil,mae,both,trip__anil__mae,5,0,0.5235031754620441,0.3775827473387181,1.452343939087669
Diesel_VISC,anil,mae,both,trip__anil__mae,5,1,0.1602655802564454,0.5012485324757079,1.0940281698042362
Diesel_VISC,anil,mae,both,trip__anil__mae,5,2,0.5322667897783224,0.3740944285576333,1.4658866124144214
Diesel_VISC,anil,mae,both,trip__anil__mae,5,3,-0.2520598201303612,0.6120609558030935,0.8959565373385417
Diesel_VISC,anil,mae,both,trip__anil__mae,5,4,0.2888903231184698,0.4612649242884783,1.1888612936423868
Diesel_VISC,anil,mae,both,trip__anil__mae,5,5,0.1214722492031271,0.5126959407882542,1.0696008510587007
Diesel_VISC,anil,mae,both,trip__anil__mae,5,6,0.3160866216074977,0.4523584282146117,1.212268812511858
Diesel_VISC,anil,mae,both,trip__anil__mae,5,7,0.2201518624412608,0.4830445165112496,1.1352577161253972
Diesel_VISC,anil,mae,both,trip__anil__mae,5,8,-0.0014897094690595,0.5474007427188565,1.0017889487649168
Diesel_VISC,anil,mae,both,trip__anil__mae,5,9,0.1995700663740905,0.4893772740706521,1.1205669810533283
Diesel_VISC,anil,mae,both,trip__anil__mae,10,0,0.6879440530414624,0.3055613136759917,1.794664409588656
Diesel_VISC,anil,mae,both,trip__anil__mae,10,1,0.3765553454124934,0.4318978971811072,1.269698274014764
Diesel_VISC,anil,mae,both,trip__anil__mae,10,2,0.5615892837273526,0.3621785430726015,1.5141151376588613
Diesel_VISC,anil,mae,both,trip__anil__mae,10,3,0.5776770939935783,0.3554712287644845,1.542684668200767
Diesel_VISC,anil,mae,both,trip__anil__mae,10,4,0.0776411144109415,0.5253298813960047,1.0438774454333344
Diesel_VISC,anil,mae,both,trip__anil__mae,10,5,0.6815110331153909,0.3086948134871547,1.776447127202145
Diesel_VISC,anil,mae,both,trip__anil__mae,10,6,0.5527683024979768,0.3658039788721164,1.499108938870152
Diesel_VISC,anil,mae,both,trip__anil__mae,10,7,0.4372800153391727,0.4103253100275457,1.3364518376033014
Diesel_VISC,anil,mae,both,trip__anil__mae,10,8,0.4947567483080424,0.3888054979718402,1.4104224797797873
Diesel_VISC,anil,mae,both,trip__anil__mae,10,9,0.051289177356248,0.5327814116379912,1.0292776786553235
Diesel_VISC,anil,mae,both,trip__anil__mae,25,0,0.6432830561720373,0.3266961421112286,1.6785628720854429
Diesel_VISC,anil,mae,both,trip__anil__mae,25,1,0.6500570510605848,0.3235793217629188,1.6947313308334542
Diesel_VISC,anil,mae,both,trip__anil__mae,25,2,0.6104052094053203,0.3414198029171708,1.6061751835012807
Diesel_VISC,anil,mae,both,trip__anil__mae,25,3,0.6800670466711711,0.3093938126213022,1.7724336823525124
Diesel_VISC,anil,mae,both,trip__anil__mae,25,4,0.6864412357639473,0.3062961999829446,1.7903585308338568
Diesel_VISC,anil,mae,both,trip__anil__mae,25,5,0.6602162278107357,0.3188478210706931,1.7198800755796109
Diesel_VISC,anil,mae,both,trip__anil__mae,25,6,0.6822334633384768,0.3083445076779071,1.7784653235149852
Diesel_VISC,anil,mae,both,trip__anil__mae,25,7,0.6676917856659388,0.3153208402035848,1.7391175738571545
Diesel_VISC,anil,mae,both,trip__anil__mae,25,8,0.5238212650958392,0.377456696961624,1.4528289443946776
Diesel_VISC,anil,mae,both,trip__anil__mae,25,9,0.7339737619796556,0.2821268196721103,1.9437358533966709
Melamine_R862,anil,mae,both,trip__anil__mae,5,0,0.8628768837405199,6.041246516542414,2.706242643369644
Melamine_R862,anil,mae,both,trip__anil__mae,5,1,0.763491622925399,7.934041805070866,2.0606242497646337
Melamine_R862,anil,mae,both,trip__anil__mae,5,2,0.7325857632511185,8.436522767436292,1.9378930624451551
Melamine_R862,anil,mae,both,trip__anil__mae,5,3,0.8603139532464796,6.097442784405215,2.681300919131165
Melamine_R862,anil,mae,both,trip__anil__mae,5,4,0.6770117966158677,9.271810586452434,1.7633102822510154
Melamine_R862,anil,mae,both,trip__anil__mae,5,5,0.5647525682849708,10.76314841945633,1.5189866668215302
Melamine_R862,anil,mae,both,trip__anil__mae,5,6,0.8076182201371891,7.155717548315367,2.2847574449084243
Melamine_R862,anil,mae,both,trip__anil__mae,5,7,0.8262154853527515,6.801062378404511,2.403900748519644
Melamine_R862,anil,mae,both,trip__anil__mae,5,8,0.882040701865753,5.6032153015316055,2.9178030938248027
Melamine_R862,anil,mae,both,trip__anil__mae,5,9,0.859666726949291,6.111552513295281,2.675110605138227
Melamine_R862,anil,mae,both,trip__anil__mae,10,0,0.778080756565787,7.685439392531978,2.127279665761461
Melamine_R862,anil,mae,both,trip__anil__mae,10,1,0.8152571035265077,7.012212921201198,2.3315149049089032
Melamine_R862,anil,mae,both,trip__anil__mae,10,2,0.8747575846100976,5.773603264497763,2.8316942112574432
Melamine_R862,anil,mae,both,trip__anil__mae,10,3,0.7987262150136298,7.31922043831647,2.2337186152485837
Melamine_R862,anil,mae,both,trip__anil__mae,10,4,0.8664671734131002,5.961633059625103,2.7423826288301454
Melamine_R862,anil,mae,both,trip__anil__mae,10,5,0.8480747157306789,6.358962286761251,2.571029392046027
Melamine_R862,anil,mae,both,trip__anil__mae,10,6,0.8849286175851403,5.5342004554738,2.9541898732643026
Melamine_R862,anil,mae,both,trip__anil__mae,10,7,0.8349339736435811,6.628268136162027,2.466568733539802
Melamine_R862,anil,mae,both,trip__anil__mae,10,8,0.8730067375543326,5.813819719941618,2.812106279473621
Melamine_R862,anil,mae,both,trip__anil__mae,10,9,0.8167113078713508,6.984560067246624,2.3407456997675085
Melamine_R862,anil,mae,both,trip__anil__mae,25,0,0.8962119841039156,5.255872548623728,3.110630783171572
Melamine_R862,anil,mae,both,trip__anil__mae,25,1,0.9230740451671988,4.524886273176325,3.613146929038476
Melamine_R862,anil,mae,both,trip__anil__mae,25,2,0.881384105824875,5.618788230390706,2.9097161650882417
Melamine_R862,anil,mae,both,trip__anil__mae,25,3,0.8867182647786215,5.490996500162542,2.977433866820246
Melamine_R862,anil,mae,both,trip__anil__mae,25,4,0.9012119727677964,5.1277090720426495,3.1883788086406883
Melamine_R862,anil,mae,both,trip__anil__mae,25,5,0.912457767812284,4.827030340605692,3.386984913818446
Melamine_R862,anil,mae,both,trip__anil__mae,25,6,0.889127585543399,5.432290333020111,3.0096106687814004
Melamine_R862,anil,mae,both,trip__anil__mae,25,7,0.8837296631010939,5.562956781421491,2.9389189210989604
Melamine_R862,anil,mae,both,trip__anil__mae,25,8,0.9160751763058844,4.726247267491336,3.459209393175357
Melamine_R862,anil,mae,both,trip__anil__mae,25,9,0.9092726851653996,4.914057674603503,3.327001843439808
Shootout_assay,anil,mae,both,trip__anil__mae,5,0,-0.4038101354741843,18.655656934853575,0.8444656159707078
Shootout_assay,anil,mae,both,trip__anil__mae,5,1,-0.7448114090019926,20.798432550424597,0.7574638515010459
Shootout_assay,anil,mae,both,trip__anil__mae,5,2,-1.0699447250154028,22.653522086734636,0.6954353837125635
Shootout_assay,anil,mae,both,trip__anil__mae,5,3,-0.7597943597662324,20.887541253118396,0.7542324218020319
Shootout_assay,anil,mae,both,trip__anil__mae,5,4,-3.236219038884414,32.40750254400697,0.486123878365403
Shootout_assay,anil,mae,both,trip__anil__mae,5,5,-1.144235914028831,23.056460777103712,0.6832818348457865
Shootout_assay,anil,mae,both,trip__anil__mae,5,6,-0.909870332572806,21.759970447327643,0.7239927491153417
Shootout_assay,anil,mae,both,trip__anil__mae,5,7,-1.354492478893714,24.16044970508825,0.6520599168115438
Shootout_assay,anil,mae,both,trip__anil__mae,5,8,0.0506527389555578,15.341538377138422,1.02688924914503
Shootout_assay,anil,mae,both,trip__anil__mae,5,9,-9.638740381584435,51.35721507024424,0.3067545777799982
Shootout_assay,anil,mae,both,trip__anil__mae,10,0,-0.3121605525381525,18.03639960071304,0.8734592919645962
Shootout_assay,anil,mae,both,trip__anil__mae,10,1,0.0700480537325511,15.184014638154364,1.0375425208852578
Shootout_assay,anil,mae,both,trip__anil__mae,10,2,-0.2426906621084643,17.552455368205894,0.8975417110796857
Shootout_assay,anil,mae,both,trip__anil__mae,10,3,-0.3255056949548827,18.1278858964818,0.8690511907892597
Shootout_assay,anil,mae,both,trip__anil__mae,10,4,-0.2932898172783245,17.9062353779719,0.8798086528120728
Shootout_assay,anil,mae,both,trip__anil__mae,10,5,-2.1494956593145624,27.943246829124742,0.5637877703033836
Shootout_assay,anil,mae,both,trip__anil__mae,10,6,0.5850610563381144,10.142580385758588,1.5532596465244626
Shootout_assay,anil,mae,both,trip__anil__mae,10,7,-0.1081064796891837,16.574754601094014,0.9504853135979152
Shootout_assay,anil,mae,both,trip__anil__mae,10,8,0.1564045723253631,14.461837207772865,1.0893540425390718
Shootout_assay,anil,mae,both,trip__anil__mae,10,9,-0.4573844660532544,19.00830658110483,0.8287987547764842
Shootout_assay,anil,mae,both,trip__anil__mae,25,0,0.427365927615049,11.915024855823408,1.3222012555961742
Shootout_assay,anil,mae,both,trip__anil__mae,25,1,0.3449329765416963,12.743808260188176,1.236212951668869
Shootout_assay,anil,mae,both,trip__anil__mae,25,2,0.6364696541734868,9.493507432083431,1.6594563113300234
Shootout_assay,anil,mae,both,trip__anil__mae,25,3,0.5173396757494079,10.938988356839188,1.4401752987496057
Shootout_assay,anil,mae,both,trip__anil__mae,25,4,0.5143319402492188,10.973019003089684,1.4357088801535336
Shootout_assay,anil,mae,both,trip__anil__mae,25,5,0.0897820829580176,15.022044700254847,1.0487294598825196
Shootout_assay,anil,mae,both,trip__anil__mae,25,6,0.6518503745822568,9.29050509950655,1.6957162884142956
Shootout_assay,anil,mae,both,trip__anil__mae,25,7,0.5627783932197981,10.41135291085124,1.5131617340921804
Shootout_assay,anil,mae,both,trip__anil__mae,25,8,0.6405374193218131,9.440243659019329,1.6688193010545556
Shootout_assay,anil,mae,both,trip__anil__mae,25,9,0.7064353887303196,8.531162421141252,1.8466487973302288
Wheat,anil,mae,both,trip__anil__mae,5,0,0.0305126471482272,1.7140201949945597,1.0203494034435143
Wheat,anil,mae,both,trip__anil__mae,5,1,0.1039867171452919,1.6477908407880884,1.0613601193561613
Wheat,anil,mae,both,trip__anil__mae,5,2,-0.1237003054186203,1.8453132920215656,0.947752065199125
Wheat,anil,mae,both,trip__anil__mae,5,3,-0.1151743181830891,1.8382993779463728,0.9513681527796576
Wheat,anil,mae,both,trip__anil__mae,5,4,0.2694324189312541,1.4879045053980091,1.175411108110739
Wheat,anil,mae,both,trip__anil__mae,5,5,0.1930293075602004,1.563773112961703,1.1183844184023042
Wheat,anil,mae,both,trip__anil__mae,5,6,0.149861469637485,1.6050542301174682,1.0896201826930416
Wheat,anil,mae,both,trip__anil__mae,5,7,-0.1145435265545489,1.837779392925311,0.9516373348103548
Wheat,anil,mae,both,trip__anil__mae,5,8,-1.7640247317512374,2.894115258205304,0.6042950357607254
Wheat,anil,mae,both,trip__anil__mae,5,9,-0.1172143983286504,1.8399800857942052,0.9504991368957904
Wheat,anil,mae,both,trip__anil__mae,10,0,0.3396660100369807,1.4145773075735624,1.236340689257018
Wheat,anil,mae,both,trip__anil__mae,10,1,0.0967734219339917,1.654410260360717,1.057113537890847
Wheat,anil,mae,both,trip__anil__mae,10,2,0.2087291938292331,1.5484865303999693,1.1294250541534252
Wheat,anil,mae,both,trip__anil__mae,10,3,0.1890752613589097,1.5675995687720168,1.115654481088458
Wheat,anil,mae,both,trip__anil__mae,10,4,0.3312966151123114,1.4235136022185453,1.228579397293553
Wheat,anil,mae,both,trip__anil__mae,10,5,-2.879212516974905,3.4285986263038524,0.5100916362841249
Wheat,anil,mae,both,trip__anil__mae,10,6,0.3005181512373166,1.4559051597851294,1.2012454737854952
Wheat,anil,mae,both,trip__anil__mae,10,7,-1.2715296264769926,2.623638911323867,0.6665930574151891
Wheat,anil,mae,both,trip__anil__mae,10,8,0.152135170445531,1.6029064292987956,1.0910802099770136
Wheat,anil,mae,both,trip__anil__mae,10,9,-0.1192885550206932,1.8416872949589012,0.9496180422376552
Wheat,anil,mae,both,trip__anil__mae,25,0,0.3610577932204027,1.391475773142416,1.2568666427466697
Wheat,anil,mae,both,trip__anil__mae,25,1,0.2514325666716647,1.50612259920604,1.161193308150861
Wheat,anil,mae,both,trip__anil__mae,25,2,0.3192012870886332,1.436329973871038,1.2176167839339829
Wheat,anil,mae,both,trip__anil__mae,25,3,0.3536745354726055,1.3994922379831485,1.249667154977028
Wheat,anil,mae,both,trip__anil__mae,25,4,0.3263281865921446,1.4287921285550194,1.2240405364085745
Wheat,anil,mae,both,trip__anil__mae,25,5,0.1034559573416954,1.6482788088137987,1.0610459068581055
Wheat,anil,mae,both,trip__anil__mae,25,6,0.3311985562894477,1.4236179705785588,1.228489327612296
Wheat,anil,mae,both,trip__anil__mae,25,7,0.2124941698999281,1.544798181076531,1.132121661506664
Wheat,anil,mae,both,trip__anil__mae,25,8,-0.3358476654844951,2.0119784673593624,0.8692436384511572
Wheat,anil,mae,both,trip__anil__mae,25,9,0.3281394809688226,1.4268700464697717,1.2256893946157172
CGL_Glucose,anil,rand,both,trip__anil__rand,5,0,0.8776941382980687,5.624151267485189,2.879198092710998
CGL_Glucose,anil,rand,both,trip__anil__rand,5,1,-3.763621175478953,35.09958371007879,0.4613458021672117
CGL_Glucose,anil,rand,both,trip__anil__rand,5,2,0.5159082678708867,11.189152416068678,1.4472093149081389
CGL_Glucose,anil,rand,both,trip__anil__rand,5,3,0.1307137957942635,14.993904857532558,1.0799752136833471
CGL_Glucose,anil,rand,both,trip__anil__rand,5,4,0.6038205522484159,10.122302881818548,1.5997392877412395
CGL_Glucose,anil,rand,both,trip__anil__rand,5,5,0.1005570857151071,15.251766912965524,1.061716042139078
CGL_Glucose,anil,rand,both,trip__anil__rand,5,6,0.0009390674719133,16.074199175426592,1.0073936141849351
CGL_Glucose,anil,rand,both,trip__anil__rand,5,7,-0.50823045842714,19.750005031465765,0.8199008342865074
CGL_Glucose,anil,rand,both,trip__anil__rand,5,8,-7.733831813664251,47.52649306959487,0.3407161891526353
CGL_Glucose,anil,rand,both,trip__anil__rand,5,9,0.6523121356154724,9.482615109352832,1.7076561070679834
CGL_Glucose,anil,rand,both,trip__anil__rand,10,0,0.4969808348546962,11.405796615799831,1.4197207041225115
CGL_Glucose,anil,rand,both,trip__anil__rand,10,1,0.7157292529127015,8.574315159952414,1.888552648273704
CGL_Glucose,anil,rand,both,trip__anil__rand,10,2,0.8222838743084636,6.779486113384781,2.388535846469465
CGL_Glucose,anil,rand,both,trip__anil__rand,10,3,0.1801978775784345,14.560888499476986,1.1120918619109774
CGL_Glucose,anil,rand,both,trip__anil__rand,10,4,0.745321164446235,8.115771012097376,1.995256590941776
CGL_Glucose,anil,rand,both,trip__anil__rand,10,5,0.7305160128504932,8.348334447182367,1.939673800194575
CGL_Glucose,anil,rand,both,trip__anil__rand,10,6,0.6294301943362237,9.78967720298495,1.6540939263578691
CGL_Glucose,anil,rand,both,trip__anil__rand,10,7,0.6987480102646397,8.826699044439184,1.834552817642866
CGL_Glucose,anil,rand,both,trip__anil__rand,10,8,0.7148823976343294,8.587077296583038,1.8857458764118755
CGL_Glucose,anil,rand,both,trip__anil__rand,10,9,0.5248717598454948,11.085078660328158,1.460796634706255
CGL_Glucose,anil,rand,both,trip__anil__rand,25,0,0.8659310605823946,5.888401897668828,2.749989875669356
CGL_Glucose,anil,rand,both,trip__anil__rand,25,1,0.8566080951164714,6.089696857258452,2.6590889467939
CGL_Glucose,anil,rand,both,trip__anil__rand,25,2,0.8325346429262671,6.581059949607465,2.460552817700339
CGL_Glucose,anil,rand,both,trip__anil__rand,25,3,0.883500778989905,5.489020689909999,2.9500791702658
CGL_Glucose,anil,rand,both,trip__anil__rand,25,4,0.8137123373615602,6.941053692444694,2.3329376662346752
CGL_Glucose,anil,rand,both,trip__anil__rand,25,5,0.8672669613616815,5.858991601300054,2.7637939605287056
CGL_Glucose,anil,rand,both,trip__anil__rand,25,6,0.8782578566698968,5.611175196673476,2.885856355378348
CGL_Glucose,anil,rand,both,trip__anil__rand,25,7,0.7822959531505128,7.503547016697635,2.158052127404164
CGL_Glucose,anil,rand,both,trip__anil__rand,25,8,0.7953669865694152,7.274802492902827,2.225908623396877
CGL_Glucose,anil,rand,both,trip__anil__rand,25,9,0.9036827088007132,4.9909760649349,3.244464688225812
Corn_Starch,anil,rand,both,trip__anil__rand,5,0,-0.4066645495959196,0.9554229874497266,0.8466850101500684
Corn_Starch,anil,rand,both,trip__anil__rand,5,1,-0.2653684028231673,0.9061683881832204,0.8927064024472662
Corn_Starch,anil,rand,both,trip__anil__rand,5,2,0.0737703983892866,0.7752820754512992,1.04341677363763
Corn_Starch,anil,rand,both,trip__anil__rand,5,3,-0.0493594344764798,0.8252063298402745,0.9802909800547188
Corn_Starch,anil,rand,both,trip__anil__rand,5,4,-4.273372653545566,1.849884639451276,0.4372933882333517
Corn_Starch,anil,rand,both,trip__anil__rand,5,5,-2.1132239181953496,1.4213649246886528,0.569130634769025
Corn_Starch,anil,rand,both,trip__anil__rand,5,6,-0.3882575566726645,0.9491512804237576,0.852279650790041
Corn_Starch,anil,rand,both,trip__anil__rand,5,7,-0.1551144098473116,0.8657906984481835,0.9343393539297704
Corn_Starch,anil,rand,both,trip__anil__rand,5,8,-0.9654441304162164,1.1293557475609597,0.7162865408650306
Corn_Starch,anil,rand,both,trip__anil__rand,5,9,-3.468221695584588,1.7028161925791092,0.4750614454759471
Corn_Starch,anil,rand,both,trip__anil__rand,10,0,0.2044775423427551,0.718499775939597,1.1258769298412237
Corn_Starch,anil,rand,both,trip__anil__rand,10,1,-0.0190131843242469,0.8131867926099886,0.9947804479584756
Corn_Starch,anil,rand,both,trip__anil__rand,10,2,0.3757065455731755,0.6364947203998538,1.270933278626872
Corn_Starch,anil,rand,both,trip__anil__rand,10,3,0.2062170399894457,0.7177138065257674,1.127109879273916
Corn_Starch,anil,rand,both,trip__anil__rand,10,4,-0.903246706306484,1.1113425904651455,0.7278964459446321
Corn_Starch,anil,rand,both,trip__anil__rand,10,5,-0.2918834838046058,0.9156132902155794,0.8834977937421775
Corn_Starch,anil,rand,both,trip__anil__rand,10,6,0.1727897235681574,0.7326699429167539,1.1041019624827062
Corn_Starch,anil,rand,both,trip__anil__rand,10,7,0.2816755405868629,0.6827484804390697,1.1848321087529283
Corn_Starch,anil,rand,both,trip__anil__rand,10,8,0.1948475964666505,0.7228354803479642,1.119123706319819
Corn_Starch,anil,rand,both,trip__anil__rand,10,9,0.0646095219171026,0.7791066068551485,1.0382947785435466
Corn_Starch,anil,rand,both,trip__anil__rand,25,0,0.5361606397918842,0.5486358900173283,1.4744611800750596
Corn_Starch,anil,rand,both,trip__anil__rand,25,1,0.2680874218596447,0.6891758018721698,1.1737822477645918
Corn_Starch,anil,rand,both,trip__anil__rand,25,2,0.4178837393248542,0.6146180074594786,1.3161708768837423
Corn_Starch,anil,rand,both,trip__anil__rand,25,3,0.1631286688341527,0.736935978554333,1.097710446182047
Corn_Starch,anil,rand,both,trip__anil__rand,25,4,0.4801094821067295,0.5808397945770875,1.3927116037486302
Corn_Starch,anil,rand,both,trip__anil__rand,25,5,0.3655950433318724,0.6416285773219598,1.260764171700172
Corn_Starch,anil,rand,both,trip__anil__rand,25,6,0.281646769345188,0.6827621534558963,1.1848083812670422
Corn_Starch,anil,rand,both,trip__anil__rand,25,7,0.4370654430941639,0.604406838743448,1.3384069636079206
Corn_Starch,anil,rand,both,trip__anil__rand,25,8,0.2937774787573139,0.6769727638235137,1.194940720004167
Corn_Starch,anil,rand,both,trip__anil__rand,25,9,0.4133230944717793,0.6170209515486366,1.3110451432745485
Diesel_TOTAL,anil,rand,both,trip__anil__rand,5,0,0.742644294223867,3.4382891098228487,1.9762076738554484
Diesel_TOTAL,anil,rand,both,trip__anil__rand,5,1,0.2972867727559912,5.68152020158477,1.1959428256314637
Diesel_TOTAL,anil,rand,both,trip__anil__rand,5,2,0.0554817974679517,6.58689373341364,1.0315595785760705
Diesel_TOTAL,anil,rand,both,trip__anil__rand,5,3,0.5746060785056522,4.42049731374021,1.5371060859250771
Diesel_TOTAL,anil,rand,both,trip__anil__rand,5,4,0.1566097796673311,6.2242893187286406,1.0916544806682311
Diesel_TOTAL,anil,rand,both,trip__anil__rand,5,5,0.7262604590481825,3.5460451287119668,1.9161553440899397
Diesel_TOTAL,anil,rand,both,trip__anil__rand,5,6,-0.3554415120170573,7.890706361251768,0.8611109085407179
Diesel_TOTAL,anil,rand,both,trip__anil__rand,5,7,0.0730022921023169,6.525515433888802,1.0412623175294935
Diesel_TOTAL,anil,rand,both,trip__anil__rand,5,8,0.0608560286523546,6.568127558005915,1.0345069068403456
Diesel_TOTAL,anil,rand,both,trip__anil__rand,5,9,0.6640235044722743,3.9285287784863616,1.7295974414074464
Diesel_TOTAL,anil,rand,both,trip__anil__rand,10,0,0.6905517357422528,3.770244512684668,1.8022102547739525
Diesel_TOTAL,anil,rand,both,trip__anil__rand,10,1,0.7420166705742495,3.442479103365451,1.973802344108
Diesel_TOTAL,anil,rand,both,trip__anil__rand,10,2,0.8240872046784542,2.842655336139241,2.3902909499376275
Diesel_TOTAL,anil,rand,both,trip__anil__rand,10,3,0.573322085841236,4.427163616806389,1.534791553212813
Diesel_TOTAL,anil,rand,both,trip__anil__rand,10,4,0.6452273020420565,4.036924120930164,1.6831560664063017
Diesel_TOTAL,anil,rand,both,trip__anil__rand,10,5,0.7215103843649389,3.576679239693563,1.8997435521636776
Diesel_TOTAL,anil,rand,both,trip__anil__rand,10,6,0.8404565281390665,2.7071667689159384,2.509920482839866
Diesel_TOTAL,anil,rand,both,trip__anil__rand,10,7,0.8518994922210398,2.608277318659441,2.605080861285792
Diesel_TOTAL,anil,rand,both,trip__anil__rand,10,8,0.6507384589061347,4.0054459345797175,1.6963837322344215
Diesel_TOTAL,anil,rand,both,trip__anil__rand,10,9,0.7752375507886808,3.213197119645256,2.1146456537704386
Diesel_TOTAL,anil,rand,both,trip__anil__rand,25,0,0.8928193359446898,2.218879474365681,3.0622543505694364
Diesel_TOTAL,anil,rand,both,trip__anil__rand,25,1,0.8950931358373796,2.195216931725717,3.0952628077736195
Diesel_TOTAL,anil,rand,both,trip__anil__rand,25,2,0.8778212073344934,2.369045520571842,2.868148064172868
Diesel_TOTAL,anil,rand,both,trip__anil__rand,25,3,0.8898587371364592,2.249316229847986,3.0208172748679
Diesel_TOTAL,anil,rand,both,trip__anil__rand,25,4,0.8948528155747794,2.1977298908582727,3.0917235789662896
Diesel_TOTAL,anil,rand,both,trip__anil__rand,25,5,0.875555615825006,2.390909526640613,2.841919883648897
Diesel_TOTAL,anil,rand,both,trip__anil__rand,25,6,0.8844795547355861,2.303588586713341,2.9496470693406307
Diesel_TOTAL,anil,rand,both,trip__anil__rand,25,7,0.8909568483016186,2.238075271767997,3.0359896333593426
Diesel_TOTAL,anil,rand,both,trip__anil__rand,25,8,0.8855529225072949,2.292861618994856,2.9634467546908576
Diesel_TOTAL,anil,rand,both,trip__anil__rand,25,9,0.8898210527442791,2.249700994211284,3.020300627171874
Diesel_VISC,anil,rand,both,trip__anil__rand,5,0,-0.3741471875586197,0.6412077508338723,0.8552298594149953
Diesel_VISC,anil,rand,both,trip__anil__rand,5,1,-0.2129880628888318,0.6024352841563045,0.9102720724093216
Diesel_VISC,anil,rand,both,trip__anil__rand,5,2,-0.0480892188238044,0.5599912789540734,0.9792652764623362
Diesel_VISC,anil,rand,both,trip__anil__rand,5,3,-1.0135286455487384,0.7761774889604214,0.7065136806994163
Diesel_VISC,anil,rand,both,trip__anil__rand,5,4,-0.0962792902716525,0.5727205173553387,0.9575002081883178
Diesel_VISC,anil,rand,both,trip__anil__rand,5,5,0.1522363613397002,0.503639204646922,1.088835042112938
Diesel_VISC,anil,rand,both,trip__anil__rand,5,6,0.105813223127812,0.5172449489949045,1.0601940447500826
Diesel_VISC,anil,rand,both,trip__anil__rand,5,7,0.0501828869049695,0.533091958986306,1.0286780833164746
Diesel_VISC,anil,rand,both,trip__anil__rand,5,8,0.2792020540910941,0.4643964668129732,1.180844502036893
Diesel_VISC,anil,rand,both,trip__anil__rand,5,9,0.353894362741734,0.4396771560037359,1.2472333554595645
Diesel_VISC,anil,rand,both,trip__anil__rand,10,0,0.6025083523359276,0.3448626336134845,1.5901404244800608
Diesel_VISC,anil,rand,both,trip__anil__rand,10,1,0.1499947369767742,0.5043046168856775,1.0873983624975854
Diesel_VISC,anil,rand,both,trip__anil__rand,10,2,0.6053941778248744,0.3436084861288722,1.5959443283242576
Diesel_VISC,anil,rand,both,trip__anil__rand,10,3,0.5223260266001881,0.3780488542559337,1.4505533039658742
Diesel_VISC,anil,rand,both,trip__anil__rand,10,4,0.2101263369045467,0.4861395485993575,1.1280300403072012
Diesel_VISC,anil,rand,both,trip__anil__rand,10,5,0.3160490424389633,0.4523708559727457,1.21223550845746
Diesel_VISC,anil,rand,both,trip__anil__rand,10,6,0.6097462431517631,0.3417084221170018,1.604818550283467
Diesel_VISC,anil,rand,both,trip__anil__rand,10,7,0.4437145301219627,0.4079725987451063,1.3441589368703548
Diesel_VISC,anil,rand,both,trip__anil__rand,10,8,0.0444537638667049,0.534697298425735,1.0255896489771088
Diesel_VISC,anil,rand,both,trip__anil__rand,10,9,-0.0552423245905522,0.5618989722167822,0.9759405902417124
Diesel_VISC,anil,rand,both,trip__anil__rand,25,0,0.6773529386038359,0.3107033914222617,1.764963079711549
Diesel_VISC,anil,rand,both,trip__anil__rand,25,1,0.6863510268511396,0.3063402565735158,1.7901010488638054
Diesel_VISC,anil,rand,both,trip__anil__rand,25,2,0.6830205196787872,0.3079624111845566,1.7806719089259997
Diesel_VISC,anil,rand,both,trip__anil__rand,25,3,0.6309891715211585,0.3322780797660257,1.650364703526639
Diesel_VISC,anil,rand,both,trip__anil__rand,25,4,0.6152278162899268,0.339300086834167,1.616209473207352
Diesel_VISC,anil,rand,both,trip__anil__rand,25,5,0.691456424858296,0.3038368119112103,1.804850475990743
Diesel_VISC,anil,rand,both,trip__anil__rand,25,6,0.6395475406591389,0.328402257026215,1.6698424047605829
Diesel_VISC,anil,rand,both,trip__anil__rand,25,7,0.6876529822599127,0.3057037869106548,1.793828006329957
Diesel_VISC,anil,rand,both,trip__anil__rand,25,8,0.4959925557457392,0.3883297044811171,1.4121505727567216
Diesel_VISC,anil,rand,both,trip__anil__rand,25,9,0.5846042351145657,0.3525438710934618,1.5554943925151332
Melamine_R862,anil,rand,both,trip__anil__rand,5,0,0.8771281415282076,5.718701577319295,2.8588795412960164
Melamine_R862,anil,rand,both,trip__anil__rand,5,1,-0.1886689585919083,17.786958068441468,0.9191610436853036
Melamine_R862,anil,rand,both,trip__anil__rand,5,2,0.8410897881011801,6.503499689970414,2.5138894013308963
Melamine_R862,anil,rand,both,trip__anil__rand,5,3,0.9242306966313576,4.490739546818877,3.640620608638204
Melamine_R862,anil,rand,both,trip__anil__rand,5,4,0.6769905742459611,9.272115189778129,1.7632523547808308
Melamine_R862,anil,rand,both,trip__anil__rand,5,5,0.2815401043570857,13.82841759176558,1.182281257684234
Melamine_R862,anil,rand,both,trip__anil__rand,5,6,0.8720784502265654,5.835029776599503,2.8018844064414
Melamine_R862,anil,rand,both,trip__anil__rand,5,7,0.8762754612576358,5.738509992148188,2.849011148285059
Melamine_R862,anil,rand,both,trip__anil__rand,5,8,0.8913839542272027,5.376729828902255,3.0407105178117755
Melamine_R862,anil,rand,both,trip__anil__rand,5,9,0.9079103794740954,4.950813450588158,3.3023015521283914
Melamine_R862,anil,rand,both,trip__anil__rand,10,0,0.9094571133269274,4.909060548522858,3.330388529653571
Melamine_R862,anil,rand,both,trip__anil__rand,10,1,0.8111878392128086,7.0890200011666265,2.3062537472718168
Melamine_R862,anil,rand,both,trip__anil__rand,10,2,0.9091072006172288,4.918537197327224,3.3239718002050744
Melamine_R862,anil,rand,both,trip__anil__rand,10,3,0.8596767164719968,6.1113349861978685,2.675205823130124
Melamine_R862,anil,rand,both,trip__anil__rand,10,4,0.8997237020195754,5.166189906834101,3.1646298794684244
Melamine_R862,anil,rand,both,trip__anil__rand,10,5,0.8993952035137837,5.174645035743324,3.159459021680874
Melamine_R862,anil,rand,both,trip__anil__rand,10,6,0.9231514037428006,4.522610534098916,3.614965033780602
Melamine_R862,anil,rand,both,trip__anil__rand,10,7,0.8795567229629079,5.661904009434328,2.887558481198766
Melamine_R862,anil,rand,both,trip__anil__rand,10,8,0.9213260860737637,4.5760061413751,3.572783435396015
Melamine_R862,anil,rand,both,trip__anil__rand,10,9,0.9203836019208512,4.60333396438777,3.551573504910755
Melamine_R862,anil,rand,both,trip__anil__rand,25,0,0.90946638762139,4.90880912491216,3.3305591083596977
Melamine_R862,anil,rand,both,trip__anil__rand,25,1,0.9324381918349898,4.240546721678098,3.8554177126730544
Melamine_R862,anil,rand,both,trip__anil__rand,25,2,0.916600635391602,4.711428356127069,3.4700896854165078
Melamine_R862,anil,rand,both,trip__anil__rand,25,3,0.9224593347273684,4.542929339662691,3.598796661756861
Melamine_R862,anil,rand,both,trip__anil__rand,25,4,0.8896869264435672,5.418570310251693,3.017231115603255
Melamine_R862,anil,rand,both,trip__anil__rand,25,5,0.9406695807540668,3.973835901730633,4.114180692528158
Melamine_R862,anil,rand,both,trip__anil__rand,25,6,0.9088849057511812,4.924548112850845,3.3199145520604594
Melamine_R862,anil,rand,both,trip__anil__rand,25,7,0.9246262027406936,4.479003667712254,3.6501597576333378
Melamine_R862,anil,rand,both,trip__anil__rand,25,8,0.937595599582718,4.075480578897983,4.011570813716456
Melamine_R862,anil,rand,both,trip__anil__rand,25,9,0.9191369735896876,4.63923333313782,3.524090677956358
Shootout_assay,anil,rand,both,trip__anil__rand,5,0,-0.8718056271677195,21.54203534886661,0.7313171930923509
Shootout_assay,anil,rand,both,trip__anil__rand,5,1,-5.260607753072764,39.397131974177896,0.399878367672932
Shootout_assay,anil,rand,both,trip__anil__rand,5,2,-4.057804373640426,35.41093333696673,0.4448925611453203
Shootout_assay,anil,rand,both,trip__anil__rand,5,3,-0.4449616219424381,18.92711915128588,0.8323538674272587
Shootout_assay,anil,rand,both,trip__anil__rand,5,4,-1.678069971257194,25.767205426766164,0.6113996672865623
Shootout_assay,anil,rand,both,trip__anil__rand,5,5,-1.7213259448678175,25.974466790350892,0.6065210482273198
Shootout_assay,anil,rand,both,trip__anil__rand,5,6,-0.915144102702962,21.78999289677069,0.7229952253524647
Shootout_assay,anil,rand,both,trip__anil__rand,5,7,-2.0264504708691344,27.391962306337017,0.5751344371989259
Shootout_assay,anil,rand,both,trip__anil__rand,5,8,-0.5805776444957005,19.79539979946473,0.7958445388536849
Shootout_assay,anil,rand,both,trip__anil__rand,5,9,-8.591095252329936,48.76300511253389,0.3230740350901786
Shootout_assay,anil,rand,both,trip__anil__rand,10,0,-0.7217366488091448,20.66044740009604,0.7625227334019932
Shootout_assay,anil,rand,both,trip__anil__rand,10,1,-0.6279074675436618,20.089596665957227,0.7841900007641933
Shootout_assay,anil,rand,both,trip__anil__rand,10,2,-0.376837936931933,18.47556684920939,0.8526970216074038
Shootout_assay,anil,rand,both,trip__anil__rand,10,3,-0.950402663876894,21.98965930176021,0.7164304188909496
Shootout_assay,anil,rand,both,trip__anil__rand,10,4,-1.1453497854977075,23.062448597582485,0.683104430918092
Shootout_assay,anil,rand,both,trip__anil__rand,10,5,-1.3960457193372355,24.37271500590225,0.6463810380178913
Shootout_assay,anil,rand,both,trip__anil__rand,10,6,-0.1002802657004136,16.51611970006969,0.9538596904672988
Shootout_assay,anil,rand,both,trip__anil__rand,10,7,-0.5837413764823407,19.81520143081245,0.7950492393346008
Shootout_assay,anil,rand,both,trip__anil__rand,10,8,-0.1614791728143312,16.969227542999697,0.9283899803281468
Shootout_assay,anil,rand,both,trip__anil__rand,10,9,-0.353749741980615,18.320003544295197,0.8599376515805921
Shootout_assay,anil,rand,both,trip__anil__rand,25,0,0.0362821325622796,15.457217408143528,1.0192041949626338
Shootout_assay,anil,rand,both,trip__anil__rand,25,1,-0.0872377194314821,16.417938155094966,0.9595639035794752
Shootout_assay,anil,rand,both,trip__anil__rand,25,2,0.358296347700499,12.613151595513614,1.2490185902810296
Shootout_assay,anil,rand,both,trip__anil__rand,25,3,-0.2703900733940549,17.746998219070342,0.8877028458762415
Shootout_assay,anil,rand,both,trip__anil__rand,25,4,-0.2466079761747821,17.580098763733947,0.8961303936089623
Shootout_assay,anil,rand,both,trip__anil__rand,25,5,-0.56628864266335,19.70571781112958,0.7994664785025799
Shootout_assay,anil,rand,both,trip__anil__rand,25,6,0.226976180153804,13.843719724678769,1.1379933383615863
Shootout_assay,anil,rand,both,trip__anil__rand,25,7,0.0738544940242111,15.152907488047472,1.0396724745568495
Shootout_assay,anil,rand,both,trip__anil__rand,25,8,0.1304166861583692,14.68290398121196,1.0729526560269012
Shootout_assay,anil,rand,both,trip__anil__rand,25,9,0.2449949379551372,13.68142366437903,1.151492798651256
Wheat,anil,rand,both,trip__anil__rand,5,0,0.2023894029578817,1.554677517773297,1.124927493617914
Wheat,anil,rand,both,trip__anil__rand,5,1,0.1280311101651582,1.6255313727327845,1.0758940201274911
Wheat,anil,rand,both,trip__anil__rand,5,2,0.2135099122183779,1.543801602306625,1.1328524862519698
Wheat,anil,rand,both,trip__anil__rand,5,3,0.0714160792291755,1.6774726196817,1.0425800474672953
Wheat,anil,rand,both,trip__anil__rand,5,4,0.2689614944244233,1.488383980420915,1.1750324556424252
Wheat,anil,rand,both,trip__anil__rand,5,5,0.2915552178538866,1.4652032171136886,1.1936224702659342
Wheat,anil,rand,both,trip__anil__rand,5,6,0.1097938611660129,1.6424424192395848,1.06481631439021
Wheat,anil,rand,both,trip__anil__rand,5,7,-0.5535217423175947,2.169719181892424,0.806048772600816
Wheat,anil,rand,both,trip__anil__rand,5,8,-1.4399053737671457,2.7191386458642968,0.6431814303080288
Wheat,anil,rand,both,trip__anil__rand,5,9,0.0462228933446273,1.700075886798424,1.028718480765206
Wheat,anil,rand,both,trip__anil__rand,10,0,0.2029777687806431,1.5541039998996946,1.1253426305869574
Wheat,anil,rand,both,trip__anil__rand,10,1,0.2260773427812497,1.5314176253818883,1.14201342237831
Wheat,anil,rand,both,trip__anil__rand,10,2,0.2538439435457764,1.503694789374308,1.1630681277951074
Wheat,anil,rand,both,trip__anil__rand,10,3,0.2857187436981624,1.471226325843192,1.1887358543903856
Wheat,anil,rand,both,trip__anil__rand,10,4,0.2927591395838603,1.463957714218345,1.1946379779054137
Wheat,anil,rand,both,trip__anil__rand,10,5,-0.9386668415351892,2.4237981615868223,0.7215532675822554
Wheat,anil,rand,both,trip__anil__rand,10,6,0.3916128562210379,1.3577970933493286,1.288041852511821
Wheat,anil,rand,both,trip__anil__rand,10,7,0.1303368745944304,1.6233807378124003,1.0773193513491963
Wheat,anil,rand,both,trip__anil__rand,10,8,0.419780922278105,1.325991874492829,1.3189368027777406
Wheat,anil,rand,both,trip__anil__rand,10,9,0.0976217986300675,1.6536331060552645,1.0576103472098644
Wheat,anil,rand,both,trip__anil__rand,25,0,0.3820078209426651,1.3684733682391477,1.2779930717272137
Wheat,anil,rand,both,trip__anil__rand,25,1,0.3097824689077265,1.4462316231228685,1.2092803500426932
Wheat,anil,rand,both,trip__anil__rand,25,2,0.3460823049121369,1.407687990072232,1.2423914218115155
Wheat,anil,rand,both,trip__anil__rand,25,3,0.3635609440157783,1.3887474420709072,1.2593358810043007
Wheat,anil,rand,both,trip__anil__rand,25,4,0.3392994200631515,1.4149699103426985,1.2359976496102736
Wheat,anil,rand,both,trip__anil__rand,25,5,0.3644933392295878,1.3877297986274209,1.2602593712282035
Wheat,anil,rand,both,trip__anil__rand,25,6,0.3684754626297588,1.3833751666370693,1.2642264554338798
Wheat,anil,rand,both,trip__anil__rand,25,7,0.1205710258877493,1.6324701376439812,1.0713209651582891
Wheat,anil,rand,both,trip__anil__rand,25,8,-0.0486781282715693,1.782649516453806,0.9810674882025552
Wheat,anil,rand,both,trip__anil__rand,25,9,0.3262186330134597,1.4289083000531595,1.223941020839315
CGL_Glucose,base,rand,both,trip__base__rand,5,0,-0.0095283591189396,16.158186584882927,1.0021573595152804
CGL_Glucose,base,rand,both,trip__base__rand,5,1,-3.266355611142144,33.21711294205137,0.4874910601264757
CGL_Glucose,base,rand,both,trip__base__rand,5,2,-0.0949633072407849,16.828024672314356,0.9622665712573186
CGL_Glucose,base,rand,both,trip__base__rand,5,3,-0.703150003619285,20.98745640258785,0.7715582723242642
CGL_Glucose,base,rand,both,trip__base__rand,5,4,-0.0611687092615342,16.566302023464807,0.977468935404255
CGL_Glucose,base,rand,both,trip__base__rand,5,5,-2.219384434765301,28.854913522233947,0.5611884987970616
CGL_Glucose,base,rand,both,trip__base__rand,5,6,-3.35733645891417,33.56942520578701,0.4823748248054598
CGL_Glucose,base,rand,both,trip__base__rand,5,7,-1.9972289458052843,27.841544001247065,0.5816144967296422
CGL_Glucose,base,rand,both,trip__base__rand,5,8,-2.305388528750305,29.237794874104623,0.5538394968631297
CGL_Glucose,base,rand,both,trip__base__rand,5,9,-0.1085371095215703,16.93200839697973,0.956357050079774
CGL_Glucose,base,rand,both,trip__base__rand,10,0,-0.8843921468377376,22.07592957358689,0.7335159114584209
CGL_Glucose,base,rand,both,trip__base__rand,10,1,-1.7588000958785623,26.711204561281576,0.6062267077963845
CGL_Glucose,base,rand,both,trip__base__rand,10,2,-0.5056458453817865,19.73307525518182,0.8206042592478978
CGL_Glucose,base,rand,both,trip__base__rand,10,3,-1.571774136563597,25.789906600089694,0.6278830650129296
CGL_Glucose,base,rand,both,trip__base__rand,10,4,-1.259761171900336,24.174896764276188,0.6698289453045501
CGL_Glucose,base,rand,both,trip__base__rand,10,5,-0.8258262636888387,21.7301679048286,0.7451873208427113
CGL_Glucose,base,rand,both,trip__base__rand,10,6,-0.5155524524069777,19.797887082026865,0.8179178684760783
CGL_Glucose,base,rand,both,trip__base__rand,10,7,-0.515658308239034,19.79857847519288,0.817889305676717
CGL_Glucose,base,rand,both,trip__base__rand,10,8,-0.3276760284286744,18.53017044538616,0.8738746170839146
CGL_Glucose,base,rand,both,trip__base__rand,10,9,-0.2170126972381065,17.741115027972214,0.9127411426469028
CGL_Glucose,base,rand,both,trip__base__rand,25,0,-0.9661362846465908,22.549668727274373,0.7181056980617909
CGL_Glucose,base,rand,both,trip__base__rand,25,1,-0.0283719999919938,16.308291995452432,0.9929332640706292
CGL_Glucose,base,rand,both,trip__base__rand,25,2,-0.4503800300829241,19.36753113489994,0.8360924007129604
CGL_Glucose,base,rand,both,trip__base__rand,25,3,-0.4453851805442255,19.334153215775046,0.8375358062875664
CGL_Glucose,base,rand,both,trip__base__rand,25,4,-1.0023770353704196,22.756542841183208,0.7115775764127252
CGL_Glucose,base,rand,both,trip__base__rand,25,5,-0.3676103875544239,18.806784686531905,0.861021480937027
CGL_Glucose,base,rand,both,trip__base__rand,25,6,-0.4114466833733505,19.105816217267357,0.8475453452664657
CGL_Glucose,base,rand,both,trip__base__rand,25,7,-0.1605073311807938,17.324364047569972,0.9346978369882988
CGL_Glucose,base,rand,both,trip__base__rand,25,8,-0.6603754419994412,20.72223085913681,0.78143351034629
CGL_Glucose,base,rand,both,trip__base__rand,25,9,-0.3747724976041362,18.855965496221863,0.8587757336375097
Corn_Starch,base,rand,both,trip__base__rand,5,0,-0.0082889366777112,0.8088964247255979,1.0000567403928111
Corn_Starch,base,rand,both,trip__base__rand,5,1,-0.2837644757338937,0.9127316107090628,0.8862871761371859
Corn_Starch,base,rand,both,trip__base__rand,5,2,-0.0004010921814445,0.8057262139889173,1.0039915641091546
Corn_Starch,base,rand,both,trip__base__rand,5,3,-0.0001629943376553,0.8056303259037346,1.0041110616324311
Corn_Starch,base,rand,both,trip__base__rand,5,4,-0.2946484450311089,0.9165925898732014,0.8825538530028778
Corn_Starch,base,rand,both,trip__base__rand,5,5,-1.126482549866021,1.1747117870366557,0.6886304630237258
Corn_Starch,base,rand,both,trip__base__rand,5,6,-0.0655936245276131,0.8315650377392843,0.9727950131545856
Corn_Starch,base,rand,both,trip__base__rand,5,7,-0.0202555029482531,0.8136823354525637,0.99417461407289
Corn_Starch,base,rand,both,trip__base__rand,5,8,-0.6464801872235388,1.0336622822289463,0.7825982777296572
Corn_Starch,base,rand,both,trip__base__rand,5,9,-0.0117721128943457,0.8102924033792201,0.9983338341232012
Corn_Starch,base,rand,both,trip__base__rand,10,0,-0.0467421938768561,0.824176600748321,0.9815157589914486
Corn_Starch,base,rand,both,trip__base__rand,10,1,-0.6264914867130547,1.027368656979208,0.7873924480089058
Corn_Starch,base,rand,both,trip__base__rand,10,2,-0.0934151206631621,0.8423507222445105,0.9603390849728118
Corn_Starch,base,rand,both,trip__base__rand,10,3,-0.0007468568984669,0.8058654419598651,1.003818106232639
Corn_Starch,base,rand,both,trip__base__rand,10,4,-0.0372185398782545,0.8204186992368206,0.9860115604129746
Corn_Starch,base,rand,both,trip__base__rand,10,5,-1.2743285518232987,1.2148621923803926,0.6658716740879428
Corn_Starch,base,rand,both,trip__base__rand,10,6,-0.1219264073495616,0.8532623836737794,0.948058108859228
Corn_Starch,base,rand,both,trip__base__rand,10,7,-0.184994941244738,0.8769173505575167,0.9224841101754688
Corn_Starch,base,rand,both,trip__base__rand,10,8,-0.2444937420076158,0.8986628184254346,0.9001622246304177
Corn_Starch,base,rand,both,trip__base__rand,10,9,-0.0253021575814338,0.8156922771934937,0.9917248752308438
Corn_Starch,base,rand,both,trip__base__rand,25,0,-0.0608589874494513,0.8297155795120578,0.974963399267742
Corn_Starch,base,rand,both,trip__base__rand,25,1,-0.0323571155911324,0.8184937973891402,0.988330424014052
Corn_Starch,base,rand,both,trip__base__rand,25,2,-0.0057017354652111,0.807857971390763,1.0013422538046517
Corn_Starch,base,rand,both,trip__base__rand,25,3,-0.0163137016493502,0.8121089658242231,0.9961007153830288
Corn_Starch,base,rand,both,trip__base__rand,25,4,-0.0019301107343054,0.8063417170912092,1.0032251893708943
Corn_Starch,base,rand,both,trip__base__rand,25,5,-0.1111387630600755,0.849150293755828,0.9526491691458928
Corn_Starch,base,rand,both,trip__base__rand,25,6,-0.0543773994250809,0.8271770168043593,0.9779555106011948
Corn_Starch,base,rand,both,trip__base__rand,25,7,-0.0164676114241935,0.8121704560786982,0.9960252995808248
Corn_Starch,base,rand,both,trip__base__rand,25,8,-0.0108038575315467,0.8099045898828826,0.9988118747955962
Corn_Starch,base,rand,both,trip__base__rand,25,9,-0.0478729578393783,0.8246216471270019,0.9809860372267104
Diesel_TOTAL,base,rand,both,trip__base__rand,5,0,-0.0939497715999555,7.088823805746981,0.9585191436493232
Diesel_TOTAL,base,rand,both,trip__base__rand,5,1,-0.0048135019573511,6.793885482050575,1.000130682466948
Diesel_TOTAL,base,rand,both,trip__base__rand,5,2,-0.0396172403724457,6.910543856872988,0.9832472616475308
Diesel_TOTAL,base,rand,both,trip__base__rand,5,3,-0.1860389942735201,7.381166040679328,0.9205555445193824
Diesel_TOTAL,base,rand,both,trip__base__rand,5,4,-0.301283137142764,7.731457840160676,0.8788476202341061
Diesel_TOTAL,base,rand,both,trip__base__rand,5,5,-0.0059140909729955,6.797605191899634,0.9995834020873298
Diesel_TOTAL,base,rand,both,trip__base__rand,5,6,-0.0210898773088419,6.848689491121344,0.9921275205386798
Diesel_TOTAL,base,rand,both,trip__base__rand,5,7,-0.0515118413042781,6.949964318399423,0.9776702458424088
Diesel_TOTAL,base,rand,both,trip__base__rand,5,8,-0.179190451823715,7.35982466249933,0.9232248912650168
Diesel_TOTAL,base,rand,both,trip__base__rand,5,9,-0.3654089811269712,7.919666042732921,0.8579621018237771
Diesel_TOTAL,base,rand,both,trip__base__rand,10,0,-0.0288482519164188,6.874658874598032,0.9883797069367792
Diesel_TOTAL,base,rand,both,trip__base__rand,10,1,-0.0806123008934815,7.045477697672028,0.9644162703134616
Diesel_TOTAL,base,rand,both,trip__base__rand,10,2,-0.1838808426335885,7.374447488928505,0.921394224308566
Diesel_TOTAL,base,rand,both,trip__base__rand,10,3,-0.3200736925024317,7.787078972657934,0.8725702343103755
Diesel_TOTAL,base,rand,both,trip__base__rand,10,4,-0.1823247674646417,7.369599463943744,0.9220003552444624
Diesel_TOTAL,base,rand,both,trip__base__rand,10,5,-0.1373044515254546,7.227928712236009,0.940071989401722
Diesel_TOTAL,base,rand,both,trip__base__rand,10,6,-0.002163851118619,6.784921974269035,1.0014519473523582
Diesel_TOTAL,base,rand,both,trip__base__rand,10,7,-0.1133848058909292,7.151516355000922,0.9501164489421986
Diesel_TOTAL,base,rand,both,trip__base__rand,10,8,-0.0080301093861712,6.804751081114127,0.9985337072246055
Diesel_TOTAL,base,rand,both,trip__base__rand,10,9,-0.0020564586896123,6.784558426545634,1.0015056097357686
Diesel_TOTAL,base,rand,both,trip__base__rand,25,0,-0.0001851206906504,6.778220392918637,1.002442076221686
Diesel_TOTAL,base,rand,both,trip__base__rand,25,1,-0.1105582675388539,7.142432846430261,0.951324775445598
Diesel_TOTAL,base,rand,both,trip__base__rand,25,2,-0.0697424315358485,7.009952937860794,0.9693037006093044
Diesel_TOTAL,base,rand,both,trip__base__rand,25,3,-0.0036147389038769,6.789831650465688,1.0007278049816604
Diesel_TOTAL,base,rand,both,trip__base__rand,25,4,-0.0040610629965347,6.791341257929384,1.00050535906028
Diesel_TOTAL,base,rand,both,trip__base__rand,25,5,-0.0055745623002592,6.796457888826295,0.9997521407344356
Diesel_TOTAL,base,rand,both,trip__base__rand,25,6,-0.0013015699255369,6.782002406963111,1.001883059904153
Diesel_TOTAL,base,rand,both,trip__base__rand,25,7,-0.0860115337510101,7.06305697955908,0.9620159292824656
Diesel_TOTAL,base,rand,both,trip__base__rand,25,8,-0.0011557936912629,6.781508704172764,1.0019559983141515
Diesel_TOTAL,base,rand,both,trip__base__rand,25,9,-0.0011504313537766,6.781490542770084,1.0019586816366808
Diesel_VISC,base,rand,both,trip__base__rand,5,0,-0.1672976431395096,0.5909802141460805,0.9279160308164014
Diesel_VISC,base,rand,both,trip__base__rand,5,1,-0.1517242037974171,0.5870247112865136,0.9341685350854096
Diesel_VISC,base,rand,both,trip__base__rand,5,2,-0.3769503727633503,0.6418614320292364,0.8543588806508623
Diesel_VISC,base,rand,both,trip__base__rand,5,3,-0.0286030725886383,0.5547611571796512,0.9884974957319752
Diesel_VISC,base,rand,both,trip__base__rand,5,4,-0.0342745147807566,0.5562884571042183,0.9857835581490796
Diesel_VISC,base,rand,both,trip__base__rand,5,5,-0.1381961865911765,0.5835669660763282,0.939703661241394
Diesel_VISC,base,rand,both,trip__base__rand,5,6,-0.0544917040331209,0.5616990901891948,0.9762878811442428
Diesel_VISC,base,rand,both,trip__base__rand,5,7,-0.3829685679454857,0.6432625848396375,0.8524979184638364
Diesel_VISC,base,rand,both,trip__base__rand,5,8,-0.0083597445056335,0.5492750679913134,0.9983704824012336
Diesel_VISC,base,rand,both,trip__base__rand,5,9,-0.0042338248371023,0.5481501778910317,1.000419295148841
Diesel_VISC,base,rand,both,trip__base__rand,10,0,-0.1082200120924246,0.5758311185152567,0.9523278561523738
Diesel_VISC,base,rand,both,trip__base__rand,10,1,-0.0124390603973265,0.5503849917789726,0.9963571368996924
Diesel_VISC,base,rand,both,trip__base__rand,10,2,-0.0677810298127947,0.5652274398581622,0.970193546758926
Diesel_VISC,base,rand,both,trip__base__rand,10,3,-0.1621334996683565,0.5896715121451281,0.9299754241247664
Diesel_VISC,base,rand,both,trip__base__rand,10,4,-0.0068157180624166,0.5488543748114628,0.999135726648498
Diesel_VISC,base,rand,both,trip__base__rand,10,5,-0.0163928703929252,0.5514586352919031,0.9944173134784342
Diesel_VISC,base,rand,both,trip__base__rand,10,6,-0.6932814730213741,0.7117815311703949,0.7704330480445973
Diesel_VISC,base,rand,both,trip__base__rand,10,7,-0.0078920530379098,0.5491476724568872,0.998602092125794
Diesel_VISC,base,rand,both,trip__base__rand,10,8,-0.555550584869235,0.6822196212908788,0.8038174181560874
Diesel_VISC,base,rand,both,trip__base__rand,10,9,-0.5220386355975388,0.6748309228825351,0.812618384852693
Diesel_VISC,base,rand,both,trip__base__rand,25,0,-0.0011458747929684,0.5473067669581799,1.0019609617641727
Diesel_VISC,base,rand,both,trip__base__rand,25,1,-0.0148882195949282,0.5510502990986349,0.9951541910029904
Diesel_VISC,base,rand,both,trip__base__rand,25,2,-0.0370343357953533,0.5570301527374429,0.9844709696710758
Diesel_VISC,base,rand,both,trip__base__rand,25,3,-0.0003595290987119,0.5470917848700563,1.0023546866668955
Diesel_VISC,base,rand,both,trip__base__rand,25,4,-0.0792934954916795,0.5682663194222847,0.96500530800234
Diesel_VISC,base,rand,both,trip__base__rand,25,5,-0.0023993326412274,0.5476492801642631,1.0013343109607953
Diesel_VISC,base,rand,both,trip__base__rand,25,6,-0.0138473325140455,0.5507676432009975,0.9956649076447864
Diesel_VISC,base,rand,both,trip__base__rand,25,7,-0.003030180953047,0.5478215813985063,1.001019370579607
Diesel_VISC,base,rand,both,trip__base__rand,25,8,-0.0151841332152486,0.5511306288341524,0.99500914286235
Diesel_VISC,base,rand,both,trip__base__rand,25,9,-0.2241142656447403,0.6051919133933914,0.9061258130939298
Melamine_R862,base,rand,both,trip__base__rand,5,0,-0.4472824596978837,19.626726466890325,0.8330008047829972
Melamine_R862,base,rand,both,trip__base__rand,5,1,-0.5693754358350875,20.43782357248369,0.7999422680302832
Melamine_R862,base,rand,both,trip__base__rand,5,2,-0.1481770688053936,17.481377650253627,0.9352282908857698
Melamine_R862,base,rand,both,trip__base__rand,5,3,-0.0512006743893873,16.726845130762587,0.9774155744473032
Melamine_R862,base,rand,both,trip__base__rand,5,4,-0.035229899178893,16.59929425890148,0.984926147291358
Melamine_R862,base,rand,both,trip__base__rand,5,5,-0.1945455514240801,17.830871824659738,0.916897339790472
Melamine_R862,base,rand,both,trip__base__rand,5,6,-0.0879914526927045,17.017037749286683,0.9607476449807316
Melamine_R862,base,rand,both,trip__base__rand,5,7,-0.0925342128969277,17.05252690515081,0.9587481687090648
Melamine_R862,base,rand,both,trip__base__rand,5,8,-0.0153544978450388,16.43917690456993,0.9945193142626568
Melamine_R862,base,rand,both,trip__base__rand,5,9,-0.5205264984498073,20.117231658206297,0.812690295560931
Melamine_R862,base,rand,both,trip__base__rand,10,0,-0.0617597385565495,16.81064383962062,0.972543294483619
Melamine_R862,base,rand,both,trip__base__rand,10,1,-0.1306771795188408,17.347645308180876,0.9424379304357476
Melamine_R862,base,rand,both,trip__base__rand,10,2,-0.06004574898849,16.79706972074309,0.9733292302755364
Melamine_R862,base,rand,both,trip__base__rand,10,3,-0.069341930602093,16.87056077685548,0.9690892412186142
Melamine_R862,base,rand,both,trip__base__rand,10,4,-0.0002245157278089,16.31623560983949,1.002012923392458
Melamine_R862,base,rand,both,trip__base__rand,10,5,-0.1497926953596569,17.49367255241208,0.9345709937803274
Melamine_R862,base,rand,both,trip__base__rand,10,6,-0.1576511379075746,17.55335240827237,0.931393534517689
Melamine_R862,base,rand,both,trip__base__rand,10,7,-0.2199534601984096,18.019504810774933,0.9072990136998276
Melamine_R862,base,rand,both,trip__base__rand,10,8,-0.0390830110700217,16.630156744163237,0.9830983071108758
Melamine_R862,base,rand,both,trip__base__rand,10,9,-0.0437347507740693,16.667339901321636,0.980905113771574
Melamine_R862,base,rand,both,trip__base__rand,25,0,-0.1017549195402183,17.124335174566887,0.9547278055183768
Melamine_R862,base,rand,both,trip__base__rand,25,1,-0.0198304437631766,16.475371137361634,0.9923344855704131
Melamine_R862,base,rand,both,trip__base__rand,25,2,-0.0245164076046076,16.513178653841592,0.990062500073054
Melamine_R862,base,rand,both,trip__base__rand,25,3,-0.0232780867752551,16.503195994867013,0.9906613814233584
Melamine_R862,base,rand,both,trip__base__rand,25,4,1.4916523995989197e-06,16.314392124732173,1.0021261483221695
Melamine_R862,base,rand,both,trip__base__rand,25,5,-0.0002538532740619,16.316474893519995,1.0019982287147295
Melamine_R862,base,rand,both,trip__base__rand,25,6,-0.0326148712955061,16.5783157958843,0.9861724884161142
Melamine_R862,base,rand,both,trip__base__rand,25,7,-0.0818296372234999,16.968781519757368,0.9634798422703226
Melamine_R862,base,rand,both,trip__base__rand,25,8,-0.0039998808285532,16.346999567150892,1.00012720224381
Melamine_R862,base,rand,both,trip__base__rand,25,9,-0.0025065756375746,16.334838139885296,1.0008718055341683
Shootout_assay,base,rand,both,trip__base__rand,5,0,-0.9496093370325732,21.98518669678383,0.7165761674943594
Shootout_assay,base,rand,both,trip__base__rand,5,1,-0.0279191544052042,15.963783870290335,0.986862572986138
Shootout_assay,base,rand,both,trip__base__rand,5,2,-0.0127560473642147,15.845603426442873,0.9942228390330168
Shootout_assay,base,rand,both,trip__base__rand,5,3,-0.0013621927086449,15.756217058004314,0.9998631503255482
Shootout_assay,base,rand,both,trip__base__rand,5,4,-0.3856661586943868,18.53470444781633,0.8499763710386758
Shootout_assay,base,rand,both,trip__base__rand,5,5,-0.0024094256700728,15.764453896858994,0.9993407274303532
Shootout_assay,base,rand,both,trip__base__rand,5,6,-0.3788246450358474,18.48889170243792,0.8520824870617867
Shootout_assay,base,rand,both,trip__base__rand,5,7,-0.5786584441226352,19.78337796729821,0.796328152394939
Shootout_assay,base,rand,both,trip__base__rand,5,8,-0.0062585075057763,15.794691309940422,0.997427585996219
Shootout_assay,base,rand,both,trip__base__rand,5,9,-0.058468015428702,16.199261997158285,0.9725171941532244
Shootout_assay,base,rand,both,trip__base__rand,10,0,-0.7670419175417535,20.930508806756844,0.752684082851515
Shootout_assay,base,rand,both,trip__base__rand,10,1,-0.06678175661991,16.262756145806232,0.9687202269765276
Shootout_assay,base,rand,both,trip__base__rand,10,2,-0.2823431490632826,17.83029332904473,0.8835558974886123
Shootout_assay,base,rand,both,trip__base__rand,10,3,-0.3507582935637146,18.299751036457494,0.8608893527263548
Shootout_assay,base,rand,both,trip__base__rand,10,4,-0.0555598925420481,16.176993092240316,0.9738559406560016
Shootout_assay,base,rand,both,trip__base__rand,10,5,-0.948287829027348,21.977734299859986,0.7168191502310454
Shootout_assay,base,rand,both,trip__base__rand,10,6,-0.1079971629359468,16.573937015834435,0.9505322006339346
Shootout_assay,base,rand,both,trip__base__rand,10,7,-0.7091235809887539,20.58463132218207,0.7653312113417695
Shootout_assay,base,rand,both,trip__base__rand,10,8,-0.0716445779721166,16.299780100919754,0.9665198381382072
Shootout_assay,base,rand,both,trip__base__rand,10,9,-0.4965699266147394,19.2621547168637,0.8178763516543095
Shootout_assay,base,rand,both,trip__base__rand,25,0,-0.0700809757370986,16.287884517021993,0.96722571972838
Shootout_assay,base,rand,both,trip__base__rand,25,1,-0.0234887263204748,15.929344016667075,0.9889962077751386
Shootout_assay,base,rand,both,trip__base__rand,25,2,-0.000147330852845,15.746656363353068,1.0004702243641703
Shootout_assay,base,rand,both,trip__base__rand,25,3,-0.2942226330541317,17.91269186120206,0.8794915329812485
Shootout_assay,base,rand,both,trip__base__rand,25,4,-0.1872812691415717,17.156676722597652,0.9182466441230496
Shootout_assay,base,rand,both,trip__base__rand,25,5,-0.0019175032110005,15.760585297676643,0.9995860259803756
Shootout_assay,base,rand,both,trip__base__rand,25,6,-0.0566776295750643,16.18555577079814,0.9733407396026952
Shootout_assay,base,rand,both,trip__base__rand,25,7,-0.6251085927517197,20.072319131441372,0.7848650034739681
Shootout_assay,base,rand,both,trip__base__rand,25,8,-0.2142041573612156,17.350109405630008,0.9080093074062826
Shootout_assay,base,rand,both,trip__base__rand,25,9,-0.1241666370037295,16.694434248929806,0.9436714410276732
Wheat,base,rand,both,trip__base__rand,5,0,-0.1702896672640872,1.883178754187209,0.9286954196802576
Wheat,base,rand,both,trip__base__rand,5,1,-0.018956536096975,1.7572060517877564,0.9952728546965393
Wheat,base,rand,both,trip__base__rand,5,2,-0.0557021612349346,1.7886096349725182,0.9777983128664666
Wheat,base,rand,both,trip__base__rand,5,3,-0.125736144434863,1.8469841382256995,0.9468946956593308
Wheat,base,rand,both,trip__base__rand,5,4,-0.1093831228290207,1.8335199421306507,0.9538480838231396
Wheat,base,rand,both,trip__base__rand,5,5,-0.4054397930751952,2.0637210000336,0.8474495745424699
Wheat,base,rand,both,trip__base__rand,5,6,-0.0626751387653521,1.7945068513055804,0.9745850132477544
Wheat,base,rand,both,trip__base__rand,5,7,-0.0012040935779091,1.7418316148786013,1.0040577220632927
Wheat,base,rand,both,trip__base__rand,5,8,-0.0017827886168959,1.742334930690333,1.0037676755753848
Wheat,base,rand,both,trip__base__rand,5,9,-0.0118060993237847,1.7510296786631074,0.998783461390615
Wheat,base,rand,both,trip__base__rand,10,0,-0.1745009945333051,1.886564052871362,0.9270289449176132
Wheat,base,rand,both,trip__base__rand,10,1,-0.001983925250601,1.74250983377207,1.0036669231684812
Wheat,base,rand,both,trip__base__rand,10,2,-0.0200476027381257,1.7581465805955645,0.994740428787458
Wheat,base,rand,both,trip__base__rand,10,3,-0.0741923321804347,1.804205010440045,0.9693463178146694
Wheat,base,rand,both,trip__base__rand,10,4,-0.047156441529587,1.7813556881476342,0.9817800538596818
Wheat,base,rand,both,trip__base__rand,10,5,-0.2512911767316665,1.9472604882278488,0.8981332975355869
Wheat,base,rand,both,trip__base__rand,10,6,-0.0491790455111216,1.7830752206056597,0.9808332611221996
Wheat,base,rand,both,trip__base__rand,10,7,-0.2214705678003172,1.923917141051674,0.9090305638094326
Wheat,base,rand,both,trip__base__rand,10,8,-0.0125898438323428,1.751707720751134,0.9983968573837791
Wheat,base,rand,both,trip__base__rand,10,9,-0.087319917262381,1.81519602685136,0.963476923473922
Wheat,base,rand,both,trip__base__rand,25,0,-0.0944615332960885,1.8211474566982604,0.960328323233962
Wheat,base,rand,both,trip__base__rand,25,1,-0.1313162988304452,1.8515561315222084,0.9445565563356824
Wheat,base,rand,both,trip__base__rand,25,2,-0.0276910264551948,1.764721361621632,0.9910343476806684
Wheat,base,rand,both,trip__base__rand,25,3,-0.0011288407593239,1.7417661535992874,1.0040954578424932
Wheat,base,rand,both,trip__base__rand,25,4,-0.0090657338365303,1.7486568353213046,1.0001387625785856
Wheat,base,rand,both,trip__base__rand,25,5,-0.0142274783522455,1.7531236435633624,0.9975904950423568
Wheat,base,rand,both,trip__base__rand,25,6,-0.0031380203419166,1.7435130650862145,1.0030894052212649
Wheat,base,rand,both,trip__base__rand,25,7,-0.0299308581131128,1.7666434020596269,0.9899561402226928
Wheat,base,rand,both,trip__base__rand,25,8,-0.136996865237351,1.8561988284892512,0.9421940454925584
Wheat,base,rand,both,trip__base__rand,25,9,-0.0228274322846517,1.7605405975919706,0.993387761602852
CGL_Glucose,ft,mae,both,trip__ft__mae,5,0,-17.016184462487026,68.2597615741128,0.237226811653597
CGL_Glucose,ft,mae,both,trip__ft__mae,5,1,-20.89046068473257,75.24208260805499,0.2152126182739121
CGL_Glucose,ft,mae,both,trip__ft__mae,5,2,-0.8977369032594205,22.153959556993616,0.7309323446584355
CGL_Glucose,ft,mae,both,trip__ft__mae,5,3,-8.486705716593855,49.532593891868565,0.3269169718390177
CGL_Glucose,ft,mae,both,trip__ft__mae,5,4,-10.700971738865777,55.01033912652018,0.2943636752578193
CGL_Glucose,ft,mae,both,trip__ft__mae,5,5,-15.21623524282796,64.76022888393088,0.250046145319902
CGL_Glucose,ft,mae,both,trip__ft__mae,5,6,-64.46366146310278,130.11683871227254,0.1244500386169786
CGL_Glucose,ft,mae,both,trip__ft__mae,5,7,-38.5428950657423,101.12710814312533,0.1601256665971646
CGL_Glucose,ft,mae,both,trip__ft__mae,5,8,-49.4101522687095,114.18061075231668,0.1418195742321596
CGL_Glucose,ft,mae,both,trip__ft__mae,5,9,-1.634165225981528,26.100862766322543,0.6204026950157021
CGL_Glucose,ft,mae,both,trip__ft__mae,10,0,-15.459024732959836,65.24322285946968,0.2481950598507439
CGL_Glucose,ft,mae,both,trip__ft__mae,10,1,-24.284778833413142,80.86543678585973,0.2002468081059452
CGL_Glucose,ft,mae,both,trip__ft__mae,10,2,-12.241336461235928,58.519319553919445,0.2767128142619857
CGL_Glucose,ft,mae,both,trip__ft__mae,10,3,-9.415934656401904,51.90180724462408,0.3119938680774696
CGL_Glucose,ft,mae,both,trip__ft__mae,10,4,-14.049567567701546,62.387181779555206,0.2595572542398139
CGL_Glucose,ft,mae,both,trip__ft__mae,10,5,-11.933069235210516,57.8341235377363,0.2799911991731951
CGL_Glucose,ft,mae,both,trip__ft__mae,10,6,-4.742706194699177,38.53822038252118,0.4201814573099949
CGL_Glucose,ft,mae,both,trip__ft__mae,10,7,-7.630175665876553,47.24362079889352,0.3427562352045792
CGL_Glucose,ft,mae,both,trip__ft__mae,10,8,-19.15039677877363,72.1896868967894,0.2243124509684177
CGL_Glucose,ft,mae,both,trip__ft__mae,10,9,-4.387153495953284,37.32613582868198,0.4338259303557084
CGL_Glucose,ft,mae,both,trip__ft__mae,25,0,-9.366075749811458,51.77743666942102,0.3127432844126265
CGL_Glucose,ft,mae,both,trip__ft__mae,25,1,-5.311985896172184,40.40325616052272,0.4007856579213887
CGL_Glucose,ft,mae,both,trip__ft__mae,25,2,-11.992234053646818,57.96625926374048,0.2793529513226792
CGL_Glucose,ft,mae,both,trip__ft__mae,25,3,-7.226950258045363,46.1267432736492,0.3510554713649618
CGL_Glucose,ft,mae,both,trip__ft__mae,25,4,-8.08773373735527,48.47983735401223,0.3340160876410479
CGL_Glucose,ft,mae,both,trip__ft__mae,25,5,-11.941089631954018,57.85205357104102,0.279904421760531
CGL_Glucose,ft,mae,both,trip__ft__mae,25,6,-4.827070794779442,38.82026577143776,0.4171286641312906
CGL_Glucose,ft,mae,both,trip__ft__mae,25,7,-4.902657009990809,39.07123428945508,0.4144492974677238
CGL_Glucose,ft,mae,both,trip__ft__mae,25,8,-15.112971747013816,64.55370598598572,0.2508461033356772
CGL_Glucose,ft,mae,both,trip__ft__mae,25,9,-4.671482338468352,38.298489802632055,0.4228115961206553
Corn_Starch,ft,mae,both,trip__ft__mae,5,0,-1.9649809027150569,1.3871114769587864,0.583184794635302
Corn_Starch,ft,mae,both,trip__ft__mae,5,1,-3.097623835132441,1.6306714160730071,0.4960792921572025
Corn_Starch,ft,mae,both,trip__ft__mae,5,2,-0.2315653344222377,0.893982758313958,0.9048746346653675
Corn_Starch,ft,mae,both,trip__ft__mae,5,3,-2.5666039457948475,1.5213455122696755,0.5317282072365204
Corn_Starch,ft,mae,both,trip__ft__mae,5,4,-1.3646315142505063,1.2387456759460052,0.6530334172175475
Corn_Starch,ft,mae,both,trip__ft__mae,5,5,-0.1963145740308634,0.8810957606174292,0.918109424632361
Corn_Starch,ft,mae,both,trip__ft__mae,5,6,-0.4944599774624976,0.9847875723157766,0.8214383939921303
Corn_Starch,ft,mae,both,trip__ft__mae,5,7,-2.457610943271615,1.4979195083932049,0.5400439191116619
Corn_Starch,ft,mae,both,trip__ft__mae,5,8,-1.2717323181899958,1.2141685883896096,0.6662520588672174
Corn_Starch,ft,mae,both,trip__ft__mae,5,9,-3.593977430841941,1.7266123521290448,0.4685141519050253
Corn_Starch,ft,mae,both,trip__ft__mae,10,0,-3.064232393370631,1.6240136730717538,0.4981129994407005
Corn_Starch,ft,mae,both,trip__ft__mae,10,1,-1.619852100090192,1.3038835377501958,0.6204099510469173
Corn_Starch,ft,mae,both,trip__ft__mae,10,2,-3.1206479714711897,1.6352462880052252,0.4946914282944366
Corn_Starch,ft,mae,both,trip__ft__mae,10,3,-3.2761229578101485,1.6658101623793529,0.4856149518688438
Corn_Starch,ft,mae,both,trip__ft__mae,10,4,-4.926932566624187,1.9611707527915625,0.4124792910943724
Corn_Starch,ft,mae,both,trip__ft__mae,10,5,-0.020883515136052,0.8139327255804552,0.993868776132062
Corn_Starch,ft,mae,both,trip__ft__mae,10,6,-2.366327964217533,1.478014270524872,0.5473169900715567
Corn_Starch,ft,mae,both,trip__ft__mae,10,7,-0.7250754067053424,1.0580457736698756,0.7645626890230187
Corn_Starch,ft,mae,both,trip__ft__mae,10,8,-2.29952204902258,1.463274931133292,0.5528300284622265
Corn_Starch,ft,mae,both,trip__ft__mae,10,9,-1.7976982906854428,1.3474133737585274,0.6003668492394321
Corn_Starch,ft,mae,both,trip__ft__mae,25,0,-3.467871583273231,1.7027494782761274,0.475080058544759
Corn_Starch,ft,mae,both,trip__ft__mae,25,1,-2.132727545949671,1.4258102345939114,0.5673562317056009
Corn_Starch,ft,mae,both,trip__ft__mae,25,2,-1.587108402043555,1.2957097539007612,0.624323710916849
Corn_Starch,ft,mae,both,trip__ft__mae,25,3,-1.815849060307185,1.3517771485986716,0.5984287592559733
Corn_Starch,ft,mae,both,trip__ft__mae,25,4,-2.7921253341186114,1.5687067175406784,0.5156746718689968
Corn_Starch,ft,mae,both,trip__ft__mae,25,5,-1.1304774973202854,1.175814713987441,0.6879845201827613
Corn_Starch,ft,mae,both,trip__ft__mae,25,6,-1.238753739534499,1.205323369578074,0.6711413237674569
Corn_Starch,ft,mae,both,trip__ft__mae,25,7,-1.979371118486081,1.3904735007394218,0.5817747129997828
Corn_Starch,ft,mae,both,trip__ft__mae,25,8,-2.16241737007296,1.4325507232702903,0.5646866869605782
Corn_Starch,ft,mae,both,trip__ft__mae,25,9,-4.629090357570447,1.9112589180098285,0.4232510384667414
Diesel_TOTAL,ft,mae,both,trip__ft__mae,5,0,-2.8942700605409435,13.374837799475165,0.5080265963324179
Diesel_TOTAL,ft,mae,both,trip__ft__mae,5,1,-2.1445565705949274,12.01863641168345,0.5653530975577443
Diesel_TOTAL,ft,mae,both,trip__ft__mae,5,2,-0.8160774683093361,9.133614471599016,0.7439303842847632
Diesel_TOTAL,ft,mae,both,trip__ft__mae,5,3,-0.9183863556685324,9.387361217793783,0.7238214409908942
Diesel_TOTAL,ft,mae,both,trip__ft__mae,5,4,-4.178204504125625,15.422866171158873,0.440564889065297
Diesel_TOTAL,ft,mae,both,trip__ft__mae,5,5,-3.4983652406402186,14.374834337330338,0.472685330788128
Diesel_TOTAL,ft,mae,both,trip__ft__mae,5,6,-4.570411522336292,15.996284929422186,0.4247719613488387
Diesel_TOTAL,ft,mae,both,trip__ft__mae,5,7,-3.3864404998845616,14.19487630439547,0.4786778819383948
Diesel_TOTAL,ft,mae,both,trip__ft__mae,5,8,-1.7270138834756257,11.192295438224033,0.6070938138891472
Diesel_TOTAL,ft,mae,both,trip__ft__mae,5,9,-1.0404052804682342,9.681300721425847,0.7018450845895021
Diesel_TOTAL,ft,mae,both,trip__ft__mae,10,0,-0.5504265432040847,8.43919629124623,0.8051446001811313
Diesel_TOTAL,ft,mae,both,trip__ft__mae,10,1,-2.3124829126954527,12.335373796271838,0.55083643479204
Diesel_TOTAL,ft,mae,both,trip__ft__mae,10,2,-1.2823809049675554,10.239283169027669,0.6635985363036669
Diesel_TOTAL,ft,mae,both,trip__ft__mae,10,3,-1.9689395065346915,11.67820690340697,0.581833613667458
Diesel_TOTAL,ft,mae,both,trip__ft__mae,10,4,-3.4802884267269363,14.345922413528497,0.4736379528553648
Diesel_TOTAL,ft,mae,both,trip__ft__mae,10,5,-1.2866065539328004,10.248757400104331,0.6629850877040333
Diesel_TOTAL,ft,mae,both,trip__ft__mae,10,6,-1.5536954894621458,10.830787766043784,0.627357258819918
Diesel_TOTAL,ft,mae,both,trip__ft__mae,10,7,-1.6959780255074262,11.128424021582347,0.610578219394572
Diesel_TOTAL,ft,mae,both,trip__ft__mae,10,8,-1.3397575886496398,10.367186785609029,0.6554114886014728
Diesel_TOTAL,ft,mae,both,trip__ft__mae,10,9,-0.7466411924907859,8.957304541918065,0.7585734404772777
Diesel_TOTAL,ft,mae,both,trip__ft__mae,25,0,-1.8260953291195243,11.39380794467107,0.5963566664245447
Diesel_TOTAL,ft,mae,both,trip__ft__mae,25,1,-1.8604365022775424,11.462824592754064,0.592766055938837
Diesel_TOTAL,ft,mae,both,trip__ft__mae,25,2,-2.83917110824621,13.27988228376853,0.5116591531892201
Diesel_TOTAL,ft,mae,both,trip__ft__mae,25,3,-2.2371937602270138,12.194383200904126,0.5572051666591672
Diesel_TOTAL,ft,mae,both,trip__ft__mae,25,4,-1.276952379298514,10.227099115567142,0.6643891143504116
Diesel_TOTAL,ft,mae,both,trip__ft__mae,25,5,-1.889205370519576,11.520324114468764,0.589807479047551
Diesel_TOTAL,ft,mae,both,trip__ft__mae,25,6,-2.75555633234526,13.134472373139277,0.5173236602683197
Diesel_TOTAL,ft,mae,both,trip__ft__mae,25,7,-1.8341072766619329,11.409947170949444,0.5955131274459815
Diesel_TOTAL,ft,mae,both,trip__ft__mae,25,8,-2.194626529506803,12.113943338743365,0.5609051597619892
Diesel_TOTAL,ft,mae,both,trip__ft__mae,25,9,-3.590802852564873,14.521778641911173,0.4679022791433549
Diesel_VISC,ft,mae,both,trip__ft__mae,5,0,-0.9356809616104178,0.7610251791962948,0.7205806451510479
Diesel_VISC,ft,mae,both,trip__ft__mae,5,1,-0.9427688066864754,0.762417221555933,0.7192649891647644
Diesel_VISC,ft,mae,both,trip__ft__mae,5,2,-2.4121951368726977,1.010413328855327,0.5427284052385813
Diesel_VISC,ft,mae,both,trip__ft__mae,5,3,0.0704055024132339,0.5273863790221356,1.039806935511395
Diesel_VISC,ft,mae,both,trip__ft__mae,5,4,-1.8332309239686149,0.9207105581823478,0.5956052200422911
Diesel_VISC,ft,mae,both,trip__ft__mae,5,5,0.3775531027503128,0.4315521553055123,1.270715504162501
Diesel_VISC,ft,mae,both,trip__ft__mae,5,6,-4.732536095259982,1.309650869845489,0.4187222925039214
Diesel_VISC,ft,mae,both,trip__ft__mae,5,7,-0.859180828107249,0.745835331661637,0.7352561501474181
Diesel_VISC,ft,mae,both,trip__ft__mae,5,8,-0.3738745667899545,0.6411441422108531,0.8553147077199874
Diesel_VISC,ft,mae,both,trip__ft__mae,5,9,-1.05850499785162,0.7847983831231716,0.6987527324140669
Diesel_VISC,ft,mae,both,trip__ft__mae,10,0,-1.2093009148805574,0.8130356200037343,0.6744846118783075
Diesel_VISC,ft,mae,both,trip__ft__mae,10,1,-0.6401692165353485,0.7005295588011251,0.7828078169034673
Diesel_VISC,ft,mae,both,trip__ft__mae,10,2,-0.2310347143944562,0.6069002085192117,0.903575261474142
Diesel_VISC,ft,mae,both,trip__ft__mae,10,3,-0.6633126977249932,0.7054546300970076,0.7773427109352868
Diesel_VISC,ft,mae,both,trip__ft__mae,10,4,-0.7316201424014102,0.7197943795928958,0.7618564831134315
Diesel_VISC,ft,mae,both,trip__ft__mae,10,5,-0.3507002962245138,0.6357137928989011,0.862620916404543
Diesel_VISC,ft,mae,both,trip__ft__mae,10,6,-1.8111912003250388,0.9171224595855274,0.5979354325803838
Diesel_VISC,ft,mae,both,trip__ft__mae,10,7,-0.4818173832008228,0.6658547149192462,0.8235730742973932
Diesel_VISC,ft,mae,both,trip__ft__mae,10,8,-2.787786463810308,1.0645716108978704,0.5151180145964522
Diesel_VISC,ft,mae,both,trip__ft__mae,10,9,-2.0917329217313183,0.9617963442055067,0.5701622988122792
Diesel_VISC,ft,mae,both,trip__ft__mae,25,0,-0.2325963688195276,0.6072850343888059,0.903002681686974
Diesel_VISC,ft,mae,both,trip__ft__mae,25,1,-1.7434054925352345,0.9059977906978112,0.6052774302894145
Diesel_VISC,ft,mae,both,trip__ft__mae,25,2,-0.6914682683546447,0.7114003330936983,0.7708458783209916
Diesel_VISC,ft,mae,both,trip__ft__mae,25,3,-1.1517395769582557,0.802374264692144,0.6834466641472619
Diesel_VISC,ft,mae,both,trip__ft__mae,25,4,-1.214218212332376,0.8139399141742615,0.6737352537352675
Diesel_VISC,ft,mae,both,trip__ft__mae,25,5,-0.0440654907860249,0.558915311683828,0.9811504590013276
Diesel_VISC,ft,mae,both,trip__ft__mae,25,6,-1.0071311449030556,0.7749434497721829,0.7076387506245393
Diesel_VISC,ft,mae,both,trip__ft__mae,25,7,-0.814743426534863,0.7368680948624596,0.7442037705592559
Diesel_VISC,ft,mae,both,trip__ft__mae,25,8,-0.7421319407359452,0.7219758295086441,0.7595545338057501
Diesel_VISC,ft,mae,both,trip__ft__mae,25,9,-1.3251202792773245,0.8340745095057434,0.6574712550877708
Melamine_R862,ft,mae,both,trip__ft__mae,5,0,0.7352330375044307,8.394660115393224,1.9475569847308305
Melamine_R862,ft,mae,both,trip__ft__mae,5,1,0.391689384930461,12.724300530507035,1.284870543805359
Melamine_R862,ft,mae,both,trip__ft__mae,5,2,0.9289643366067454,4.3481992902583535,3.759965413453713
Melamine_R862,ft,mae,both,trip__ft__mae,5,3,0.9591090763822498,3.2990179656076277,4.955741106176167
Melamine_R862,ft,mae,both,trip__ft__mae,5,4,0.9668190508628304,2.9717729335628795,5.501456304931874
Melamine_R862,ft,mae,both,trip__ft__mae,5,5,0.948583017581036,3.699342253735942,4.41945562773073
Melamine_R862,ft,mae,both,trip__ft__mae,5,6,0.8556600311687284,6.198184848805872,2.6377204521941886
Melamine_R862,ft,mae,both,trip__ft__mae,5,7,0.8715457442536506,5.847166613181961,2.796068595910663
Melamine_R862,ft,mae,both,trip__ft__mae,5,8,0.9328064414733998,4.22897425545003,3.865967952182672
Melamine_R862,ft,mae,both,trip__ft__mae,5,9,0.6652419428392691,9.439233725793894,1.732034550378753
Melamine_R862,ft,mae,both,trip__ft__mae,10,0,0.8031424958179407,7.238477150935724,2.2586351522933152
Melamine_R862,ft,mae,both,trip__ft__mae,10,1,0.9624159299120748,3.1628101594757707,5.169162269570179
Melamine_R862,ft,mae,both,trip__ft__mae,10,2,0.9155278183863822,4.741634517860405,3.447983787150403
Melamine_R862,ft,mae,both,trip__ft__mae,10,3,0.9421480575899676,3.924010791720428,4.166420484029139
Melamine_R862,ft,mae,both,trip__ft__mae,10,4,0.9356466470042226,4.138631990519761,3.95035822939216
Melamine_R862,ft,mae,both,trip__ft__mae,10,5,0.9615987738313388,3.197008319291444,5.113868125873021
Melamine_R862,ft,mae,both,trip__ft__mae,10,6,0.9673621229312872,2.947353121423383,5.54703772118077
Melamine_R862,ft,mae,both,trip__ft__mae,10,7,0.9306035815978768,4.297736144697423,3.8041141642320224
Melamine_R862,ft,mae,both,trip__ft__mae,10,8,0.9525891401671566,3.552304093737776,4.602387214258084
Melamine_R862,ft,mae,both,trip__ft__mae,10,9,0.8868617476508885,5.487517944755775,2.979321271796409
Melamine_R862,ft,mae,both,trip__ft__mae,25,0,0.8040194395148081,7.222336485977602,2.263682808730617
Melamine_R862,ft,mae,both,trip__ft__mae,25,1,0.960252403560478,3.2525700328657163,5.026510967319846
Melamine_R862,ft,mae,both,trip__ft__mae,25,2,0.9728168018012694,2.6898093341163447,6.078155330495344
Melamine_R862,ft,mae,both,trip__ft__mae,25,3,0.9621172721828,3.1753517573046155,5.148745774248722
Melamine_R862,ft,mae,both,trip__ft__mae,25,4,0.8450487822951922,6.421976577688543,2.545801708305187
Melamine_R862,ft,mae,both,trip__ft__mae,25,5,0.9655618665067872,3.027547900464307,5.400105788472607
Melamine_R862,ft,mae,both,trip__ft__mae,25,6,0.7858889219373858,7.549023713094138,2.1657209678408007
Melamine_R862,ft,mae,both,trip__ft__mae,25,7,0.918404623133284,4.660194004662092,3.508239984391134
Melamine_R862,ft,mae,both,trip__ft__mae,25,8,0.7390348068434538,8.334173044393149,1.9616918025447416
Melamine_R862,ft,mae,both,trip__ft__mae,25,9,0.9610662555877304,3.2190988080724336,5.07877512214826
Shootout_assay,ft,mae,both,trip__ft__mae,5,0,-3.882865783140689,34.7931503163035,0.4527920203146203
Shootout_assay,ft,mae,both,trip__ft__mae,5,1,-0.8349531665419998,21.328919349117676,0.7386244266276454
Shootout_assay,ft,mae,both,trip__ft__mae,5,2,-0.1551073347504166,16.92261720615944,0.9309470652739944
Shootout_assay,ft,mae,both,trip__ft__mae,5,3,-0.2844976426732788,17.845265581607354,0.8828145903901049
Shootout_assay,ft,mae,both,trip__ft__mae,5,4,-1.1828637321934763,23.263211681752548,0.6772091936551768
Shootout_assay,ft,mae,both,trip__ft__mae,5,5,-0.6137865307479953,20.00227542623396,0.7876134334280345
Shootout_assay,ft,mae,both,trip__ft__mae,5,6,-1.2768424281087951,23.758709520763745,0.6630857122547498
Shootout_assay,ft,mae,both,trip__ft__mae,5,7,-5.702899844145204,40.76502612581853,0.3864602165642057
Shootout_assay,ft,mae,both,trip__ft__mae,5,8,-0.1743550781079414,17.06302688118313,0.92328640952929
Shootout_assay,ft,mae,both,trip__ft__mae,5,9,-0.2422579062493892,17.549398859634632,0.8976980323277765
Shootout_assay,ft,mae,both,trip__ft__mae,10,0,-2.099540225623905,27.720751419271934,0.5683129070547792
Shootout_assay,ft,mae,both,trip__ft__mae,10,1,-1.6984376382970892,25.865004174863763,0.6090878902752899
Shootout_assay,ft,mae,both,trip__ft__mae,10,2,-1.078109102179564,22.69815368507647,0.6940679424153903
Shootout_assay,ft,mae,both,trip__ft__mae,10,3,-2.9045749542390333,31.113096932034043,0.5063482063275081
Shootout_assay,ft,mae,both,trip__ft__mae,10,4,-0.6519711462308524,20.23753387419845,0.7784575394788957
Shootout_assay,ft,mae,both,trip__ft__mae,10,5,-2.0370547905791656,27.43990941923718,0.574129476308865
Shootout_assay,ft,mae,both,trip__ft__mae,10,6,-0.3715836256507328,18.44027977221445,0.8543287314201885
Shootout_assay,ft,mae,both,trip__ft__mae,10,7,-2.658481152797286,30.116657566237727,0.523101236921139
Shootout_assay,ft,mae,both,trip__ft__mae,10,8,-0.9045666083183634,21.72973564150188,0.7250001143474781
Shootout_assay,ft,mae,both,trip__ft__mae,10,9,-2.3337411750051813,28.748970646858723,0.5479869529363728
Shootout_assay,ft,mae,both,trip__ft__mae,25,0,-1.484545978438489,24.8187485467898,0.6347645126074277
Shootout_assay,ft,mae,both,trip__ft__mae,25,1,-0.1140740783356564,16.619325530330844,0.947936232194118
Shootout_assay,ft,mae,both,trip__ft__mae,25,2,0.0296689612271293,15.51016156609787,1.0157251268913006
Shootout_assay,ft,mae,both,trip__ft__mae,25,3,-2.8948077915031547,31.074158383901068,0.5069827034476085
Shootout_assay,ft,mae,both,trip__ft__mae,25,4,-2.115257798366762,27.790947631579808,0.56687742475278
Shootout_assay,ft,mae,both,trip__ft__mae,25,5,-2.1061665063414896,27.75036668477842,0.567706402001193
Shootout_assay,ft,mae,both,trip__ft__mae,25,6,-0.7260175553202772,20.68611640547592,0.7615765335565355
Shootout_assay,ft,mae,both,trip__ft__mae,25,7,-1.1541429112297408,23.10966319212371,0.6817088026708529
Shootout_assay,ft,mae,both,trip__ft__mae,25,8,-1.1472555243691271,23.072689642853213,0.6828012281484993
Shootout_assay,ft,mae,both,trip__ft__mae,25,9,-0.2008579266719721,17.254491880748862,0.9130411335037002
Wheat,ft,mae,both,trip__ft__mae,5,0,-5.024578925622324,4.272757151202279,0.4093140381172202
Wheat,ft,mae,both,trip__ft__mae,5,1,-1.6358130051542594,2.826195228388648,0.6188176477992173
Wheat,ft,mae,both,trip__ft__mae,5,2,-7.064044114175353,4.943349402235748,0.3537883611184459
Wheat,ft,mae,both,trip__ft__mae,5,3,-7.122477317434928,4.961227178649955,0.352513485167342
Wheat,ft,mae,both,trip__ft__mae,5,4,-2.9046269606244075,3.439811427260512,0.5084288835116958
Wheat,ft,mae,both,trip__ft__mae,5,5,-16.971502539810498,7.379671922891475,0.2369887851013826
Wheat,ft,mae,both,trip__ft__mae,5,6,-3.4727726486603068,3.681571779629649,0.4750415279499906
Wheat,ft,mae,both,trip__ft__mae,5,7,-4.4874109913799405,4.077825196378508,0.4288804446561422
Wheat,ft,mae,both,trip__ft__mae,5,8,-9.141120320255748,5.543548204280578,0.3154837694208886
Wheat,ft,mae,both,trip__ft__mae,5,9,-20.489462926714427,8.069704677193718,0.2167241000027554
Wheat,ft,mae,both,trip__ft__mae,10,0,-11.32584546579061,6.111576043143224,0.2861617807103917
Wheat,ft,mae,both,trip__ft__mae,10,1,-3.442792753564804,3.669212699717694,0.4766416194916674
Wheat,ft,mae,both,trip__ft__mae,10,2,-1.9387618907423256,2.9841940509715688,0.5860542088016839
Wheat,ft,mae,both,trip__ft__mae,10,3,-12.604015997143724,6.420641589166428,0.2723870284869598
Wheat,ft,mae,both,trip__ft__mae,10,4,-5.211969750009732,4.338699049607124,0.4030930616427983
Wheat,ft,mae,both,trip__ft__mae,10,5,-26.077312565658037,9.058319602063603,0.1930710728129324
Wheat,ft,mae,both,trip__ft__mae,10,6,-13.768694623535136,6.689842848622186,0.2614260937105617
Wheat,ft,mae,both,trip__ft__mae,10,7,-12.960342062576927,6.504185073841355,0.2688883332189591
Wheat,ft,mae,both,trip__ft__mae,10,8,-13.222178989204256,6.564897211353582,0.2664016552198596
Wheat,ft,mae,both,trip__ft__mae,10,9,-12.077852608283102,6.295251421820466,0.2778124917125369
Wheat,ft,mae,both,trip__ft__mae,25,0,-10.73908985998259,5.964335625370004,0.2932262020959526
Wheat,ft,mae,both,trip__ft__mae,25,1,-5.566262963780549,4.460710065990248,0.3920675088898859
Wheat,ft,mae,both,trip__ft__mae,25,2,-4.874398917766275,4.219165664427996,0.4145131105417113
Wheat,ft,mae,both,trip__ft__mae,25,3,-9.298502091378706,5.586398228864962,0.3130638761870319
Wheat,ft,mae,both,trip__ft__mae,25,4,-6.826556275869271,4.870014079019928,0.359115898860973
Wheat,ft,mae,both,trip__ft__mae,25,5,-7.982979011162994,5.217411042832574,0.3352044661797134
Wheat,ft,mae,both,trip__ft__mae,25,6,-4.524762416829289,4.091680024646481,0.4274282135744324
Wheat,ft,mae,both,trip__ft__mae,25,7,-3.157797169831116,3.5495762528102737,0.4927065539353309
Wheat,ft,mae,both,trip__ft__mae,25,8,-13.874141010936471,6.713682636242039,0.2604977890989162
Wheat,ft,mae,both,trip__ft__mae,25,9,-2.925657789855346,3.449062623075314,0.5070651578640953
CGL_Glucose,ft,rand,both,trip__ft__rand,5,0,-0.6565630039359884,20.6984267177143,0.7823321947751242
CGL_Glucose,ft,rand,both,trip__ft__rand,5,1,-1.7280253981775409,26.561803635480462,0.6096365226053894
CGL_Glucose,ft,rand,both,trip__ft__rand,10,0,-0.5489930253014477,20.015114928808597,0.8090408503802379
CGL_Glucose,ft,rand,both,trip__ft__rand,10,1,-0.4345041035469472,19.261240525666224,0.8407062660831084
CGL_Glucose,ft,rand,both,trip__ft__rand,25,0,-0.3376507698548361,18.59964816137053,0.8706103181076678
CGL_Glucose,ft,rand,both,trip__ft__rand,25,1,-0.5892151739457883,20.273312211839645,0.7987370506238608
CGL_Glucose,ft,rand,both,trip__ft__rand,5,2,-0.1662388684097047,17.36709231663189,0.9323981992629794
CGL_Glucose,ft,rand,both,trip__ft__rand,5,3,-0.939115096766469,22.394179287753165,0.7230917192538994
CGL_Glucose,ft,rand,both,trip__ft__rand,5,4,-0.1988505070874968,17.608236907594744,0.9196290172287012
CGL_Glucose,ft,rand,both,trip__ft__rand,5,5,-1.4791921596718574,25.32144303933014,0.6394993198969704
CGL_Glucose,ft,rand,both,trip__ft__rand,5,6,-2.7881018834279434,31.29998883597852,0.5173498842864768
CGL_Glucose,ft,rand,both,trip__ft__rand,5,7,-0.6614271240873373,20.728792552535523,0.7811861477903972
CGL_Glucose,ft,rand,both,trip__ft__rand,5,8,-2.18362879255395,28.694229595811105,0.5643310808674028
CGL_Glucose,ft,rand,both,trip__ft__rand,5,9,-0.8721112502474415,22.00387573522327,0.7359178808913224
CGL_Glucose,ft,rand,both,trip__ft__rand,10,2,-0.6892767812322105,20.90180364030472,0.7747200136947334
CGL_Glucose,ft,rand,both,trip__ft__rand,10,3,-1.1695971742935107,23.687700883625222,0.6836056264816899
CGL_Glucose,ft,rand,both,trip__ft__rand,10,4,-0.7234690688502932,21.112278385873317,0.7669965934750377
CGL_Glucose,ft,rand,both,trip__ft__rand,10,5,-0.3244727389660589,18.50780303619364,0.8749307289900684
CGL_Glucose,ft,rand,both,trip__ft__rand,10,6,-0.448449129886411,19.35463478227854,0.8366495046079686
CGL_Glucose,ft,rand,both,trip__ft__rand,10,7,-0.7667437785043041,21.375689995189585,0.7575449309989808
CGL_Glucose,ft,rand,both,trip__ft__rand,10,8,-0.5851992558180172,20.247680861656857,0.7997481643997243
CGL_Glucose,ft,rand,both,trip__ft__rand,10,9,-0.5549175066668361,20.053354613056204,0.8074980927090692
CGL_Glucose,ft,rand,both,trip__ft__rand,25,2,-0.4634741908608313,19.45476060103021,0.8323436065105839
CGL_Glucose,ft,rand,both,trip__ft__rand,25,3,-0.4258843574864766,19.203284203868336,0.8432435530584685
CGL_Glucose,ft,rand,both,trip__ft__rand,25,4,-0.392758458870315,18.97890970100555,0.853212637478514
CGL_Glucose,ft,rand,both,trip__ft__rand,25,5,-0.3653998705990047,18.791579504830544,0.8617181753294837
CGL_Glucose,ft,rand,both,trip__ft__rand,25,6,-0.3860489711435941,18.9331399222805,0.8552752300428277
CGL_Glucose,ft,rand,both,trip__ft__rand,25,7,-0.6152074211395342,20.43842886117883,0.7922842657059076
CGL_Glucose,ft,rand,both,trip__ft__rand,25,8,-0.6218951638878629,20.48069766120708,0.7906491209590525
CGL_Glucose,ft,rand,both,trip__ft__rand,25,9,-0.2693186320321763,18.118351657504405,0.8937372399301309
Corn_Starch,ft,rand,both,trip__ft__rand,5,0,-0.2974144844660868,0.9175712256212863,0.8816125650395656
Corn_Starch,ft,rand,both,trip__ft__rand,5,1,-0.062362858746936,0.830303472699828,0.9742730801740606
Corn_Starch,ft,rand,both,trip__ft__rand,5,2,-0.056316797105038,0.8279374125469398,0.977057334971703
Corn_Starch,ft,rand,both,trip__ft__rand,5,3,-0.0899206522829001,0.8410036018660353,0.9618773570429228
Corn_Starch,ft,rand,both,trip__ft__rand,5,4,-0.1009161232237965,0.8452351141737393,0.9570618970524704
Corn_Starch,ft,rand,both,trip__ft__rand,5,5,-1.517686650664125,1.2782071820904122,0.6328726149883744
Corn_Starch,ft,rand,both,trip__ft__rand,5,6,-0.1415739862678622,0.8607012758208036,0.9398642067249598
Corn_Starch,ft,rand,both,trip__ft__rand,5,7,-0.0953926451825482,0.843112105861944,0.9594718379704316
Corn_Starch,ft,rand,both,trip__ft__rand,5,8,-1.3518802262390834,1.2354011897397583,0.6548013135691467
Corn_Starch,ft,rand,both,trip__ft__rand,5,9,-0.6622051242666775,1.038586619913958,0.7788876790011964
Corn_Starch,ft,rand,both,trip__ft__rand,10,0,-0.1647939322949465,0.8694106676876943,0.9304490408174576
Corn_Starch,ft,rand,both,trip__ft__rand,10,1,-0.1160663101728007,0.8510310666820422,0.9505438208975668
Corn_Starch,ft,rand,both,trip__ft__rand,10,2,-0.1296943391444249,0.8562111736801512,0.9447929981449544
Corn_Starch,ft,rand,both,trip__ft__rand,10,3,-0.4435376525165251,0.9678643043773706,0.83580138059423
Corn_Starch,ft,rand,both,trip__ft__rand,10,4,-0.2533082008431788,0.9018397125938402,0.8969912397180076
Corn_Starch,ft,rand,both,trip__ft__rand,10,5,-0.6439571047466786,1.0328699814424394,0.7831985984303309
Corn_Starch,ft,rand,both,trip__ft__rand,10,6,-0.1404179964725018,0.8602653803322692,0.9403404348481792
Corn_Starch,ft,rand,both,trip__ft__rand,10,7,-0.0901053928602977,0.8410748735258446,0.9617958487278756
Corn_Starch,ft,rand,both,trip__ft__rand,10,8,-0.1895095777888642,0.8785862182442343,0.9207318587845252
Corn_Starch,ft,rand,both,trip__ft__rand,10,9,-0.0595398648324194,0.8291995651083568,0.9755701231232204
Corn_Starch,ft,rand,both,trip__ft__rand,25,0,-0.1110060658601161,0.8490995875639203,0.9527060590705836
Corn_Starch,ft,rand,both,trip__ft__rand,25,1,-0.3764524396048994,0.9451070870466908,0.8559266276949594
Corn_Starch,ft,rand,both,trip__ft__rand,25,2,-0.0883402986238444,0.8403936651475234,0.9625754635888146
Corn_Starch,ft,rand,both,trip__ft__rand,25,3,-0.0423492309143915,0.8224453320555024,0.983581875046607
Corn_Starch,ft,rand,both,trip__ft__rand,25,4,-0.0453695558573514,0.8236360343766407,0.9821599445181136
Corn_Starch,ft,rand,both,trip__ft__rand,25,5,-0.0806197422294885,0.8374075336462217,0.9660079343974868
Corn_Starch,ft,rand,both,trip__ft__rand,25,6,-0.4375588620831174,0.965857892554624,0.8375376212818293
Corn_Starch,ft,rand,both,trip__ft__rand,25,7,-0.0899874623565146,0.8410293774357579,0.9618478777672324
Corn_Starch,ft,rand,both,trip__ft__rand,25,8,-0.0348908772131166,0.819497615351933,0.9871197995848716
Corn_Starch,ft,rand,both,trip__ft__rand,25,9,-0.1420058399481543,0.8608640606563791,0.9396864833800704
Diesel_TOTAL,ft,rand,both,trip__ft__rand,5,0,0.138027948000686,6.292483470961441,1.0798237858108104
Diesel_TOTAL,ft,rand,both,trip__ft__rand,5,1,0.6057244428983013,4.255743240898129,1.5966126100999385
Diesel_TOTAL,ft,rand,both,trip__ft__rand,10,0,0.2667424665244816,5.803683999566317,1.1707690019431234
Diesel_TOTAL,ft,rand,both,trip__ft__rand,10,1,0.7107485808525926,3.645131834848253,1.8640679217157583
Diesel_TOTAL,ft,rand,both,trip__ft__rand,25,0,0.4223911889267991,5.151010032972209,1.3191147523051605
Diesel_TOTAL,ft,rand,both,trip__ft__rand,25,1,0.3144679469006199,5.611634465194484,1.2108367652792302
Diesel_TOTAL,ft,rand,both,trip__ft__rand,5,2,0.3246022368068096,5.570001344761042,1.2198871962852342
Diesel_TOTAL,ft,rand,both,trip__ft__rand,5,3,-0.6608187832334922,8.73447115588086,0.7779261276958546
Diesel_TOTAL,ft,rand,both,trip__ft__rand,5,4,-1.5848624275529284,10.896680268391288,0.6235636135416008
Diesel_TOTAL,ft,rand,both,trip__ft__rand,5,5,-0.2038998945287631,7.436535906662373,0.9137014073552866
Diesel_TOTAL,ft,rand,both,trip__ft__rand,5,6,-2.065165326448392,11.86594806246881,0.5726279339833737
Diesel_TOTAL,ft,rand,both,trip__ft__rand,5,7,-0.6701904237529723,8.759079853381543,0.7757405386756843
Diesel_TOTAL,ft,rand,both,trip__ft__rand,5,8,-1.075498716965896,9.76420133022403,0.6958862372832324
Diesel_TOTAL,ft,rand,both,trip__ft__rand,5,9,0.186187371544979,6.114172726031479,1.1113152389098122
Diesel_TOTAL,ft,rand,both,trip__ft__rand,10,2,-0.2968248243409246,7.718202142435389,0.8803570052159219
Diesel_TOTAL,ft,rand,both,trip__ft__rand,10,3,-0.9821641107943044,9.542129259160006,0.7120814588885244
Diesel_TOTAL,ft,rand,both,trip__ft__rand,10,4,-0.9418685045609804,9.444639811967376,0.7194317050773944
Diesel_TOTAL,ft,rand,both,trip__ft__rand,10,5,-0.4103114268083316,8.048834608649225,0.8441934334771786
Diesel_TOTAL,ft,rand,both,trip__ft__rand,10,6,-0.5537002271122293,8.448101161018663,0.8042959233393253
Diesel_TOTAL,ft,rand,both,trip__ft__rand,10,7,-1.276629728373377,10.226374484712617,0.6644361923106789
Diesel_TOTAL,ft,rand,both,trip__ft__rand,10,8,-0.2526785076831885,7.5856937289844835,0.8957352572518329
Diesel_TOTAL,ft,rand,both,trip__ft__rand,10,9,-0.236713464765097,7.537199933782984,0.9014983526322856
Diesel_TOTAL,ft,rand,both,trip__ft__rand,25,2,-0.4315060023828811,8.109089200678364,0.8379206536779885
Diesel_TOTAL,ft,rand,both,trip__ft__rand,25,3,0.2626739250162159,5.819762842743849,1.1675344008626294
Diesel_TOTAL,ft,rand,both,trip__ft__rand,25,4,-0.23771949970089,7.540264970759501,0.9011319032043408
Diesel_TOTAL,ft,rand,both,trip__ft__rand,25,5,-0.6546593218998442,8.718259389687752,0.7793726958620452
Diesel_TOTAL,ft,rand,both,trip__ft__rand,25,6,-0.998756362369942,9.58198354298606,0.709119702959546
Diesel_TOTAL,ft,rand,both,trip__ft__rand,25,7,-0.3668513416303236,7.923847939348669,0.8575093030273438
Diesel_TOTAL,ft,rand,both,trip__ft__rand,25,8,-0.6175112809025036,8.619838919127897,0.7882714964298876
Diesel_TOTAL,ft,rand,both,trip__ft__rand,25,9,-0.8796935416600051,9.292209990334122,0.7312332944298012
Diesel_VISC,ft,rand,both,trip__ft__rand,5,0,0.3890382670343711,0.4275521960597512,1.2826036672369725
Diesel_VISC,ft,rand,both,trip__ft__rand,5,1,0.4654508820000486,0.3999225983210413,1.3712153724337457
Diesel_VISC,ft,rand,both,trip__ft__rand,5,2,0.2448416349078684,0.4753364906576758,1.1536669819788483
Diesel_VISC,ft,rand,both,trip__ft__rand,5,3,0.3597338494898564,0.4376857505991325,1.2529080826844372
Diesel_VISC,ft,rand,both,trip__ft__rand,5,4,0.5827771813747032,0.3533183251733524,1.5520848354876593
Diesel_VISC,ft,rand,both,trip__ft__rand,5,5,0.453430519252251,0.4043941139671347,1.356053403502369
Diesel_VISC,ft,rand,both,trip__ft__rand,5,6,-0.9620024139305688,0.7661819304716291,0.7157308111715692
Diesel_VISC,ft,rand,both,trip__ft__rand,5,7,0.2556235963495046,0.4719309234923307,1.1619921206760453
Diesel_VISC,ft,rand,both,trip__ft__rand,5,8,0.161841500667898,0.5007779677737358,1.0950561923467643
Diesel_VISC,ft,rand,both,trip__ft__rand,5,9,0.5693587121473292,0.3589549689180007,1.527712560309283
Diesel_VISC,ft,rand,both,trip__ft__rand,10,0,-0.4032703168359937,0.6479668771369862,0.8463087141497903
Diesel_VISC,ft,rand,both,trip__ft__rand,10,1,0.7083112637818265,0.2954214096790817,1.8562636174445408
Diesel_VISC,ft,rand,both,trip__ft__rand,10,2,0.6636034063930674,0.3172546026550001,1.728517127922636
Diesel_VISC,ft,rand,both,trip__ft__rand,10,3,0.2103351537495726,0.4860752846279988,1.1281791770613103
Diesel_VISC,ft,rand,both,trip__ft__rand,10,4,0.6153730662657542,0.3392360385694521,1.6165146159410406
Diesel_VISC,ft,rand,both,trip__ft__rand,10,5,0.2418312094189635,0.4762830085403197,1.151374297987443
Diesel_VISC,ft,rand,both,trip__ft__rand,10,6,-0.4537779492454861,0.6595248675276757,0.8314773886497103
Diesel_VISC,ft,rand,both,trip__ft__rand,10,7,0.5792634949538138,0.3548029599345206,1.5455903037073373
Diesel_VISC,ft,rand,both,trip__ft__rand,10,8,-0.2419147562810717,0.6095762394923306,0.8996085789993417
Diesel_VISC,ft,rand,both,trip__ft__rand,10,9,0.288531886313788,0.4613811605751517,1.1885617824487122
Diesel_VISC,ft,rand,both,trip__ft__rand,25,0,0.5958816315012392,0.3477254134965825,1.5770489970438917
Diesel_VISC,ft,rand,both,trip__ft__rand,25,1,0.2132643602445139,0.4851729159031024,1.1302774673246168
Diesel_VISC,ft,rand,both,trip__ft__rand,25,2,0.4914554363479313,0.3900736775235106,1.4058370154146222
Diesel_VISC,ft,rand,both,trip__ft__rand,25,3,0.2631443680853685,0.469540805188199,1.1679070456542302
Diesel_VISC,ft,rand,both,trip__ft__rand,25,4,0.3471157765720237,0.4419775639431912,1.2407417465017363
Diesel_VISC,ft,rand,both,trip__ft__rand,25,5,0.6395028600215016,0.3284226102894276,1.66973891997932
Diesel_VISC,ft,rand,both,trip__ft__rand,25,6,0.4506812187711332,0.4054099100903908,1.3526556725739396
Diesel_VISC,ft,rand,both,trip__ft__rand,25,7,0.6933087450388598,0.3029234072316726,1.8102926400205932
Diesel_VISC,ft,rand,both,trip__ft__rand,25,8,0.3859667537387402,0.4286255741480221,1.2793917294633466
Diesel_VISC,ft,rand,both,trip__ft__rand,25,9,0.1651046559481825,0.4998021917850851,1.097194097214486
Melamine_R862,ft,rand,both,trip__ft__rand,5,0,0.5580663204409854,10.845504792494472,1.5074520969728966
Melamine_R862,ft,rand,both,trip__ft__rand,5,1,0.4549614651515852,12.044390419176471,1.3574019417491825
Melamine_R862,ft,rand,both,trip__ft__rand,5,2,0.6895114843775387,9.090630193425596,1.79845385790736
Melamine_R862,ft,rand,both,trip__ft__rand,5,3,0.6253764645135147,9.98547548024835,1.6372859734636065
Melamine_R862,ft,rand,both,trip__ft__rand,5,4,0.9049775130917496,5.029032204646682,3.250939400839253
Melamine_R862,ft,rand,both,trip__ft__rand,5,5,0.7302960872212241,8.472563725982967,1.9296495690008648
Melamine_R862,ft,rand,both,trip__ft__rand,5,6,0.8701646894848749,5.878515003466347,2.78115798505829
Melamine_R862,ft,rand,both,trip__ft__rand,5,7,-0.1793386904153966,17.71701259056072,0.9227898246731427
Melamine_R862,ft,rand,both,trip__ft__rand,5,8,0.4884491648776369,11.668515823761224,1.4011275460485633
Melamine_R862,ft,rand,both,trip__ft__rand,5,9,0.4752804859599084,11.81775081437567,1.3834340560208465
Melamine_R862,ft,rand,both,trip__ft__rand,10,0,0.6359471039608561,9.843588848507974,1.660886003447155
Melamine_R862,ft,rand,both,trip__ft__rand,10,1,0.4728568579892509,11.845011887546836,1.38025010843289
Melamine_R862,ft,rand,both,trip__ft__rand,10,2,0.2209382431446688,14.39982331800109,1.1353666347931892
Melamine_R862,ft,rand,both,trip__ft__rand,10,3,0.8053396929966208,7.1979681807178695,2.271346376047034
Melamine_R862,ft,rand,both,trip__ft__rand,10,4,0.2576383151725545,14.056558192548495,1.163092609031575
Melamine_R862,ft,rand,both,trip__ft__rand,10,5,0.3973184623301934,12.665290756496384,1.290856977269905
Melamine_R862,ft,rand,both,trip__ft__rand,10,6,0.842694649662302,6.470576373515941,2.5266804683879704
Melamine_R862,ft,rand,both,trip__ft__rand,10,7,0.8811434534202796,5.624485147177984,2.906768977846504
Melamine_R862,ft,rand,both,trip__ft__rand,10,8,0.9293372917289416,4.336769697800805,3.769874833442524
Melamine_R862,ft,rand,both,trip__ft__rand,10,9,0.1062680573954107,15.423213149398707,1.0600306683055067
Melamine_R862,ft,rand,both,trip__ft__rand,25,0,0.2861430708718728,13.784049060533212,1.186086821831361
Melamine_R862,ft,rand,both,trip__ft__rand,25,1,0.9573793097670732,3.368072720708246,4.85413478208317
Melamine_R862,ft,rand,both,trip__ft__rand,25,2,0.3572674984684763,13.0793557170791,1.249991153679433
Melamine_R862,ft,rand,both,trip__ft__rand,25,3,0.9594397394728826,3.2856521908887872,4.975900671261518
Melamine_R862,ft,rand,both,trip__ft__rand,25,4,0.5863335155487817,10.492920640281383,1.5581056507196611
Melamine_R862,ft,rand,both,trip__ft__rand,25,5,0.9110249240453656,4.866373115733454,3.3596024294391325
Melamine_R862,ft,rand,both,trip__ft__rand,25,6,0.8752101264659413,5.763162865273754,2.8368240364483954
Melamine_R862,ft,rand,both,trip__ft__rand,25,7,0.8002875865250159,7.290775919963486,2.24243333242606
Melamine_R862,ft,rand,both,trip__ft__rand,25,8,0.9330021768738826,4.22281024445529,3.871611082606033
Melamine_R862,ft,rand,both,trip__ft__rand,25,9,0.8547907498053395,6.216820985266679,2.6298133693926973
Shootout_assay,ft,rand,both,trip__ft__rand,5,0,-2.208124014620388,28.20213154906835,0.5586124154275056
Shootout_assay,ft,rand,both,trip__ft__rand,5,1,-0.5514805530297298,19.612345170648656,0.8032726676872108
Shootout_assay,ft,rand,both,trip__ft__rand,5,2,0.2822737848751629,13.3393836867363,1.181018643349618
Shootout_assay,ft,rand,both,trip__ft__rand,5,3,-0.2743406808356294,17.77457124639134,0.886325785665732
Shootout_assay,ft,rand,both,trip__ft__rand,5,4,-0.495519246449787,19.25539194657367,0.8181636015792777
Shootout_assay,ft,rand,both,trip__ft__rand,5,5,-0.2292888647238065,17.45755157507896,0.9024209813774002
Shootout_assay,ft,rand,both,trip__ft__rand,5,6,-0.9516507340247936,21.996693810266382,0.7162013055560439
Shootout_assay,ft,rand,both,trip__ft__rand,5,7,-1.2211388070682263,23.466277923535294,0.6713489406442653
Shootout_assay,ft,rand,both,trip__ft__rand,5,8,-0.8243067478667012,21.266954023878164,0.7407765497184481
Shootout_assay,ft,rand,both,trip__ft__rand,5,9,-0.1569135898620202,16.935843086958386,0.9302200512805238
Shootout_assay,ft,rand,both,trip__ft__rand,10,0,-0.968134519781747,22.089391336818508,0.7131957863669394
Shootout_assay,ft,rand,both,trip__ft__rand,10,1,-0.2596257140419782,17.671650706988537,0.8914877894569938
Shootout_assay,ft,rand,both,trip__ft__rand,10,2,-1.111986304701706,22.882417685386976,0.6884788592461578
Shootout_assay,ft,rand,both,trip__ft__rand,10,3,-1.3528110708545702,24.15182134251706,0.6522928685753301
Shootout_assay,ft,rand,both,trip__ft__rand,10,4,-0.5688476337480373,19.721808771286494,0.7988141963817279
Shootout_assay,ft,rand,both,trip__ft__rand,10,5,-1.657653871266493,25.66880017678024,0.6137435609117528
Shootout_assay,ft,rand,both,trip__ft__rand,10,6,-0.4858025391261815,19.192736816851355,0.8208345154296681
Shootout_assay,ft,rand,both,trip__ft__rand,10,7,-1.0095932745213636,22.32083536698053,0.705800682000213
Shootout_assay,ft,rand,both,trip__ft__rand,10,8,-0.3157214295579553,18.060856168478477,0.8722765232096151
Shootout_assay,ft,rand,both,trip__ft__rand,10,9,-1.5112872785206726,24.951953835350302,0.6313758404967071
Shootout_assay,ft,rand,both,trip__ft__rand,25,0,-0.1523250553423432,16.902224367174792,0.9320702697228852
Shootout_assay,ft,rand,both,trip__ft__rand,25,1,0.6388409611961403,9.46249371784628,1.664895247974342
Shootout_assay,ft,rand,both,trip__ft__rand,25,2,0.3189516289702792,12.994074103870354,1.2124034924609906
Shootout_assay,ft,rand,both,trip__ft__rand,25,3,-0.2919516288798198,17.896969041153827,0.8802641826447312
Shootout_assay,ft,rand,both,trip__ft__rand,25,4,-0.2444460448226997,17.564847995197333,0.8969084633773594
Shootout_assay,ft,rand,both,trip__ft__rand,25,5,-0.5042562684479366,19.31155631425623,0.8157841122933902
Shootout_assay,ft,rand,both,trip__ft__rand,25,6,-0.1385077342497662,16.800583001490658,0.9377091749394368
Shootout_assay,ft,rand,both,trip__ft__rand,25,7,-0.388233690748601,18.55186818652047,0.8491899935056684
Shootout_assay,ft,rand,both,trip__ft__rand,25,8,0.4153905433267523,12.03896849794657,1.3085889233381107
Shootout_assay,ft,rand,both,trip__ft__rand,25,9,0.403947370633155,12.156223156237814,1.2959667342685572
Wheat,ft,rand,both,trip__ft__rand,5,0,-0.7480545531368457,2.3015602672433126,0.7598755975864905
Wheat,ft,rand,both,trip__ft__rand,5,1,-0.7312346815629265,2.2904606362668334,0.7635579742175024
Wheat,ft,rand,both,trip__ft__rand,10,0,-2.1234406230956204,3.076532361893097,0.5684645171021949
Wheat,ft,rand,both,trip__ft__rand,10,1,-0.1662779291266762,1.879948226815625,0.9302913019127294
Wheat,ft,rand,both,trip__ft__rand,25,0,-1.4166310422399726,2.7061385965120617,0.6462712167466178
Wheat,ft,rand,both,trip__ft__rand,25,1,-4.442235230691488,4.061004916728018,0.4306568249274458
Wheat,ft,rand,both,trip__ft__rand,5,2,-0.140502366127051,1.8590580707449849,0.940744945504577
Wheat,ft,rand,both,trip__ft__rand,5,3,0.0093625204360744,1.73261567065482,1.009398398660368
Wheat,ft,rand,both,trip__ft__rand,5,4,-0.6172422568389258,2.213769505677138,0.7900097453541756
Wheat,ft,rand,both,trip__ft__rand,5,5,-0.1016258305706145,1.8270983098323688,0.9572005370708768
Wheat,ft,rand,both,trip__ft__rand,5,6,-0.0263750977294878,1.7635911623000915,0.9916694531242174
Wheat,ft,rand,both,trip__ft__rand,5,7,-0.2201713324216152,1.922893667246886,0.9095144017801212
Wheat,ft,rand,both,trip__ft__rand,5,8,-1.2267283922881234,2.597637133403421,0.6732655077044687
Wheat,ft,rand,both,trip__ft__rand,5,9,-1.0893204296212469,2.516212908534865,0.6950522658558254
Wheat,ft,rand,both,trip__ft__rand,10,2,-0.4282859869030684,2.080426840813138,0.8406445490624774
Wheat,ft,rand,both,trip__ft__rand,10,3,-0.2619414633140728,1.9555299222411235,0.8943353223910371
Wheat,ft,rand,both,trip__ft__rand,10,4,-0.4194927775777788,2.0740129041275783,0.8432442633178792
Wheat,ft,rand,both,trip__ft__rand,10,5,-1.2544228135904265,2.61374097283726,0.6691173691761717
Wheat,ft,rand,both,trip__ft__rand,10,6,-1.759835225484287,2.891921082467351,0.6047535301207789
Wheat,ft,rand,both,trip__ft__rand,10,7,-2.70388694391326,3.350223044252894,0.522024790693553
Wheat,ft,rand,both,trip__ft__rand,10,8,-1.833858670469049,2.9304475610061758,0.5968028593053365
Wheat,ft,rand,both,trip__ft__rand,10,9,-0.6110238759277964,2.2095093769654377,0.7915329537341864
Wheat,ft,rand,both,trip__ft__rand,25,2,-0.6328392048430844,2.224418868264754,0.7862275888790375
Wheat,ft,rand,both,trip__ft__rand,25,3,-3.515767454523419,3.699224129106912,0.4727746744761486
Wheat,ft,rand,both,trip__ft__rand,25,4,-0.4474188600486875,2.094314859852423,0.8350699873160773
Wheat,ft,rand,both,trip__ft__rand,25,5,-1.9241460980238072,2.9767639274095696,0.5875170238893471
Wheat,ft,rand,both,trip__ft__rand,25,6,-0.3749354902527471,2.0412021716291937,0.8567987570074667
Wheat,ft,rand,both,trip__ft__rand,25,7,-0.4271788201492166,2.079620340572718,0.840970560506826
Wheat,ft,rand,both,trip__ft__rand,25,8,-0.4332177648885298,2.084015534426909,0.8391969515398892
Wheat,ft,rand,both,trip__ft__rand,25,9,-2.111867476838332,3.070827402828856,0.5695206060235568
CGL_Glucose,maml,mae,both,trip__maml__mae,5,0,0.5855999279733082,10.352453016875472,1.5641747493145162
CGL_Glucose,maml,mae,both,trip__maml__mae,5,1,-8.931000162164834,50.67921177386005,0.3195204707349798
CGL_Glucose,maml,mae,both,trip__maml__mae,5,2,0.5816187811305965,10.402062227496229,1.556714932896451
CGL_Glucose,maml,mae,both,trip__maml__mae,5,3,-0.295981155646271,18.30765418578685,0.8844959293055128
CGL_Glucose,maml,mae,both,trip__maml__mae,5,4,0.3833006240065714,12.62903339268953,1.2822078379993072
CGL_Glucose,maml,mae,both,trip__maml__mae,5,5,-2.685359368134606,30.872605169792006,0.5245117965718665
CGL_Glucose,maml,mae,both,trip__maml__mae,5,6,-4.9160369708516605,39.11549195759995,0.4139803640975368
CGL_Glucose,maml,mae,both,trip__maml__mae,5,7,-7.228841722174,46.13204548548669,0.3510151226126725
CGL_Glucose,maml,mae,both,trip__maml__mae,5,8,-9.763356621858122,52.76029583938995,0.3069172631585595
CGL_Glucose,maml,mae,both,trip__maml__mae,5,9,0.8338272032524754,6.555613210282834,2.4701038763333125
CGL_Glucose,maml,mae,both,trip__maml__mae,10,0,-1.9550397547339635,27.644899855838517,0.5857516463038147
CGL_Glucose,maml,mae,both,trip__maml__mae,10,1,-2.965591269384242,32.02486679194163,0.5056397488758995
CGL_Glucose,maml,mae,both,trip__maml__mae,10,2,-0.7478554491741176,21.2611187669422,0.7616271645892511
CGL_Glucose,maml,mae,both,trip__maml__mae,10,3,-1.705301137619376,26.45094330574932,0.6121916112890317
CGL_Glucose,maml,mae,both,trip__maml__mae,10,4,-1.1255513553544954,23.446021466883543,0.6906521699356734
CGL_Glucose,maml,mae,both,trip__maml__mae,10,5,-0.785293104055266,21.48761038904722,0.7535991815411688
CGL_Glucose,maml,mae,both,trip__maml__mae,10,6,-0.3354794530085727,18.584546263154763,0.8713177805457327
CGL_Glucose,maml,mae,both,trip__maml__mae,10,7,0.5988338944869693,10.185807711792933,1.5897654914213135
CGL_Glucose,maml,mae,both,trip__maml__mae,10,8,-0.0170744887260758,16.21846461452085,0.9984327115628076
CGL_Glucose,maml,mae,both,trip__maml__mae,10,9,0.7978981396846812,7.229670638989648,2.2398040534699226
CGL_Glucose,maml,mae,both,trip__maml__mae,25,0,-0.94725266108658,22.44111907148531,0.7215792381333205
CGL_Glucose,maml,mae,both,trip__maml__mae,25,1,0.6332679585874859,9.738852428274132,1.662726252576675
CGL_Glucose,maml,mae,both,trip__maml__mae,25,2,-0.752392733665435,21.288696911376864,0.7606405253394254
CGL_Glucose,maml,mae,both,trip__maml__mae,25,3,0.0323562336625768,15.819440110926164,1.023616859314591
CGL_Glucose,maml,mae,both,trip__maml__mae,25,4,-0.560760424631289,20.090996558410005,0.8059851862193048
CGL_Glucose,maml,mae,both,trip__maml__mae,25,5,-0.8326560365151734,21.77077241984672,0.7437974771946795
CGL_Glucose,maml,mae,both,trip__maml__mae,25,6,0.0124983617298249,15.98093810573283,1.013272531019476
CGL_Glucose,maml,mae,both,trip__maml__mae,25,7,0.559980288970704,10.667666323464212,1.5179557657183054
CGL_Glucose,maml,mae,both,trip__maml__mae,25,8,-0.7462840008484004,21.2515589768142,0.761969774552934
CGL_Glucose,maml,mae,both,trip__maml__mae,25,9,-0.1775610231651818,17.451190855003638,0.927904905573742
Corn_Starch,maml,mae,both,trip__maml__mae,5,0,0.1054272162119079,0.7619180381598709,1.0617182968658665
Corn_Starch,maml,mae,both,trip__maml__mae,5,1,-1.0531643715447352,1.154282933653942,0.700818056163866
Corn_Starch,maml,mae,both,trip__maml__mae,5,2,-0.2964570951240151,0.9172326156230026,0.8819380253688762
Corn_Starch,maml,mae,both,trip__maml__mae,5,3,-0.0559470712352181,0.8277925049438236,0.977228371838638
Corn_Starch,maml,mae,both,trip__maml__mae,5,4,-1.1580574839094375,1.1834009654552295,0.6835741607793072
Corn_Starch,maml,mae,both,trip__maml__mae,5,5,-0.853710484340958,1.0967846609323384,0.7375580190361404
Corn_Starch,maml,mae,both,trip__maml__mae,5,6,-0.0597285846421096,0.8292734082084603,0.975483252952844
Corn_Starch,maml,mae,both,trip__maml__mae,5,7,0.1950590924377014,0.7227405375571189,1.1192707199747307
Corn_Starch,maml,mae,both,trip__maml__mae,5,8,-1.0208941825294322,1.1451759050839647,0.7063913222721608
Corn_Starch,maml,mae,both,trip__maml__mae,5,9,-0.2638714209306714,0.9056322126682798,0.8932349252938782
Corn_Starch,maml,mae,both,trip__maml__mae,10,0,-1.3088247749895507,1.224040822056684,0.6608785485334241
Corn_Starch,maml,mae,both,trip__maml__mae,10,1,-0.2164915607738309,0.8884949528050795,0.9104636095822014
Corn_Starch,maml,mae,both,trip__maml__mae,10,2,-2.3094565747438414,1.4654761615467746,0.5519996456118818
Corn_Starch,maml,mae,both,trip__maml__mae,10,3,-0.2985254692541463,0.9179640027745386,0.881235341888635
Corn_Starch,maml,mae,both,trip__maml__mae,10,4,-0.5907708836710586,1.0160246195230018,0.7961837796866169
Corn_Starch,maml,mae,both,trip__maml__mae,10,5,-0.4974341656273544,0.9857670189992664,0.8206222223256208
Corn_Starch,maml,mae,both,trip__maml__mae,10,6,0.1316266049693846,0.7506779675440673,1.0776156445260168
Corn_Starch,maml,mae,both,trip__maml__mae,10,7,-0.109221943387699,0.8484175452375817,0.9534719388670267
Corn_Starch,maml,mae,both,trip__maml__mae,10,8,-0.7384367949942352,1.0621353606451598,0.7616188593279811
Corn_Starch,maml,mae,both,trip__maml__mae,10,9,0.0197496345105334,0.797570204545374,1.014258453006765
Corn_Starch,maml,mae,both,trip__maml__mae,25,0,-0.0119141003352747,0.8103492577375944,0.9982637907079204
Corn_Starch,maml,mae,both,trip__maml__mae,25,1,0.006546797927508,0.8029234127030693,1.0074962431387424
Corn_Starch,maml,mae,both,trip__maml__mae,25,2,-0.0357662635209221,0.8198441375646659,0.9867025752351304
Corn_Starch,maml,mae,both,trip__maml__mae,25,3,0.1493110339346913,0.7429948692844246,1.0887589608869972
Corn_Starch,maml,mae,both,trip__maml__mae,25,4,0.1957036338560811,0.7224511191062808,1.1197191068472492
Corn_Starch,maml,mae,both,trip__maml__mae,25,5,-0.1962701439601337,0.8810793989048441,0.918126473995388
Corn_Starch,maml,mae,both,trip__maml__mae,25,6,0.2684635931401308,0.6889986758937751,1.1740840006363051
Corn_Starch,maml,mae,both,trip__maml__mae,25,7,0.280617407533357,0.6832511591884064,1.183960408918113
Corn_Starch,maml,mae,both,trip__maml__mae,25,8,-0.2666952825442428,0.9066433729442676,0.8922387191774102
Corn_Starch,maml,mae,both,trip__maml__mae,25,9,-0.0756213158169791,0.835468566922601,0.9682498586465936
Diesel_TOTAL,maml,mae,both,trip__maml__mae,5,0,0.1798517906508682,6.137926188710559,1.1070145053655267
Diesel_TOTAL,maml,mae,both,trip__maml__mae,5,1,0.6630657594206834,3.934124186896115,1.7271374773571568
Diesel_TOTAL,maml,mae,both,trip__maml__mae,5,2,0.7422879615759376,3.4406686002265,1.9748409722802804
Diesel_TOTAL,maml,mae,both,trip__maml__mae,5,3,0.7452402846358492,3.420903855612347,1.9862508888164168
Diesel_TOTAL,maml,mae,both,trip__maml__mae,5,4,0.8445111467669927,2.6725455831406357,2.542434960372377
Diesel_TOTAL,maml,mae,both,trip__maml__mae,5,5,0.5268769981179175,4.661895372693977,1.4575130457805674
Diesel_TOTAL,maml,mae,both,trip__maml__mae,5,6,0.3920285529450621,5.284660382951245,1.285754018495879
Diesel_TOTAL,maml,mae,both,trip__maml__mae,5,7,0.7019440468735338,3.700193119815856,1.8363293762633883
Diesel_TOTAL,maml,mae,both,trip__maml__mae,5,8,0.4937313709339659,4.822430746791994,1.4089934476063946
Diesel_TOTAL,maml,mae,both,trip__maml__mae,5,9,0.7025375193779683,3.6965074744459017,1.8381603096268735
Diesel_TOTAL,maml,mae,both,trip__maml__mae,10,0,0.6854208478947201,3.801372773012525,1.7874525150504477
Diesel_TOTAL,maml,mae,both,trip__maml__mae,10,1,0.6650602722921779,3.9224627005639543,1.7322722591571384
Diesel_TOTAL,maml,mae,both,trip__maml__mae,10,2,0.835975131417857,2.744924100039199,2.475395703534571
Diesel_TOTAL,maml,mae,both,trip__maml__mae,10,3,0.6566266254190318,3.971538704804463,1.710866701499279
Diesel_TOTAL,maml,mae,both,trip__maml__mae,10,4,0.670738668609764,3.8890708583499,1.7471456734137512
Diesel_TOTAL,maml,mae,both,trip__maml__mae,10,5,0.7133385344881679,3.628775907107233,1.8724698073687749
Diesel_TOTAL,maml,mae,both,trip__maml__mae,10,6,0.6807509831117435,3.82948414082384,1.774331234677412
Diesel_TOTAL,maml,mae,both,trip__maml__mae,10,7,0.7936009413611625,3.07913937327358,2.2067118438168274
Diesel_TOTAL,maml,mae,both,trip__maml__mae,10,8,0.8639505924991915,2.4999068030834963,2.7180106535909885
Diesel_TOTAL,maml,mae,both,trip__maml__mae,10,9,0.8835308613341655,2.313028174679006,2.93760940664222
Diesel_TOTAL,maml,mae,both,trip__maml__mae,25,0,0.7798966597194852,3.1797194817478136,2.1369096748215703
Diesel_TOTAL,maml,mae,both,trip__maml__mae,25,1,0.8813715780095868,2.334370937699523,2.910751335201957
Diesel_TOTAL,maml,mae,both,trip__maml__mae,25,2,0.864531135805059,2.494567361582204,2.723828359341589
Diesel_TOTAL,maml,mae,both,trip__maml__mae,25,3,0.8658676766506379,2.4822311115649347,2.73736530499037
Diesel_TOTAL,maml,mae,both,trip__maml__mae,25,4,0.8772479922956895,2.374596334452981,2.861443532603951
Diesel_TOTAL,maml,mae,both,trip__maml__mae,25,5,0.8099497247629142,2.9546751696361997,2.299668469005394
Diesel_TOTAL,maml,mae,both,trip__maml__mae,25,6,0.9045549574007338,2.093881882251988,3.2450604694366505
Diesel_TOTAL,maml,mae,both,trip__maml__mae,25,7,0.8584081026998642,2.550320087725296,2.664282556714669
Diesel_TOTAL,maml,mae,both,trip__maml__mae,25,8,0.9129615815527596,1.9995440979952672,3.398161276151868
Diesel_TOTAL,maml,mae,both,trip__maml__mae,25,9,0.9174937204820094,1.9467894897179805,3.4902455348420074
Diesel_VISC,maml,mae,both,trip__maml__mae,5,0,0.426251606228802,0.4143266591107473,1.3235450882606103
Diesel_VISC,maml,mae,both,trip__maml__mae,5,1,0.5002711817845277,0.3866778847556689,1.4181830309430912
Diesel_VISC,maml,mae,both,trip__maml__mae,5,2,0.638446701883777,0.328903352699973,1.6672983418983032
Diesel_VISC,maml,mae,both,trip__maml__mae,5,3,0.5187230668594043,0.3794719336415068,1.4451135011200098
Diesel_VISC,maml,mae,both,trip__maml__mae,5,4,0.7316504468351723,0.2833561055739545,1.9353033296765632
Diesel_VISC,maml,mae,both,trip__maml__mae,5,5,0.6463370761565839,0.3252946369726702,1.6857948219033514
Diesel_VISC,maml,mae,both,trip__maml__mae,5,6,0.6439073199551705,0.3264101536288278,1.6800335666795454
Diesel_VISC,maml,mae,both,trip__maml__mae,5,7,0.5021220181714359,0.3859611546378751,1.4208165977635
Diesel_VISC,maml,mae,both,trip__maml__mae,5,8,-0.0217589480316107,0.5529124404379016,0.991802633645114
Diesel_VISC,maml,mae,both,trip__maml__mae,5,9,0.7195970991239182,0.2896499033169429,1.8932511570749784
Diesel_VISC,maml,mae,both,trip__maml__mae,10,0,0.6277722118403779,0.3337233024207539,1.643217631563731
Diesel_VISC,maml,mae,both,trip__maml__mae,10,1,0.7923096152321268,0.2492816623913659,2.1998409724198447
Diesel_VISC,maml,mae,both,trip__maml__mae,10,2,0.7027133530221171,0.2982427108049807,1.8387038299153624
Diesel_VISC,maml,mae,both,trip__maml__mae,10,3,0.6823619773124319,0.3082821496558996,1.7788250640316097
Diesel_VISC,maml,mae,both,trip__maml__mae,10,4,0.5279163716810253,0.375830140645753,1.4591166468427172
Diesel_VISC,maml,mae,both,trip__maml__mae,10,5,0.6510873098293509,0.3231026495460491,1.697231562080712
Diesel_VISC,maml,mae,both,trip__maml__mae,10,6,0.3428819319924175,0.4434083232834372,1.2367382067632506
Diesel_VISC,maml,mae,both,trip__maml__mae,10,7,0.5519586840885101,0.3661349345309901,1.497753868540076
Diesel_VISC,maml,mae,both,trip__maml__mae,10,8,0.5929713904815339,0.3489752321961789,1.5714009591751834
Diesel_VISC,maml,mae,both,trip__maml__mae,10,9,0.0573562820242163,0.5310750828747393,1.0325847178388523
Diesel_VISC,maml,mae,both,trip__maml__mae,25,0,0.7989025351867879,0.2452931580005326,2.2356107242105265
Diesel_VISC,maml,mae,both,trip__maml__mae,25,1,0.7989399238067121,0.2452703541352892,2.2358185787874545
Diesel_VISC,maml,mae,both,trip__maml__mae,25,2,0.8152436007163317,0.2351158359955459,2.3323823011727995
Diesel_VISC,maml,mae,both,trip__maml__mae,25,3,0.7669324991955802,0.2640723901748649,2.0766276029021005
Diesel_VISC,maml,mae,both,trip__maml__mae,25,4,0.7574058941517774,0.2694153022738927,2.0354449430788613
Diesel_VISC,maml,mae,both,trip__maml__mae,25,5,0.734255534000454,0.2819773672985037,1.944766063515084
Diesel_VISC,maml,mae,both,trip__maml__mae,25,6,0.7987915907427799,0.2453608121617858,2.2349942917529453
Diesel_VISC,maml,mae,both,trip__maml__mae,25,7,0.770063639708612,0.2622925546422265,2.090718950636863
Diesel_VISC,maml,mae,both,trip__maml__mae,25,8,0.7676784843728762,0.2636494398023025,2.079958959945679
Diesel_VISC,maml,mae,both,trip__maml__mae,25,9,0.6403948005940584,0.3280160677170336,1.671808391638069
Melamine_R862,maml,mae,both,trip__maml__mae,5,0,0.5429266292854844,11.029712198581336,1.4822761145370813
Melamine_R862,maml,mae,both,trip__maml__mae,5,1,0.2665509837395786,13.971923069119056,1.1701380591130193
Melamine_R862,maml,mae,both,trip__maml__mae,5,2,0.9103764380673064,4.884074957614465,3.347425885977965
Melamine_R862,maml,mae,both,trip__maml__mae,5,3,0.8972220407820436,5.230235155004637,3.125878370216587
Melamine_R862,maml,mae,both,trip__maml__mae,5,4,0.7439568388268454,8.255204016105727,1.980457286128688
Melamine_R862,maml,mae,both,trip__maml__mae,5,5,0.5889062261760634,10.460240506298089,1.56297352172081
Melamine_R862,maml,mae,both,trip__maml__mae,5,6,0.8103552009246693,7.104633657459561,2.3011853573913075
Melamine_R862,maml,mae,both,trip__maml__mae,5,7,0.7709474135788852,7.8079823071810015,2.093892928924691
Melamine_R862,maml,mae,both,trip__maml__mae,5,8,0.9027664564699356,5.087205448554573,3.2137642380495275
Melamine_R862,maml,mae,both,trip__maml__mae,5,9,0.6471006599288184,9.69162593856622,1.6869283901184158
Melamine_R862,maml,mae,both,trip__maml__mae,10,0,0.9435451914884488,3.876338456859127,4.217660331812854
Melamine_R862,maml,mae,both,trip__maml__mae,10,1,0.8098626793459132,7.113853305024461,2.29820299086406
Melamine_R862,maml,mae,both,trip__maml__mae,10,2,0.9544017219645826,3.4837376463371337,4.692970769301505
Melamine_R862,maml,mae,both,trip__maml__mae,10,3,0.8516981195532108,6.282674348819885,2.602248347512448
Melamine_R862,maml,mae,both,trip__maml__mae,10,4,0.9564446296861144,3.4048036806298105,4.801768464709598
Melamine_R862,maml,mae,both,trip__maml__mae,10,5,0.8859064840808326,5.510635711308664,2.96682266777762
Melamine_R862,maml,mae,both,trip__maml__mae,10,6,0.8605514522994488,6.0922570375555445,2.6835832502456745
Melamine_R862,maml,mae,both,trip__maml__mae,10,7,0.8179519821379013,6.9608808159554645,2.348708356663809
Melamine_R862,maml,mae,both,trip__maml__mae,10,8,0.9320112501617314,4.253924212269064,3.843293421876624
Melamine_R862,maml,mae,both,trip__maml__mae,10,9,0.9039395178012076,5.056425369887742,3.233327448979705
Melamine_R862,maml,mae,both,trip__maml__mae,25,0,0.9137229755619845,4.792021961910111,3.4117287174657718
Melamine_R862,maml,mae,both,trip__maml__mae,25,1,0.953858138702144,3.504441181426924,4.665245639967751
Melamine_R862,maml,mae,both,trip__maml__mae,25,2,0.945067937081874,3.82370320353033,4.27571860888175
Melamine_R862,maml,mae,both,trip__maml__mae,25,3,0.9657330693145152,3.0200130772391955,5.413578856791317
Melamine_R862,maml,mae,both,trip__maml__mae,25,4,0.9324970670595728,4.2386986542423255,3.857098670086472
Melamine_R862,maml,mae,both,trip__maml__mae,25,5,0.960925485624566,3.2249130902404097,5.069618462479746
Melamine_R862,maml,mae,both,trip__maml__mae,25,6,0.9629999197669612,3.1381417254886146,5.20979623367068
Melamine_R862,maml,mae,both,trip__maml__mae,25,7,0.9221386042426288,4.552315075080442,3.5913768428883395
Melamine_R862,maml,mae,both,trip__maml__mae,25,8,0.9622505110062792,3.169762761735419,5.157824156286196
Melamine_R862,maml,mae,both,trip__maml__mae,25,9,0.944445496923171,3.8453055442979545,4.251698273084897
Shootout_assay,maml,mae,both,trip__maml__mae,5,0,-1.5086218262943936,24.938708457448502,0.6317111750878995
Shootout_assay,maml,mae,both,trip__maml__mae,5,1,0.4192075620765306,11.999601855306189,1.3128819618180023
Shootout_assay,maml,mae,both,trip__maml__mae,5,2,-0.1891854518765161,17.1704293016987,0.917511178551066
Shootout_assay,maml,mae,both,trip__maml__mae,5,3,-0.8986153056798682,21.695759036502853,0.7261354994920121
Shootout_assay,maml,mae,both,trip__maml__mae,5,4,-0.9949218297601572,22.23920720726428,0.7083912964165099
Shootout_assay,maml,mae,both,trip__maml__mae,5,5,-1.05325175504941,22.561993059090565,0.6982566116197694
Shootout_assay,maml,mae,both,trip__maml__mae,5,6,-0.996080707341166,22.245665800390945,0.7081856288856264
Shootout_assay,maml,mae,both,trip__maml__mae,5,7,-0.640736705200593,20.168602511612445,0.7811181174183309
Shootout_assay,maml,mae,both,trip__maml__mae,5,8,-0.1701850626483936,17.03270540348594,0.9249300361647236
Shootout_assay,maml,mae,both,trip__maml__mae,5,9,-11.429129982969013,55.510702678627446,0.2838022230782337
Shootout_assay,maml,mae,both,trip__maml__mae,10,0,-0.6729522682325679,20.36564339590228,0.7735606736588133
Shootout_assay,maml,mae,both,trip__maml__mae,10,1,0.4499134869168518,11.678091090818857,1.3490270543629297
Shootout_assay,maml,mae,both,trip__maml__mae,10,2,0.1311867288654002,14.676401460342108,1.0734280380241183
Shootout_assay,maml,mae,both,trip__maml__mae,10,3,-1.1088710518127645,22.865535278567112,0.6889871867376015
Shootout_assay,maml,mae,both,trip__maml__mae,10,4,-0.0618459218183029,16.225089892971127,0.9709690934688844
Shootout_assay,maml,mae,both,trip__maml__mae,10,5,-0.6129318277071778,19.996977863785183,0.7878220865243926
Shootout_assay,maml,mae,both,trip__maml__mae,10,6,-0.0464941874214617,16.1073750160336,0.978065067035903
Shootout_assay,maml,mae,both,trip__maml__mae,10,7,-0.5707529752722438,19.733781055335065,0.7983295639418373
Shootout_assay,maml,mae,both,trip__maml__mae,10,8,-0.036398588790506,16.02949226983826,0.982817207159631
Shootout_assay,maml,mae,both,trip__maml__mae,10,9,-0.3513892275875474,18.30402440929585,0.8606883640751977
Shootout_assay,maml,mae,both,trip__maml__mae,25,0,0.3075070922145674,13.102797370247194,1.2023433149170435
Shootout_assay,maml,mae,both,trip__maml__mae,25,1,0.2250127567521307,13.86128958797049,1.1365508760816514
Shootout_assay,maml,mae,both,trip__maml__mae,25,2,0.3286822480396882,12.90091238294472,1.2211586558526306
Shootout_assay,maml,mae,both,trip__maml__mae,25,3,-0.0800382708273803,16.363489884895067,0.9627567796140912
Shootout_assay,maml,mae,both,trip__maml__mae,25,4,-0.0119528574056007,15.839318816263583,0.9946173195689002
Shootout_assay,maml,mae,both,trip__maml__mae,25,5,0.3103333698982138,13.076031748827315,1.2048044183008493
Shootout_assay,maml,mae,both,trip__maml__mae,25,6,0.3219914804103372,12.96504222286811,1.2151183585844303
Shootout_assay,maml,mae,both,trip__maml__mae,25,7,0.1487078294208998,14.527660410639916,1.0844183013316593
Shootout_assay,maml,mae,both,trip__maml__mae,25,8,-0.2345633014918364,17.49496352790106,0.9004912070668037
Shootout_assay,maml,mae,both,trip__maml__mae,25,9,0.4300454855962701,11.887114853107615,1.3253056792591509
Wheat,maml,mae,both,trip__maml__mae,5,0,0.2324034677936357,1.5251457982545888,1.146709701757245
Wheat,maml,mae,both,trip__maml__mae,5,1,0.2794085250393253,1.4777107084179375,1.1835195302369004
Wheat,maml,mae,both,trip__maml__mae,5,2,0.2658161680676553,1.491582463530435,1.1725127682939864
Wheat,maml,mae,both,trip__maml__mae,5,3,0.0171113865388445,1.7258260201481406,1.0133695187320872
Wheat,maml,mae,both,trip__maml__mae,5,4,0.2745298108778934,1.4827046383915132,1.1795332921802273
Wheat,maml,mae,both,trip__maml__mae,5,5,-0.8255037056951033,2.35199405694232,0.7435815912419733
Wheat,maml,mae,both,trip__maml__mae,5,6,0.2850739121870282,1.4718902653420112,1.1881996400366557
Wheat,maml,mae,both,trip__maml__mae,5,7,0.2979572849665374,1.458567825137768,1.1990525591688843
Wheat,maml,mae,both,trip__maml__mae,5,8,0.1764898411001826,1.5797171793260425,1.107096578008331
Wheat,maml,mae,both,trip__maml__mae,5,9,0.3311633451957781,1.4236554454423067,1.2284569901037257
Wheat,maml,mae,both,trip__maml__mae,10,0,-0.2400345198031646,1.9384818905162076,0.9022005787152916
Wheat,maml,mae,both,trip__maml__mae,10,1,0.2921183864836811,1.4646207295571982,1.1940971803543865
Wheat,maml,mae,both,trip__maml__mae,10,2,0.1861222996028142,1.5704511620568828,1.1136286983685828
Wheat,maml,mae,both,trip__maml__mae,10,3,0.1687918502226555,1.58708342830088,1.101958127888207
Wheat,maml,mae,both,trip__maml__mae,10,4,0.3019060269415305,1.4544600767581626,1.2024389747093962
Wheat,maml,mae,both,trip__maml__mae,10,5,-0.807596584840794,2.340429786142662,0.747255693722499
Wheat,maml,mae,both,trip__maml__mae,10,6,0.332505375909401,1.422226435317864,1.2296913065477937
Wheat,maml,mae,both,trip__maml__mae,10,7,0.2229744789799195,1.5344844867815022,1.1397309640588524
Wheat,maml,mae,both,trip__maml__mae,10,8,0.2746614028664451,1.4825701594678424,1.179640283654832
Wheat,maml,mae,both,trip__maml__mae,10,9,0.2737110268789559,1.483541111414436,1.1788682295331885
Wheat,maml,mae,both,trip__maml__mae,25,0,0.2612156558421606,1.4962484115847812,1.1688563676404864
Wheat,maml,mae,both,trip__maml__mae,25,1,0.1488458595808096,1.6060126754774386,1.0889699129758852
Wheat,maml,mae,both,trip__maml__mae,25,2,0.3422239191425128,1.4118348536731422,1.23874225013128
Wheat,maml,mae,both,trip__maml__mae,25,3,0.3496243129130191,1.403870374833155,1.245769919221129
Wheat,maml,mae,both,trip__maml__mae,25,4,0.3950783651878982,1.3539244129039314,1.291726086614947
Wheat,maml,mae,both,trip__maml__mae,25,5,0.1851486505606635,1.5713902535400517,1.112963173541956
Wheat,maml,mae,both,trip__maml__mae,25,6,0.4261738791905289,1.3186666338418886,1.326263544226851
Wheat,maml,mae,both,trip__maml__mae,25,7,0.2445800675060843,1.513000531352721,1.1559146525145003
Wheat,maml,mae,both,trip__maml__mae,25,8,-0.1824423257193757,1.892931263518672,0.9239107183437272
Wheat,maml,mae,both,trip__maml__mae,25,9,0.4050534826565279,1.3427149482853593,1.3025098779798134
CGL_Glucose,pi,mae,both,trip__pi__both__mae,5,0,0.549243740922172,10.79702830870855,1.4997687455723987
CGL_Glucose,pi,mae,both,trip__pi__both__mae,5,1,-2.0242898130302325,27.96694706420728,0.5790065524594109
CGL_Glucose,pi,mae,both,trip__pi__both__mae,5,2,0.8115446693925749,6.981320405065432,2.319481797556852
CGL_Glucose,pi,mae,both,trip__pi__both__mae,5,3,0.5004961493315654,11.36587243317866,1.424707667419494
CGL_Glucose,pi,mae,both,trip__pi__both__mae,5,4,0.5927204851298717,10.26312552006918,1.577788907560038
CGL_Glucose,pi,mae,both,trip__pi__both__mae,5,5,-0.8702826062949389,21.99312661845888,0.7362775599568749
CGL_Glucose,pi,mae,both,trip__pi__both__mae,5,6,0.7492669894289588,8.052655402973619,2.010895138575266
CGL_Glucose,pi,mae,both,trip__pi__both__mae,5,7,-6.444227176440395,43.87763045556625,0.3690501386317973
CGL_Glucose,pi,mae,both,trip__pi__both__mae,5,8,0.4889950695904668,11.495977425224517,1.4085836291684657
CGL_Glucose,pi,mae,both,trip__pi__both__mae,5,9,0.3962514709535172,12.495723303102942,1.295887017475846
CGL_Glucose,pi,mae,both,trip__pi__both__mae,10,0,0.8007554326348801,7.178382589899408,2.255806987112457
CGL_Glucose,pi,mae,both,trip__pi__both__mae,10,1,0.8828937689452105,5.503302166631601,2.9424234963228915
CGL_Glucose,pi,mae,both,trip__pi__both__mae,10,2,0.8633348524362674,5.945142166634473,2.723744049947309
CGL_Glucose,pi,mae,both,trip__pi__both__mae,10,3,0.6716508396742418,9.215126728149992,1.7572244072342105
CGL_Glucose,pi,mae,both,trip__pi__both__mae,10,4,0.8433357985925067,6.365290688626405,2.543960110320723
CGL_Glucose,pi,mae,both,trip__pi__both__mae,10,5,0.8474442370921509,6.281272953399214,2.577987889174338
CGL_Glucose,pi,mae,both,trip__pi__both__mae,10,6,0.7839572131194432,7.474863090467356,2.166333403900385
CGL_Glucose,pi,mae,both,trip__pi__both__mae,10,7,0.8815474518748776,5.534846244601839,2.9256540989290625
CGL_Glucose,pi,mae,both,trip__pi__both__mae,10,8,0.8749187433442243,5.687605624193921,2.847076023270595
CGL_Glucose,pi,mae,both,trip__pi__both__mae,10,9,0.8573596359564033,6.073717334511908,2.666084822625812
CGL_Glucose,pi,mae,both,trip__pi__both__mae,25,0,0.879429298449144,5.584113680894674,2.8998416808497147
CGL_Glucose,pi,mae,both,trip__pi__both__mae,25,1,0.8691295921396953,5.817737008706272,2.783392507813352
CGL_Glucose,pi,mae,both,trip__pi__both__mae,25,2,0.8805023173368655,5.559210241820332,2.9128320207510585
CGL_Glucose,pi,mae,both,trip__pi__both__mae,25,3,0.8989065729842503,5.113223975942869,3.166895422271333
CGL_Glucose,pi,mae,both,trip__pi__both__mae,25,4,0.9157392792484088,4.668162246145008,3.468826649252347
CGL_Glucose,pi,mae,both,trip__pi__both__mae,25,5,0.9000400657603957,5.084477595273436,3.18480026689756
CGL_Glucose,pi,mae,both,trip__pi__both__mae,25,6,0.9171627837431215,4.628562208586849,3.4985044756275223
CGL_Glucose,pi,mae,both,trip__pi__both__mae,25,7,0.9053567839851724,4.947412269459233,3.2730334001923493
CGL_Glucose,pi,mae,both,trip__pi__both__mae,25,8,0.9046197413860596,4.966639119458406,3.260362835507826
CGL_Glucose,pi,mae,both,trip__pi__both__mae,25,9,0.9104889214210544,4.811403194614345,3.365555732387429
Corn_Starch,pi,mae,both,trip__pi__both__mae,5,0,-1.1890786691490205,1.1918760677196172,0.6787134532990556
Corn_Starch,pi,mae,both,trip__pi__both__mae,5,1,-1.2060469879896765,1.1964864760817224,0.6760981741102672
Corn_Starch,pi,mae,both,trip__pi__both__mae,5,2,-0.2847018015447657,0.9130647601328852,0.8859637970353262
Corn_Starch,pi,mae,both,trip__pi__both__mae,5,3,0.189150371802573,0.7253883490932432,1.1151851595599545
Corn_Starch,pi,mae,both,trip__pi__both__mae,5,4,-0.9322668180123156,1.1197832395568377,0.7224097425735942
Corn_Starch,pi,mae,both,trip__pi__both__mae,5,5,-14.87635654518196,3.2097842127982426,0.2520238957500686
Corn_Starch,pi,mae,both,trip__pi__both__mae,5,6,-0.2940444479817616,0.9163787542920344,0.8827597955950475
Corn_Starch,pi,mae,both,trip__pi__both__mae,5,7,0.1560754636822604,0.7400349345060708,1.093113695188459
Corn_Starch,pi,mae,both,trip__pi__both__mae,5,8,-5.479621243996502,2.050572955086315,0.3944957529162523
Corn_Starch,pi,mae,both,trip__pi__both__mae,5,9,-0.4732793327579525,0.9777840828009268,0.8273220397587288
Corn_Starch,pi,mae,both,trip__pi__both__mae,10,0,-0.0073676393144055,0.8085267864064167,1.000513941438985
Corn_Starch,pi,mae,both,trip__pi__both__mae,10,1,0.145546228145488,0.7446371518765362,1.0863577244136835
Corn_Starch,pi,mae,both,trip__pi__both__mae,10,2,0.4220750405849496,0.6124013514992231,1.3209349062442537
Corn_Starch,pi,mae,both,trip__pi__both__mae,10,3,-0.0796748893873087,0.8370413549213487,0.9664305318612262
Corn_Starch,pi,mae,both,trip__pi__both__mae,10,4,-0.6504586243178345,1.0349103625860137,0.7816544804954038
Corn_Starch,pi,mae,both,trip__pi__both__mae,10,5,0.2111483012544442,0.7154809870038341,1.1306272794390069
Corn_Starch,pi,mae,both,trip__pi__both__mae,10,6,0.0608033992759962,0.7806900978914125,1.0361887822214924
Corn_Starch,pi,mae,both,trip__pi__both__mae,10,7,0.2770342162077887,0.6849506572171196,1.1810227690168595
Corn_Starch,pi,mae,both,trip__pi__both__mae,10,8,-0.520450258505271,0.9933139238454248,0.8143873778541378
Corn_Starch,pi,mae,both,trip__pi__both__mae,10,9,-0.0736112880402748,0.834687576310562,0.9691558192373256
Corn_Starch,pi,mae,both,trip__pi__both__mae,25,0,0.3191713890635728,0.6646902585090115,1.217021479509938
Corn_Starch,pi,mae,both,trip__pi__both__mae,25,1,0.4468148504928466,0.5991501484585076,1.35014958088173
Corn_Starch,pi,mae,both,trip__pi__both__mae,25,2,0.3632243554874956,0.6428263002142436,1.2584150983817448
Corn_Starch,pi,mae,both,trip__pi__both__mae,25,3,0.1249875997594149,0.7535420958024981,1.0735197493711122
Corn_Starch,pi,mae,both,trip__pi__both__mae,25,4,0.4675945603475901,0.5877892741664239,1.3762454630933607
Corn_Starch,pi,mae,both,trip__pi__both__mae,25,5,0.3498834897763808,0.6495252108975916,1.245436371451367
Corn_Starch,pi,mae,both,trip__pi__both__mae,25,6,0.3601511631641322,0.6443756300600746,1.2553893786316273
Corn_Starch,pi,mae,both,trip__pi__both__mae,25,7,0.3506263158668394,0.6491540296043519,1.2461485024124654
Corn_Starch,pi,mae,both,trip__pi__both__mae,25,8,0.0200896275957899,0.7974318766847595,1.0144343930538298
Corn_Starch,pi,mae,both,trip__pi__both__mae,25,9,0.2650124652341604,0.6906219886238483,1.171324306424706
Diesel_TOTAL,pi,mae,both,trip__pi__both__mae,5,0,0.5551201409988735,4.520608145594833,1.5030662036891629
Diesel_TOTAL,pi,mae,both,trip__pi__both__mae,5,1,0.3727114117416455,5.367958930592906,1.2658020323220005
Diesel_TOTAL,pi,mae,both,trip__pi__both__mae,5,2,0.5833429349533268,4.374867116800094,1.5531382193696042
Diesel_TOTAL,pi,mae,both,trip__pi__both__mae,5,3,0.6011500325631688,4.280359749424868,1.5874304314441128
Diesel_TOTAL,pi,mae,both,trip__pi__both__mae,5,4,0.479731232530304,4.888654765654611,1.389906559060463
Diesel_TOTAL,pi,mae,both,trip__pi__both__mae,5,5,0.6250181060200382,4.150310988199113,1.6371720921843242
Diesel_TOTAL,pi,mae,both,trip__pi__both__mae,5,6,0.6954368503062207,3.7403665857773247,1.8166062518049788
Diesel_TOTAL,pi,mae,both,trip__pi__both__mae,5,7,-0.7468968797371238,8.9579601387092,0.758517923562074
Diesel_TOTAL,pi,mae,both,trip__pi__both__mae,5,8,0.398427787162127,5.256774831067512,1.2925745427801962
Diesel_TOTAL,pi,mae,both,trip__pi__both__mae,5,9,0.5877158686309054,4.351848828098008,1.5613532528737246
Diesel_TOTAL,pi,mae,both,trip__pi__both__mae,10,0,0.594352638102557,4.316679640611974,1.5740740313085266
Diesel_TOTAL,pi,mae,both,trip__pi__both__mae,10,1,0.8382517332726456,2.7258082948492453,2.492755391714488
Diesel_TOTAL,pi,mae,both,trip__pi__both__mae,10,2,0.7787046751953066,3.188317849150116,2.1311467818607737
Diesel_TOTAL,pi,mae,both,trip__pi__both__mae,10,3,0.5326452791613167,4.6333894770439645,1.4664800698128444
Diesel_TOTAL,pi,mae,both,trip__pi__both__mae,10,4,0.563067254703348,4.480049244634572,1.5166738026157045
Diesel_TOTAL,pi,mae,both,trip__pi__both__mae,10,5,0.6907528394918762,3.76901921330144,1.8027961491376183
Diesel_TOTAL,pi,mae,both,trip__pi__both__mae,10,6,0.5459116388173298,4.567154215282113,1.4877477316245644
Diesel_TOTAL,pi,mae,both,trip__pi__both__mae,10,7,0.633941688411249,4.100630401293499,1.6570070108298949
Diesel_TOTAL,pi,mae,both,trip__pi__both__mae,10,8,0.5595628063422113,4.497979631051553,1.5106278554171724
Diesel_TOTAL,pi,mae,both,trip__pi__both__mae,10,9,0.545999227987795,4.566713714516426,1.487891238324546
Diesel_TOTAL,pi,mae,both,trip__pi__both__mae,25,0,0.8099966671828598,2.9543102447019893,2.299952530696701
Diesel_TOTAL,pi,mae,both,trip__pi__both__mae,25,1,0.8770481018362732,2.376528954877988,2.859116574119072
Diesel_TOTAL,pi,mae,both,trip__pi__both__mae,25,2,0.8559759535726876,2.5721304764698334,2.641690764105848
Diesel_TOTAL,pi,mae,both,trip__pi__both__mae,25,3,0.8716875700460137,2.4277829429809064,2.7987565129783394
Diesel_TOTAL,pi,mae,both,trip__pi__both__mae,25,4,0.876636004640526,2.3805083227253627,2.854337142575678
Diesel_TOTAL,pi,mae,both,trip__pi__both__mae,25,5,0.7815790636279021,3.1675437592763043,2.145123742605516
Diesel_TOTAL,pi,mae,both,trip__pi__both__mae,25,6,0.8861639243599726,2.2867329455987737,2.9713890888935186
Diesel_TOTAL,pi,mae,both,trip__pi__both__mae,25,7,0.8307590352094535,2.788227698816508,2.4369506574551445
Diesel_TOTAL,pi,mae,both,trip__pi__both__mae,25,8,0.8696856490935928,2.446648686412005,2.77717571856629
Diesel_TOTAL,pi,mae,both,trip__pi__both__mae,25,9,0.873712552718973,2.408549539430602,2.821105903170198
Diesel_VISC,pi,mae,both,trip__pi__both__mae,5,0,-1.1630883915322316,0.8044874436236824,0.6816514278101963
Diesel_VISC,pi,mae,both,trip__pi__both__mae,5,1,0.3417427525846875,0.4437925030264794,1.235667594341354
Diesel_VISC,pi,mae,both,trip__pi__both__mae,5,2,-2.2792458723982545,0.9905334064707408,0.5536209188091189
Diesel_VISC,pi,mae,both,trip__pi__both__mae,5,3,-0.1740233333278809,0.5926803121872145,0.9252543121902064
Diesel_VISC,pi,mae,both,trip__pi__both__mae,5,4,0.352465683787726,0.4401629981002836,1.2458566871096215
Diesel_VISC,pi,mae,both,trip__pi__both__mae,5,5,0.5158524385262118,0.3806019518178689,1.4408229174396787
Diesel_VISC,pi,mae,both,trip__pi__both__mae,5,6,0.2310766677393961,0.4796491248643434,1.1432941001540518
Diesel_VISC,pi,mae,both,trip__pi__both__mae,5,7,0.0532361836979904,0.5322344264409438,1.030335482558841
Diesel_VISC,pi,mae,both,trip__pi__both__mae,5,8,-0.3784074668696706,0.6422009523333322,0.8539071961961575
Diesel_VISC,pi,mae,both,trip__pi__both__mae,5,9,-0.0952543480978913,0.5724527285339382,0.9579481191501508
Diesel_VISC,pi,mae,both,trip__pi__both__mae,10,0,0.5421590663858274,0.3701173516914585,1.4816382212164014
Diesel_VISC,pi,mae,both,trip__pi__both__mae,10,1,0.2558772442152204,0.4718505109013136,1.1621901469470914
Diesel_VISC,pi,mae,both,trip__pi__both__mae,10,2,0.0504988350687566,0.5330032874766992,1.028849216291993
Diesel_VISC,pi,mae,both,trip__pi__both__mae,10,3,-0.1758105841079698,0.5931312680957744,0.9245508441360902
Diesel_VISC,pi,mae,both,trip__pi__both__mae,10,4,0.4577236151247705,0.4028028018608848,1.3614106259142924
Diesel_VISC,pi,mae,both,trip__pi__both__mae,10,5,0.5091961276124581,0.3832093765325811,1.4310193021981903
Diesel_VISC,pi,mae,both,trip__pi__both__mae,10,6,0.1189280906403938,0.5134377709592838,1.0680554599185206
Diesel_VISC,pi,mae,both,trip__pi__both__mae,10,7,0.309002854496194,0.4546950888194355,1.2060390096256917
Diesel_VISC,pi,mae,both,trip__pi__both__mae,10,8,0.0842339738958324,0.523449031461019,1.0476282916616602
Diesel_VISC,pi,mae,both,trip__pi__both__mae,10,9,-0.6100772041787532,0.6940735386166328,0.7900892111438816
Diesel_VISC,pi,mae,both,trip__pi__both__mae,25,0,0.6792098074152528,0.3098080354978058,1.7700638839799938
Diesel_VISC,pi,mae,both,trip__pi__both__mae,25,1,0.66597500540194,0.3161343007275969,1.7346425659580034
Diesel_VISC,pi,mae,both,trip__pi__both__mae,25,2,0.6185229061245148,0.3378441237516961,1.623174641937826
Diesel_VISC,pi,mae,both,trip__pi__both__mae,25,3,0.7416070769161476,0.2780497085648597,1.97223732918799
Diesel_VISC,pi,mae,both,trip__pi__both__mae,25,4,0.6918722573628552,0.3036319983433969,1.8060679295772368
Diesel_VISC,pi,mae,both,trip__pi__both__mae,25,5,0.6912025719941035,0.3039617764107602,1.8041084674423076
Diesel_VISC,pi,mae,both,trip__pi__both__mae,25,6,0.7361780489389694,0.2809555403327766,1.9518391199971763
Diesel_VISC,pi,mae,both,trip__pi__both__mae,25,7,0.6038513309995611,0.3442795584450192,1.592833501583084
Diesel_VISC,pi,mae,both,trip__pi__both__mae,25,8,0.4188021336918474,0.4170077654064105,1.3150354983605967
Diesel_VISC,pi,mae,both,trip__pi__both__mae,25,9,0.6457297541258982,0.3255738206887705,1.6843492312782635
Melamine_R862,pi,mae,both,trip__pi__both__mae,5,0,0.3023575494920824,13.626605091531326,1.1997910581804438
Melamine_R862,pi,mae,both,trip__pi__both__mae,5,1,-1.2385314329412216,24.40915914813173,0.6697927955222802
Melamine_R862,pi,mae,both,trip__pi__both__mae,5,2,-1.1093247766533685,23.694248967805112,0.6900019901196247
Melamine_R862,pi,mae,both,trip__pi__both__mae,5,3,-0.4171427693166805,19.42128775909171,0.8418123012734765
Melamine_R862,pi,mae,both,trip__pi__both__mae,5,4,-0.1001679254919103,17.111997579837908,0.9554161555889056
Melamine_R862,pi,mae,both,trip__pi__both__mae,5,5,-0.1444484206580556,17.452969614152696,0.9367505532650356
Melamine_R862,pi,mae,both,trip__pi__both__mae,5,6,0.2827285893684731,13.81697529035469,1.183260344511747
Melamine_R862,pi,mae,both,trip__pi__both__mae,5,7,0.2000989891764764,14.591143992016509,1.1204795834460088
Melamine_R862,pi,mae,both,trip__pi__both__mae,5,8,0.6021541640083563,10.290314044402978,1.5887832841280338
Melamine_R862,pi,mae,both,trip__pi__both__mae,5,9,0.2434700078560785,14.190062081750032,1.152149923515986
Melamine_R862,pi,mae,both,trip__pi__both__mae,10,0,0.4182010070564868,12.44393411592604,1.3138191499464351
Melamine_R862,pi,mae,both,trip__pi__both__mae,10,1,0.6449112251101121,9.721643525608243,1.6817196494717694
Melamine_R862,pi,mae,both,trip__pi__both__mae,10,2,0.6715851800999879,9.349375307971854,1.748681425617299
Melamine_R862,pi,mae,both,trip__pi__both__mae,10,3,0.5759346383097887,10.62398919985112,1.5388832419374543
Melamine_R862,pi,mae,both,trip__pi__both__mae,10,4,0.739818081784009,8.321656328052836,1.9646424098363209
Melamine_R862,pi,mae,both,trip__pi__both__mae,10,5,0.6101416554715025,10.186491746553756,1.6049764088511171
Melamine_R862,pi,mae,both,trip__pi__both__mae,10,6,0.7849388053095037,7.565754546676522,2.1609317142540925
Melamine_R862,pi,mae,both,trip__pi__both__mae,10,7,0.7567510111108644,8.046309661716478,2.0318729491561385
Melamine_R862,pi,mae,both,trip__pi__both__mae,10,8,0.2684496302716548,13.95382710556581,1.1716555478642974
Melamine_R862,pi,mae,both,trip__pi__both__mae,10,9,0.57894228368574,10.586247317376593,1.5443696384590897
Melamine_R862,pi,mae,both,trip__pi__both__mae,25,0,0.7556700770027418,8.064167679597325,2.0273733870315263
Melamine_R862,pi,mae,both,trip__pi__both__mae,25,1,0.8000228756414873,7.295606137094193,2.240948679925196
Melamine_R862,pi,mae,both,trip__pi__both__mae,25,2,0.6841234862614057,9.169167123944051,1.7830495094240304
Melamine_R862,pi,mae,both,trip__pi__both__mae,25,3,0.8229837624284604,6.864007878890474,2.381856086216807
Melamine_R862,pi,mae,both,trip__pi__both__mae,25,4,0.7619748561451829,7.959442297573132,2.0540483027510983
Melamine_R862,pi,mae,both,trip__pi__both__mae,25,5,0.8224177384426545,6.8749732352355934,2.378057104045604
Melamine_R862,pi,mae,both,trip__pi__both__mae,25,6,0.7198916085048273,8.634442074285257,1.8934725372546712
Melamine_R862,pi,mae,both,trip__pi__both__mae,25,7,0.7915490300498353,7.448574752856312,2.194927148432792
Melamine_R862,pi,mae,both,trip__pi__both__mae,25,8,0.8502101033867345,6.314114905500404,2.5892906902807944
Melamine_R862,pi,mae,both,trip__pi__both__mae,25,9,0.8407770806515893,6.509895418956608,2.511419598933555
Shootout_assay,pi,mae,both,trip__pi__both__mae,5,0,-2.8691403942756017,30.971597330455463,0.5086615538985395
Shootout_assay,pi,mae,both,trip__pi__both__mae,5,1,-3.191075087675255,32.23436214583985,0.4887349950823377
Shootout_assay,pi,mae,both,trip__pi__both__mae,5,2,-0.1098067157610049,16.58746556095947,0.9497569575612774
Shootout_assay,pi,mae,both,trip__pi__both__mae,5,3,-0.3089650446774186,18.01442416892341,0.8745248072934012
Shootout_assay,pi,mae,both,trip__pi__both__mae,5,4,-4.304750297044503,36.26509611423564,0.4344138720935355
Shootout_assay,pi,mae,both,trip__pi__both__mae,5,5,-1.182883419659504,23.263316588130863,0.6772061397671553
Shootout_assay,pi,mae,both,trip__pi__both__mae,5,6,-2.479150046691218,29.36925563800478,0.5364133507164227
Shootout_assay,pi,mae,both,trip__pi__both__mae,5,7,-1.1676308967787057,23.181899903509144,0.6795845418366496
Shootout_assay,pi,mae,both,trip__pi__both__mae,5,8,0.2686625202244277,13.4652764866227,1.1699767799406469
Shootout_assay,pi,mae,both,trip__pi__both__mae,5,9,-1.133940906505892,23.001044291588595,0.6849280678351869
Shootout_assay,pi,mae,both,trip__pi__both__mae,10,0,-0.3383919483727742,18.21579028018127,0.8648573892492443
Shootout_assay,pi,mae,both,trip__pi__both__mae,10,1,-0.1703619811380379,17.033992929160927,0.9248601247133053
Shootout_assay,pi,mae,both,trip__pi__both__mae,10,2,-0.356386660516615,18.337837289263256,0.8591013529198062
Shootout_assay,pi,mae,both,trip__pi__both__mae,10,3,-0.2279321024540463,17.447914992881028,0.9029193935927124
Shootout_assay,pi,mae,both,trip__pi__both__mae,10,4,-0.6517501596330051,20.236180226665365,0.7785096124055116
Shootout_assay,pi,mae,both,trip__pi__both__mae,10,5,-1.0994503054747828,22.814405666664047,0.6905312833920917
Shootout_assay,pi,mae,both,trip__pi__both__mae,10,6,0.0223003479047398,15.568941623841058,1.011890288078722
Shootout_assay,pi,mae,both,trip__pi__both__mae,10,7,-0.7299661615913318,20.709764677917985,0.7607068969560661
Shootout_assay,pi,mae,both,trip__pi__both__mae,10,8,-1.2003733012793236,23.356326801933477,0.6745093506537675
Shootout_assay,pi,mae,both,trip__pi__both__mae,10,9,-0.2339180783270127,17.490391210305962,0.9007266124239964
Shootout_assay,pi,mae,both,trip__pi__both__mae,25,0,0.1871557146668877,14.195805433682333,1.109768719952285
Shootout_assay,pi,mae,both,trip__pi__both__mae,25,1,-0.451585333006939,18.970450553096423,0.8304526442709027
Shootout_assay,pi,mae,both,trip__pi__both__mae,25,2,0.3587097372982801,12.60908820452057,1.2494210976477458
Shootout_assay,pi,mae,both,trip__pi__both__mae,25,3,-0.1615316216525899,16.969610677817883,0.928369019415544
Shootout_assay,pi,mae,both,trip__pi__both__mae,25,4,-0.6592545225933788,20.282097445433816,0.7767471222941049
Shootout_assay,pi,mae,both,trip__pi__both__mae,25,5,-0.5180476700032615,19.399880944434702,0.8120699745504748
Shootout_assay,pi,mae,both,trip__pi__both__mae,25,6,-0.0881872568025252,16.42510588083062,0.9591451610193606
Shootout_assay,pi,mae,both,trip__pi__both__mae,25,7,0.1868336873519438,14.198617155748249,1.1095489548044732
Shootout_assay,pi,mae,both,trip__pi__both__mae,25,8,-0.0755992086384635,16.329827494013443,0.9647414114205928
Shootout_assay,pi,mae,both,trip__pi__both__mae,25,9,0.277544644376106,13.383258526120246,1.1771468655471289
Wheat,pi,mae,both,trip__pi__both__mae,5,0,0.2970550384054869,1.4595047804180497,1.1982828058650778
Wheat,pi,mae,both,trip__pi__both__mae,5,1,0.1340219859481917,1.619937628941759,1.079609148035731
Wheat,pi,mae,both,trip__pi__both__mae,5,2,-0.068902004316842,1.7997567302273407,0.9717421549699766
Wheat,pi,mae,both,trip__pi__both__mae,5,3,0.3102488339211342,1.445742946894054,1.209689099441961
Wheat,pi,mae,both,trip__pi__both__mae,5,4,0.2438012263895336,1.5137802853666733,1.1553192364565708
Wheat,pi,mae,both,trip__pi__both__mae,5,5,0.0205546492499593,1.722800404699924,1.0151492179138748
Wheat,pi,mae,both,trip__pi__both__mae,5,6,-0.3138863470909898,1.995371479809242,0.8764781401105474
Wheat,pi,mae,both,trip__pi__both__mae,5,7,-0.1771111133641378,1.888659165456996,0.9260005804327622
Wheat,pi,mae,both,trip__pi__both__mae,5,8,-0.0876804704805971,1.8154969596826875,0.9633172196325284
Wheat,pi,mae,both,trip__pi__both__mae,5,9,0.2157274420930317,1.5416236710489708,1.1344529253775837
Wheat,pi,mae,both,trip__pi__both__mae,10,0,0.0133627598551478,1.7291139414100318,1.011442590085572
Wheat,pi,mae,both,trip__pi__both__mae,10,1,0.1942426922228519,1.562597003262752,1.119226185511093
Wheat,pi,mae,both,trip__pi__both__mae,10,2,0.2533398428933934,1.5042026493139964,1.162675444196588
Wheat,pi,mae,both,trip__pi__both__mae,10,3,0.1755950177471739,1.5805752039793608,1.106495584044144
Wheat,pi,mae,both,trip__pi__both__mae,10,4,0.1286337416712981,1.6249695604118342,1.0762659966440182
Wheat,pi,mae,both,trip__pi__both__mae,10,5,-0.1638590053945332,1.877997657559762,0.9312575425282078
Wheat,pi,mae,both,trip__pi__both__mae,10,6,0.4119418845633912,1.3349192152380052,1.3101163452359328
Wheat,pi,mae,both,trip__pi__both__mae,10,7,0.3111093459087501,1.4448408335966787,1.210444391372339
Wheat,pi,mae,both,trip__pi__both__mae,10,8,0.4334565036410301,1.3102720886256929,1.3347605422070816
Wheat,pi,mae,both,trip__pi__both__mae,10,9,0.3009945687293324,1.4554092664089646,1.201654767368645
Wheat,pi,mae,both,trip__pi__both__mae,25,0,0.4205182694927087,1.3251490659116771,1.3197756602949613
Wheat,pi,mae,both,trip__pi__both__mae,25,1,0.3416236044441979,1.4124789573054912,1.238177372064441
Wheat,pi,mae,both,trip__pi__both__mae,25,2,0.3477731539304038,1.4058668675578194,1.244000782585416
Wheat,pi,mae,both,trip__pi__both__mae,25,3,0.3947204210018858,1.354324925692698,1.2913440861012904
Wheat,pi,mae,both,trip__pi__both__mae,25,4,0.3614444151628319,1.3910547206067272,1.2572470784542744
Wheat,pi,mae,both,trip__pi__both__mae,25,5,0.3464497731758117,1.4072924102025242,1.2427406491882875
Wheat,pi,mae,both,trip__pi__both__mae,25,6,0.3290682957579376,1.4258834158218987,1.226537502327808
Wheat,pi,mae,both,trip__pi__both__mae,25,7,0.1004495424468356,1.6510401135496613,1.0592713460442704
Wheat,pi,mae,both,trip__pi__both__mae,25,8,0.1315081922010729,1.6222871332430764,1.0780455861451916
Wheat,pi,mae,both,trip__pi__both__mae,25,9,0.3095920825511213,1.4464310702336964,1.2091136034365393
CGL_Glucose,pi,rand,both,trip__pi__both__rand,5,0,0.7976544823906319,7.234027430559696,2.23845510096561
CGL_Glucose,pi,rand,both,trip__pi__both__rand,5,1,-2.941515349767742,31.92750401553533,0.507181694960629
CGL_Glucose,pi,rand,both,trip__pi__both__rand,5,2,0.7091791240287688,8.672536697147132,1.867163687850208
CGL_Glucose,pi,rand,both,trip__pi__both__rand,5,3,0.5015432337963853,11.35395333399311,1.426203290265463
CGL_Glucose,pi,rand,both,trip__pi__both__rand,5,4,0.7852888612635686,7.451790638835594,2.173040868602798
CGL_Glucose,pi,rand,both,trip__pi__both__rand,5,5,0.3482191527704998,12.98327195914188,1.2472237856081825
CGL_Glucose,pi,rand,both,trip__pi__both__rand,5,6,0.6055805527044678,10.099794031813394,1.603304537840568
CGL_Glucose,pi,rand,both,trip__pi__both__rand,5,7,0.243368874585594,13.988638866911714,1.1575855061041014
CGL_Glucose,pi,rand,both,trip__pi__both__rand,5,8,0.8014187743013983,7.166423191900282,2.2595715001541343
CGL_Glucose,pi,rand,both,trip__pi__both__rand,5,9,0.8454752652440531,6.3216778481676,2.561510724111829
CGL_Glucose,pi,rand,both,trip__pi__both__rand,10,0,0.5595859660276209,10.672445158916176,1.5172760657320594
CGL_Glucose,pi,rand,both,trip__pi__both__rand,10,1,0.6992535291941737,8.819290069429554,1.8360940024630448
CGL_Glucose,pi,rand,both,trip__pi__both__rand,10,2,0.926142758698712,4.370487657075075,3.705088967874721
CGL_Glucose,pi,rand,both,trip__pi__both__rand,10,3,0.7913641489939655,7.345609310713484,2.204452335743494
CGL_Glucose,pi,rand,both,trip__pi__both__rand,10,4,0.783304097470264,7.486153136433844,2.163066304862597
CGL_Glucose,pi,rand,both,trip__pi__both__rand,10,5,0.8486376577999849,6.2566559900388645,2.5881310444816243
CGL_Glucose,pi,rand,both,trip__pi__both__rand,10,6,0.9126202592690924,4.7537762105412,3.406354208798142
CGL_Glucose,pi,rand,both,trip__pi__both__rand,10,7,0.8772833386644094,5.633588519564959,2.874374929270122
CGL_Glucose,pi,rand,both,trip__pi__both__rand,10,8,0.8174952116279464,6.870217539563663,2.356991683190565
CGL_Glucose,pi,rand,both,trip__pi__both__rand,10,9,0.7874947066062159,7.413413650346587,2.184290040486875
CGL_Glucose,pi,rand,both,trip__pi__both__rand,25,0,0.861366402467453,5.98780438162034,2.704337778997308
CGL_Glucose,pi,rand,both,trip__pi__both__rand,25,1,0.8814091649280461,5.538076119099513,2.9239478212687477
CGL_Glucose,pi,rand,both,trip__pi__both__rand,25,2,0.9162113959302216,4.655065911983196,3.4785856760431524
CGL_Glucose,pi,rand,both,trip__pi__both__rand,25,3,0.9114501240614435,4.785500165853606,3.3837728641209
CGL_Glucose,pi,rand,both,trip__pi__both__rand,25,4,0.925063782455666,4.402296009654234,3.678318215528932
CGL_Glucose,pi,rand,both,trip__pi__both__rand,25,5,0.8657400547975265,5.892594958805983,2.7480330339458283
CGL_Glucose,pi,rand,both,trip__pi__both__rand,25,6,0.9306692603957109,4.234442829233609,3.824126633773037
CGL_Glucose,pi,rand,both,trip__pi__both__rand,25,7,0.9034710027194436,4.996458154360159,3.2409048774541698
CGL_Glucose,pi,rand,both,trip__pi__both__rand,25,8,0.9305746381667118,4.237331416645658,3.821519727923521
CGL_Glucose,pi,rand,both,trip__pi__both__rand,25,9,0.9361058296362356,4.06503205678892,3.983497639438748
Corn_Starch,pi,rand,both,trip__pi__both__rand,5,0,-0.4035719564319391,0.9543721468616696,0.8476172785286993
Corn_Starch,pi,rand,both,trip__pi__both__rand,5,1,-5.608289176608613,2.070832320139244,0.3906363223904515
Corn_Starch,pi,rand,both,trip__pi__both__rand,5,2,-0.0519612163825555,0.8262287048493709,0.9790779684590576
Corn_Starch,pi,rand,both,trip__pi__both__rand,5,3,-1.394031781146381,1.24642275961428,0.6490111927006347
Corn_Starch,pi,rand,both,trip__pi__both__rand,5,4,-0.8130372702331272,1.0846853657421067,0.7457852271041088
Corn_Starch,pi,rand,both,trip__pi__both__rand,5,5,-15.05917814332356,3.2282121872412155,0.2505852387967691
Corn_Starch,pi,rand,both,trip__pi__both__rand,5,6,-0.0387036286707882,0.8210058266147034,0.98530643218701
Corn_Starch,pi,rand,both,trip__pi__both__rand,5,7,-0.2032159617682807,0.8836335709044278,0.9154725991210378
Corn_Starch,pi,rand,both,trip__pi__both__rand,5,8,-3.0807615863555977,1.6273127459318697,0.4971031683053923
Corn_Starch,pi,rand,both,trip__pi__both__rand,5,9,-0.4583201557586522,0.9728073741957888,0.8315544714031653
Corn_Starch,pi,rand,both,trip__pi__both__rand,10,0,-0.6810346379002641,1.0444526256016164,0.7745131775225521
Corn_Starch,pi,rand,both,trip__pi__both__rand,10,1,-0.5059317596326989,0.9885600625321512,0.8183036645789755
Corn_Starch,pi,rand,both,trip__pi__both__rand,10,2,-0.1251649240116694,0.8544929961208438,0.9466927470428071
Corn_Starch,pi,rand,both,trip__pi__both__rand,10,3,-0.7635603673765625,1.0697827237075213,0.7561744117748954
Corn_Starch,pi,rand,both,trip__pi__both__rand,10,4,-1.8953675075213203,1.3707310893211748,0.5901539172260927
Corn_Starch,pi,rand,both,trip__pi__both__rand,10,5,-1.8735300147572564,1.365552129319506,0.5923921207091521
Corn_Starch,pi,rand,both,trip__pi__both__rand,10,6,-0.0713795736529212,0.8338195930176268,0.9701646838243336
Corn_Starch,pi,rand,both,trip__pi__both__rand,10,7,-0.0385454383367149,0.8209433063116809,0.98538146983728
Corn_Starch,pi,rand,both,trip__pi__both__rand,10,8,-1.6000511950904146,1.298946800539887,0.6227678620019358
Corn_Starch,pi,rand,both,trip__pi__both__rand,10,9,-0.2522701604216171,0.9014661652119536,0.8973629327910284
Corn_Starch,pi,rand,both,trip__pi__both__rand,25,0,0.0876156068542479,0.7694658301603666,1.0513037618030243
Corn_Starch,pi,rand,both,trip__pi__both__rand,25,1,0.1642564025333056,0.7364392787193871,1.0984508094586845
Corn_Starch,pi,rand,both,trip__pi__both__rand,25,2,-0.0610317395100832,0.829783132901829,0.9748840266221532
Corn_Starch,pi,rand,both,trip__pi__both__rand,25,3,0.1107295867607037,0.7596566368833497,1.0648788973204204
Corn_Starch,pi,rand,both,trip__pi__both__rand,25,4,0.1390789475616602,0.7474498840186007,1.0822696465979376
Corn_Starch,pi,rand,both,trip__pi__both__rand,25,5,0.1547563214033178,0.7406130846520588,1.092260369942725
Corn_Starch,pi,rand,both,trip__pi__both__rand,25,6,-0.0703593410065941,0.8334224916508446,0.9706269388340194
Corn_Starch,pi,rand,both,trip__pi__both__rand,25,7,0.0290757757896026,0.7937670797046343,1.019118003895416
Corn_Starch,pi,rand,both,trip__pi__both__rand,25,8,-0.4978087967025157,0.9858903218701248,0.8205195891283386
Corn_Starch,pi,rand,both,trip__pi__both__rand,25,9,-0.2074625822590126,0.8851915419609296,0.9138613322428076
Diesel_TOTAL,pi,rand,both,trip__pi__both__rand,5,0,0.7038576794866089,3.6882956687495008,1.8422528815509165
Diesel_TOTAL,pi,rand,both,trip__pi__both__rand,5,1,0.7912629858523139,3.0965295189892195,2.194318924491799
Diesel_TOTAL,pi,rand,both,trip__pi__both__rand,5,2,0.7372606619251385,3.474065815032936,1.9558562461204017
Diesel_TOTAL,pi,rand,both,trip__pi__both__rand,5,3,0.6960714355021904,3.736467855828512,1.8185017470888645
Diesel_TOTAL,pi,rand,both,trip__pi__both__rand,5,4,0.4746371034718486,4.912529709683327,1.3831515991388352
Diesel_TOTAL,pi,rand,both,trip__pi__both__rand,5,5,0.3159664638553413,5.605497823006595,1.2121623338925944
Diesel_TOTAL,pi,rand,both,trip__pi__both__rand,5,6,0.6214888836037318,4.169796019114328,1.6295217542101146
Diesel_TOTAL,pi,rand,both,trip__pi__both__rand,5,7,0.390406271514311,5.291706351133161,1.2840420221561435
Diesel_TOTAL,pi,rand,both,trip__pi__both__rand,5,8,0.6559924981186074,3.97520424737348,1.7092891084162565
Diesel_TOTAL,pi,rand,both,trip__pi__both__rand,5,9,0.7775002851219507,3.196982216128391,2.125371010663343
Diesel_TOTAL,pi,rand,both,trip__pi__both__rand,10,0,0.7761742592135069,3.206494551496756,2.1190659190715944
Diesel_TOTAL,pi,rand,both,trip__pi__both__rand,10,1,0.7529694095580958,3.3686109748396693,2.017084600898129
Diesel_TOTAL,pi,rand,both,trip__pi__both__rand,10,2,0.7693316524140041,3.2551386617880578,2.0873990418685087
Diesel_TOTAL,pi,rand,both,trip__pi__both__rand,10,3,0.0596111472547089,6.572479303987855,1.0338219429071158
Diesel_TOTAL,pi,rand,both,trip__pi__both__rand,10,4,0.8676289073843889,2.4658807361227297,2.7555157977548466
Diesel_TOTAL,pi,rand,both,trip__pi__both__rand,10,5,0.715090149005112,3.617672293874448,1.8782169228734864
Diesel_TOTAL,pi,rand,both,trip__pi__both__rand,10,6,0.8236028463688518,2.846566129749329,2.387007016191781
Diesel_TOTAL,pi,rand,both,trip__pi__both__rand,10,7,0.7990236727390986,3.0384209631577934,2.236284374731212
Diesel_TOTAL,pi,rand,both,trip__pi__both__rand,10,8,0.7548747343669462,3.355594931060919,2.024908686346498
Diesel_TOTAL,pi,rand,both,trip__pi__both__rand,10,9,0.8603698068285224,2.5325915904563105,2.6829329092659906
Diesel_TOTAL,pi,rand,both,trip__pi__both__rand,25,0,0.8706777966583376,2.437317118130528,2.787808477288857
Diesel_TOTAL,pi,rand,both,trip__pi__both__rand,25,1,0.9090295958183036,2.044210210432913,3.323911253885464
Diesel_TOTAL,pi,rand,both,trip__pi__both__rand,25,2,0.8341107098431425,2.7604803842718098,2.461445972403797
Diesel_TOTAL,pi,rand,both,trip__pi__both__rand,25,3,0.8673662858090728,2.4683256528557136,2.7527864145091074
Diesel_TOTAL,pi,rand,both,trip__pi__both__rand,25,4,0.8992892628738962,2.150866118368406,3.159087060667393
Diesel_TOTAL,pi,rand,both,trip__pi__both__rand,25,5,0.7965676351897615,3.0569301464877427,2.2227440596156183
Diesel_TOTAL,pi,rand,both,trip__pi__both__rand,25,6,0.8986289531549081,2.157905672921577,3.14878143610704
Diesel_TOTAL,pi,rand,both,trip__pi__both__rand,25,7,0.9019695383482624,2.1220519660667607,3.2019825303146066
Diesel_TOTAL,pi,rand,both,trip__pi__both__rand,25,8,0.9097416909654206,2.0361936909199385,3.336997533223718
Diesel_TOTAL,pi,rand,both,trip__pi__both__rand,25,9,0.8998534457837652,2.144833066667137,3.1679730368592054
Diesel_VISC,pi,rand,both,trip__pi__both__rand,5,0,-2.108373305157003,0.9643811700884262,0.5686340957395256
Diesel_VISC,pi,rand,both,trip__pi__both__rand,5,1,0.0651967450914123,0.5288618558766829,1.0369059679912445
Diesel_VISC,pi,rand,both,trip__pi__both__rand,5,2,-0.092792554103843,0.5718090180211687,0.9590265233997352
Diesel_VISC,pi,rand,both,trip__pi__both__rand,5,3,-0.5090228982744363,0.6719393140763565,0.8161153888655222
Diesel_VISC,pi,rand,both,trip__pi__both__rand,5,4,-1.3977386737369155,0.8469993183721177,0.6474385547976729
Diesel_VISC,pi,rand,both,trip__pi__both__rand,5,5,0.0523120210533778,0.5324941275368615,1.0298329807655893
Diesel_VISC,pi,rand,both,trip__pi__both__rand,5,6,-0.1761967871481142,0.5932286691122727,0.9243990440011476
Diesel_VISC,pi,rand,both,trip__pi__both__rand,5,7,-0.989270960879447,0.7714878808225637,0.7108083331351528
Diesel_VISC,pi,rand,both,trip__pi__both__rand,5,8,0.0114310653105345,0.5438581188331183,1.0083144769044574
Diesel_VISC,pi,rand,both,trip__pi__both__rand,5,9,-1.1545940269077084,0.8029062942485086,0.6829937920896758
Diesel_VISC,pi,rand,both,trip__pi__both__rand,10,0,0.5636847557587354,0.3613119537951157,1.5177466697169402
Diesel_VISC,pi,rand,both,trip__pi__both__rand,10,1,0.0370638781877911,0.5367609043187053,1.0216467149326018
Diesel_VISC,pi,rand,both,trip__pi__both__rand,10,2,0.0465186459733651,0.5341192604642507,1.026699569165156
Diesel_VISC,pi,rand,both,trip__pi__both__rand,10,3,-0.3581408763982656,0.6374623611082983,0.8602547351157157
Diesel_VISC,pi,rand,both,trip__pi__both__rand,10,4,-1.6247625628133382,0.886190618755369,0.6188059351966996
Diesel_VISC,pi,rand,both,trip__pi__both__rand,10,5,-0.1622056870751138,0.5896898259603264,0.9299465421646128
Diesel_VISC,pi,rand,both,trip__pi__both__rand,10,6,-0.3209342756093956,0.6286700072912093,0.8722859500873885
Diesel_VISC,pi,rand,both,trip__pi__both__rand,10,7,0.4799028617980255,0.3944794361766354,1.3901358710011709
Diesel_VISC,pi,rand,both,trip__pi__both__rand,10,8,-0.3853700760847389,0.6438208514260376,0.8517587049049715
Diesel_VISC,pi,rand,both,trip__pi__both__rand,10,9,-0.408469732746114,0.6491661949934329,0.844745180557354
Diesel_VISC,pi,rand,both,trip__pi__both__rand,25,0,0.5669090915172996,0.3599744445561571,1.5233859594605443
Diesel_VISC,pi,rand,both,trip__pi__both__rand,25,1,0.6317535228301048,0.3319337689477298,1.6520766065468084
Diesel_VISC,pi,rand,both,trip__pi__both__rand,25,2,0.514680569561832,0.3810622929244671,1.4390823358378204
Diesel_VISC,pi,rand,both,trip__pi__both__rand,25,3,0.6107410326906876,0.3412726225116504,1.6068678775507026
Diesel_VISC,pi,rand,both,trip__pi__both__rand,25,4,0.580600970019878,0.354238571255498,1.5480528070612996
Diesel_VISC,pi,rand,both,trip__pi__both__rand,25,5,0.5382543409610927,0.3716922854878648,1.4753602267576835
Diesel_VISC,pi,rand,both,trip__pi__both__rand,25,6,0.5937792046650016,0.3486287612759335,1.5729626339331906
Diesel_VISC,pi,rand,both,trip__pi__both__rand,25,7,0.6113815661538196,0.3409917214233671,1.6081915781192897
Diesel_VISC,pi,rand,both,trip__pi__both__rand,25,8,0.0830194628383381,0.5237960218366283,1.0469342868978435
Diesel_VISC,pi,rand,both,trip__pi__both__rand,25,9,0.4455401623170205,0.4073026010203355,1.346370028641381
Melamine_R862,pi,rand,both,trip__pi__both__rand,5,0,0.2629472821463684,14.00620557821946,1.1672739523114846
Melamine_R862,pi,rand,both,trip__pi__both__rand,5,1,-2.043690084337027,28.462394590259237,0.5744098196070468
Melamine_R862,pi,rand,both,trip__pi__both__rand,5,2,0.5765571827186258,10.616188121498189,1.5400140573119538
Melamine_R862,pi,rand,both,trip__pi__both__rand,5,3,0.4745551427586923,11.8259160957161,1.3824788549022258
Melamine_R862,pi,rand,both,trip__pi__both__rand,5,4,-0.9363601264375598,22.702008713243146,0.7201600152958363
Melamine_R862,pi,rand,both,trip__pi__both__rand,5,5,-1.62220031675414,26.41825654491878,0.6188553326513869
Melamine_R862,pi,rand,both,trip__pi__both__rand,5,6,0.4475971520292828,12.125486571047665,1.3483235370704634
Melamine_R862,pi,rand,both,trip__pi__both__rand,5,7,0.3056603975660247,13.594310610667794,1.2026412673950426
Melamine_R862,pi,rand,both,trip__pi__both__rand,5,8,-0.1672402857928878,17.62590214234921,0.9275598383639022
Melamine_R862,pi,rand,both,trip__pi__both__rand,5,9,0.3017432307506813,13.632603319475166,1.1992631604573678
Melamine_R862,pi,rand,both,trip__pi__both__rand,10,0,-0.0263374573558305,16.527847998706658,0.9891837669038792
Melamine_R862,pi,rand,both,trip__pi__both__rand,10,1,0.1921098277088516,14.66382884902936,1.1149256521264963
Melamine_R862,pi,rand,both,trip__pi__both__rand,10,2,0.6963227222220068,8.990365937874168,1.8185109544096312
Melamine_R862,pi,rand,both,trip__pi__both__rand,10,3,0.4538648054220401,12.05650145315941,1.3560384001688244
Melamine_R862,pi,rand,both,trip__pi__both__rand,10,4,0.6649626221288432,9.443170933064442,1.7313124011057042
Melamine_R862,pi,rand,both,trip__pi__both__rand,10,5,0.3082694016874834,13.568746036276764,1.2049071372155733
Melamine_R862,pi,rand,both,trip__pi__both__rand,10,6,0.6918298886690164,9.056626928401863,1.805206184534793
Melamine_R862,pi,rand,both,trip__pi__both__rand,10,7,0.6482779384589047,9.675446714740913,1.689749261630158
Melamine_R862,pi,rand,both,trip__pi__both__rand,10,8,0.4498452031824342,12.10078855974399,1.351075499043451
Melamine_R862,pi,rand,both,trip__pi__both__rand,10,9,0.4820352958921754,11.74143839293379,1.3924255610807073
Melamine_R862,pi,rand,both,trip__pi__both__rand,25,0,0.6664269370067529,9.422512166851076,1.7351082866936876
Melamine_R862,pi,rand,both,trip__pi__both__rand,25,1,0.6933364775288383,9.03446168565666,1.809635096259427
Melamine_R862,pi,rand,both,trip__pi__both__rand,25,2,0.638159885605079,9.813627663939725,1.66595671876265
Melamine_R862,pi,rand,both,trip__pi__both__rand,25,3,0.7397158278662435,8.323291411649414,1.9642564622083225
Melamine_R862,pi,rand,both,trip__pi__both__rand,25,4,0.5301273924415972,11.18307620205675,1.4619482731565874
Melamine_R862,pi,rand,both,trip__pi__both__rand,25,5,0.7568997246951966,8.043849675139386,2.032494340701623
Melamine_R862,pi,rand,both,trip__pi__both__rand,25,6,0.6589930926302394,9.526926365486588,1.7160916663955303
Melamine_R862,pi,rand,both,trip__pi__both__rand,25,7,0.6858005740146813,9.14479373342692,1.7878018267831106
Melamine_R862,pi,rand,both,trip__pi__both__rand,25,8,0.7505855004938093,8.147644455140831,2.0066019120237617
Melamine_R862,pi,rand,both,trip__pi__both__rand,25,9,0.7248234946589429,8.558090918180362,1.9103651852359107
Shootout_assay,pi,rand,both,trip__pi__both__rand,5,0,-3.5730140285164023,33.67112497887059,0.4678804416162326
Shootout_assay,pi,rand,both,trip__pi__both__rand,5,1,-5.155531458882323,39.0651177338183,0.4032769319210625
Shootout_assay,pi,rand,both,trip__pi__both__rand,5,2,-6.990763142091673,44.50927177784776,0.3539500916451776
Shootout_assay,pi,rand,both,trip__pi__both__rand,5,3,-0.6196794970629027,20.038762694503465,0.7861793198015462
Shootout_assay,pi,rand,both,trip__pi__both__rand,5,4,-0.4490381889471468,18.95379921151396,0.8311822157142582
Shootout_assay,pi,rand,both,trip__pi__both__rand,5,5,-1.867789862125876,26.664289904559546,0.5908299407641611
Shootout_assay,pi,rand,both,trip__pi__both__rand,5,6,-2.828680968868305,30.809237474157467,0.511342120623521
Shootout_assay,pi,rand,both,trip__pi__both__rand,5,7,-1.711298783148202,25.92656908441509,0.6076415577215487
Shootout_assay,pi,rand,both,trip__pi__both__rand,5,8,-2.874509024619964,30.993077220236767,0.508309023750078
Shootout_assay,pi,rand,both,trip__pi__both__rand,5,9,-4.599215931736577,37.25803686122545,0.422836578414163
Shootout_assay,pi,rand,both,trip__pi__both__rand,10,0,-1.0413780592662532,22.49666189238141,0.7002843755305985
Shootout_assay,pi,rand,both,trip__pi__both__rand,10,1,-0.301435244388214,17.96253559714057,0.87705105660791
Shootout_assay,pi,rand,both,trip__pi__both__rand,10,2,-0.2886463074992837,17.874060629889726,0.8813923792159883
Shootout_assay,pi,rand,both,trip__pi__both__rand,10,3,-3.293119679455617,32.62442437070163,0.4828916104640077
Shootout_assay,pi,rand,both,trip__pi__both__rand,10,4,-1.0445737869265137,22.514263994447592,0.6997368791942102
Shootout_assay,pi,rand,both,trip__pi__both__rand,10,5,-1.2756895213214472,23.752693503686874,0.663253656785661
Shootout_assay,pi,rand,both,trip__pi__both__rand,10,6,-0.916459418571654,21.797474266986484,0.7227470775680536
Shootout_assay,pi,rand,both,trip__pi__both__rand,10,7,-0.4115175208151977,18.70679971918226,0.842156919479651
Shootout_assay,pi,rand,both,trip__pi__both__rand,10,8,-1.1434317596262908,23.052136930785636,0.6834099967448191
Shootout_assay,pi,rand,both,trip__pi__both__rand,10,9,-0.9024788327534796,21.717822366734417,0.7253978119353308
Shootout_assay,pi,rand,both,trip__pi__both__rand,25,0,0.2835587859382547,13.327437069067926,1.182077299872864
Shootout_assay,pi,rand,both,trip__pi__both__rand,25,1,0.157066585518342,14.456161616287268,1.089781730655236
Shootout_assay,pi,rand,both,trip__pi__both__rand,25,2,0.4687525092101205,11.47637698403996,1.3727381774525431
Shootout_assay,pi,rand,both,trip__pi__both__rand,25,3,-0.2905753368576327,17.887433847066017,0.8807334221064577
Shootout_assay,pi,rand,both,trip__pi__both__rand,25,4,-0.182271978307752,17.120445364322535,0.9201898951565464
Shootout_assay,pi,rand,both,trip__pi__both__rand,25,5,-1.2019833884964315,23.364870544573165,0.6742627054053353
Shootout_assay,pi,rand,both,trip__pi__both__rand,25,6,0.1720190805583726,14.327371574483246,1.099577877416608
Shootout_assay,pi,rand,both,trip__pi__both__rand,25,7,0.1367157841136449,14.62962722687613,1.0768600307113432
Shootout_assay,pi,rand,both,trip__pi__both__rand,25,8,0.0191514786836698,15.593992850547956,1.0102647202557715
Shootout_assay,pi,rand,both,trip__pi__both__rand,25,9,0.226235317812446,13.850352013443327,1.1374484063320731
Wheat,pi,rand,both,trip__pi__both__rand,5,0,0.2317059899866612,1.5258385539967256,1.1461890767354328
Wheat,pi,rand,both,trip__pi__both__rand,5,1,0.1451220756296215,1.609521979567273,1.086595589035096
Wheat,pi,rand,both,trip__pi__both__rand,5,2,-1.5537631369754856,2.781859343823061,0.6286800543442834
Wheat,pi,rand,both,trip__pi__both__rand,5,3,-0.0146941438638412,1.753526920083016,0.9973610689535568
Wheat,pi,rand,both,trip__pi__both__rand,5,4,0.2864132020089778,1.470510953713151,1.1893141489607622
Wheat,pi,rand,both,trip__pi__both__rand,5,5,-0.3910318398857189,2.053115567550055,0.8518271017445767
Wheat,pi,rand,both,trip__pi__both__rand,5,6,0.2546154220588416,1.5029172253347771,1.1636698641625225
Wheat,pi,rand,both,trip__pi__both__rand,5,7,0.0895920930362639,1.6609741406039549,1.052936009477492
Wheat,pi,rand,both,trip__pi__both__rand,5,8,-0.6454213080075677,2.2329727289535777,0.7832157826094048
Wheat,pi,rand,both,trip__pi__both__rand,5,9,0.1392461600402021,1.6150439491318778,1.082880428357945
Wheat,pi,rand,both,trip__pi__both__rand,10,0,-0.1218427940859006,1.8437874812572008,0.9485363694195028
Wheat,pi,rand,both,trip__pi__both__rand,10,1,0.227494617850662,1.5300147496636232,1.1430605383623484
Wheat,pi,rand,both,trip__pi__both__rand,10,2,0.2721804475377768,1.4851034938923593,1.177628017606425
Wheat,pi,rand,both,trip__pi__both__rand,10,3,0.3112226875874064,1.44472197044993,1.2105439795507331
Wheat,pi,rand,both,trip__pi__both__rand,10,4,0.024655507317263,1.719190009001086,1.0172810883591692
Wheat,pi,rand,both,trip__pi__both__rand,10,5,-0.6573779573040015,2.241071124324165,0.780385532824286
Wheat,pi,rand,both,trip__pi__both__rand,10,6,0.3733295719129421,1.378048368381577,1.269113279025755
Wheat,pi,rand,both,trip__pi__both__rand,10,7,0.0084912454817893,1.7333774290643291,1.0089548035691709
Wheat,pi,rand,both,trip__pi__both__rand,10,8,0.1812639516091546,1.5751315002755502,1.1103196673718263
Wheat,pi,rand,both,trip__pi__both__rand,10,9,0.1489366952073109,1.6059269759237336,1.089028025353932
Wheat,pi,rand,both,trip__pi__both__rand,25,0,0.2589243611015883,1.4985668770852478,1.1670480044604286
Wheat,pi,rand,both,trip__pi__both__rand,25,1,0.2152784496841724,1.542064894116073,1.1341283302187626
Wheat,pi,rand,both,trip__pi__both__rand,25,2,0.3418831367633806,1.412200529892177,1.238421489323733
Wheat,pi,rand,both,trip__pi__both__rand,25,3,0.3701658194922759,1.3815225350912688,1.2659217921025774
Wheat,pi,rand,both,trip__pi__both__rand,25,4,0.3589636354115584,1.393754215596083,1.2548119775227822
Wheat,pi,rand,both,trip__pi__both__rand,25,5,0.2860411615918418,1.470894241506716,1.1890042357235304
Wheat,pi,rand,both,trip__pi__both__rand,25,6,0.3620887087001293,1.3903527662450392,1.2578818310809938
Wheat,pi,rand,both,trip__pi__both__rand,25,7,0.2030970401720376,1.5539877126279529,1.125426841693147
Wheat,pi,rand,both,trip__pi__both__rand,25,8,0.0010595743365107,1.7398614074184993,1.0051947103348569
Wheat,pi,rand,both,trip__pi__both__rand,25,9,0.3157280332622482,1.4399891993206535,1.2145226396683504
CGL_Glucose,proto,mae,both,trip__proto__mae,5,0,0.1694389274698269,14.65612442246298,1.10486545663074
CGL_Glucose,proto,mae,both,trip__proto__mae,5,1,-1.90748876035598,27.421573977890137,0.5905221055333243
CGL_Glucose,proto,mae,both,trip__proto__mae,5,2,0.5564189786710048,10.710748836022397,1.5118499976398512
CGL_Glucose,proto,mae,both,trip__proto__mae,5,3,0.5047978453903139,11.316825514762296,1.4308823248479348
CGL_Glucose,proto,mae,both,trip__proto__mae,5,4,-0.1460012544420637,17.21574826406064,0.9405949340154957
CGL_Glucose,proto,mae,both,trip__proto__mae,5,5,-0.0495239148561197,16.475155661113796,0.9828766377413866
CGL_Glucose,proto,mae,both,trip__proto__mae,5,6,0.3916402200850886,12.543351833442218,1.2909663874123916
CGL_Glucose,proto,mae,both,trip__proto__mae,5,7,0.5010165454241515,11.359950259671214,1.4254503965521912
CGL_Glucose,proto,mae,both,trip__proto__mae,5,8,-0.3328620208178834,18.566325223740023,0.8721728940606994
CGL_Glucose,proto,mae,both,trip__proto__mae,5,9,-0.0359755275641147,16.36847069730947,0.9892827437521816
CGL_Glucose,proto,mae,both,trip__proto__mae,10,0,0.026060866933327,15.87081631287474,1.0203032587129977
CGL_Glucose,proto,mae,both,trip__proto__mae,10,1,0.5344367286003384,10.972932627440668,1.4757263306225523
CGL_Glucose,proto,mae,both,trip__proto__mae,10,2,0.5916203653693535,10.276977251661108,1.5756622989356288
CGL_Glucose,proto,mae,both,trip__proto__mae,10,3,0.5988542956540843,10.1855487105906,1.5898059164573533
CGL_Glucose,proto,mae,both,trip__proto__mae,10,4,0.8161637114421652,6.8952335182884665,2.348440492916175
CGL_Glucose,proto,mae,both,trip__proto__mae,10,5,0.4749821015827026,11.652534882579582,1.3896586249803835
CGL_Glucose,proto,mae,both,trip__proto__mae,10,6,0.5997328726711587,10.17438855840611,1.5915497535311602
CGL_Glucose,proto,mae,both,trip__proto__mae,10,7,0.2487281405009227,13.93900962391439,1.1617070394068731
CGL_Glucose,proto,mae,both,trip__proto__mae,10,8,0.561933014016266,10.643969451314026,1.521335219584121
CGL_Glucose,proto,mae,both,trip__proto__mae,10,9,0.710940733451665,8.646230421503114,1.8728445591953584
CGL_Glucose,proto,mae,both,trip__proto__mae,25,0,0.8562661042972334,6.096954519854227,2.655923633632199
CGL_Glucose,proto,mae,both,trip__proto__mae,25,1,0.7688056542766563,7.732536190344374,2.0941441726042966
CGL_Glucose,proto,mae,both,trip__proto__mae,25,2,0.7571169462488102,7.925596612950524,2.0431326994363883
CGL_Glucose,proto,mae,both,trip__proto__mae,25,3,0.8242931710485044,6.7410520044344375,2.4021540839336795
CGL_Glucose,proto,mae,both,trip__proto__mae,25,4,0.8936708378041086,5.243962206560185,3.0879409432440297
CGL_Glucose,proto,mae,both,trip__proto__mae,25,5,0.8360996053965275,6.510635121581844,2.4871683484125566
CGL_Glucose,proto,mae,both,trip__proto__mae,25,6,0.8090818243705311,7.02679032946038,2.3044725747075248
CGL_Glucose,proto,mae,both,trip__proto__mae,25,7,0.8417047703334444,6.398339359047234,2.530820060296517
CGL_Glucose,proto,mae,both,trip__proto__mae,25,8,0.8645190668454502,5.91932856008966,2.735622028424153
CGL_Glucose,proto,mae,both,trip__proto__mae,25,9,0.8979610796494575,5.137079472638906,3.152189038286996
Corn_Starch,proto,mae,both,trip__proto__mae,5,0,-0.0276463307415431,0.8166242133270373,0.990593113239614
Corn_Starch,proto,mae,both,trip__proto__mae,5,1,-0.3964637794115406,0.9519524430162254,0.8497717798416244
Corn_Starch,proto,mae,both,trip__proto__mae,5,2,-0.0003914528119084,0.8057223321901611,1.0039964011268827
Corn_Starch,proto,mae,both,trip__proto__mae,5,3,-0.0035184259673981,0.8069805928229131,1.002430949419372
Corn_Starch,proto,mae,both,trip__proto__mae,5,4,-0.3018675422069103,0.9191445461195024,0.8801034888818302
Corn_Starch,proto,mae,both,trip__proto__mae,5,5,-1.2274319488260832,1.2022717351879058,0.6728448304576078
Corn_Starch,proto,mae,both,trip__proto__mae,5,6,-0.0893681983167318,0.8407904328316922,0.9621212257399852
Corn_Starch,proto,mae,both,trip__proto__mae,5,7,-0.0004187517117406,0.8057333254784013,1.0039827027710115
Corn_Starch,proto,mae,both,trip__proto__mae,5,8,-0.7525113951138822,1.0664262830649105,0.758554374242896
Corn_Starch,proto,mae,both,trip__proto__mae,5,9,-0.968928809938393,1.1303564628629084,0.7156524055939248
Corn_Starch,proto,mae,both,trip__proto__mae,10,0,-0.0750789039100099,0.8352578862504207,0.9684940844532768
Corn_Starch,proto,mae,both,trip__proto__mae,10,1,-0.7373295709538028,1.0617970655967228,0.7618615157613572
Corn_Starch,proto,mae,both,trip__proto__mae,10,2,-0.336661902909362,0.9313463136583656,0.8685730645659857
Corn_Starch,proto,mae,both,trip__proto__mae,10,3,-1.1000395995771095,1.167385129773918,0.6929523952246543
Corn_Starch,proto,mae,both,trip__proto__mae,10,4,-0.2024966733513653,0.8833694111732292,0.9157463588784448
Corn_Starch,proto,mae,both,trip__proto__mae,10,5,-0.947600503660458,1.1242175325289017,0.7195603149924047
Corn_Starch,proto,mae,both,trip__proto__mae,10,6,-0.1610269409928257,0.8680036743371079,0.9319572551858926
Corn_Starch,proto,mae,both,trip__proto__mae,10,7,-0.0599529628478294,0.8293611953238808,0.9753799989527766
Corn_Starch,proto,mae,both,trip__proto__mae,10,8,-0.1542565779379989,0.8654691541826707,0.934686485262929
Corn_Starch,proto,mae,both,trip__proto__mae,10,9,-0.3345882742190691,0.9306236118177332,0.8692475793155733
Corn_Starch,proto,mae,both,trip__proto__mae,25,0,-0.0046551807955215,0.8074375248657217,1.001863669837501
Corn_Starch,proto,mae,both,trip__proto__mae,25,1,0.0752625738594187,0.7746573258215487,1.044258273771014
Corn_Starch,proto,mae,both,trip__proto__mae,25,2,0.1327822361259171,0.7501783001979241,1.0783334063555987
Corn_Starch,proto,mae,both,trip__proto__mae,25,3,0.0328352871278294,0.7922288182101381,1.0210968134864151
Corn_Starch,proto,mae,both,trip__proto__mae,25,4,-0.0023412076138786,0.8065071231234012,1.0030194385557911
Corn_Starch,proto,mae,both,trip__proto__mae,25,5,-0.0248594464176188,0.815516155908505,0.991939051072874
Corn_Starch,proto,mae,both,trip__proto__mae,25,6,-0.1418015669613899,0.8607870649304634,0.9397705365052492
Corn_Starch,proto,mae,both,trip__proto__mae,25,7,0.0461073733881816,0.7867742919117355,1.0281758442575444
Corn_Starch,proto,mae,both,trip__proto__mae,25,8,0.0513590278294243,0.7846055103872757,1.0310178951294802
Corn_Starch,proto,mae,both,trip__proto__mae,25,9,-0.0052686387192399,0.8076840041385158,1.0015579331539526
Diesel_TOTAL,proto,mae,both,trip__proto__mae,5,0,0.4023934993481249,5.239419203449917,1.2968562086598234
Diesel_TOTAL,proto,mae,both,trip__proto__mae,5,1,0.2650553611635229,5.810356826162382,1.1694244479393423
Diesel_TOTAL,proto,mae,both,trip__proto__mae,5,2,0.1807042729709669,6.134735403254968,1.107590283382126
Diesel_TOTAL,proto,mae,both,trip__proto__mae,5,3,0.2935129898770606,5.696755516603518,1.1927444145991133
Diesel_TOTAL,proto,mae,both,trip__proto__mae,5,4,-0.1598293849290346,7.299154306148829,0.9308987094630392
Diesel_TOTAL,proto,mae,both,trip__proto__mae,5,5,0.6271457901714353,4.138519601637567,1.6418366898822745
Diesel_TOTAL,proto,mae,both,trip__proto__mae,5,6,0.2705994884607473,5.788399839494177,1.1738603953038769
Diesel_TOTAL,proto,mae,both,trip__proto__mae,5,7,0.3101251084138134,5.629381226413531,1.2070195729299489
Diesel_TOTAL,proto,mae,both,trip__proto__mae,5,8,0.1382086145941671,6.291823994168411,1.0799369674141046
Diesel_TOTAL,proto,mae,both,trip__proto__mae,5,9,0.0135169813222804,6.731630940220625,1.009379953254365
Diesel_TOTAL,proto,mae,both,trip__proto__mae,10,0,0.17679278376833,6.149362221290044,1.1049557790303806
Diesel_TOTAL,proto,mae,both,trip__proto__mae,10,1,0.2455765605837939,5.886851460020059,1.154228770661453
Diesel_TOTAL,proto,mae,both,trip__proto__mae,10,2,0.5904894440663639,4.337185943073035,1.5666317775970695
Diesel_TOTAL,proto,mae,both,trip__proto__mae,10,3,0.3908230585071889,5.289897038317349,1.2844812053141332
Diesel_TOTAL,proto,mae,both,trip__proto__mae,10,4,0.4112647932279324,5.200384975331788,1.3065904458990596
Diesel_TOTAL,proto,mae,both,trip__proto__mae,10,5,0.2298369416794812,5.947943476132772,1.1423735533181885
Diesel_TOTAL,proto,mae,both,trip__proto__mae,10,6,0.4065438735170318,5.22119363406521,1.3013831319018017
Diesel_TOTAL,proto,mae,both,trip__proto__mae,10,7,0.1114578954750852,6.388729451290515,1.0635562791586044
Diesel_TOTAL,proto,mae,both,trip__proto__mae,10,8,0.5340184453575068,4.626577633858704,1.4686392105558357
Diesel_TOTAL,proto,mae,both,trip__proto__mae,10,9,0.3898207898121287,5.2942469396773095,1.2834258396303069
Diesel_TOTAL,proto,mae,both,trip__proto__mae,25,0,0.6716379522106772,3.883756282051978,1.7495364874377546
Diesel_TOTAL,proto,mae,both,trip__proto__mae,25,1,0.5973911756870154,4.300482015080639,1.5800027299121544
Diesel_TOTAL,proto,mae,both,trip__proto__mae,25,2,0.6215572486617814,4.169419436752976,1.6296689327704352
Diesel_TOTAL,proto,mae,both,trip__proto__mae,25,3,0.6836102657069278,3.812296610022051,1.7823307100247454
Diesel_TOTAL,proto,mae,both,trip__proto__mae,25,4,0.7078668750297084,3.66324439037939,1.8548512192116728
Diesel_TOTAL,proto,mae,both,trip__proto__mae,25,5,0.6247435396367029,4.151830164693768,1.6365730423047549
Diesel_TOTAL,proto,mae,both,trip__proto__mae,25,6,0.6545201399721571,3.9837021362815626,1.7056429148861665
Diesel_TOTAL,proto,mae,both,trip__proto__mae,25,7,0.6751989423551736,3.8626397762579048,1.7591009561725828
Diesel_TOTAL,proto,mae,both,trip__proto__mae,25,8,0.6191098575199985,4.182879538230884,1.6244248158863617
Diesel_TOTAL,proto,mae,both,trip__proto__mae,25,9,0.6581067590549886,3.962969670386019,1.7145660675984122
Diesel_VISC,proto,mae,both,trip__proto__mae,5,0,-0.212186970651834,0.6022363184977446,0.910572806318574
Diesel_VISC,proto,mae,both,trip__proto__mae,5,1,-0.1250631198125542,0.5801904566850199,0.9451724141322242
Diesel_VISC,proto,mae,both,trip__proto__mae,5,2,0.2301584630870879,0.4799354243157488,1.1426120824135697
Diesel_VISC,proto,mae,both,trip__proto__mae,5,3,-0.0335134195712276,0.5560837404682917,0.9861464644509365
Diesel_VISC,proto,mae,both,trip__proto__mae,5,4,0.0857318858853577,0.5230207553244159,1.0484861432722918
Diesel_VISC,proto,mae,both,trip__proto__mae,5,5,-0.0940639624567343,0.5721415566280211,0.95846912053268
Diesel_VISC,proto,mae,both,trip__proto__mae,5,6,-0.2609672178901809,0.6142342578371829,0.8927864371036414
Diesel_VISC,proto,mae,both,trip__proto__mae,5,7,-0.5382088845443331,0.6784061783821208,0.8083358201560717
Diesel_VISC,proto,mae,both,trip__proto__mae,5,8,-0.0202770216679955,0.5525113317231369,0.9925226563068046
Diesel_VISC,proto,mae,both,trip__proto__mae,5,9,0.0009004479676084,0.5467471386335587,1.002986528602564
Diesel_VISC,proto,mae,both,trip__proto__mae,10,0,0.0876055072860307,0.5224845638984477,1.0495621354051017
Diesel_VISC,proto,mae,both,trip__proto__mae,10,1,0.0741620632575146,0.5263196964074771,1.0419142934314616
Diesel_VISC,proto,mae,both,trip__proto__mae,10,2,0.0430035607311442,0.5351028914179043,1.0248122807715954
Diesel_VISC,proto,mae,both,trip__proto__mae,10,3,-0.1852584410830773,0.5955094604385273,0.9208586110414372
Diesel_VISC,proto,mae,both,trip__proto__mae,10,4,0.1288036974213323,0.5105521959954837,1.0740919712081871
Diesel_VISC,proto,mae,both,trip__proto__mae,10,5,-0.0438415026789831,0.5588553551490602,0.9812557212683268
Diesel_VISC,proto,mae,both,trip__proto__mae,10,6,-0.62454549586849,0.6971850662755272,0.786563053524641
Diesel_VISC,proto,mae,both,trip__proto__mae,10,7,0.1037434010583552,0.5178432502713992,1.0589691268816472
Diesel_VISC,proto,mae,both,trip__proto__mae,10,8,-0.6637085563223684,0.7055385721204066,0.777250225956281
Diesel_VISC,proto,mae,both,trip__proto__mae,10,9,-0.3563479075153231,0.6370414446676533,0.8608231366917574
Diesel_VISC,proto,mae,both,trip__proto__mae,25,0,0.4021673940208308,0.4229333532383776,1.2966109444964369
Diesel_VISC,proto,mae,both,trip__proto__mae,25,1,0.2619114343137347,0.4699334674199326,1.166931177752074
Diesel_VISC,proto,mae,both,trip__proto__mae,25,2,0.0307360226510283,0.5385216564667978,1.018306335532242
Diesel_VISC,proto,mae,both,trip__proto__mae,25,3,0.3359453742810848,0.4457424952279552,1.2302619123649257
Diesel_VISC,proto,mae,both,trip__proto__mae,25,4,0.3040285448618057,0.4563287701187812,1.2017213257422186
Diesel_VISC,proto,mae,both,trip__proto__mae,25,5,0.3524046611379168,0.4401837377576578,1.2457979874380716
Diesel_VISC,proto,mae,both,trip__proto__mae,25,6,0.3486821199808614,0.4414470683837336,1.2422327700787252
Diesel_VISC,proto,mae,both,trip__proto__mae,25,7,0.3443136222007323,0.4429250239025508,1.2380876785189463
Diesel_VISC,proto,mae,both,trip__proto__mae,25,8,-0.0309718366336873,0.5553995679671909,0.9873612552645205
Diesel_VISC,proto,mae,both,trip__proto__mae,25,9,-0.0609101289645048,0.5634059571289955,0.9733301674620076
Melamine_R862,proto,mae,both,trip__proto__mae,5,0,-0.399699454749201,19.30139138311822,0.8470414706203492
Melamine_R862,proto,mae,both,trip__proto__mae,5,1,-0.4194434157359199,19.43704601484786,0.8411298162121146
Melamine_R862,proto,mae,both,trip__proto__mae,5,2,-0.2189259566966463,18.011914765286367,0.9076813406692502
Melamine_R862,proto,mae,both,trip__proto__mae,5,3,-0.0405426158918595,16.64183287515326,0.9824085522806232
Melamine_R862,proto,mae,both,trip__proto__mae,5,4,-0.0541465102484235,16.750266000112465,0.9760489142122054
Melamine_R862,proto,mae,both,trip__proto__mae,5,5,-0.5621378499539962,20.39064192369734,0.8017932443399451
Melamine_R862,proto,mae,both,trip__proto__mae,5,6,-0.0612165241999387,16.80634298367426,0.972792174838806
Melamine_R862,proto,mae,both,trip__proto__mae,5,7,-0.3676367533006905,19.07904367421876,0.856912915623107
Melamine_R862,proto,mae,both,trip__proto__mae,5,8,0.0041618107083409,16.280420165462722,1.004217260734973
Melamine_R862,proto,mae,both,trip__proto__mae,5,9,-0.5352023131085824,20.214082252224426,0.8087964983112843
Melamine_R862,proto,mae,both,trip__proto__mae,10,0,0.2539629097102357,14.091311981395696,1.1602240418607264
Melamine_R862,proto,mae,both,trip__proto__mae,10,1,0.0101480005049713,16.231413917471695,1.0072492159525943
Melamine_R862,proto,mae,both,trip__proto__mae,10,2,-0.0204108794179558,16.480058942379248,0.9920522128797103
Melamine_R862,proto,mae,both,trip__proto__mae,10,3,0.3900160814876001,12.741789123953446,1.283107009787233
Melamine_R862,proto,mae,both,trip__proto__mae,10,4,-0.0030939576111399,16.33962283889895,1.0005787222489573
Melamine_R862,proto,mae,both,trip__proto__mae,10,5,-0.0250113567531675,16.517166972996694,0.9898234345456396
Melamine_R862,proto,mae,both,trip__proto__mae,10,6,-0.1840214217624849,17.752151698145244,0.9209632285805418
Melamine_R862,proto,mae,both,trip__proto__mae,10,7,0.0414304362005945,15.97287298283086,1.023552804792783
Melamine_R862,proto,mae,both,trip__proto__mae,10,8,0.7156152872977577,8.700101992367081,1.879182445966615
Melamine_R862,proto,mae,both,trip__proto__mae,10,9,0.364733960768929,13.003163997859948,1.2573154460611364
Melamine_R862,proto,mae,both,trip__proto__mae,25,0,0.5182782215620938,11.32320476470196,1.44385615926868
Melamine_R862,proto,mae,both,trip__proto__mae,25,1,0.5746077901351235,10.640596794666042,1.5364813889359026
Melamine_R862,proto,mae,both,trip__proto__mae,25,2,0.4307127681192866,12.309401635206148,1.328178202863684
Melamine_R862,proto,mae,both,trip__proto__mae,25,3,0.5186504053077743,11.318829700845342,1.444414252557786
Melamine_R862,proto,mae,both,trip__proto__mae,25,4,0.5934994085897201,10.40163982239392,1.5717789907488529
Melamine_R862,proto,mae,both,trip__proto__mae,25,5,0.6852239593298786,9.15318109013763,1.7861636059829733
Melamine_R862,proto,mae,both,trip__proto__mae,25,6,0.5857057454566841,10.500879521140256,1.556924723235002
Melamine_R862,proto,mae,both,trip__proto__mae,25,7,0.6585157286110724,9.53359224423122,1.714891776713885
Melamine_R862,proto,mae,both,trip__proto__mae,25,8,0.7276223281320673,8.51445730752217,1.9201551375131871
Melamine_R862,proto,mae,both,trip__proto__mae,25,9,0.6974084192229135,8.974280517898189,1.8217704371474683
Shootout_assay,proto,mae,both,trip__proto__mae,5,0,-2.0463775928703614,27.481993090667164,0.5732503014921209
Shootout_assay,proto,mae,both,trip__proto__mae,5,1,-0.137699089305461,16.794615488348224,0.9380423645756696
Shootout_assay,proto,mae,both,trip__proto__mae,5,2,-0.0037543863823492,15.775026155731355,0.9986709796424392
Shootout_assay,proto,mae,both,trip__proto__mae,5,3,0.0188636155463207,15.59628097470733,1.0101165047217266
Shootout_assay,proto,mae,both,trip__proto__mae,5,4,-0.339556141687676,18.223711013590258,0.8644814885991556
Shootout_assay,proto,mae,both,trip__proto__mae,5,5,-0.1601459297968352,16.95948539658296,0.9289232813634488
Shootout_assay,proto,mae,both,trip__proto__mae,5,6,-1.6300365010911526,25.53508147366813,0.6169575311938981
Shootout_assay,proto,mae,both,trip__proto__mae,5,7,-0.2511839919062348,17.612335489200643,0.8944901619940894
Shootout_assay,proto,mae,both,trip__proto__mae,5,8,-0.0522184345420817,16.151368023569933,0.9754010187768116
Shootout_assay,proto,mae,both,trip__proto__mae,5,9,-0.0364484286673927,16.029877690237992,0.9827935764240654
Shootout_assay,proto,mae,both,trip__proto__mae,10,0,-0.8480857147577237,21.40510758267164,0.7359954050211327
Shootout_assay,proto,mae,both,trip__proto__mae,10,1,-0.4416270251692142,18.905267094998774,0.8333159614019383
Shootout_assay,proto,mae,both,trip__proto__mae,10,2,-7.295030754823674,45.34875413547261,0.3473978750941301
Shootout_assay,proto,mae,both,trip__proto__mae,10,3,-0.306215283901416,17.99549264762539,0.8754448201732433
Shootout_assay,proto,mae,both,trip__proto__mae,10,4,-1.0488893811616613,22.538012516277583,0.6989995596750737
Shootout_assay,proto,mae,both,trip__proto__mae,10,5,-1.004500155466351,22.292532427719628,0.7066967773136426
Shootout_assay,proto,mae,both,trip__proto__mae,10,6,-0.1554018780165347,16.92477463564037,0.9308283958862448
Shootout_assay,proto,mae,both,trip__proto__mae,10,7,-0.5139549808199431,19.373712046318342,0.8131668720565678
Shootout_assay,proto,mae,both,trip__proto__mae,10,8,-0.2094313513634473,17.315975836580968,0.9097991920009496
Shootout_assay,proto,mae,both,trip__proto__mae,10,9,-0.3987953302968328,18.6223054926153,0.8459780036943667
Shootout_assay,proto,mae,both,trip__proto__mae,25,0,-0.6736721772674135,20.370024822083717,0.773394287067825
Shootout_assay,proto,mae,both,trip__proto__mae,25,1,-0.2538126296013101,17.630826837590806,0.8935520137512775
Shootout_assay,proto,mae,both,trip__proto__mae,25,2,0.2629577533754964,13.517692126433008,1.1654401267227597
Shootout_assay,proto,mae,both,trip__proto__mae,25,3,-0.4406117613911338,18.89860891883422,0.833609547268262
Shootout_assay,proto,mae,both,trip__proto__mae,25,4,-0.3695276124854276,18.42645353658943,0.8549697744900545
Shootout_assay,proto,mae,both,trip__proto__mae,25,5,-0.5012856505253471,19.29247857901964,0.8165908159650209
Shootout_assay,proto,mae,both,trip__proto__mae,25,6,-0.2191250192392564,17.385231655436716,0.9061749154146426
Shootout_assay,proto,mae,both,trip__proto__mae,25,7,-0.4572688018741537,19.007552276440585,0.8288316452169447
Shootout_assay,proto,mae,both,trip__proto__mae,25,8,-0.5903857910319368,19.85672418567248,0.79338669749951
Shootout_assay,proto,mae,both,trip__proto__mae,25,9,-0.0960996688808777,16.484712724922943,0.9556770013353676
Wheat,proto,mae,both,trip__proto__mae,5,0,0.2207866070329825,1.5366432933681258,1.1381297735139757
Wheat,proto,mae,both,trip__proto__mae,5,1,0.1446934138162382,1.609925460651032,1.086323265392426
Wheat,proto,mae,both,trip__proto__mae,5,2,0.1738739085971782,1.5822242261048325,1.1053423747393432
Wheat,proto,mae,both,trip__proto__mae,5,3,0.318875072072281,1.4366740522909704,1.217325168965068
Wheat,proto,mae,both,trip__proto__mae,5,4,0.145407056528199,1.6092536832177042,1.0867767473155063
Wheat,proto,mae,both,trip__proto__mae,5,5,0.3865370152723949,1.3634494536207842,1.2827021044369833
Wheat,proto,mae,both,trip__proto__mae,5,6,-0.1729004023543081,1.8852781241421173,0.9276612617826132
Wheat,proto,mae,both,trip__proto__mae,5,7,-0.1957530642396243,1.9035557989468468,0.9187539889402891
Wheat,proto,mae,both,trip__proto__mae,5,8,0.2384841952547706,1.5190928555387406,1.1512788550589257
Wheat,proto,mae,both,trip__proto__mae,5,9,0.3547560776766433,1.3983208129498286,1.250714047346147
Wheat,proto,mae,both,trip__proto__mae,10,0,0.1919547331491785,1.5648139385773836,1.1176405324218983
Wheat,proto,mae,both,trip__proto__mae,10,1,0.2987741142915153,1.4577190536184956,1.1997507195309975
Wheat,proto,mae,both,trip__proto__mae,10,2,0.0573902124831596,1.690093895195526,1.034794272924408
Wheat,proto,mae,both,trip__proto__mae,10,3,0.1467031076657327,1.6080329462273093,1.0876017730582077
Wheat,proto,mae,both,trip__proto__mae,10,4,0.199872405185874,1.5571286120749657,1.1231567321355191
Wheat,proto,mae,both,trip__proto__mae,10,5,-0.2697153477805354,1.96154395847278,0.8915933165293395
Wheat,proto,mae,both,trip__proto__mae,10,6,0.333244167534703,1.421439148167634,1.2303723910427873
Wheat,proto,mae,both,trip__proto__mae,10,7,0.3728993187580666,1.3785213505887413,1.268677835643178
Wheat,proto,mae,both,trip__proto__mae,10,8,0.3303199888222093,1.4245527277905918,1.227683222484357
Wheat,proto,mae,both,trip__proto__mae,10,9,0.3131693466519197,1.4426789508795588,1.2122582660449732
Wheat,proto,mae,both,trip__proto__mae,25,0,0.2541547885224537,1.5033815407860025,1.1633104677728516
Wheat,proto,mae,both,trip__proto__mae,25,1,0.1605095694444138,1.5949707961273718,1.0965087810380012
Wheat,proto,mae,both,trip__proto__mae,25,2,0.249664050039032,1.5079006831774828,1.15982405404016
Wheat,proto,mae,both,trip__proto__mae,25,3,0.2611064687734897,1.4963589749335684,1.168770002886826
Wheat,proto,mae,both,trip__proto__mae,25,4,0.3392234929077428,1.415051211583492,1.235926635825254
Wheat,proto,mae,both,trip__proto__mae,25,5,0.3363019664138166,1.4181759822470137,1.2332034284502618
Wheat,proto,mae,both,trip__proto__mae,25,6,0.2789300690194797,1.478201209822959,1.18312681103968
Wheat,proto,mae,both,trip__proto__mae,25,7,0.136416989006079,1.6176959774496964,1.0811051692234417
Wheat,proto,mae,both,trip__proto__mae,25,8,0.224746598592209,1.532733680543661,1.1410328523820914
Wheat,proto,mae,both,trip__proto__mae,25,9,0.2828151695932199,1.474213582027753,1.18632707280261
CGL_Glucose,proto,rand,both,trip__proto__rand,5,0,0.2756934075000335,13.686568524266844,1.183134075846007
CGL_Glucose,proto,rand,both,trip__proto__rand,5,1,-3.828871904035674,35.33915815416248,0.458218204627893
CGL_Glucose,proto,rand,both,trip__proto__rand,5,2,-0.2040112555667717,17.64609571331189,0.9176559996920884
CGL_Glucose,proto,rand,both,trip__proto__rand,5,3,0.3956424954480513,12.502023667533129,1.295233958364172
CGL_Glucose,proto,rand,both,trip__proto__rand,5,4,0.0416296886733335,15.743454482675808,1.02855733602053
CGL_Glucose,proto,rand,both,trip__proto__rand,5,5,-2.597175848788894,30.501007955140828,0.5309019828550362
CGL_Glucose,proto,rand,both,trip__proto__rand,5,6,-0.7956013215026347,21.54955544104433,0.7514329307981658
CGL_Glucose,proto,rand,both,trip__proto__rand,5,7,-5.2486811316000335,40.20013751833271,0.402810701706602
CGL_Glucose,proto,rand,both,trip__proto__rand,5,8,-4.659811558479928,38.25906418124759,0.4232472996660071
CGL_Glucose,proto,rand,both,trip__proto__rand,5,9,-0.0434272288126069,16.42723386295124,0.98574390171568
CGL_Glucose,proto,rand,both,trip__proto__rand,10,0,-0.2888103928987608,18.25693510567364,0.8869531226755168
CGL_Glucose,proto,rand,both,trip__proto__rand,10,1,0.2110817975714398,14.283983680353607,1.1336505252896392
CGL_Glucose,proto,rand,both,trip__proto__rand,10,2,0.6536699272508482,9.464081229285052,1.7110002767468613
CGL_Glucose,proto,rand,both,trip__proto__rand,10,3,-0.1783671719622068,17.457163305393777,0.9275874504455314
CGL_Glucose,proto,rand,both,trip__proto__rand,10,4,0.3486001669780481,12.979476562074195,1.24758849288093
CGL_Glucose,proto,rand,both,trip__proto__rand,10,5,0.2786015642909255,13.659064480488302,1.1855164477474236
CGL_Glucose,proto,rand,both,trip__proto__rand,10,6,0.5619647280154343,10.643584157558914,1.5213902913485624
CGL_Glucose,proto,rand,both,trip__proto__rand,10,7,0.1878406450683123,14.49285618500652,1.1173122396131894
CGL_Glucose,proto,rand,both,trip__proto__rand,10,8,0.4554129583422289,11.867712277408016,1.3644622673644868
CGL_Glucose,proto,rand,both,trip__proto__rand,10,9,0.0709921873155374,15.500404804327136,1.0446853360849648
CGL_Glucose,proto,rand,both,trip__proto__rand,25,0,0.6643492659821502,9.317022788143792,1.7380064394677306
CGL_Glucose,proto,rand,both,trip__proto__rand,25,1,0.7292312890624575,8.368210491646579,1.9350667169075069
CGL_Glucose,proto,rand,both,trip__proto__rand,25,2,0.758306728092737,7.906160700793011,2.048155383539989
CGL_Glucose,proto,rand,both,trip__proto__rand,25,3,0.8190698714855108,6.8405150528847,2.367226075415588
CGL_Glucose,proto,rand,both,trip__proto__rand,25,4,0.6203481377882174,9.908915486481396,1.6341894957680747
CGL_Glucose,proto,rand,both,trip__proto__rand,25,5,0.6706868861081329,9.22864350441499,1.7546506802126156
CGL_Glucose,proto,rand,both,trip__proto__rand,25,6,0.7212604872122015,8.49048746972829,1.9071985748987512
CGL_Glucose,proto,rand,both,trip__proto__rand,25,7,0.7839135240097528,7.475618851883318,2.1661143944466907
CGL_Glucose,proto,rand,both,trip__proto__rand,25,8,0.6635608035020053,9.32795947484894,1.7359686913437982
CGL_Glucose,proto,rand,both,trip__proto__rand,25,9,0.7658021252757907,7.782602189812974,2.080672403332829
Corn_Starch,proto,rand,both,trip__proto__rand,5,0,-0.0272859343111193,0.8164810053717532,0.9907668598587418
Corn_Starch,proto,rand,both,trip__proto__rand,5,1,-0.3751322588184855,0.9446537435453132,0.8563373906617849
Corn_Starch,proto,rand,both,trip__proto__rand,5,2,-0.0004905107380475,0.8057622221789177,1.0039466973755151
Corn_Starch,proto,rand,both,trip__proto__rand,5,3,-0.0035856904061029,0.8070076377608292,1.0023973553348509
Corn_Starch,proto,rand,both,trip__proto__rand,5,4,-0.2963123900861661,0.9171814253889776,0.8819872485788809
Corn_Starch,proto,rand,both,trip__proto__rand,5,5,-324.75749725976766,14.53943816363086,0.0556377978792866
Corn_Starch,proto,rand,both,trip__proto__rand,5,6,-0.0858397794498229,0.8394276856208297,0.9636831566118732
Corn_Starch,proto,rand,both,trip__proto__rand,5,7,0.0002677054830038,0.8054568430802437,1.0043273314717986
Corn_Starch,proto,rand,both,trip__proto__rand,5,8,-109.73035815665696,8.476835730358749,0.0954297508596695
Corn_Starch,proto,rand,both,trip__proto__rand,5,9,-0.0060537037108321,0.8079993231799569,1.0011670785104276
Corn_Starch,proto,rand,both,trip__proto__rand,10,0,-0.0239473961089153,0.8151532001304442,0.992380722662967
Corn_Starch,proto,rand,both,trip__proto__rand,10,1,-0.5165961254926892,0.992054167684838,0.8154215245265419
Corn_Starch,proto,rand,both,trip__proto__rand,10,2,-0.3061718841960459,0.9206627680426028,0.8786521513695527
Corn_Starch,proto,rand,both,trip__proto__rand,10,3,-0.0014218559430654,0.8061371723711194,1.0034797420978745
Corn_Starch,proto,rand,both,trip__proto__rand,10,4,-0.2552445791224971,0.9025361210410424,0.8962991097723545
Corn_Starch,proto,rand,both,trip__proto__rand,10,5,-1.5989775215983784,1.298678577214719,0.6228964857196785
Corn_Starch,proto,rand,both,trip__proto__rand,10,6,-0.160951058420572,0.8679753083167041,0.9319877121796144
Corn_Starch,proto,rand,both,trip__proto__rand,10,7,-0.0487573079109378,0.8249695425512337,0.980572348555816
Corn_Starch,proto,rand,both,trip__proto__rand,10,8,-0.1323353795945057,0.8572114301996867,0.9436905450946192
Corn_Starch,proto,rand,both,trip__proto__rand,10,9,-0.3927336656179014,0.9506802061807,0.8509089771379137
Corn_Starch,proto,rand,both,trip__proto__rand,25,0,0.1014330078992405,0.7636171005454608,1.0593559537216273
Corn_Starch,proto,rand,both,trip__proto__rand,25,1,-0.3486622999532622,0.9355177320676458,0.8647001484820462
Corn_Starch,proto,rand,both,trip__proto__rand,25,2,0.1675398303883668,0.7349912120519159,1.100614957787197
Corn_Starch,proto,rand,both,trip__proto__rand,25,3,0.0061944481699224,0.8030657871947163,1.0073176254367555
Corn_Starch,proto,rand,both,trip__proto__rand,25,4,-0.0490321860613989,0.8250776472783677,0.9804438703374015
Corn_Starch,proto,rand,both,trip__proto__rand,25,5,-0.0239860910845739,0.8151686023060669,0.992361972158922
Corn_Starch,proto,rand,both,trip__proto__rand,25,6,-0.3752382025922067,0.9446901321378554,0.856304405335351
Corn_Starch,proto,rand,both,trip__proto__rand,25,7,0.00015764904361,0.80550117658492,1.004272054891527
Corn_Starch,proto,rand,both,trip__proto__rand,25,8,0.0315414876632778,0.792758532874773,1.0204145250799386
Corn_Starch,proto,rand,both,trip__proto__rand,25,9,-0.696490776333065,1.0492432071781377,0.7709769444227057
Diesel_TOTAL,proto,rand,both,trip__proto__rand,5,0,0.4381110290327545,5.080433193256615,1.3374397547013124
Diesel_TOTAL,proto,rand,both,trip__proto__rand,5,1,0.361238780909439,5.41682445619005,1.2543831498916007
Diesel_TOTAL,proto,rand,both,trip__proto__rand,5,2,0.5135647941432183,4.727025997363133,1.4374309190505503
Diesel_TOTAL,proto,rand,both,trip__proto__rand,5,3,0.4158698666490353,5.180006400305492,1.3117306811367664
Diesel_TOTAL,proto,rand,both,trip__proto__rand,5,4,0.6106973521530129,4.228819708437825,1.6067777281230085
Diesel_TOTAL,proto,rand,both,trip__proto__rand,5,5,0.6757190508716606,3.8595458874022897,1.7605110865358384
Diesel_TOTAL,proto,rand,both,trip__proto__rand,5,6,0.2047247968260398,6.044135774127772,1.1241927014364737
Diesel_TOTAL,proto,rand,both,trip__proto__rand,5,7,0.5348789111083406,4.622304019316579,1.4699970610695916
Diesel_TOTAL,proto,rand,both,trip__proto__rand,5,8,0.2390478949533651,5.912268547885017,1.149266693272282
Diesel_TOTAL,proto,rand,both,trip__proto__rand,5,9,0.7088181994247513,3.65727489353896,1.8578787544161257
Diesel_TOTAL,proto,rand,both,trip__proto__rand,10,0,0.2658199182143606,5.807333805800718,1.1700331944029978
Diesel_TOTAL,proto,rand,both,trip__proto__rand,10,1,0.7986697905731099,3.041094835490159,2.234318129270165
Diesel_TOTAL,proto,rand,both,trip__proto__rand,10,2,0.6905828006750785,3.77005526403534,1.8023007218447604
Diesel_TOTAL,proto,rand,both,trip__proto__rand,10,3,0.4991519298457105,4.7965446699494985,1.4165975282863512
Diesel_TOTAL,proto,rand,both,trip__proto__rand,10,4,0.5597149963502919,4.497202441123415,1.510888916547901
Diesel_TOTAL,proto,rand,both,trip__proto__rand,10,5,0.4139905773609428,5.188332381797856,1.3096256800361377
Diesel_TOTAL,proto,rand,both,trip__proto__rand,10,6,0.4820697255807821,4.877655681107672,1.393040790083506
Diesel_TOTAL,proto,rand,both,trip__proto__rand,10,7,0.522331542816766,4.684236057914626,1.4505616795901817
Diesel_TOTAL,proto,rand,both,trip__proto__rand,10,8,0.7316437748802009,3.5110040312635915,1.935279271473844
Diesel_TOTAL,proto,rand,both,trip__proto__rand,10,9,0.5191918405841685,4.699605523841293,1.4458178009399654
Diesel_TOTAL,proto,rand,both,trip__proto__rand,25,0,0.6675927269815688,3.907605838124837,1.7388584225849593
Diesel_TOTAL,proto,rand,both,trip__proto__rand,25,1,0.713712585491748,3.626407625166899,1.873692652919241
Diesel_TOTAL,proto,rand,both,trip__proto__rand,25,2,0.7550643980513672,3.354296497680209,2.0256925195684743
Diesel_TOTAL,proto,rand,both,trip__proto__rand,25,3,0.8025984951539846,3.011277093882965,2.2564424036460373
Diesel_TOTAL,proto,rand,both,trip__proto__rand,25,4,0.7576294059780037,3.336686887501837,2.0363832606579244
Diesel_TOTAL,proto,rand,both,trip__proto__rand,25,5,0.7739454036139058,3.222420131296144,2.108593245733136
Diesel_TOTAL,proto,rand,both,trip__proto__rand,25,6,0.7534743940206546,3.365166125271894,2.019149447849781
Diesel_TOTAL,proto,rand,both,trip__proto__rand,25,7,0.7185968694385961,3.595339890674404,1.889883440892424
Diesel_TOTAL,proto,rand,both,trip__proto__rand,25,8,0.7960256821262924,3.0609993385680974,2.2197892165974964
Diesel_TOTAL,proto,rand,both,trip__proto__rand,25,9,0.8283845225229821,2.807719495321219,2.4200328184807405
Diesel_VISC,proto,rand,both,trip__proto__rand,5,0,-0.2092096483336099,0.6014962701248768,0.9116931256907188
Diesel_VISC,proto,rand,both,trip__proto__rand,5,1,0.1901000393591557,0.4922637158806466,1.1139964147477754
Diesel_VISC,proto,rand,both,trip__proto__rand,5,2,-0.7239572279575317,0.7181999656926177,0.7635478150888119
Diesel_VISC,proto,rand,both,trip__proto__rand,5,3,-0.0310811361362264,0.5554290078051647,0.9873089213839198
Diesel_VISC,proto,rand,both,trip__proto__rand,5,4,0.2958705309241821,0.4589954676191047,1.19473949807393
Diesel_VISC,proto,rand,both,trip__proto__rand,5,5,-0.0910522949120884,0.5713535370695599,0.959791055839206
Diesel_VISC,proto,rand,both,trip__proto__rand,5,6,-0.266137068952134,0.6154921222072159,0.8909618739471639
Diesel_VISC,proto,rand,both,trip__proto__rand,5,7,-0.2170932071303128,0.6034538411056692,0.9087356434697588
Diesel_VISC,proto,rand,both,trip__proto__rand,5,8,-0.3721305021315675,0.6407370628582372,0.8558581146456745
Diesel_VISC,proto,rand,both,trip__proto__rand,5,9,0.4371834383591352,0.4103605196168713,1.3363371678967728
Diesel_VISC,proto,rand,both,trip__proto__rand,10,0,0.5560274482506982,0.3644686660363491,1.504601261241939
Diesel_VISC,proto,rand,both,trip__proto__rand,10,1,0.1171135616361948,0.5139662003296568,1.0669573490430464
Diesel_VISC,proto,rand,both,trip__proto__rand,10,2,0.5125761454265794,0.3818875733535117,1.4359723983315498
Diesel_VISC,proto,rand,both,trip__proto__rand,10,3,0.1111845057968355,0.5156890919469314,1.0633926975866512
Diesel_VISC,proto,rand,both,trip__proto__rand,10,4,0.4745609351995186,0.3965001133459361,1.3830513438542462
Diesel_VISC,proto,rand,both,trip__proto__rand,10,5,0.2756544320426204,0.4655378969169939,1.177949245878977
Diesel_VISC,proto,rand,both,trip__proto__rand,10,6,-0.0276985955759567,0.5545171956941111,0.9889323881381694
Diesel_VISC,proto,rand,both,trip__proto__rand,10,7,0.2937842486627735,0.4596749490734274,1.1929734602828246
Diesel_VISC,proto,rand,both,trip__proto__rand,10,8,-0.6673059631719696,0.706300946857493,0.7764112692207702
Diesel_VISC,proto,rand,both,trip__proto__rand,10,9,-0.4337895471225041,0.6549751781614538,0.837253124829534
Diesel_VISC,proto,rand,both,trip__proto__rand,25,0,0.5709315789812056,0.3582988487917909,1.530510121510672
Diesel_VISC,proto,rand,both,trip__proto__rand,25,1,0.5314592221132369,0.3744172368050001,1.4646227809406624
Diesel_VISC,proto,rand,both,trip__proto__rand,25,2,0.5806706723632922,0.3542091335568386,1.548181463009794
Diesel_VISC,proto,rand,both,trip__proto__rand,25,3,0.5288174476827889,0.375471291860933,1.4605111668685626
Diesel_VISC,proto,rand,both,trip__proto__rand,25,4,0.5067425972415103,0.3841660150075661,1.4274558216469448
Diesel_VISC,proto,rand,both,trip__proto__rand,25,5,0.5521644480944797,0.3660508507200969,1.4980979105025494
Diesel_VISC,proto,rand,both,trip__proto__rand,25,6,0.5202592331760958,0.3788658398679352,1.4474253334441864
Diesel_VISC,proto,rand,both,trip__proto__rand,25,7,0.5958943681409028,0.3477199338048195,1.5770738496380594
Diesel_VISC,proto,rand,both,trip__proto__rand,25,8,0.2776804374987369,0.4648863827718912,1.1796000806298836
Diesel_VISC,proto,rand,both,trip__proto__rand,25,9,0.5877700087213067,0.3511979153240491,1.5614557794156312
Melamine_R862,proto,rand,both,trip__proto__rand,5,0,0.3883294977306236,12.759392260351463,1.2813368073163267
Melamine_R862,proto,rand,both,trip__proto__rand,5,1,-0.0727641634539373,16.897534781556576,0.9675422571119772
Melamine_R862,proto,rand,both,trip__proto__rand,5,2,-0.2131477605534413,17.96917221395603,0.9098404059747188
Melamine_R862,proto,rand,both,trip__proto__rand,5,3,-0.0374210533870673,16.616851898956256,0.9838854580633482
Melamine_R862,proto,rand,both,trip__proto__rand,5,4,0.7989039276109856,7.31598850993739,2.2347053880645458
Melamine_R862,proto,rand,both,trip__proto__rand,5,5,0.1153203911100734,15.3449058854937,1.0654401574160834
Melamine_R862,proto,rand,both,trip__proto__rand,5,6,-0.0575997308007074,16.777679205498746,0.974454138854742
Melamine_R862,proto,rand,both,trip__proto__rand,5,7,0.6483303497924542,9.674725801819651,1.689875173423562
Melamine_R862,proto,rand,both,trip__proto__rand,5,8,0.5351531197050706,11.123108686016876,1.4698300091887269
Melamine_R862,proto,rand,both,trip__proto__rand,5,9,-0.4704165311952413,19.78296619210499,0.8264220230381834
Melamine_R862,proto,rand,both,trip__proto__rand,10,0,0.7134037221729291,8.73386537456777,1.8719179012974527
Melamine_R862,proto,rand,both,trip__proto__rand,10,1,0.6539455880468825,9.597175038535983,1.703530348933741
Melamine_R862,proto,rand,both,trip__proto__rand,10,2,0.7241442806738945,8.568646311624294,1.908011878141837
Melamine_R862,proto,rand,both,trip__proto__rand,10,3,0.694339934350312,9.019668402735888,1.8126031038143613
Melamine_R862,proto,rand,both,trip__proto__rand,10,4,0.7223946636895502,8.59577671291708,1.9019897198594324
Melamine_R862,proto,rand,both,trip__proto__rand,10,5,0.4208522997772155,12.415547864455176,1.3168229965092104
Melamine_R862,proto,rand,both,trip__proto__rand,10,6,0.7464320991744124,8.215204110648559,1.9901001511312049
Melamine_R862,proto,rand,both,trip__proto__rand,10,7,0.7204808881171314,8.625354914312059,1.895467387092368
Melamine_R862,proto,rand,both,trip__proto__rand,10,8,0.814082903600266,7.034461944954644,2.324140647871656
Melamine_R862,proto,rand,both,trip__proto__rand,10,9,0.8495966049186248,6.327032136927658,2.5840044097064343
Melamine_R862,proto,rand,both,trip__proto__rand,25,0,0.7362915165755091,8.377863324764242,1.9514616446235076
Melamine_R862,proto,rand,both,trip__proto__rand,25,1,0.8484731108064993,6.350619230891061,2.5744070535120778
Melamine_R862,proto,rand,both,trip__proto__rand,25,2,0.6651924936321547,9.43993086418637,1.731906639719286
Melamine_R862,proto,rand,both,trip__proto__rand,25,3,0.7200465457438192,8.632053745870351,1.893996425821252
Melamine_R862,proto,rand,both,trip__proto__rand,25,4,0.7335075139769134,8.421970281842693,1.9412415854070528
Melamine_R862,proto,rand,both,trip__proto__rand,25,5,0.7265150322917817,8.531746648083047,1.916263998046494
Melamine_R862,proto,rand,both,trip__proto__rand,25,6,0.8195721394658464,6.929837011355188,2.3592299379315693
Melamine_R862,proto,rand,both,trip__proto__rand,25,7,0.8508169848717779,6.30131094240045,2.594552005387517
Melamine_R862,proto,rand,both,trip__proto__rand,25,8,0.914121903575004,4.780930441691101,3.4196437579611447
Melamine_R862,proto,rand,both,trip__proto__rand,25,9,0.8542627552673794,6.228113203598116,2.6250452436751117
Shootout_assay,proto,rand,both,trip__proto__rand,5,0,-0.6004092040331863,19.919199445641155,0.7908982922642875
Shootout_assay,proto,rand,both,trip__proto__rand,5,1,-0.2762717415851161,17.788033417133637,0.8856550049908745
Shootout_assay,proto,rand,both,trip__proto__rand,5,2,-0.0018245619188852,15.75985427784262,0.9996323917143428
Shootout_assay,proto,rand,both,trip__proto__rand,5,3,0.0009920577708609,15.737684348265535,1.0010405899750812
Shootout_assay,proto,rand,both,trip__proto__rand,5,4,-0.3136347566453583,18.046528647144928,0.8729690420169378
Shootout_assay,proto,rand,both,trip__proto__rand,5,5,-0.0364806779873663,16.03012707487656,0.9827782868621238
Shootout_assay,proto,rand,both,trip__proto__rand,5,6,-1.601720434569966,25.397248826573318,0.6203058029004209
Shootout_assay,proto,rand,both,trip__proto__rand,5,7,-0.1823726698354957,17.121174404309834,0.9201507123754102
Shootout_assay,proto,rand,both,trip__proto__rand,5,8,-0.050992437420319,16.141955860950965,0.9759697623099076
Shootout_assay,proto,rand,both,trip__proto__rand,5,9,-0.1842604245220549,17.13483663100121,0.9194170428404488
Shootout_assay,proto,rand,both,trip__proto__rand,10,0,-1.1538476978303749,23.10807961195625,0.6817555196874991
Shootout_assay,proto,rand,both,trip__proto__rand,10,1,-0.1874189452685135,17.157671430588067,0.918193409202578
Shootout_assay,proto,rand,both,trip__proto__rand,10,2,-0.2713313113807583,17.753571419036064,0.8873741768902466
Shootout_assay,proto,rand,both,trip__proto__rand,10,3,-0.5278861252245868,19.462644655151102,0.8094511873369565
Shootout_assay,proto,rand,both,trip__proto__rand,10,4,-0.7422177425307679,20.782968340699377,0.7580274658831139
Shootout_assay,proto,rand,both,trip__proto__rand,10,5,-1.225449560546923,23.489038388858543,0.6706984153213308
Shootout_assay,proto,rand,both,trip__proto__rand,10,6,-0.1552798714854024,16.923881012565083,0.9308775459442652
Shootout_assay,proto,rand,both,trip__proto__rand,10,7,-0.2150343494983086,17.356039818175812,0.907699048277774
Shootout_assay,proto,rand,both,trip__proto__rand,10,8,0.0892346606094736,15.0265612928091,1.0484142391492042
Shootout_assay,proto,rand,both,trip__proto__rand,10,9,-0.0021317239981846,15.762270099333469,0.9994791819672928
Shootout_assay,proto,rand,both,trip__proto__rand,25,0,0.1078546401601415,14.872164155302332,1.0592984760198858
Shootout_assay,proto,rand,both,trip__proto__rand,25,1,0.223125094861937,13.878160520175202,1.1351692324013016
Shootout_assay,proto,rand,both,trip__proto__rand,25,2,0.1002339324032537,14.935548117194095,1.0548029909054994
Shootout_assay,proto,rand,both,trip__proto__rand,25,3,-0.136801266293195,16.787987387637198,0.9384127150602188
Shootout_assay,proto,rand,both,trip__proto__rand,25,4,-0.1799575572918061,17.10367962417306,0.9210919036722204
Shootout_assay,proto,rand,both,trip__proto__rand,25,5,-0.2329059013425842,17.483216097253543,0.9010962706858126
Shootout_assay,proto,rand,both,trip__proto__rand,25,6,-0.0473211746182891,16.11373814851818,0.9776788402310036
Shootout_assay,proto,rand,both,trip__proto__rand,25,7,-0.2775951266390259,17.79725336520809,0.8851961873862514
Shootout_assay,proto,rand,both,trip__proto__rand,25,8,-0.5373569743980335,19.52287264090549,0.8069540335893235
Shootout_assay,proto,rand,both,trip__proto__rand,25,9,-0.0149050087426032,15.862405866447506,0.9931696967956576
Wheat,proto,rand,both,trip__proto__rand,5,0,0.2489117219999257,1.5086564458093523,1.1592430392690225
Wheat,proto,rand,both,trip__proto__rand,5,1,0.1450055366946768,1.6096316827072163,1.0865215329952913
Wheat,proto,rand,both,trip__proto__rand,5,2,0.2205898961085352,1.5368372424523973,1.1379861413704686
Wheat,proto,rand,both,trip__proto__rand,5,3,0.385179417866193,1.3649572809405928,1.2812851419406088
Wheat,proto,rand,both,trip__proto__rand,5,4,0.2760616986126337,1.4811383870289765,1.180780606841851
Wheat,proto,rand,both,trip__proto__rand,5,5,0.3845302118344434,1.3656777388469352,1.2806092050160094
Wheat,proto,rand,both,trip__proto__rand,5,6,0.1485625560607684,1.606279930941832,1.0887887283926774
Wheat,proto,rand,both,trip__proto__rand,5,7,-0.1281977251738588,1.84900238109944,0.9458611310240268
Wheat,proto,rand,both,trip__proto__rand,5,8,0.1187836013605732,1.6341282795179992,1.0702339010794724
Wheat,proto,rand,both,trip__proto__rand,5,9,0.4293504024861155,1.3150117040904288,1.329949747224888
Wheat,proto,rand,both,trip__proto__rand,10,0,0.2713095815004389,1.4859917219855552,1.1769241090495357
Wheat,proto,rand,both,trip__proto__rand,10,1,0.3155901901331148,1.4401342312900125,1.2144003284237217
Wheat,proto,rand,both,trip__proto__rand,10,2,0.0695774267993613,1.6791325471147611,1.0415493919511916
Wheat,proto,rand,both,trip__proto__rand,10,3,0.177436155870293,1.578809273461689,1.10773322202384
Wheat,proto,rand,both,trip__proto__rand,10,4,0.1221395933102114,1.631013634405491,1.0722776600762836
Wheat,proto,rand,both,trip__proto__rand,10,5,0.0812386531481405,1.6685768676782708,1.0481383970558864
Wheat,proto,rand,both,trip__proto__rand,10,6,0.3661411958461886,1.3859294523910772,1.2618964698639912
Wheat,proto,rand,both,trip__proto__rand,10,7,0.4010001721131337,1.347281075022443,1.2980954871823622
Wheat,proto,rand,both,trip__proto__rand,10,8,0.3577253998933807,1.3950996645278353,1.2536018235261646
Wheat,proto,rand,both,trip__proto__rand,10,9,0.3117661001284775,1.444151949536226,1.2110217931115042
Wheat,proto,rand,both,trip__proto__rand,25,0,0.2634754325333048,1.4939583137720918,1.17064811469675
Wheat,proto,rand,both,trip__proto__rand,25,1,0.1447987598679623,1.6098263122776912,1.086390171482769
Wheat,proto,rand,both,trip__proto__rand,25,2,0.2756807309746375,1.4815280553032149,1.1804700405048345
Wheat,proto,rand,both,trip__proto__rand,25,3,0.2331636081246381,1.5243904457084694,1.1472779092629537
Wheat,proto,rand,both,trip__proto__rand,25,4,0.3264932902504693,1.4286170334582518,1.224190558066689
Wheat,proto,rand,both,trip__proto__rand,25,5,0.3953997364428504,1.3535647215261104,1.292069345218302
Wheat,proto,rand,both,trip__proto__rand,25,6,0.348342628452446,1.4052529858995928,1.2445442215753428
Wheat,proto,rand,both,trip__proto__rand,25,7,0.1456583410006516,1.6090170733812352,1.0869365604540455
Wheat,proto,rand,both,trip__proto__rand,25,8,0.3196877332077764,1.4358167370055055,1.218052024592139
Wheat,proto,rand,both,trip__proto__rand,25,9,0.355717537300283,1.3972786255278675,1.251646916728674
